object_id	name	taxonomy
5557	simple	product_type
5583	simple	product_type
9748	simple	product_type
5591	simple	product_type
6987	simple	product_type
8501	simple	product_type
5629	simple	product_type
5637	simple	product_type
6992	simple	product_type
5585	simple	product_type
6914	simple	product_type
5570	simple	product_type
8506	simple	product_type
6998	simple	product_type
5605	simple	product_type
7160	simple	product_type
5595	simple	product_type
7176	simple	product_type
7178	simple	product_type
4335	simple	product_type
7055	simple	product_type
5633	simple	product_type
7180	simple	product_type
5580	simple	product_type
5572	simple	product_type
7056	simple	product_type
5609	simple	product_type
5600	simple	product_type
5589	simple	product_type
5587	simple	product_type
5593	simple	product_type
7058	simple	product_type
5559	simple	product_type
7077	simple	product_type
8505	simple	product_type
7120	simple	product_type
7137	simple	product_type
5598	simple	product_type
7057	simple	product_type
5607	simple	product_type
4318	simple	product_type
4321	simple	product_type
4313	simple	product_type
4323	simple	product_type
7167	simple	product_type
8594	simple	product_type
5611	simple	product_type
7171	simple	product_type
5615	simple	product_type
7181	simple	product_type
7185	simple	product_type
7036	simple	product_type
5561	simple	product_type
4325	simple	product_type
4327	simple	product_type
4329	simple	product_type
7183	simple	product_type
15539	simple	product_type
4338	simple	product_type
4341	simple	product_type
4343	simple	product_type
4345	simple	product_type
4347	simple	product_type
4351	simple	product_type
4353	simple	product_type
4355	simple	product_type
4359	simple	product_type
4361	simple	product_type
4604	simple	product_type
4610	simple	product_type
4617	simple	product_type
4612	simple	product_type
4629	simple	product_type
4631	simple	product_type
9108	simple	product_type
4638	simple	product_type
4641	simple	product_type
4645	simple	product_type
4646	simple	product_type
15476	simple	product_type
4654	simple	product_type
4658	simple	product_type
4660	simple	product_type
4665	simple	product_type
13117	simple	product_type
4666	simple	product_type
4668	simple	product_type
4673	simple	product_type
4677	simple	product_type
4679	simple	product_type
4682	simple	product_type
4685	simple	product_type
4686	simple	product_type
4689	simple	product_type
4692	simple	product_type
4698	simple	product_type
4716	simple	product_type
4720	simple	product_type
4722	simple	product_type
4724	simple	product_type
4727	simple	product_type
4732	simple	product_type
4733	simple	product_type
4736	simple	product_type
4739	simple	product_type
4741	simple	product_type
4743	simple	product_type
4745	simple	product_type
15541	simple	product_type
4751	simple	product_type
4753	simple	product_type
4759	simple	product_type
4762	simple	product_type
4790	simple	product_type
4764	simple	product_type
4770	simple	product_type
4791	simple	product_type
4771	simple	product_type
4774	simple	product_type
4776	simple	product_type
4781	simple	product_type
4782	simple	product_type
4783	simple	product_type
4784	simple	product_type
4785	simple	product_type
7587	simple	product_type
4787	simple	product_type
4792	simple	product_type
8066	simple	product_type
4793	simple	product_type
4797	simple	product_type
4800	simple	product_type
4803	simple	product_type
8592	simple	product_type
4807	simple	product_type
4810	simple	product_type
4813	simple	product_type
4816	simple	product_type
4818	simple	product_type
4821	simple	product_type
4826	simple	product_type
4829	simple	product_type
4830	simple	product_type
4833	simple	product_type
4839	simple	product_type
4842	simple	product_type
4849	simple	product_type
4851	simple	product_type
4853	simple	product_type
4854	simple	product_type
4855	simple	product_type
4856	simple	product_type
4858	simple	product_type
4860	simple	product_type
4862	simple	product_type
4864	simple	product_type
4866	simple	product_type
4868	simple	product_type
4869	simple	product_type
4871	simple	product_type
4873	simple	product_type
4875	simple	product_type
4877	simple	product_type
4878	simple	product_type
4888	simple	product_type
4894	simple	product_type
4895	simple	product_type
4897	simple	product_type
4898	simple	product_type
4901	simple	product_type
4904	simple	product_type
4906	simple	product_type
4908	simple	product_type
4910	simple	product_type
4911	simple	product_type
4916	simple	product_type
4918	simple	product_type
4920	simple	product_type
4921	simple	product_type
4922	simple	product_type
4923	simple	product_type
4931	simple	product_type
4933	simple	product_type
4938	simple	product_type
4940	simple	product_type
4942	simple	product_type
4943	simple	product_type
4944	simple	product_type
4946	simple	product_type
4929	simple	product_type
4950	simple	product_type
4954	simple	product_type
4958	simple	product_type
4961	simple	product_type
4962	simple	product_type
4967	simple	product_type
4970	simple	product_type
4969	simple	product_type
13962	simple	product_type
4974	simple	product_type
15551	simple	product_type
4975	simple	product_type
4980	simple	product_type
4984	simple	product_type
4983	simple	product_type
4987	simple	product_type
4990	simple	product_type
4948	simple	product_type
15445	simple	product_type
4995	simple	product_type
5002	simple	product_type
5010	simple	product_type
5012	simple	product_type
5015	simple	product_type
5017	simple	product_type
5022	simple	product_type
5013	simple	product_type
5027	simple	product_type
5029	simple	product_type
5032	simple	product_type
5034	simple	product_type
5036	simple	product_type
5038	simple	product_type
5040	simple	product_type
5043	simple	product_type
5044	simple	product_type
5046	simple	product_type
5048	simple	product_type
5050	simple	product_type
5052	simple	product_type
5053	simple	product_type
5055	simple	product_type
5058	simple	product_type
5060	simple	product_type
5063	simple	product_type
5065	simple	product_type
5067	simple	product_type
5070	simple	product_type
5073	simple	product_type
5077	simple	product_type
5081	simple	product_type
5085	simple	product_type
5088	simple	product_type
5090	simple	product_type
5092	simple	product_type
5087	simple	product_type
5096	simple	product_type
5097	simple	product_type
5019	simple	product_type
5103	simple	product_type
5106	simple	product_type
5109	simple	product_type
5008	simple	product_type
5111	simple	product_type
5114	simple	product_type
5117	simple	product_type
5120	simple	product_type
5122	simple	product_type
5124	simple	product_type
5128	simple	product_type
5130	simple	product_type
5134	simple	product_type
5137	simple	product_type
5136	simple	product_type
5141	simple	product_type
5140	simple	product_type
5143	simple	product_type
5145	simple	product_type
5149	simple	product_type
5151	simple	product_type
5153	simple	product_type
5155	simple	product_type
5158	simple	product_type
5160	simple	product_type
5162	simple	product_type
5164	simple	product_type
5166	simple	product_type
5168	simple	product_type
5170	simple	product_type
5172	simple	product_type
5174	simple	product_type
5175	simple	product_type
5177	simple	product_type
5180	simple	product_type
5184	simple	product_type
5186	simple	product_type
5188	simple	product_type
5190	simple	product_type
12416	simple	product_type
5194	simple	product_type
5196	simple	product_type
5199	simple	product_type
5201	simple	product_type
5206	simple	product_type
5208	simple	product_type
5209	simple	product_type
4952	simple	product_type
4935	simple	product_type
4714	simple	product_type
5221	simple	product_type
5224	simple	product_type
5227	simple	product_type
5229	simple	product_type
5232	simple	product_type
5236	simple	product_type
5238	simple	product_type
5241	simple	product_type
5244	simple	product_type
5246	simple	product_type
5234	simple	product_type
5249	simple	product_type
5252	simple	product_type
5255	simple	product_type
5250	simple	product_type
5259	simple	product_type
9647	simple	product_type
5263	simple	product_type
5265	simple	product_type
5267	simple	product_type
5269	simple	product_type
5271	simple	product_type
5273	simple	product_type
5275	simple	product_type
5277	simple	product_type
5279	simple	product_type
5281	simple	product_type
5284	simple	product_type
5285	simple	product_type
5287	simple	product_type
5290	simple	product_type
5294	simple	product_type
5297	simple	product_type
5301	simple	product_type
11907	simple	product_type
5304	simple	product_type
5305	simple	product_type
5307	simple	product_type
5310	simple	product_type
5292	simple	product_type
5313	simple	product_type
8503	simple	product_type
5324	simple	product_type
5328	simple	product_type
10236	simple	product_type
5330	simple	product_type
5563	simple	product_type
5340	simple	product_type
5555	simple	product_type
5565	simple	product_type
5568	simple	product_type
5344	simple	product_type
5348	simple	product_type
5350	simple	product_type
5353	simple	product_type
5369	simple	product_type
5371	simple	product_type
5374	simple	product_type
5376	simple	product_type
5379	simple	product_type
5381	simple	product_type
5383	simple	product_type
5385	simple	product_type
5387	simple	product_type
5389	simple	product_type
5391	simple	product_type
5393	simple	product_type
5395	simple	product_type
5397	simple	product_type
5414	simple	product_type
5416	simple	product_type
5418	simple	product_type
5420	simple	product_type
5422	simple	product_type
5424	simple	product_type
5427	simple	product_type
5642	simple	product_type
5636	simple	product_type
5652	simple	product_type
5657	simple	product_type
5660	simple	product_type
5663	simple	product_type
5658	simple	product_type
5664	simple	product_type
5665	simple	product_type
5667	simple	product_type
5676	simple	product_type
5677	simple	product_type
5679	simple	product_type
5681	simple	product_type
5683	simple	product_type
5685	simple	product_type
5687	simple	product_type
5690	simple	product_type
5694	simple	product_type
5698	simple	product_type
5699	simple	product_type
5700	simple	product_type
5702	simple	product_type
5705	simple	product_type
5707	simple	product_type
5711	simple	product_type
8587	simple	product_type
5714	simple	product_type
5715	simple	product_type
5719	simple	product_type
5723	simple	product_type
5726	simple	product_type
5729	simple	product_type
5731	simple	product_type
5733	simple	product_type
5738	simple	product_type
5741	simple	product_type
5727	simple	product_type
5746	simple	product_type
5750	simple	product_type
5756	simple	product_type
5758	simple	product_type
5762	simple	product_type
5765	simple	product_type
5769	simple	product_type
5771	simple	product_type
5774	simple	product_type
5782	simple	product_type
5779	simple	product_type
8665	simple	product_type
5787	simple	product_type
5788	simple	product_type
5790	simple	product_type
5795	simple	product_type
5806	simple	product_type
5810	simple	product_type
5814	simple	product_type
5816	simple	product_type
5819	simple	product_type
5823	simple	product_type
5826	simple	product_type
5829	simple	product_type
5831	simple	product_type
5834	simple	product_type
5837	simple	product_type
5842	simple	product_type
5846	simple	product_type
5849	simple	product_type
5851	simple	product_type
5853	simple	product_type
5855	simple	product_type
5859	simple	product_type
5860	simple	product_type
5862	simple	product_type
5781	simple	product_type
5864	simple	product_type
5867	simple	product_type
5869	simple	product_type
5871	simple	product_type
5874	simple	product_type
5876	simple	product_type
5878	simple	product_type
5880	simple	product_type
5881	simple	product_type
5883	simple	product_type
5885	simple	product_type
5888	simple	product_type
5891	simple	product_type
5894	simple	product_type
5896	simple	product_type
5907	simple	product_type
5909	simple	product_type
5910	simple	product_type
15527	simple	product_type
15531	simple	product_type
5929	simple	product_type
5932	simple	product_type
5933	simple	product_type
5936	simple	product_type
5937	simple	product_type
5938	simple	product_type
5944	simple	product_type
5947	simple	product_type
5949	simple	product_type
5951	simple	product_type
5956	simple	product_type
5984	simple	product_type
6019	simple	product_type
6022	simple	product_type
6025	simple	product_type
6027	simple	product_type
6028	simple	product_type
6030	simple	product_type
6035	simple	product_type
6037	simple	product_type
6042	simple	product_type
6045	simple	product_type
6047	simple	product_type
6050	simple	product_type
6053	simple	product_type
6055	simple	product_type
6057	simple	product_type
6059	simple	product_type
6064	simple	product_type
6068	simple	product_type
6074	simple	product_type
6084	simple	product_type
6086	simple	product_type
6089	simple	product_type
6091	simple	product_type
6093	simple	product_type
6095	simple	product_type
6097	simple	product_type
6100	simple	product_type
6103	simple	product_type
6105	simple	product_type
10220	simple	product_type
10222	simple	product_type
6109	simple	product_type
6108	simple	product_type
6113	simple	product_type
6115	simple	product_type
6127	simple	product_type
6133	simple	product_type
6139	simple	product_type
6143	simple	product_type
6145	simple	product_type
6149	simple	product_type
6151	simple	product_type
6153	simple	product_type
6157	simple	product_type
6193	simple	product_type
6195	simple	product_type
6197	simple	product_type
6200	simple	product_type
10677	simple	product_type
6202	simple	product_type
6208	simple	product_type
6209	simple	product_type
6211	simple	product_type
6201	simple	product_type
6214	simple	product_type
6221	simple	product_type
6223	simple	product_type
6219	simple	product_type
6226	simple	product_type
6229	simple	product_type
6230	simple	product_type
6232	simple	product_type
6235	simple	product_type
6238	simple	product_type
6239	simple	product_type
6241	simple	product_type
6237	simple	product_type
6227	simple	product_type
6244	simple	product_type
6247	simple	product_type
6249	simple	product_type
6252	simple	product_type
6256	simple	product_type
6259	simple	product_type
10679	simple	product_type
6261	simple	product_type
6264	simple	product_type
6266	simple	product_type
6270	simple	product_type
6268	simple	product_type
6274	simple	product_type
6277	simple	product_type
6279	simple	product_type
6281	simple	product_type
6283	simple	product_type
6285	simple	product_type
6287	simple	product_type
6290	simple	product_type
6293	simple	product_type
6299	simple	product_type
6296	simple	product_type
6295	simple	product_type
6305	simple	product_type
6304	simple	product_type
6309	simple	product_type
6308	simple	product_type
6316	simple	product_type
6313	simple	product_type
6319	simple	product_type
6322	simple	product_type
6324	simple	product_type
6326	simple	product_type
6328	simple	product_type
6330	simple	product_type
6332	simple	product_type
6342	simple	product_type
6345	simple	product_type
6347	simple	product_type
6353	simple	product_type
6355	simple	product_type
6357	simple	product_type
6359	simple	product_type
6360	simple	product_type
6366	simple	product_type
10833	simple	product_type
6365	simple	product_type
6374	simple	product_type
10944	simple	product_type
11446	simple	product_type
6382	simple	product_type
6384	simple	product_type
6379	simple	product_type
6386	simple	product_type
6390	simple	product_type
6392	simple	product_type
6388	simple	product_type
6397	simple	product_type
6401	simple	product_type
6404	simple	product_type
6403	simple	product_type
6407	simple	product_type
6409	simple	product_type
6411	simple	product_type
6399	simple	product_type
6415	simple	product_type
6417	simple	product_type
6419	simple	product_type
6380	simple	product_type
6421	simple	product_type
6425	simple	product_type
6428	simple	product_type
6429	simple	product_type
6431	simple	product_type
6432	simple	product_type
6434	simple	product_type
6436	simple	product_type
6438	simple	product_type
6440	simple	product_type
6442	simple	product_type
6444	simple	product_type
6446	simple	product_type
6448	simple	product_type
6451	simple	product_type
6453	simple	product_type
6458	simple	product_type
6461	simple	product_type
6463	simple	product_type
6459	simple	product_type
6467	simple	product_type
6466	simple	product_type
6472	simple	product_type
6479	simple	product_type
6475	simple	product_type
6483	simple	product_type
6486	simple	product_type
6487	simple	product_type
6490	simple	product_type
6489	simple	product_type
6493	simple	product_type
6495	simple	product_type
6501	simple	product_type
6499	simple	product_type
6506	simple	product_type
6508	simple	product_type
6510	simple	product_type
6512	simple	product_type
6514	simple	product_type
6516	simple	product_type
6522	simple	product_type
6524	simple	product_type
6526	simple	product_type
6528	simple	product_type
6530	simple	product_type
6532	simple	product_type
6535	simple	product_type
6539	simple	product_type
6542	simple	product_type
6544	simple	product_type
6537	simple	product_type
6551	simple	product_type
6553	simple	product_type
6559	simple	product_type
6548	simple	product_type
6561	simple	product_type
9068	simple	product_type
6538	simple	product_type
9071	simple	product_type
6567	simple	product_type
6568	simple	product_type
6569	simple	product_type
6573	simple	product_type
6576	simple	product_type
6577	simple	product_type
9069	simple	product_type
6580	simple	product_type
6582	simple	product_type
6584	simple	product_type
6587	simple	product_type
6588	simple	product_type
6590	simple	product_type
11034	simple	product_type
6594	simple	product_type
6595	simple	product_type
6562	simple	product_type
6598	simple	product_type
6599	simple	product_type
6602	simple	product_type
6605	simple	product_type
6612	simple	product_type
6611	simple	product_type
6617	simple	product_type
6616	simple	product_type
6621	simple	product_type
6619	simple	product_type
6625	simple	product_type
6626	simple	product_type
6629	simple	product_type
6632	simple	product_type
6635	simple	product_type
6634	simple	product_type
6641	simple	product_type
6642	simple	product_type
6644	simple	product_type
6645	simple	product_type
6647	simple	product_type
6648	simple	product_type
6650	simple	product_type
6653	simple	product_type
6657	simple	product_type
6660	simple	product_type
6661	simple	product_type
6663	simple	product_type
6664	simple	product_type
6665	simple	product_type
6666	simple	product_type
9110	simple	product_type
6668	simple	product_type
6669	simple	product_type
6671	simple	product_type
6673	simple	product_type
6675	simple	product_type
6676	simple	product_type
6678	simple	product_type
6679	simple	product_type
6681	simple	product_type
6655	simple	product_type
6683	simple	product_type
6687	simple	product_type
6689	simple	product_type
6694	simple	product_type
9376	simple	product_type
9380	simple	product_type
9382	simple	product_type
6704	simple	product_type
6705	simple	product_type
6718	simple	product_type
6755	simple	product_type
7187	simple	product_type
7189	simple	product_type
7199	simple	product_type
7190	simple	product_type
7206	simple	product_type
7210	simple	product_type
7233	simple	product_type
7232	simple	product_type
7235	simple	product_type
7237	simple	product_type
7239	simple	product_type
7241	simple	product_type
7245	simple	product_type
7250	simple	product_type
7252	simple	product_type
7253	simple	product_type
9438	simple	product_type
7255	simple	product_type
7258	simple	product_type
9436	simple	product_type
9440	simple	product_type
7267	simple	product_type
7269	simple	product_type
7263	simple	product_type
7271	simple	product_type
7275	simple	product_type
7278	simple	product_type
7281	simple	product_type
7284	simple	product_type
7287	simple	product_type
7286	simple	product_type
7290	simple	product_type
7293	simple	product_type
7312	simple	product_type
7315	simple	product_type
7323	simple	product_type
7339	simple	product_type
7342	simple	product_type
7346	simple	product_type
7341	simple	product_type
7349	simple	product_type
7351	simple	product_type
7354	simple	product_type
7356	simple	product_type
7358	simple	product_type
7360	simple	product_type
7362	simple	product_type
7367	simple	product_type
7373	simple	product_type
7377	simple	product_type
7380	simple	product_type
7382	simple	product_type
7390	simple	product_type
7392	simple	product_type
7394	simple	product_type
7399	simple	product_type
7402	simple	product_type
7405	simple	product_type
7408	simple	product_type
7410	simple	product_type
7412	simple	product_type
7414	simple	product_type
7416	simple	product_type
7418	simple	product_type
7420	simple	product_type
7422	simple	product_type
7426	simple	product_type
7428	simple	product_type
7430	simple	product_type
7432	simple	product_type
7435	simple	product_type
7437	simple	product_type
7439	simple	product_type
7441	simple	product_type
7447	simple	product_type
7446	simple	product_type
7454	simple	product_type
7460	simple	product_type
7464	simple	product_type
7470	simple	product_type
7477	simple	product_type
7487	simple	product_type
7490	simple	product_type
7495	simple	product_type
7507	simple	product_type
7509	simple	product_type
7515	simple	product_type
7524	simple	product_type
7528	simple	product_type
7533	simple	product_type
7512	simple	product_type
7537	simple	product_type
7540	simple	product_type
7546	simple	product_type
7550	simple	product_type
7554	simple	product_type
7557	simple	product_type
7558	simple	product_type
7561	simple	product_type
7568	simple	product_type
7574	simple	product_type
7589	simple	product_type
7591	simple	product_type
7593	simple	product_type
7595	simple	product_type
7599	simple	product_type
7604	simple	product_type
7602	simple	product_type
7607	simple	product_type
7611	simple	product_type
7613	simple	product_type
7615	simple	product_type
7617	simple	product_type
7619	simple	product_type
7621	simple	product_type
7623	simple	product_type
7626	simple	product_type
7628	simple	product_type
7630	simple	product_type
7633	simple	product_type
7634	simple	product_type
7631	simple	product_type
7638	simple	product_type
7641	simple	product_type
7644	simple	product_type
7648	simple	product_type
7657	simple	product_type
7671	simple	product_type
7674	simple	product_type
7675	simple	product_type
7679	simple	product_type
7682	simple	product_type
7688	simple	product_type
7685	simple	product_type
7692	simple	product_type
7689	simple	product_type
7693	simple	product_type
7695	simple	product_type
7698	simple	product_type
7703	simple	product_type
7702	simple	product_type
7705	simple	product_type
7707	simple	product_type
7709	simple	product_type
7711	simple	product_type
7714	simple	product_type
7715	simple	product_type
7717	simple	product_type
7722	simple	product_type
7723	simple	product_type
7727	simple	product_type
7728	simple	product_type
7733	simple	product_type
7736	simple	product_type
7739	simple	product_type
7740	simple	product_type
7742	simple	product_type
7744	simple	product_type
7747	simple	product_type
7734	simple	product_type
7768	simple	product_type
7771	simple	product_type
7772	simple	product_type
7774	simple	product_type
7775	simple	product_type
7776	simple	product_type
7779	simple	product_type
7784	simple	product_type
7787	simple	product_type
7790	simple	product_type
7792	simple	product_type
7797	simple	product_type
7789	simple	product_type
7799	simple	product_type
7801	simple	product_type
11979	simple	product_type
11981	simple	product_type
7802	simple	product_type
7806	simple	product_type
7812	simple	product_type
7816	simple	product_type
7819	simple	product_type
7822	simple	product_type
7823	simple	product_type
7827	simple	product_type
7828	simple	product_type
7837	simple	product_type
7839	simple	product_type
7844	simple	product_type
7841	simple	product_type
7867	simple	product_type
7887	simple	product_type
7889	simple	product_type
7951	simple	product_type
7953	simple	product_type
7958	simple	product_type
7956	simple	product_type
7981	simple	product_type
7984	simple	product_type
7966	simple	product_type
7987	simple	product_type
7989	simple	product_type
7995	simple	product_type
7997	simple	product_type
7999	simple	product_type
8002	simple	product_type
8005	simple	product_type
8010	simple	product_type
8012	simple	product_type
8014	simple	product_type
8016	simple	product_type
8019	simple	product_type
8028	simple	product_type
8030	simple	product_type
7993	simple	product_type
8033	simple	product_type
8041	simple	product_type
8045	simple	product_type
8051	simple	product_type
8056	simple	product_type
8059	simple	product_type
8068	simple	product_type
8071	simple	product_type
8069	simple	product_type
8073	simple	product_type
8081	simple	product_type
8085	simple	product_type
8082	simple	product_type
8091	simple	product_type
8093	simple	product_type
8090	simple	product_type
8099	simple	product_type
8101	simple	product_type
8103	simple	product_type
8105	simple	product_type
8107	simple	product_type
8109	simple	product_type
8111	simple	product_type
13249	simple	product_type
8113	simple	product_type
8115	simple	product_type
13248	simple	product_type
8117	simple	product_type
10717	simple	product_type
8121	simple	product_type
8144	simple	product_type
8146	simple	product_type
8148	simple	product_type
8151	simple	product_type
8153	simple	product_type
8157	simple	product_type
8160	simple	product_type
8162	simple	product_type
8164	simple	product_type
8166	simple	product_type
8167	simple	product_type
8171	simple	product_type
8182	simple	product_type
8189	simple	product_type
8191	simple	product_type
8192	simple	product_type
8194	simple	product_type
8197	simple	product_type
8199	simple	product_type
15487	simple	product_type
8202	simple	product_type
8208	simple	product_type
8214	simple	product_type
8217	simple	product_type
8221	simple	product_type
8224	simple	product_type
8229	simple	product_type
8263	simple	product_type
8266	simple	product_type
8270	simple	product_type
8272	simple	product_type
8273	simple	product_type
8277	simple	product_type
8278	simple	product_type
8290	simple	product_type
8300	simple	product_type
8303	simple	product_type
8305	simple	product_type
8314	simple	product_type
8318	simple	product_type
8321	simple	product_type
8323	simple	product_type
8325	simple	product_type
8326	simple	product_type
8328	simple	product_type
8335	simple	product_type
8337	simple	product_type
8343	simple	product_type
12193	simple	product_type
15553	simple	product_type
12188	simple	product_type
8347	simple	product_type
8349	simple	product_type
8352	simple	product_type
8354	simple	product_type
8351	simple	product_type
8356	simple	product_type
8359	simple	product_type
8361	simple	product_type
8363	simple	product_type
8370	simple	product_type
8375	simple	product_type
8373	simple	product_type
8380	simple	product_type
8383	simple	product_type
8385	simple	product_type
8388	simple	product_type
8390	simple	product_type
8382	simple	product_type
8396	simple	product_type
8399	simple	product_type
8394	simple	product_type
8401	simple	product_type
8403	simple	product_type
8404	simple	product_type
8402	simple	product_type
8409	simple	product_type
8410	simple	product_type
8418	simple	product_type
8419	simple	product_type
8424	simple	product_type
8415	simple	product_type
8431	simple	product_type
8433	simple	product_type
8435	simple	product_type
8437	simple	product_type
8439	simple	product_type
8440	simple	product_type
8441	simple	product_type
8442	simple	product_type
8445	simple	product_type
8450	simple	product_type
8451	simple	product_type
8452	simple	product_type
8453	simple	product_type
8454	simple	product_type
8456	simple	product_type
8458	simple	product_type
8459	simple	product_type
8461	simple	product_type
8462	simple	product_type
8464	simple	product_type
8465	simple	product_type
8467	simple	product_type
8469	simple	product_type
8473	simple	product_type
8475	simple	product_type
8478	simple	product_type
8480	simple	product_type
8482	simple	product_type
8486	simple	product_type
8509	simple	product_type
8511	simple	product_type
8513	simple	product_type
8514	simple	product_type
8517	simple	product_type
8520	simple	product_type
8523	simple	product_type
8507	simple	product_type
8528	simple	product_type
8530	simple	product_type
15521	simple	product_type
8533	simple	product_type
8538	simple	product_type
8541	simple	product_type
8543	simple	product_type
8549	simple	product_type
8545	simple	product_type
8553	simple	product_type
8555	simple	product_type
8557	simple	product_type
8559	simple	product_type
8562	simple	product_type
8561	simple	product_type
8566	simple	product_type
8570	simple	product_type
8569	simple	product_type
8572	simple	product_type
8575	simple	product_type
8577	simple	product_type
8578	simple	product_type
8579	simple	product_type
8581	simple	product_type
8582	simple	product_type
8584	simple	product_type
8597	simple	product_type
8601	simple	product_type
8590	simple	product_type
8603	simple	product_type
8606	simple	product_type
8609	simple	product_type
8610	simple	product_type
8611	simple	product_type
8614	simple	product_type
8624	simple	product_type
8626	simple	product_type
8628	simple	product_type
8631	simple	product_type
8630	simple	product_type
8635	simple	product_type
8634	simple	product_type
8639	simple	product_type
8640	simple	product_type
8641	simple	product_type
8643	simple	product_type
8645	simple	product_type
8646	simple	product_type
8650	simple	product_type
8655	simple	product_type
8666	simple	product_type
8667	simple	product_type
8668	simple	product_type
8664	simple	product_type
8671	simple	product_type
8673	simple	product_type
8676	simple	product_type
8679	simple	product_type
8682	simple	product_type
8684	simple	product_type
8686	simple	product_type
8688	simple	product_type
8690	simple	product_type
8691	simple	product_type
8694	simple	product_type
8696	simple	product_type
8697	simple	product_type
8700	simple	product_type
8703	simple	product_type
8706	simple	product_type
8708	simple	product_type
8710	simple	product_type
8712	simple	product_type
8713	simple	product_type
8715	simple	product_type
8728	simple	product_type
8732	simple	product_type
8740	simple	product_type
8760	simple	product_type
8762	simple	product_type
8764	simple	product_type
8766	simple	product_type
8879	simple	product_type
8887	simple	product_type
11725	simple	product_type
8910	simple	product_type
8913	simple	product_type
8915	simple	product_type
8916	simple	product_type
8920	simple	product_type
8923	simple	product_type
12415	simple	product_type
8928	simple	product_type
8930	simple	product_type
8932	simple	product_type
8934	simple	product_type
8936	simple	product_type
8939	simple	product_type
8942	simple	product_type
8944	simple	product_type
8948	simple	product_type
8945	simple	product_type
8951	simple	product_type
8954	simple	product_type
8958	simple	product_type
8962	simple	product_type
8967	simple	product_type
8971	simple	product_type
8973	simple	product_type
8976	simple	product_type
8980	simple	product_type
8983	simple	product_type
8985	simple	product_type
8988	simple	product_type
8990	simple	product_type
9003	simple	product_type
9005	simple	product_type
9007	simple	product_type
9010	simple	product_type
9017	simple	product_type
9021	simple	product_type
10681	simple	product_type
9023	simple	product_type
9926	simple	product_type
9924	simple	product_type
9040	simple	product_type
9042	simple	product_type
9045	simple	product_type
9048	simple	product_type
9051	simple	product_type
9053	simple	product_type
9054	simple	product_type
9056	simple	product_type
9061	simple	product_type
9922	simple	product_type
9074	simple	product_type
9077	simple	product_type
9078	simple	product_type
9082	simple	product_type
9084	simple	product_type
9090	simple	product_type
9092	simple	product_type
9094	simple	product_type
9096	simple	product_type
9098	simple	product_type
9100	simple	product_type
9102	simple	product_type
9105	simple	product_type
9106	simple	product_type
9113	simple	product_type
9119	simple	product_type
9122	simple	product_type
9124	simple	product_type
9129	simple	product_type
9132	simple	product_type
9136	simple	product_type
9144	simple	product_type
9146	simple	product_type
9149	simple	product_type
9152	simple	product_type
9161	simple	product_type
9165	simple	product_type
9170	simple	product_type
9174	simple	product_type
9182	simple	product_type
9188	simple	product_type
9175	simple	product_type
9191	simple	product_type
9193	simple	product_type
9197	simple	product_type
9195	simple	product_type
9203	simple	product_type
9206	simple	product_type
9207	simple	product_type
10095	simple	product_type
9217	simple	product_type
9222	simple	product_type
9248	simple	product_type
9253	simple	product_type
9254	simple	product_type
9258	simple	product_type
9274	simple	product_type
9276	simple	product_type
9279	simple	product_type
9281	simple	product_type
9284	simple	product_type
9287	simple	product_type
9289	simple	product_type
9291	simple	product_type
9293	simple	product_type
9301	simple	product_type
9327	simple	product_type
9329	simple	product_type
9332	simple	product_type
9336	simple	product_type
9338	simple	product_type
9340	simple	product_type
9342	simple	product_type
9347	simple	product_type
9349	simple	product_type
9350	simple	product_type
9358	simple	product_type
9359	simple	product_type
9361	simple	product_type
9366	simple	product_type
9369	simple	product_type
9371	simple	product_type
9387	simple	product_type
9390	simple	product_type
9393	simple	product_type
9398	simple	product_type
9399	simple	product_type
9402	simple	product_type
9391	simple	product_type
9414	simple	product_type
9415	simple	product_type
9416	simple	product_type
9417	simple	product_type
9419	simple	product_type
9421	simple	product_type
9422	simple	product_type
9424	simple	product_type
9426	simple	product_type
9428	simple	product_type
11011	simple	product_type
9430	simple	product_type
9434	simple	product_type
9442	simple	product_type
9444	simple	product_type
9446	simple	product_type
9448	simple	product_type
9450	simple	product_type
9452	simple	product_type
9458	simple	product_type
9459	simple	product_type
9461	simple	product_type
9464	simple	product_type
9466	simple	product_type
9468	simple	product_type
9467	simple	product_type
9470	simple	product_type
9474	simple	product_type
9476	simple	product_type
9478	simple	product_type
9480	simple	product_type
9482	simple	product_type
9484	simple	product_type
9486	simple	product_type
9488	simple	product_type
9491	simple	product_type
9493	simple	product_type
9494	simple	product_type
9496	simple	product_type
9499	simple	product_type
9501	simple	product_type
9503	simple	product_type
9505	simple	product_type
9507	simple	product_type
9508	simple	product_type
13228	simple	product_type
9511	simple	product_type
9512	simple	product_type
9514	simple	product_type
9516	simple	product_type
9518	simple	product_type
9520	simple	product_type
9521	simple	product_type
9522	simple	product_type
10302	simple	product_type
13302	simple	product_type
9528	simple	product_type
9616	simple	product_type
9531	simple	product_type
13791	simple	product_type
9533	simple	product_type
9530	simple	product_type
9538	simple	product_type
9540	simple	product_type
9543	simple	product_type
9544	simple	product_type
9546	simple	product_type
9619	simple	product_type
9548	simple	product_type
9550	simple	product_type
9552	simple	product_type
9553	simple	product_type
13171	simple	product_type
9556	simple	product_type
9559	simple	product_type
9634	simple	product_type
9561	simple	product_type
9567	simple	product_type
13159	simple	product_type
9568	simple	product_type
9635	simple	product_type
9569	simple	product_type
9570	simple	product_type
9571	simple	product_type
9637	simple	product_type
9579	simple	product_type
13158	simple	product_type
9583	simple	product_type
9585	simple	product_type
9587	simple	product_type
9638	simple	product_type
9591	simple	product_type
13147	simple	product_type
9592	simple	product_type
9639	simple	product_type
9595	simple	product_type
9602	simple	product_type
13140	simple	product_type
9604	simple	product_type
9640	simple	product_type
9610	simple	product_type
9641	simple	product_type
9612	simple	product_type
13134	simple	product_type
9613	simple	product_type
9614	simple	product_type
9642	simple	product_type
13131	simple	product_type
9643	simple	product_type
13123	simple	product_type
9644	simple	product_type
9646	simple	product_type
9649	simple	product_type
9651	simple	product_type
9653	simple	product_type
9655	simple	product_type
9657	simple	product_type
9659	simple	product_type
9660	simple	product_type
9663	simple	product_type
9666	simple	product_type
9668	simple	product_type
9670	simple	product_type
9674	simple	product_type
9676	simple	product_type
9680	simple	product_type
9682	simple	product_type
9684	simple	product_type
9687	simple	product_type
9689	simple	product_type
9691	simple	product_type
9693	simple	product_type
9699	simple	product_type
9698	simple	product_type
9704	simple	product_type
9706	simple	product_type
9708	simple	product_type
9710	simple	product_type
9712	simple	product_type
9713	simple	product_type
9717	simple	product_type
9718	simple	product_type
9722	simple	product_type
9724	simple	product_type
9727	simple	product_type
9732	simple	product_type
9729	simple	product_type
9739	simple	product_type
9742	simple	product_type
9744	simple	product_type
9750	simple	product_type
9761	simple	product_type
9763	simple	product_type
9765	simple	product_type
9767	simple	product_type
9769	simple	product_type
9772	simple	product_type
9773	simple	product_type
9776	simple	product_type
9778	simple	product_type
9782	simple	product_type
9784	simple	product_type
9790	simple	product_type
9792	simple	product_type
9796	simple	product_type
9799	simple	product_type
9802	simple	product_type
9804	simple	product_type
9806	simple	product_type
9808	simple	product_type
9811	simple	product_type
9813	simple	product_type
9816	simple	product_type
9818	simple	product_type
9823	simple	product_type
9824	simple	product_type
9826	simple	product_type
9828	simple	product_type
9830	simple	product_type
9832	simple	product_type
9834	simple	product_type
9836	simple	product_type
9839	simple	product_type
9841	simple	product_type
9843	simple	product_type
9854	simple	product_type
9856	simple	product_type
9858	simple	product_type
9859	simple	product_type
9861	simple	product_type
9866	simple	product_type
9867	simple	product_type
9869	simple	product_type
9871	simple	product_type
9873	simple	product_type
9875	simple	product_type
9877	simple	product_type
9879	simple	product_type
9881	simple	product_type
9883	simple	product_type
9885	simple	product_type
9887	simple	product_type
9889	simple	product_type
9892	simple	product_type
9895	simple	product_type
9897	simple	product_type
9899	simple	product_type
9902	simple	product_type
9904	simple	product_type
9906	simple	product_type
9908	simple	product_type
9910	simple	product_type
9912	simple	product_type
9915	simple	product_type
9919	simple	product_type
9928	simple	product_type
9930	simple	product_type
9931	simple	product_type
9934	simple	product_type
9937	simple	product_type
9939	simple	product_type
9941	simple	product_type
9943	simple	product_type
9945	simple	product_type
9947	simple	product_type
9949	simple	product_type
9953	simple	product_type
9954	simple	product_type
9957	simple	product_type
9960	simple	product_type
9962	simple	product_type
9964	simple	product_type
9965	simple	product_type
9968	simple	product_type
9970	simple	product_type
9973	simple	product_type
9975	simple	product_type
9977	simple	product_type
9979	simple	product_type
9981	simple	product_type
9983	simple	product_type
9985	simple	product_type
9987	simple	product_type
9989	simple	product_type
9991	simple	product_type
9995	simple	product_type
9993	simple	product_type
10000	simple	product_type
10002	simple	product_type
10004	simple	product_type
10010	simple	product_type
10017	simple	product_type
10020	simple	product_type
10022	simple	product_type
10026	simple	product_type
10028	simple	product_type
10030	simple	product_type
10033	simple	product_type
10036	simple	product_type
10039	simple	product_type
10041	simple	product_type
10043	simple	product_type
10045	simple	product_type
10046	simple	product_type
10051	simple	product_type
10053	simple	product_type
10059	simple	product_type
10063	simple	product_type
10065	simple	product_type
10072	simple	product_type
10074	simple	product_type
10082	simple	product_type
10086	simple	product_type
10087	simple	product_type
10089	simple	product_type
10091	simple	product_type
10093	simple	product_type
10097	simple	product_type
10099	simple	product_type
10103	simple	product_type
10107	simple	product_type
10098	simple	product_type
10111	simple	product_type
10116	simple	product_type
10117	simple	product_type
10113	simple	product_type
10118	simple	product_type
10120	simple	product_type
10123	simple	product_type
10125	simple	product_type
10127	simple	product_type
10132	simple	product_type
10134	simple	product_type
10138	simple	product_type
10141	simple	product_type
10146	simple	product_type
10131	simple	product_type
10149	simple	product_type
10150	simple	product_type
10152	simple	product_type
10154	simple	product_type
10157	simple	product_type
10159	simple	product_type
10161	simple	product_type
10163	simple	product_type
11026	simple	product_type
10167	simple	product_type
10169	simple	product_type
10171	simple	product_type
10174	simple	product_type
10177	simple	product_type
10181	simple	product_type
10183	simple	product_type
10185	simple	product_type
10186	simple	product_type
10188	simple	product_type
10190	simple	product_type
10192	simple	product_type
10194	simple	product_type
10243	simple	product_type
10247	simple	product_type
10250	simple	product_type
10251	simple	product_type
10264	simple	product_type
10268	simple	product_type
10288	simple	product_type
10312	simple	product_type
10317	simple	product_type
10323	simple	product_type
10335	simple	product_type
10339	simple	product_type
10342	simple	product_type
10348	simple	product_type
10350	simple	product_type
10352	simple	product_type
10355	simple	product_type
10358	simple	product_type
10361	simple	product_type
10362	simple	product_type
10366	simple	product_type
10368	simple	product_type
10372	simple	product_type
10373	simple	product_type
10375	simple	product_type
10384	simple	product_type
10388	simple	product_type
10389	simple	product_type
14208	simple	product_type
10398	simple	product_type
15517	simple	product_type
10414	simple	product_type
10430	simple	product_type
10434	simple	product_type
10436	simple	product_type
10442	simple	product_type
10445	simple	product_type
10446	simple	product_type
10447	simple	product_type
10449	simple	product_type
10451	simple	product_type
10454	simple	product_type
10456	simple	product_type
10457	simple	product_type
10476	simple	product_type
10478	simple	product_type
10483	simple	product_type
10487	simple	product_type
10489	simple	product_type
10496	simple	product_type
10505	simple	product_type
10506	simple	product_type
10508	simple	product_type
10510	simple	product_type
10509	simple	product_type
10523	simple	product_type
10526	simple	product_type
10529	simple	product_type
10532	simple	product_type
10533	simple	product_type
10535	simple	product_type
10541	simple	product_type
10553	simple	product_type
10559	simple	product_type
10562	simple	product_type
10565	simple	product_type
10577	simple	product_type
10580	simple	product_type
10589	simple	product_type
10594	simple	product_type
10605	simple	product_type
10609	simple	product_type
10612	simple	product_type
10614	simple	product_type
10617	simple	product_type
10619	simple	product_type
10622	simple	product_type
10627	simple	product_type
10632	simple	product_type
10637	simple	product_type
10641	simple	product_type
10643	simple	product_type
10650	simple	product_type
10656	simple	product_type
10657	simple	product_type
10662	simple	product_type
10663	simple	product_type
10664	simple	product_type
10666	simple	product_type
10668	simple	product_type
10688	simple	product_type
10693	simple	product_type
10699	simple	product_type
10701	simple	product_type
10702	simple	product_type
10707	simple	product_type
10709	simple	product_type
10715	simple	product_type
10725	simple	product_type
10731	simple	product_type
10735	simple	product_type
10738	simple	product_type
10747	simple	product_type
10749	simple	product_type
10756	simple	product_type
10765	simple	product_type
10768	simple	product_type
10769	simple	product_type
10770	simple	product_type
10771	simple	product_type
10775	simple	product_type
10787	simple	product_type
10789	simple	product_type
10790	simple	product_type
10792	simple	product_type
10799	simple	product_type
10802	simple	product_type
10807	simple	product_type
10811	simple	product_type
10816	simple	product_type
16547	simple	product_type
16554	simple	product_type
10837	simple	product_type
10847	simple	product_type
10850	simple	product_type
10856	simple	product_type
10862	simple	product_type
10872	simple	product_type
10880	simple	product_type
10897	simple	product_type
10902	simple	product_type
10906	simple	product_type
10912	simple	product_type
10913	simple	product_type
10917	simple	product_type
10922	simple	product_type
10927	simple	product_type
10931	simple	product_type
10946	simple	product_type
10950	simple	product_type
10953	simple	product_type
10957	simple	product_type
10963	simple	product_type
10971	simple	product_type
10977	simple	product_type
10981	simple	product_type
10995	simple	product_type
10996	simple	product_type
10998	simple	product_type
10999	simple	product_type
15533	simple	product_type
11000	simple	product_type
11003	simple	product_type
11007	simple	product_type
11018	simple	product_type
11021	simple	product_type
11041	simple	product_type
11039	simple	product_type
11050	simple	product_type
11056	simple	product_type
11061	simple	product_type
11066	simple	product_type
11069	simple	product_type
11072	simple	product_type
11076	simple	product_type
11082	simple	product_type
11090	simple	product_type
11104	simple	product_type
11107	simple	product_type
11108	simple	product_type
11117	simple	product_type
11119	simple	product_type
11125	simple	product_type
11127	simple	product_type
11129	simple	product_type
11132	simple	product_type
11137	simple	product_type
11139	simple	product_type
11140	simple	product_type
11143	simple	product_type
11148	simple	product_type
11152	simple	product_type
11165	simple	product_type
11174	simple	product_type
11176	simple	product_type
11184	simple	product_type
11190	simple	product_type
11196	simple	product_type
11203	simple	product_type
11223	simple	product_type
11224	simple	product_type
11228	simple	product_type
11234	simple	product_type
11244	simple	product_type
11289	simple	product_type
11296	simple	product_type
11301	simple	product_type
11303	simple	product_type
11312	simple	product_type
11319	simple	product_type
11324	simple	product_type
11331	simple	product_type
11338	simple	product_type
11344	simple	product_type
11351	simple	product_type
11358	simple	product_type
11373	simple	product_type
11376	simple	product_type
11379	simple	product_type
11393	simple	product_type
11424	simple	product_type
11430	simple	product_type
11434	simple	product_type
11436	simple	product_type
11441	simple	product_type
11443	simple	product_type
11450	simple	product_type
11454	simple	product_type
11456	simple	product_type
11468	simple	product_type
11471	simple	product_type
11480	simple	product_type
11510	simple	product_type
11516	simple	product_type
11535	simple	product_type
11536	simple	product_type
11540	simple	product_type
11543	simple	product_type
11549	simple	product_type
11550	simple	product_type
11558	simple	product_type
11560	simple	product_type
11563	simple	product_type
11567	simple	product_type
11572	simple	product_type
11574	simple	product_type
11579	simple	product_type
11582	simple	product_type
11584	simple	product_type
11577	simple	product_type
11589	simple	product_type
11594	simple	product_type
11600	simple	product_type
11604	simple	product_type
11605	simple	product_type
11609	simple	product_type
11610	simple	product_type
11611	simple	product_type
11613	simple	product_type
11614	simple	product_type
11615	simple	product_type
11616	simple	product_type
11618	simple	product_type
11624	simple	product_type
11625	simple	product_type
11629	simple	product_type
11633	simple	product_type
11635	simple	product_type
11645	simple	product_type
11656	simple	product_type
11658	simple	product_type
11663	simple	product_type
11669	simple	product_type
11671	simple	product_type
11676	simple	product_type
11679	simple	product_type
11839	simple	product_type
11684	simple	product_type
11686	simple	product_type
11688	simple	product_type
11689	simple	product_type
11692	simple	product_type
11694	simple	product_type
11697	simple	product_type
11701	simple	product_type
11703	simple	product_type
11705	simple	product_type
11708	simple	product_type
11709	simple	product_type
11718	simple	product_type
11743	simple	product_type
11746	simple	product_type
11752	simple	product_type
11755	simple	product_type
11761	simple	product_type
11763	simple	product_type
11764	simple	product_type
11766	simple	product_type
11767	simple	product_type
11770	simple	product_type
11779	simple	product_type
11790	simple	product_type
11797	simple	product_type
11799	simple	product_type
11804	simple	product_type
11807	simple	product_type
11812	simple	product_type
11817	simple	product_type
11818	simple	product_type
11821	simple	product_type
11828	simple	product_type
11833	simple	product_type
11848	simple	product_type
11851	simple	product_type
15523	simple	product_type
15439	simple	product_type
11861	simple	product_type
11865	simple	product_type
11866	simple	product_type
11867	simple	product_type
11874	simple	product_type
11877	simple	product_type
11887	simple	product_type
11889	simple	product_type
11900	simple	product_type
11909	simple	product_type
11913	simple	product_type
11915	simple	product_type
11922	simple	product_type
11924	simple	product_type
11932	simple	product_type
11936	simple	product_type
11937	simple	product_type
11941	simple	product_type
11943	simple	product_type
11947	simple	product_type
11950	simple	product_type
11953	simple	product_type
11962	simple	product_type
11963	simple	product_type
11969	simple	product_type
11972	simple	product_type
11974	simple	product_type
11977	simple	product_type
11982	simple	product_type
11983	simple	product_type
11985	simple	product_type
11986	simple	product_type
11987	simple	product_type
11988	simple	product_type
11993	simple	product_type
11996	simple	product_type
11999	simple	product_type
12002	simple	product_type
12004	simple	product_type
12007	simple	product_type
12011	simple	product_type
12062	simple	product_type
12064	simple	product_type
12067	simple	product_type
12072	simple	product_type
12078	simple	product_type
12080	simple	product_type
12082	simple	product_type
12086	simple	product_type
12089	simple	product_type
12102	simple	product_type
12157	simple	product_type
12158	simple	product_type
12159	simple	product_type
12167	simple	product_type
12169	simple	product_type
12170	simple	product_type
12174	simple	product_type
12176	simple	product_type
13284	simple	product_type
12201	simple	product_type
12204	simple	product_type
12211	simple	product_type
12214	simple	product_type
12254	simple	product_type
12257	simple	product_type
12262	simple	product_type
12269	simple	product_type
12272	simple	product_type
12276	simple	product_type
12279	simple	product_type
12280	simple	product_type
12286	simple	product_type
12290	simple	product_type
12291	simple	product_type
12294	simple	product_type
12299	simple	product_type
12300	simple	product_type
12302	simple	product_type
12304	simple	product_type
12328	simple	product_type
12335	simple	product_type
12337	simple	product_type
12340	simple	product_type
12341	simple	product_type
12345	simple	product_type
12347	simple	product_type
12363	simple	product_type
12372	simple	product_type
12376	simple	product_type
12380	simple	product_type
12382	simple	product_type
12381	simple	product_type
12387	simple	product_type
12391	simple	product_type
12393	simple	product_type
12395	simple	product_type
12405	simple	product_type
12413	simple	product_type
12421	simple	product_type
12422	simple	product_type
12423	simple	product_type
12424	simple	product_type
12427	simple	product_type
12432	simple	product_type
12434	simple	product_type
12439	simple	product_type
12441	simple	product_type
12443	simple	product_type
12450	simple	product_type
12456	simple	product_type
12459	simple	product_type
12461	simple	product_type
12464	simple	product_type
12466	simple	product_type
12474	simple	product_type
12476	simple	product_type
12490	simple	product_type
12491	simple	product_type
12493	simple	product_type
12497	simple	product_type
12502	simple	product_type
12511	simple	product_type
12525	simple	product_type
12539	simple	product_type
12560	simple	product_type
12577	simple	product_type
13235	simple	product_type
12583	simple	product_type
12587	simple	product_type
12591	simple	product_type
12592	simple	product_type
12593	simple	product_type
12594	simple	product_type
15558	simple	product_type
12596	simple	product_type
12605	simple	product_type
12612	simple	product_type
12616	simple	product_type
12632	simple	product_type
12637	simple	product_type
12679	simple	product_type
12683	simple	product_type
12686	simple	product_type
12693	simple	product_type
12701	simple	product_type
12766	simple	product_type
12771	simple	product_type
12773	simple	product_type
12778	simple	product_type
12780	simple	product_type
12783	simple	product_type
15563	simple	product_type
13317	simple	product_type
12796	simple	product_type
12800	simple	product_type
12802	simple	product_type
12804	simple	product_type
12806	simple	product_type
12810	simple	product_type
12817	simple	product_type
12820	simple	product_type
12831	simple	product_type
13234	simple	product_type
12835	simple	product_type
12840	simple	product_type
12844	simple	product_type
12846	simple	product_type
12848	simple	product_type
12851	simple	product_type
12853	simple	product_type
12856	simple	product_type
12859	simple	product_type
12861	simple	product_type
12863	simple	product_type
12866	simple	product_type
12871	simple	product_type
12878	simple	product_type
12906	simple	product_type
12910	simple	product_type
15431	simple	product_type
12915	simple	product_type
12921	simple	product_type
12924	simple	product_type
12926	simple	product_type
12930	simple	product_type
12935	simple	product_type
12937	simple	product_type
12938	simple	product_type
12944	simple	product_type
12946	simple	product_type
12948	simple	product_type
12950	simple	product_type
12956	simple	product_type
12960	simple	product_type
12966	simple	product_type
12968	simple	product_type
12971	simple	product_type
12974	simple	product_type
12976	simple	product_type
12982	simple	product_type
12986	simple	product_type
12993	simple	product_type
13286	simple	product_type
13295	simple	product_type
13296	simple	product_type
13298	simple	product_type
13305	simple	product_type
13320	simple	product_type
13324	simple	product_type
13326	simple	product_type
13330	simple	product_type
13334	simple	product_type
13338	simple	product_type
13357	simple	product_type
15434	simple	product_type
13370	simple	product_type
13371	simple	product_type
13377	simple	product_type
13379	simple	product_type
13384	simple	product_type
13393	simple	product_type
13397	simple	product_type
13399	simple	product_type
13403	simple	product_type
13406	simple	product_type
13409	simple	product_type
13412	simple	product_type
13421	simple	product_type
13423	simple	product_type
13425	simple	product_type
13429	simple	product_type
13430	simple	product_type
13433	simple	product_type
13439	simple	product_type
13446	simple	product_type
13451	simple	product_type
13454	simple	product_type
13456	simple	product_type
13469	simple	product_type
13472	simple	product_type
16517	simple	product_type
13480	simple	product_type
13488	simple	product_type
13491	simple	product_type
13502	simple	product_type
13510	simple	product_type
13516	simple	product_type
13520	simple	product_type
13521	simple	product_type
13524	simple	product_type
13526	simple	product_type
13529	simple	product_type
13532	simple	product_type
13537	simple	product_type
13538	simple	product_type
13539	simple	product_type
13541	simple	product_type
13544	simple	product_type
13546	simple	product_type
13547	simple	product_type
13548	simple	product_type
13550	simple	product_type
13562	simple	product_type
13564	simple	product_type
13567	simple	product_type
13571	simple	product_type
13642	simple	product_type
13646	simple	product_type
13649	simple	product_type
13653	simple	product_type
13656	simple	product_type
13659	simple	product_type
13661	simple	product_type
13664	simple	product_type
13666	simple	product_type
13668	simple	product_type
13671	simple	product_type
13685	simple	product_type
13688	simple	product_type
13690	simple	product_type
13698	simple	product_type
13702	simple	product_type
13709	simple	product_type
13711	simple	product_type
13713	simple	product_type
13714	simple	product_type
13716	simple	product_type
13717	simple	product_type
13719	simple	product_type
13721	simple	product_type
13726	simple	product_type
13729	simple	product_type
13739	simple	product_type
13746	simple	product_type
13756	simple	product_type
13759	simple	product_type
13767	simple	product_type
13780	simple	product_type
13782	simple	product_type
13796	simple	product_type
13800	simple	product_type
13802	simple	product_type
13803	simple	product_type
13811	simple	product_type
13813	simple	product_type
13815	simple	product_type
13819	simple	product_type
13821	simple	product_type
13824	simple	product_type
13826	simple	product_type
13828	simple	product_type
13830	simple	product_type
13832	simple	product_type
13834	simple	product_type
13836	simple	product_type
13849	simple	product_type
13851	simple	product_type
13860	simple	product_type
13862	simple	product_type
13868	simple	product_type
13873	simple	product_type
13877	simple	product_type
13883	simple	product_type
13885	simple	product_type
13888	simple	product_type
13890	simple	product_type
13892	simple	product_type
13894	simple	product_type
13896	simple	product_type
13899	simple	product_type
13901	simple	product_type
13903	simple	product_type
13905	simple	product_type
13908	simple	product_type
13915	simple	product_type
13917	simple	product_type
13919	simple	product_type
13921	simple	product_type
13925	simple	product_type
13927	simple	product_type
13928	simple	product_type
13930	simple	product_type
13932	simple	product_type
13934	simple	product_type
13945	simple	product_type
13949	simple	product_type
13952	simple	product_type
13966	simple	product_type
13965	simple	product_type
13969	simple	product_type
13973	simple	product_type
13975	simple	product_type
13977	simple	product_type
13979	simple	product_type
13981	simple	product_type
13983	simple	product_type
13986	simple	product_type
13987	simple	product_type
13988	simple	product_type
13989	simple	product_type
13991	simple	product_type
13993	simple	product_type
13997	simple	product_type
13996	simple	product_type
14001	simple	product_type
14005	simple	product_type
14009	simple	product_type
14011	simple	product_type
14014	simple	product_type
14019	simple	product_type
14022	simple	product_type
14023	simple	product_type
14025	simple	product_type
14026	simple	product_type
14031	simple	product_type
14039	simple	product_type
14054	simple	product_type
14061	simple	product_type
14063	simple	product_type
14065	simple	product_type
14067	simple	product_type
14069	simple	product_type
14070	simple	product_type
14072	simple	product_type
14074	simple	product_type
14077	simple	product_type
14078	simple	product_type
14080	simple	product_type
14081	simple	product_type
14084	simple	product_type
14093	simple	product_type
14100	simple	product_type
14101	simple	product_type
14105	simple	product_type
14113	simple	product_type
14114	simple	product_type
14115	simple	product_type
14121	simple	product_type
14122	simple	product_type
14123	simple	product_type
14125	simple	product_type
14127	simple	product_type
14128	simple	product_type
14130	simple	product_type
14131	simple	product_type
14133	simple	product_type
14134	simple	product_type
14137	simple	product_type
14138	simple	product_type
14141	simple	product_type
14142	simple	product_type
14144	simple	product_type
14145	simple	product_type
14148	simple	product_type
14151	simple	product_type
14153	simple	product_type
14154	simple	product_type
14162	simple	product_type
14165	simple	product_type
14183	simple	product_type
14213	simple	product_type
14215	simple	product_type
14217	simple	product_type
14227	simple	product_type
14228	simple	product_type
11623	simple	product_type
14235	simple	product_type
14237	simple	product_type
14239	simple	product_type
15518	simple	product_type
14244	simple	product_type
14256	simple	product_type
14259	simple	product_type
14262	simple	product_type
14278	simple	product_type
14279	simple	product_type
14284	simple	product_type
14287	simple	product_type
14291	simple	product_type
15519	simple	product_type
14293	simple	product_type
14294	simple	product_type
14295	simple	product_type
14297	simple	product_type
14300	simple	product_type
14303	simple	product_type
14309	simple	product_type
14321	simple	product_type
14328	simple	product_type
14333	simple	product_type
14335	simple	product_type
14336	simple	product_type
14345	simple	product_type
14344	simple	product_type
14346	simple	product_type
14347	simple	product_type
14350	simple	product_type
14352	simple	product_type
14354	simple	product_type
14359	simple	product_type
14362	simple	product_type
14366	simple	product_type
14371	simple	product_type
14373	simple	product_type
14374	simple	product_type
14376	simple	product_type
14377	simple	product_type
14381	simple	product_type
14383	simple	product_type
14393	simple	product_type
14401	simple	product_type
14403	simple	product_type
14405	simple	product_type
14408	simple	product_type
14409	simple	product_type
14414	simple	product_type
14420	simple	product_type
14423	simple	product_type
14425	simple	product_type
14428	simple	product_type
14430	simple	product_type
14436	simple	product_type
14438	simple	product_type
14440	simple	product_type
14447	simple	product_type
14448	simple	product_type
14449	simple	product_type
14459	simple	product_type
14469	simple	product_type
14471	simple	product_type
14475	simple	product_type
14476	simple	product_type
14480	simple	product_type
14484	simple	product_type
14483	simple	product_type
14492	simple	product_type
14494	simple	product_type
14495	simple	product_type
14505	simple	product_type
14508	simple	product_type
14512	simple	product_type
14514	simple	product_type
14546	simple	product_type
14549	simple	product_type
14552	simple	product_type
14554	simple	product_type
14555	simple	product_type
14559	simple	product_type
14563	simple	product_type
14565	simple	product_type
14567	simple	product_type
14569	simple	product_type
14571	simple	product_type
14573	simple	product_type
14574	simple	product_type
14575	simple	product_type
14580	simple	product_type
14585	simple	product_type
14591	simple	product_type
14598	simple	product_type
14603	simple	product_type
14608	simple	product_type
14610	simple	product_type
14612	simple	product_type
14618	simple	product_type
14627	simple	product_type
14635	simple	product_type
14639	simple	product_type
14646	simple	product_type
14647	simple	product_type
14650	simple	product_type
14655	simple	product_type
14666	simple	product_type
14667	simple	product_type
14668	simple	product_type
14670	simple	product_type
14671	simple	product_type
14675	simple	product_type
14680	simple	product_type
14686	simple	product_type
14690	simple	product_type
14693	simple	product_type
14694	simple	product_type
14697	simple	product_type
14700	simple	product_type
14702	simple	product_type
14704	simple	product_type
14723	simple	product_type
14724	simple	product_type
14728	simple	product_type
14731	simple	product_type
14733	simple	product_type
14737	simple	product_type
14746	simple	product_type
14750	simple	product_type
14754	simple	product_type
14753	simple	product_type
14757	simple	product_type
14769	simple	product_type
14772	simple	product_type
14773	simple	product_type
14774	simple	product_type
14775	simple	product_type
14779	simple	product_type
14783	simple	product_type
15502	simple	product_type
14786	simple	product_type
14788	simple	product_type
14800	simple	product_type
14806	simple	product_type
15498	simple	product_type
14809	simple	product_type
14813	simple	product_type
14817	simple	product_type
14824	simple	product_type
14829	simple	product_type
14831	simple	product_type
14840	simple	product_type
14839	simple	product_type
14843	simple	product_type
14844	simple	product_type
15495	simple	product_type
14851	simple	product_type
14854	simple	product_type
14856	simple	product_type
14857	simple	product_type
14858	simple	product_type
14860	simple	product_type
14865	simple	product_type
14866	simple	product_type
14869	simple	product_type
14871	simple	product_type
14873	simple	product_type
14876	simple	product_type
14879	simple	product_type
14883	simple	product_type
14888	simple	product_type
14893	simple	product_type
15492	simple	product_type
14908	simple	product_type
14917	simple	product_type
16476	simple	product_type
14924	simple	product_type
14930	simple	product_type
14932	simple	product_type
14934	simple	product_type
14936	simple	product_type
14938	simple	product_type
14942	simple	product_type
14947	simple	product_type
14954	simple	product_type
14956	simple	product_type
14959	simple	product_type
14960	simple	product_type
14968	simple	product_type
14971	simple	product_type
14973	simple	product_type
14980	simple	product_type
14981	simple	product_type
14984	simple	product_type
14991	simple	product_type
15428	simple	product_type
14995	simple	product_type
15000	simple	product_type
15002	simple	product_type
15005	simple	product_type
15012	simple	product_type
15015	simple	product_type
15017	simple	product_type
15024	simple	product_type
15030	simple	product_type
15041	simple	product_type
15042	simple	product_type
15052	simple	product_type
15423	simple	product_type
15057	simple	product_type
15059	simple	product_type
15063	simple	product_type
15065	simple	product_type
15067	simple	product_type
15069	simple	product_type
15079	simple	product_type
15083	simple	product_type
15093	simple	product_type
15098	simple	product_type
15107	simple	product_type
15118	simple	product_type
15126	simple	product_type
15128	simple	product_type
15136	simple	product_type
15144	simple	product_type
15146	simple	product_type
15148	simple	product_type
15152	simple	product_type
15154	simple	product_type
15166	simple	product_type
15170	simple	product_type
15171	simple	product_type
15172	simple	product_type
15174	simple	product_type
15176	simple	product_type
15181	simple	product_type
15188	simple	product_type
15194	simple	product_type
15199	simple	product_type
15209	simple	product_type
15211	simple	product_type
15482	simple	product_type
15397	simple	product_type
15390	simple	product_type
15377	simple	product_type
15370	simple	product_type
15368	simple	product_type
15366	simple	product_type
15365	simple	product_type
15364	simple	product_type
15361	simple	product_type
15352	simple	product_type
15351	simple	product_type
15344	simple	product_type
15335	simple	product_type
15273	simple	product_type
15269	simple	product_type
15265	simple	product_type
15263	simple	product_type
15251	simple	product_type
15243	simple	product_type
15240	simple	product_type
15238	simple	product_type
15236	simple	product_type
15226	simple	product_type
15219	simple	product_type
15217	simple	product_type
15435	simple	product_type
15565	simple	product_type
15567	simple	product_type
15572	simple	product_type
15573	simple	product_type
15574	simple	product_type
15576	simple	product_type
15581	simple	product_type
15593	simple	product_type
15617	simple	product_type
15620	simple	product_type
15624	simple	product_type
15513	simple	product_type
15641	simple	product_type
15644	simple	product_type
15646	simple	product_type
15648	simple	product_type
15653	simple	product_type
15664	simple	product_type
15668	simple	product_type
15688	simple	product_type
15707	simple	product_type
15713	simple	product_type
15715	simple	product_type
15718	simple	product_type
15723	simple	product_type
15729	simple	product_type
15735	simple	product_type
15742	simple	product_type
15744	simple	product_type
15746	simple	product_type
15752	simple	product_type
15755	simple	product_type
15757	simple	product_type
15759	simple	product_type
15750	simple	product_type
15766	simple	product_type
15767	simple	product_type
15786	simple	product_type
15797	simple	product_type
15800	simple	product_type
15802	simple	product_type
15805	simple	product_type
15811	simple	product_type
15813	simple	product_type
15815	simple	product_type
15824	simple	product_type
15828	simple	product_type
15837	simple	product_type
15840	simple	product_type
15842	simple	product_type
15844	simple	product_type
15847	simple	product_type
15849	simple	product_type
15861	simple	product_type
15882	simple	product_type
15886	simple	product_type
15888	simple	product_type
15890	simple	product_type
15892	simple	product_type
15894	simple	product_type
15898	simple	product_type
15925	simple	product_type
15932	simple	product_type
15934	simple	product_type
15936	simple	product_type
15940	simple	product_type
15941	simple	product_type
15944	simple	product_type
15946	simple	product_type
15948	simple	product_type
16513	simple	product_type
16005	simple	product_type
16007	simple	product_type
16012	simple	product_type
16014	simple	product_type
16016	simple	product_type
16021	simple	product_type
16028	simple	product_type
16035	simple	product_type
16044	simple	product_type
16050	simple	product_type
16053	simple	product_type
16055	simple	product_type
16062	simple	product_type
16081	simple	product_type
16082	simple	product_type
16085	simple	product_type
16090	simple	product_type
16112	simple	product_type
16113	simple	product_type
16114	simple	product_type
16119	simple	product_type
16121	simple	product_type
16147	simple	product_type
16149	simple	product_type
16151	simple	product_type
16154	simple	product_type
16162	simple	product_type
16218	simple	product_type
16223	simple	product_type
16228	simple	product_type
16234	simple	product_type
16242	simple	product_type
16248	simple	product_type
16254	simple	product_type
16257	simple	product_type
16262	simple	product_type
16266	simple	product_type
16281	simple	product_type
16316	simple	product_type
16320	simple	product_type
16356	simple	product_type
16357	simple	product_type
16363	simple	product_type
16376	simple	product_type
16395	simple	product_type
16397	simple	product_type
16398	simple	product_type
16402	simple	product_type
16407	simple	product_type
16409	simple	product_type
16416	simple	product_type
16417	simple	product_type
16448	simple	product_type
16450	simple	product_type
16452	simple	product_type
16454	simple	product_type
16455	simple	product_type
16463	simple	product_type
16477	simple	product_type
16479	simple	product_type
16482	simple	product_type
16485	simple	product_type
16487	simple	product_type
16489	simple	product_type
16493	simple	product_type
16496	simple	product_type
16520	simple	product_type
16546	simple	product_type
16558	simple	product_type
16566	simple	product_type
16571	simple	product_type
16580	simple	product_type
16584	simple	product_type
16589	simple	product_type
16607	simple	product_type
12765	simple	product_type
16611	simple	product_type
16626	simple	product_type
16630	simple	product_type
16632	simple	product_type
16634	simple	product_type
16644	simple	product_type
16647	simple	product_type
16654	simple	product_type
16666	simple	product_type
16670	simple	product_type
16672	simple	product_type
16681	simple	product_type
16683	simple	product_type
16688	simple	product_type
16692	simple	product_type
16694	simple	product_type
16708	simple	product_type
16709	simple	product_type
16710	simple	product_type
16711	simple	product_type
16712	simple	product_type
16713	simple	product_type
16714	simple	product_type
16715	simple	product_type
16716	simple	product_type
16717	simple	product_type
16718	simple	product_type
16719	simple	product_type
16720	simple	product_type
16721	simple	product_type
16722	simple	product_type
16723	simple	product_type
16724	simple	product_type
16725	simple	product_type
16726	simple	product_type
16727	simple	product_type
16728	simple	product_type
16729	simple	product_type
16730	simple	product_type
16731	simple	product_type
16732	simple	product_type
16733	simple	product_type
16734	simple	product_type
16735	simple	product_type
16736	simple	product_type
16737	simple	product_type
16738	simple	product_type
16739	simple	product_type
16740	simple	product_type
16741	simple	product_type
16742	simple	product_type
16743	simple	product_type
16744	simple	product_type
16745	simple	product_type
16746	simple	product_type
16747	simple	product_type
16748	simple	product_type
16749	simple	product_type
16750	simple	product_type
16751	simple	product_type
16752	simple	product_type
16753	simple	product_type
16754	simple	product_type
16755	simple	product_type
16756	simple	product_type
16757	simple	product_type
16758	simple	product_type
16759	simple	product_type
16760	simple	product_type
16761	simple	product_type
16762	simple	product_type
16763	simple	product_type
16764	simple	product_type
16765	simple	product_type
16766	simple	product_type
16767	simple	product_type
16768	simple	product_type
16769	simple	product_type
16770	simple	product_type
16771	simple	product_type
16772	simple	product_type
16773	simple	product_type
16774	simple	product_type
16775	simple	product_type
16776	simple	product_type
16777	simple	product_type
16778	simple	product_type
16779	simple	product_type
16780	simple	product_type
16781	simple	product_type
16782	simple	product_type
16783	simple	product_type
16784	simple	product_type
16785	simple	product_type
16786	simple	product_type
16787	simple	product_type
16788	simple	product_type
16789	simple	product_type
16790	simple	product_type
16791	simple	product_type
16792	simple	product_type
16793	simple	product_type
16794	simple	product_type
16795	simple	product_type
16796	simple	product_type
16797	simple	product_type
16798	simple	product_type
16799	simple	product_type
16800	simple	product_type
16801	simple	product_type
16802	simple	product_type
16803	simple	product_type
16804	simple	product_type
16805	simple	product_type
16806	simple	product_type
16807	simple	product_type
16808	simple	product_type
16809	simple	product_type
16810	simple	product_type
16811	simple	product_type
16812	simple	product_type
16813	simple	product_type
16814	simple	product_type
16815	simple	product_type
16816	simple	product_type
16817	simple	product_type
16818	simple	product_type
16819	simple	product_type
16820	simple	product_type
16821	simple	product_type
16822	simple	product_type
16823	simple	product_type
16824	simple	product_type
16825	simple	product_type
16826	simple	product_type
16827	simple	product_type
16828	simple	product_type
16829	simple	product_type
16830	simple	product_type
16831	simple	product_type
16832	simple	product_type
16833	simple	product_type
16834	simple	product_type
16835	simple	product_type
16836	simple	product_type
16837	simple	product_type
16838	simple	product_type
16839	simple	product_type
16840	simple	product_type
16841	simple	product_type
16842	simple	product_type
16843	simple	product_type
16844	simple	product_type
16845	simple	product_type
16846	simple	product_type
16847	simple	product_type
16848	simple	product_type
16849	simple	product_type
16850	simple	product_type
16851	simple	product_type
16852	simple	product_type
16853	simple	product_type
16854	simple	product_type
16855	simple	product_type
16856	simple	product_type
16857	simple	product_type
16858	simple	product_type
16859	simple	product_type
16860	simple	product_type
16861	simple	product_type
16862	simple	product_type
16863	simple	product_type
16864	simple	product_type
16865	simple	product_type
16866	simple	product_type
16867	simple	product_type
16868	simple	product_type
16869	simple	product_type
16870	simple	product_type
16871	simple	product_type
16872	simple	product_type
16873	simple	product_type
16874	simple	product_type
16875	simple	product_type
16876	simple	product_type
16877	simple	product_type
16878	simple	product_type
16879	simple	product_type
16880	simple	product_type
16881	simple	product_type
16882	simple	product_type
16883	simple	product_type
16884	simple	product_type
16885	simple	product_type
16886	simple	product_type
16887	simple	product_type
16888	simple	product_type
16889	simple	product_type
16890	simple	product_type
16891	simple	product_type
16892	simple	product_type
16893	simple	product_type
16894	simple	product_type
16895	simple	product_type
16896	simple	product_type
16897	simple	product_type
16898	simple	product_type
16899	simple	product_type
16900	simple	product_type
16901	simple	product_type
16902	simple	product_type
16903	simple	product_type
16904	simple	product_type
16905	simple	product_type
16906	simple	product_type
16907	simple	product_type
16908	simple	product_type
16909	simple	product_type
16910	simple	product_type
16911	simple	product_type
16912	simple	product_type
16913	simple	product_type
16914	simple	product_type
16915	simple	product_type
16916	simple	product_type
16917	simple	product_type
16918	simple	product_type
16919	simple	product_type
16920	simple	product_type
16921	simple	product_type
16922	simple	product_type
16923	simple	product_type
16924	simple	product_type
16925	simple	product_type
16926	simple	product_type
16927	simple	product_type
16928	simple	product_type
16929	simple	product_type
16930	simple	product_type
16931	simple	product_type
16932	simple	product_type
16933	simple	product_type
16934	simple	product_type
16935	simple	product_type
16936	simple	product_type
16937	simple	product_type
16938	simple	product_type
16939	simple	product_type
16940	simple	product_type
16941	simple	product_type
16942	simple	product_type
16943	simple	product_type
16944	simple	product_type
16945	simple	product_type
16946	simple	product_type
16947	simple	product_type
16948	simple	product_type
16949	simple	product_type
16950	simple	product_type
16951	simple	product_type
16952	simple	product_type
16953	simple	product_type
16954	simple	product_type
16955	simple	product_type
16956	simple	product_type
16957	simple	product_type
16958	simple	product_type
16959	simple	product_type
16960	simple	product_type
16961	simple	product_type
16962	simple	product_type
16963	simple	product_type
16964	simple	product_type
16965	simple	product_type
16966	simple	product_type
16967	simple	product_type
16968	simple	product_type
16969	simple	product_type
16970	simple	product_type
16971	simple	product_type
16972	simple	product_type
16973	simple	product_type
16974	simple	product_type
16975	simple	product_type
16976	simple	product_type
16977	simple	product_type
16978	simple	product_type
16979	simple	product_type
16980	simple	product_type
16981	simple	product_type
16982	simple	product_type
16983	simple	product_type
16984	simple	product_type
16985	simple	product_type
16986	simple	product_type
16987	simple	product_type
16988	simple	product_type
16989	simple	product_type
16990	simple	product_type
16991	simple	product_type
16992	simple	product_type
16993	simple	product_type
16994	simple	product_type
16995	simple	product_type
16996	simple	product_type
16997	simple	product_type
16998	simple	product_type
16999	simple	product_type
17000	simple	product_type
17001	simple	product_type
17002	simple	product_type
17003	simple	product_type
17004	simple	product_type
17005	simple	product_type
17006	simple	product_type
17007	simple	product_type
17008	simple	product_type
17009	simple	product_type
17010	simple	product_type
17011	simple	product_type
17012	simple	product_type
17013	simple	product_type
17014	simple	product_type
17015	simple	product_type
17016	simple	product_type
17017	simple	product_type
17018	simple	product_type
17019	simple	product_type
17020	simple	product_type
17021	simple	product_type
17022	simple	product_type
17023	simple	product_type
17024	simple	product_type
17025	simple	product_type
17026	simple	product_type
17027	simple	product_type
17028	simple	product_type
17029	simple	product_type
17030	simple	product_type
17031	simple	product_type
17032	simple	product_type
17033	simple	product_type
17034	simple	product_type
17035	simple	product_type
17036	simple	product_type
17037	simple	product_type
17038	simple	product_type
17039	simple	product_type
17040	simple	product_type
17041	simple	product_type
17042	simple	product_type
17043	simple	product_type
17044	simple	product_type
17045	simple	product_type
17046	simple	product_type
17047	simple	product_type
17048	simple	product_type
17049	simple	product_type
17050	simple	product_type
17051	simple	product_type
17052	simple	product_type
17053	simple	product_type
17054	simple	product_type
17055	simple	product_type
17056	simple	product_type
17057	simple	product_type
17058	simple	product_type
17059	simple	product_type
17060	simple	product_type
17061	simple	product_type
17062	simple	product_type
17063	simple	product_type
17064	simple	product_type
17065	simple	product_type
17066	simple	product_type
17067	simple	product_type
17068	simple	product_type
17069	simple	product_type
17070	simple	product_type
17071	simple	product_type
17072	simple	product_type
17073	simple	product_type
17074	simple	product_type
17075	simple	product_type
17076	simple	product_type
17077	simple	product_type
17078	simple	product_type
17079	simple	product_type
17080	simple	product_type
17081	simple	product_type
17082	simple	product_type
17083	simple	product_type
17084	simple	product_type
17085	simple	product_type
17086	simple	product_type
17087	simple	product_type
17088	simple	product_type
17089	simple	product_type
17090	simple	product_type
17091	simple	product_type
17092	simple	product_type
17093	simple	product_type
17094	simple	product_type
17095	simple	product_type
17096	simple	product_type
17097	simple	product_type
17098	simple	product_type
17099	simple	product_type
17100	simple	product_type
17101	simple	product_type
17102	simple	product_type
17103	simple	product_type
17104	simple	product_type
17105	simple	product_type
17106	simple	product_type
17107	simple	product_type
17108	simple	product_type
17109	simple	product_type
17110	simple	product_type
17111	simple	product_type
17112	simple	product_type
17113	simple	product_type
17114	simple	product_type
17115	simple	product_type
17116	simple	product_type
17117	simple	product_type
17118	simple	product_type
17119	simple	product_type
17120	simple	product_type
17121	simple	product_type
17122	simple	product_type
17123	simple	product_type
17124	simple	product_type
17125	simple	product_type
17126	simple	product_type
17127	simple	product_type
17128	simple	product_type
17129	simple	product_type
17130	simple	product_type
17131	simple	product_type
17132	simple	product_type
17133	simple	product_type
17134	simple	product_type
17135	simple	product_type
17136	simple	product_type
17137	simple	product_type
17138	simple	product_type
17139	simple	product_type
17140	simple	product_type
17141	simple	product_type
17142	simple	product_type
17143	simple	product_type
17144	simple	product_type
17145	simple	product_type
17146	simple	product_type
17147	simple	product_type
17148	simple	product_type
17149	simple	product_type
17150	simple	product_type
17151	simple	product_type
17152	simple	product_type
17153	simple	product_type
17154	simple	product_type
17155	simple	product_type
17156	simple	product_type
17157	simple	product_type
17158	simple	product_type
17159	simple	product_type
17160	simple	product_type
17161	simple	product_type
17162	simple	product_type
17163	simple	product_type
17164	simple	product_type
17165	simple	product_type
17166	simple	product_type
17167	simple	product_type
17168	simple	product_type
17169	simple	product_type
17170	simple	product_type
17171	simple	product_type
17172	simple	product_type
17173	simple	product_type
17174	simple	product_type
17175	simple	product_type
17176	simple	product_type
17177	simple	product_type
17178	simple	product_type
17179	simple	product_type
17180	simple	product_type
17181	simple	product_type
17182	simple	product_type
17183	simple	product_type
17184	simple	product_type
17185	simple	product_type
17186	simple	product_type
17187	simple	product_type
17188	simple	product_type
17189	simple	product_type
17190	simple	product_type
17191	simple	product_type
17192	simple	product_type
17193	simple	product_type
17194	simple	product_type
17195	simple	product_type
17196	simple	product_type
17197	simple	product_type
17198	simple	product_type
17199	simple	product_type
17200	simple	product_type
17201	simple	product_type
17202	simple	product_type
17203	simple	product_type
17204	simple	product_type
17205	simple	product_type
17206	simple	product_type
17207	simple	product_type
17208	simple	product_type
17209	simple	product_type
17210	simple	product_type
17211	simple	product_type
17212	simple	product_type
17213	simple	product_type
17214	simple	product_type
17215	simple	product_type
17216	simple	product_type
17217	simple	product_type
17218	simple	product_type
17219	simple	product_type
17220	simple	product_type
17221	simple	product_type
17222	simple	product_type
17223	simple	product_type
17224	simple	product_type
17225	simple	product_type
17226	simple	product_type
17227	simple	product_type
17228	simple	product_type
17229	simple	product_type
17230	simple	product_type
17231	simple	product_type
17232	simple	product_type
17233	simple	product_type
17234	simple	product_type
17235	simple	product_type
17236	simple	product_type
17237	simple	product_type
17238	simple	product_type
17239	simple	product_type
17240	simple	product_type
17241	simple	product_type
17242	simple	product_type
17243	simple	product_type
17244	simple	product_type
17245	simple	product_type
17246	simple	product_type
17247	simple	product_type
17248	simple	product_type
17249	simple	product_type
17250	simple	product_type
17251	simple	product_type
17252	simple	product_type
17253	simple	product_type
17254	simple	product_type
17255	simple	product_type
17256	simple	product_type
17257	simple	product_type
17258	simple	product_type
17259	simple	product_type
17260	simple	product_type
17261	simple	product_type
17262	simple	product_type
17263	simple	product_type
17264	simple	product_type
17265	simple	product_type
17266	simple	product_type
17267	simple	product_type
17268	simple	product_type
17269	simple	product_type
17270	simple	product_type
17271	simple	product_type
17272	simple	product_type
17273	simple	product_type
17274	simple	product_type
17275	simple	product_type
17276	simple	product_type
17277	simple	product_type
17278	simple	product_type
17279	simple	product_type
17280	simple	product_type
17281	simple	product_type
17282	simple	product_type
17283	simple	product_type
17284	simple	product_type
17285	simple	product_type
17286	simple	product_type
17287	simple	product_type
17288	simple	product_type
17289	simple	product_type
17290	simple	product_type
17291	simple	product_type
17292	simple	product_type
17293	simple	product_type
17294	simple	product_type
17295	simple	product_type
17296	simple	product_type
17297	simple	product_type
17298	simple	product_type
17299	simple	product_type
17300	simple	product_type
17301	simple	product_type
17302	simple	product_type
17303	simple	product_type
17304	simple	product_type
17305	simple	product_type
17306	simple	product_type
17307	simple	product_type
17308	simple	product_type
17309	simple	product_type
17310	simple	product_type
17311	simple	product_type
17312	simple	product_type
17313	simple	product_type
17314	simple	product_type
17315	simple	product_type
17316	simple	product_type
17317	simple	product_type
17318	simple	product_type
17319	simple	product_type
17320	simple	product_type
17321	simple	product_type
17322	simple	product_type
17323	simple	product_type
17324	simple	product_type
17325	simple	product_type
17326	simple	product_type
17327	simple	product_type
17328	simple	product_type
17329	simple	product_type
17330	simple	product_type
17331	simple	product_type
17332	simple	product_type
17333	simple	product_type
17334	simple	product_type
17335	simple	product_type
17336	simple	product_type
17337	simple	product_type
17338	simple	product_type
17339	simple	product_type
17340	simple	product_type
17341	simple	product_type
17342	simple	product_type
17343	simple	product_type
17344	simple	product_type
17345	simple	product_type
17346	simple	product_type
17347	simple	product_type
17348	simple	product_type
17349	simple	product_type
17350	simple	product_type
17351	simple	product_type
17352	simple	product_type
17353	simple	product_type
17354	simple	product_type
17355	simple	product_type
17356	simple	product_type
17357	simple	product_type
17358	simple	product_type
17359	simple	product_type
17360	simple	product_type
17361	simple	product_type
17362	simple	product_type
17363	simple	product_type
17364	simple	product_type
17365	simple	product_type
17366	simple	product_type
17367	simple	product_type
17368	simple	product_type
17369	simple	product_type
17370	simple	product_type
17371	simple	product_type
17372	simple	product_type
17373	simple	product_type
17374	simple	product_type
17375	simple	product_type
17376	simple	product_type
17377	simple	product_type
17378	simple	product_type
17379	simple	product_type
17380	simple	product_type
17381	simple	product_type
17382	simple	product_type
17383	simple	product_type
17384	simple	product_type
17385	simple	product_type
17386	simple	product_type
17387	simple	product_type
17388	simple	product_type
17389	simple	product_type
17390	simple	product_type
17391	simple	product_type
17392	simple	product_type
17393	simple	product_type
17394	simple	product_type
17395	simple	product_type
17396	simple	product_type
17397	simple	product_type
17398	simple	product_type
17399	simple	product_type
17400	simple	product_type
17401	simple	product_type
17402	simple	product_type
17403	simple	product_type
17404	simple	product_type
17405	simple	product_type
17406	simple	product_type
17407	simple	product_type
17408	simple	product_type
17409	simple	product_type
17410	simple	product_type
17411	simple	product_type
17412	simple	product_type
17413	simple	product_type
17414	simple	product_type
17415	simple	product_type
17416	simple	product_type
17417	simple	product_type
17418	simple	product_type
17419	simple	product_type
17420	simple	product_type
17421	simple	product_type
17422	simple	product_type
17423	simple	product_type
17424	simple	product_type
17425	simple	product_type
17426	simple	product_type
17427	simple	product_type
17428	simple	product_type
17429	simple	product_type
17430	simple	product_type
17431	simple	product_type
17432	simple	product_type
17433	simple	product_type
17434	simple	product_type
17435	simple	product_type
17436	simple	product_type
17437	simple	product_type
17438	simple	product_type
17439	simple	product_type
17440	simple	product_type
17441	simple	product_type
17442	simple	product_type
17443	simple	product_type
17444	simple	product_type
17445	simple	product_type
17446	simple	product_type
17447	simple	product_type
17448	simple	product_type
17449	simple	product_type
17450	simple	product_type
17451	simple	product_type
17452	simple	product_type
17453	simple	product_type
17454	simple	product_type
17455	simple	product_type
17456	simple	product_type
17457	simple	product_type
17458	simple	product_type
17459	simple	product_type
17460	simple	product_type
17461	simple	product_type
17462	simple	product_type
17463	simple	product_type
17464	simple	product_type
17465	simple	product_type
17466	simple	product_type
17467	simple	product_type
17468	simple	product_type
17469	simple	product_type
17470	simple	product_type
17471	simple	product_type
17472	simple	product_type
17473	simple	product_type
17474	simple	product_type
17475	simple	product_type
17476	simple	product_type
17477	simple	product_type
17478	simple	product_type
17479	simple	product_type
17480	simple	product_type
17481	simple	product_type
17482	simple	product_type
17483	simple	product_type
17484	simple	product_type
17485	simple	product_type
17486	simple	product_type
17487	simple	product_type
17488	simple	product_type
17489	simple	product_type
17490	simple	product_type
17491	simple	product_type
17492	simple	product_type
17493	simple	product_type
17494	simple	product_type
17495	simple	product_type
17496	simple	product_type
17497	simple	product_type
17498	simple	product_type
17499	simple	product_type
17500	simple	product_type
17501	simple	product_type
17502	simple	product_type
17503	simple	product_type
17504	simple	product_type
17505	simple	product_type
17506	simple	product_type
17507	simple	product_type
17508	simple	product_type
17509	simple	product_type
17510	simple	product_type
17511	simple	product_type
17512	simple	product_type
17513	simple	product_type
17514	simple	product_type
17515	simple	product_type
17516	simple	product_type
17517	simple	product_type
17518	simple	product_type
17519	simple	product_type
17520	simple	product_type
17521	simple	product_type
17522	simple	product_type
17523	simple	product_type
17524	simple	product_type
17525	simple	product_type
17526	simple	product_type
17527	simple	product_type
17528	simple	product_type
17529	simple	product_type
17530	simple	product_type
17531	simple	product_type
17532	simple	product_type
17533	simple	product_type
17534	simple	product_type
17535	simple	product_type
17536	simple	product_type
17537	simple	product_type
17538	simple	product_type
17539	simple	product_type
17540	simple	product_type
17541	simple	product_type
17542	simple	product_type
17543	simple	product_type
17544	simple	product_type
17545	simple	product_type
17546	simple	product_type
17547	simple	product_type
17548	simple	product_type
17549	simple	product_type
17550	simple	product_type
17551	simple	product_type
17552	simple	product_type
17553	simple	product_type
17554	simple	product_type
17555	simple	product_type
17556	simple	product_type
17557	simple	product_type
17558	simple	product_type
17559	simple	product_type
17560	simple	product_type
17561	simple	product_type
17562	simple	product_type
17563	simple	product_type
17564	simple	product_type
17565	simple	product_type
17566	simple	product_type
17567	simple	product_type
17568	simple	product_type
17569	simple	product_type
17570	simple	product_type
17571	simple	product_type
17572	simple	product_type
17573	simple	product_type
17574	simple	product_type
17575	simple	product_type
17576	simple	product_type
17577	simple	product_type
17578	simple	product_type
17579	simple	product_type
17580	simple	product_type
17581	simple	product_type
17582	simple	product_type
17583	simple	product_type
17584	simple	product_type
17585	simple	product_type
17586	simple	product_type
17587	simple	product_type
17588	simple	product_type
17589	simple	product_type
17590	simple	product_type
17591	simple	product_type
17592	simple	product_type
17593	simple	product_type
17594	simple	product_type
17595	simple	product_type
17596	simple	product_type
17597	simple	product_type
17598	simple	product_type
17599	simple	product_type
17600	simple	product_type
17601	simple	product_type
17602	simple	product_type
17603	simple	product_type
17604	simple	product_type
17605	simple	product_type
17606	simple	product_type
17607	simple	product_type
17608	simple	product_type
17609	simple	product_type
17610	simple	product_type
17611	simple	product_type
17612	simple	product_type
17613	simple	product_type
17614	simple	product_type
17615	simple	product_type
17616	simple	product_type
17617	simple	product_type
17618	simple	product_type
17619	simple	product_type
17620	simple	product_type
17621	simple	product_type
17622	simple	product_type
17623	simple	product_type
17624	simple	product_type
17625	simple	product_type
17626	simple	product_type
17627	simple	product_type
17628	simple	product_type
17629	simple	product_type
17630	simple	product_type
17631	simple	product_type
17632	simple	product_type
17633	simple	product_type
17634	simple	product_type
17635	simple	product_type
17636	simple	product_type
17637	simple	product_type
17638	simple	product_type
17639	simple	product_type
17640	simple	product_type
17641	simple	product_type
17642	simple	product_type
17643	simple	product_type
17644	simple	product_type
17645	simple	product_type
17646	simple	product_type
17647	simple	product_type
17648	simple	product_type
17649	simple	product_type
17650	simple	product_type
17651	simple	product_type
17652	simple	product_type
17653	simple	product_type
17654	simple	product_type
17655	simple	product_type
17656	simple	product_type
17657	simple	product_type
17658	simple	product_type
17659	simple	product_type
17660	simple	product_type
17661	simple	product_type
17662	simple	product_type
17663	simple	product_type
17664	simple	product_type
17665	simple	product_type
17666	simple	product_type
17667	simple	product_type
17668	simple	product_type
17669	simple	product_type
17670	simple	product_type
17671	simple	product_type
17672	simple	product_type
17673	simple	product_type
17674	simple	product_type
17675	simple	product_type
17676	simple	product_type
17677	simple	product_type
17678	simple	product_type
17679	simple	product_type
17680	simple	product_type
17681	simple	product_type
17682	simple	product_type
17683	simple	product_type
17684	simple	product_type
17685	simple	product_type
17686	simple	product_type
17687	simple	product_type
17688	simple	product_type
17689	simple	product_type
17690	simple	product_type
17691	simple	product_type
17692	simple	product_type
17693	simple	product_type
17694	simple	product_type
17695	simple	product_type
17696	simple	product_type
17697	simple	product_type
17698	simple	product_type
17699	simple	product_type
17700	simple	product_type
17701	simple	product_type
17702	simple	product_type
17703	simple	product_type
17704	simple	product_type
17705	simple	product_type
17706	simple	product_type
17707	simple	product_type
17708	simple	product_type
17709	simple	product_type
17710	simple	product_type
17711	simple	product_type
17712	simple	product_type
17713	simple	product_type
17714	simple	product_type
17715	simple	product_type
17716	simple	product_type
17717	simple	product_type
17718	simple	product_type
17719	simple	product_type
17720	simple	product_type
17721	simple	product_type
17722	simple	product_type
17723	simple	product_type
17724	simple	product_type
17725	simple	product_type
17726	simple	product_type
17727	simple	product_type
17728	simple	product_type
17729	simple	product_type
17730	simple	product_type
17731	simple	product_type
17732	simple	product_type
17733	simple	product_type
17734	simple	product_type
17735	simple	product_type
17736	simple	product_type
17737	simple	product_type
17738	simple	product_type
17739	simple	product_type
17740	simple	product_type
17741	simple	product_type
17742	simple	product_type
17743	simple	product_type
17744	simple	product_type
17745	simple	product_type
17746	simple	product_type
17747	simple	product_type
17748	simple	product_type
17749	simple	product_type
17750	simple	product_type
17751	simple	product_type
17752	simple	product_type
17753	simple	product_type
17754	simple	product_type
17755	simple	product_type
17756	simple	product_type
17757	simple	product_type
17758	simple	product_type
17759	simple	product_type
17760	simple	product_type
17761	simple	product_type
17762	simple	product_type
17763	simple	product_type
17764	simple	product_type
17765	simple	product_type
17766	simple	product_type
17767	simple	product_type
17768	simple	product_type
17769	simple	product_type
17770	simple	product_type
17771	simple	product_type
17772	simple	product_type
17773	simple	product_type
17774	simple	product_type
17775	simple	product_type
17776	simple	product_type
17777	simple	product_type
17778	simple	product_type
17779	simple	product_type
17780	simple	product_type
17781	simple	product_type
17782	simple	product_type
17783	simple	product_type
17784	simple	product_type
17785	simple	product_type
17786	simple	product_type
17787	simple	product_type
17788	simple	product_type
17789	simple	product_type
17790	simple	product_type
17791	simple	product_type
17792	simple	product_type
17793	simple	product_type
17794	simple	product_type
17795	simple	product_type
17796	simple	product_type
17797	simple	product_type
17798	simple	product_type
17799	simple	product_type
17800	simple	product_type
17801	simple	product_type
17802	simple	product_type
17803	simple	product_type
17804	simple	product_type
17805	simple	product_type
17806	simple	product_type
17807	simple	product_type
17808	simple	product_type
17809	simple	product_type
17810	simple	product_type
17811	simple	product_type
17812	simple	product_type
17813	simple	product_type
17814	simple	product_type
17815	simple	product_type
17816	simple	product_type
17817	simple	product_type
17818	simple	product_type
17819	simple	product_type
17820	simple	product_type
17821	simple	product_type
17822	simple	product_type
17823	simple	product_type
17824	simple	product_type
17825	simple	product_type
17826	simple	product_type
17827	simple	product_type
17828	simple	product_type
17829	simple	product_type
17830	simple	product_type
17831	simple	product_type
17832	simple	product_type
17833	simple	product_type
17834	simple	product_type
17835	simple	product_type
17836	simple	product_type
17837	simple	product_type
17838	simple	product_type
17839	simple	product_type
17840	simple	product_type
17841	simple	product_type
17842	simple	product_type
17843	simple	product_type
17844	simple	product_type
17845	simple	product_type
17846	simple	product_type
17847	simple	product_type
17848	simple	product_type
17849	simple	product_type
17850	simple	product_type
17851	simple	product_type
17852	simple	product_type
17853	simple	product_type
17854	simple	product_type
17855	simple	product_type
17856	simple	product_type
17857	simple	product_type
17858	simple	product_type
17859	simple	product_type
17860	simple	product_type
17861	simple	product_type
17862	simple	product_type
17863	simple	product_type
17864	simple	product_type
17865	simple	product_type
17866	simple	product_type
17867	simple	product_type
17868	simple	product_type
17869	simple	product_type
17870	simple	product_type
17871	simple	product_type
17872	simple	product_type
17873	simple	product_type
17874	simple	product_type
17875	simple	product_type
17876	simple	product_type
17877	simple	product_type
17878	simple	product_type
17879	simple	product_type
17880	simple	product_type
17881	simple	product_type
17882	simple	product_type
17883	simple	product_type
17884	simple	product_type
17885	simple	product_type
17886	simple	product_type
17887	simple	product_type
17888	simple	product_type
17889	simple	product_type
17890	simple	product_type
17891	simple	product_type
17892	simple	product_type
17893	simple	product_type
17894	simple	product_type
17895	simple	product_type
17896	simple	product_type
17897	simple	product_type
17898	simple	product_type
17899	simple	product_type
17900	simple	product_type
17901	simple	product_type
17902	simple	product_type
17903	simple	product_type
17904	simple	product_type
17905	simple	product_type
17906	simple	product_type
17907	simple	product_type
17908	simple	product_type
17909	simple	product_type
17910	simple	product_type
17911	simple	product_type
17912	simple	product_type
17913	simple	product_type
17914	simple	product_type
17915	simple	product_type
17916	simple	product_type
17917	simple	product_type
17918	simple	product_type
17919	simple	product_type
17920	simple	product_type
17921	simple	product_type
17922	simple	product_type
17923	simple	product_type
17924	simple	product_type
17925	simple	product_type
17926	simple	product_type
17927	simple	product_type
17928	simple	product_type
17929	simple	product_type
17930	simple	product_type
17931	simple	product_type
17932	simple	product_type
17933	simple	product_type
17934	simple	product_type
17935	simple	product_type
17936	simple	product_type
17937	simple	product_type
17938	simple	product_type
17939	simple	product_type
17940	simple	product_type
17941	simple	product_type
17942	simple	product_type
17943	simple	product_type
17944	simple	product_type
17945	simple	product_type
17946	simple	product_type
17947	simple	product_type
17948	simple	product_type
17949	simple	product_type
17950	simple	product_type
17951	simple	product_type
17952	simple	product_type
17953	simple	product_type
17954	simple	product_type
17955	simple	product_type
17956	simple	product_type
17957	simple	product_type
17958	simple	product_type
17959	simple	product_type
17960	simple	product_type
17961	simple	product_type
17962	simple	product_type
17963	simple	product_type
17964	simple	product_type
17965	simple	product_type
17966	simple	product_type
17967	simple	product_type
17968	simple	product_type
17969	simple	product_type
17970	simple	product_type
17971	simple	product_type
17972	simple	product_type
17973	simple	product_type
17974	simple	product_type
17975	simple	product_type
17976	simple	product_type
17977	simple	product_type
17978	simple	product_type
17979	simple	product_type
17980	simple	product_type
17981	simple	product_type
17982	simple	product_type
17983	simple	product_type
17984	simple	product_type
17985	simple	product_type
17986	simple	product_type
17987	simple	product_type
17988	simple	product_type
17989	simple	product_type
17990	simple	product_type
17991	simple	product_type
17992	simple	product_type
17993	simple	product_type
17994	simple	product_type
17995	simple	product_type
17996	simple	product_type
17997	simple	product_type
17998	simple	product_type
17999	simple	product_type
18000	simple	product_type
18001	simple	product_type
18002	simple	product_type
18003	simple	product_type
18004	simple	product_type
18005	simple	product_type
18006	simple	product_type
18007	simple	product_type
18008	simple	product_type
18009	simple	product_type
18010	simple	product_type
18011	simple	product_type
18012	simple	product_type
18013	simple	product_type
18014	simple	product_type
18015	simple	product_type
18016	simple	product_type
18017	simple	product_type
18018	simple	product_type
18019	simple	product_type
18020	simple	product_type
18021	simple	product_type
18022	simple	product_type
18023	simple	product_type
18024	simple	product_type
18025	simple	product_type
18026	simple	product_type
18027	simple	product_type
18028	simple	product_type
18029	simple	product_type
18030	simple	product_type
18031	simple	product_type
18032	simple	product_type
18033	simple	product_type
18034	simple	product_type
18035	simple	product_type
18036	simple	product_type
18037	simple	product_type
18038	simple	product_type
18039	simple	product_type
18040	simple	product_type
18041	simple	product_type
18042	simple	product_type
18043	simple	product_type
18044	simple	product_type
18045	simple	product_type
18046	simple	product_type
18047	simple	product_type
18048	simple	product_type
18049	simple	product_type
18050	simple	product_type
18051	simple	product_type
18052	simple	product_type
18053	simple	product_type
18054	simple	product_type
18055	simple	product_type
18056	simple	product_type
18057	simple	product_type
18058	simple	product_type
18059	simple	product_type
18060	simple	product_type
18061	simple	product_type
18062	simple	product_type
18063	simple	product_type
18064	simple	product_type
18065	simple	product_type
18066	simple	product_type
18067	simple	product_type
18068	simple	product_type
18069	simple	product_type
18070	simple	product_type
18071	simple	product_type
18072	simple	product_type
18073	simple	product_type
18074	simple	product_type
18075	simple	product_type
18076	simple	product_type
18077	simple	product_type
18078	simple	product_type
18079	simple	product_type
18080	simple	product_type
18081	simple	product_type
18082	simple	product_type
18083	simple	product_type
18084	simple	product_type
18085	simple	product_type
18086	simple	product_type
18087	simple	product_type
18088	simple	product_type
18089	simple	product_type
18090	simple	product_type
18091	simple	product_type
18092	simple	product_type
18093	simple	product_type
18094	simple	product_type
18095	simple	product_type
18096	simple	product_type
18097	simple	product_type
18098	simple	product_type
18099	simple	product_type
18100	simple	product_type
18101	simple	product_type
18102	simple	product_type
18103	simple	product_type
18104	simple	product_type
18105	simple	product_type
18106	simple	product_type
18107	simple	product_type
18108	simple	product_type
18109	simple	product_type
18110	simple	product_type
18111	simple	product_type
18112	simple	product_type
18113	simple	product_type
18114	simple	product_type
18115	simple	product_type
18116	simple	product_type
18117	simple	product_type
18118	simple	product_type
18119	simple	product_type
18120	simple	product_type
18121	simple	product_type
18122	simple	product_type
18123	simple	product_type
18124	simple	product_type
18125	simple	product_type
18126	simple	product_type
18127	simple	product_type
18128	simple	product_type
18129	simple	product_type
18130	simple	product_type
18131	simple	product_type
18132	simple	product_type
18133	simple	product_type
18134	simple	product_type
18135	simple	product_type
18136	simple	product_type
18137	simple	product_type
18138	simple	product_type
18139	simple	product_type
18140	simple	product_type
18141	simple	product_type
18142	simple	product_type
18143	simple	product_type
18144	simple	product_type
18145	simple	product_type
18146	simple	product_type
18147	simple	product_type
18148	simple	product_type
18149	simple	product_type
18150	simple	product_type
18151	simple	product_type
18152	simple	product_type
18153	simple	product_type
18154	simple	product_type
18155	simple	product_type
18156	simple	product_type
18157	simple	product_type
18158	simple	product_type
18159	simple	product_type
18160	simple	product_type
18161	simple	product_type
18162	simple	product_type
18163	simple	product_type
18164	simple	product_type
18165	simple	product_type
18166	simple	product_type
18167	simple	product_type
18168	simple	product_type
18169	simple	product_type
18170	simple	product_type
18171	simple	product_type
18172	simple	product_type
18173	simple	product_type
18174	simple	product_type
18175	simple	product_type
18176	simple	product_type
18177	simple	product_type
18178	simple	product_type
18179	simple	product_type
18180	simple	product_type
18181	simple	product_type
18182	simple	product_type
18183	simple	product_type
18184	simple	product_type
18185	simple	product_type
18186	simple	product_type
18187	simple	product_type
18188	simple	product_type
18189	simple	product_type
18190	simple	product_type
18191	simple	product_type
18192	simple	product_type
18193	simple	product_type
18194	simple	product_type
18195	simple	product_type
18196	simple	product_type
18197	simple	product_type
18198	simple	product_type
18199	simple	product_type
18200	simple	product_type
18201	simple	product_type
18202	simple	product_type
18203	simple	product_type
18204	simple	product_type
18205	simple	product_type
18206	simple	product_type
18207	simple	product_type
18208	simple	product_type
18209	simple	product_type
18210	simple	product_type
18211	simple	product_type
18212	simple	product_type
18213	simple	product_type
18214	simple	product_type
18215	simple	product_type
18216	simple	product_type
18217	simple	product_type
18218	simple	product_type
18219	simple	product_type
18220	simple	product_type
18221	simple	product_type
18222	simple	product_type
18223	simple	product_type
18224	simple	product_type
18225	simple	product_type
18226	simple	product_type
18227	simple	product_type
18228	simple	product_type
18229	simple	product_type
18230	simple	product_type
18231	simple	product_type
18232	simple	product_type
18233	simple	product_type
18234	simple	product_type
18235	simple	product_type
18236	simple	product_type
18237	simple	product_type
18238	simple	product_type
18239	simple	product_type
18240	simple	product_type
18241	simple	product_type
18242	simple	product_type
18243	simple	product_type
18244	simple	product_type
18245	simple	product_type
18246	simple	product_type
18247	simple	product_type
18248	simple	product_type
18249	simple	product_type
18250	simple	product_type
18251	simple	product_type
18252	simple	product_type
18253	simple	product_type
18254	simple	product_type
18255	simple	product_type
18256	simple	product_type
18257	simple	product_type
18258	simple	product_type
18259	simple	product_type
18260	simple	product_type
18261	simple	product_type
18262	simple	product_type
18263	simple	product_type
18264	simple	product_type
18265	simple	product_type
18266	simple	product_type
18267	simple	product_type
18268	simple	product_type
18269	simple	product_type
18270	simple	product_type
18271	simple	product_type
18272	simple	product_type
18273	simple	product_type
18274	simple	product_type
18275	simple	product_type
18276	simple	product_type
18277	simple	product_type
18278	simple	product_type
18279	simple	product_type
18280	simple	product_type
18281	simple	product_type
18282	simple	product_type
18283	simple	product_type
18284	simple	product_type
18285	simple	product_type
18286	simple	product_type
18287	simple	product_type
18288	simple	product_type
18289	simple	product_type
18290	simple	product_type
18291	simple	product_type
18292	simple	product_type
18293	simple	product_type
18294	simple	product_type
18295	simple	product_type
18296	simple	product_type
18297	simple	product_type
18298	simple	product_type
18299	simple	product_type
18300	simple	product_type
18301	simple	product_type
18302	simple	product_type
18303	simple	product_type
18304	simple	product_type
18305	simple	product_type
18306	simple	product_type
18307	simple	product_type
18308	simple	product_type
18309	simple	product_type
18310	simple	product_type
18311	simple	product_type
18312	simple	product_type
18313	simple	product_type
18314	simple	product_type
18315	simple	product_type
18316	simple	product_type
18317	simple	product_type
18318	simple	product_type
18319	simple	product_type
18320	simple	product_type
18321	simple	product_type
18322	simple	product_type
18323	simple	product_type
18324	simple	product_type
18325	simple	product_type
18326	simple	product_type
18327	simple	product_type
18328	simple	product_type
18329	simple	product_type
18330	simple	product_type
18331	simple	product_type
18332	simple	product_type
18333	simple	product_type
18334	simple	product_type
18335	simple	product_type
18336	simple	product_type
18337	simple	product_type
18338	simple	product_type
18339	simple	product_type
18340	simple	product_type
18341	simple	product_type
18342	simple	product_type
18343	simple	product_type
18344	simple	product_type
18345	simple	product_type
18346	simple	product_type
18347	simple	product_type
18348	simple	product_type
18349	simple	product_type
18350	simple	product_type
18351	simple	product_type
18352	simple	product_type
18353	simple	product_type
18354	simple	product_type
18355	simple	product_type
18356	simple	product_type
18357	simple	product_type
18358	simple	product_type
18359	simple	product_type
18360	simple	product_type
18361	simple	product_type
18362	simple	product_type
18363	simple	product_type
18364	simple	product_type
18365	simple	product_type
18366	simple	product_type
18367	simple	product_type
18368	simple	product_type
18369	simple	product_type
18370	simple	product_type
18371	simple	product_type
18372	simple	product_type
18373	simple	product_type
18374	simple	product_type
18375	simple	product_type
18376	simple	product_type
18377	simple	product_type
18378	simple	product_type
18379	simple	product_type
18380	simple	product_type
18381	simple	product_type
18382	simple	product_type
18383	simple	product_type
18384	simple	product_type
18385	simple	product_type
18386	simple	product_type
18387	simple	product_type
18388	simple	product_type
18389	simple	product_type
18390	simple	product_type
18391	simple	product_type
18392	simple	product_type
18393	simple	product_type
18394	simple	product_type
18395	simple	product_type
18396	simple	product_type
18397	simple	product_type
18398	simple	product_type
18399	simple	product_type
18400	simple	product_type
18401	simple	product_type
18402	simple	product_type
18403	simple	product_type
18404	simple	product_type
18405	simple	product_type
18406	simple	product_type
18407	simple	product_type
18408	simple	product_type
18409	simple	product_type
18410	simple	product_type
18411	simple	product_type
18412	simple	product_type
18413	simple	product_type
18414	simple	product_type
18415	simple	product_type
18416	simple	product_type
18417	simple	product_type
18418	simple	product_type
18419	simple	product_type
18420	simple	product_type
18421	simple	product_type
18422	simple	product_type
18423	simple	product_type
18424	simple	product_type
18425	simple	product_type
18426	simple	product_type
18427	simple	product_type
18428	simple	product_type
18429	simple	product_type
18430	simple	product_type
18431	simple	product_type
18432	simple	product_type
18433	simple	product_type
18434	simple	product_type
18435	simple	product_type
18436	simple	product_type
18437	simple	product_type
18438	simple	product_type
18439	simple	product_type
18440	simple	product_type
18441	simple	product_type
18442	simple	product_type
18443	simple	product_type
18444	simple	product_type
18445	simple	product_type
18446	simple	product_type
18447	simple	product_type
18448	simple	product_type
18449	simple	product_type
18450	simple	product_type
18451	simple	product_type
18452	simple	product_type
18453	simple	product_type
18454	simple	product_type
18455	simple	product_type
18456	simple	product_type
18457	simple	product_type
18458	simple	product_type
18459	simple	product_type
18460	simple	product_type
18461	simple	product_type
18462	simple	product_type
18463	simple	product_type
18464	simple	product_type
18465	simple	product_type
18466	simple	product_type
18467	simple	product_type
18468	simple	product_type
18469	simple	product_type
18470	simple	product_type
18471	simple	product_type
18472	simple	product_type
18473	simple	product_type
18474	simple	product_type
18475	simple	product_type
18476	simple	product_type
18477	simple	product_type
18478	simple	product_type
18479	simple	product_type
18480	simple	product_type
18481	simple	product_type
18482	simple	product_type
18483	simple	product_type
18484	simple	product_type
18485	simple	product_type
18486	simple	product_type
18487	simple	product_type
18488	simple	product_type
18489	simple	product_type
18490	simple	product_type
18491	simple	product_type
18492	simple	product_type
18493	simple	product_type
18494	simple	product_type
18495	simple	product_type
18496	simple	product_type
18497	simple	product_type
18498	simple	product_type
18499	simple	product_type
18500	simple	product_type
18501	simple	product_type
18502	simple	product_type
18503	simple	product_type
18504	simple	product_type
18505	simple	product_type
18506	simple	product_type
18507	simple	product_type
18508	simple	product_type
18509	simple	product_type
18510	simple	product_type
18511	simple	product_type
18512	simple	product_type
18513	simple	product_type
18514	simple	product_type
18515	simple	product_type
18516	simple	product_type
18517	simple	product_type
18518	simple	product_type
18519	simple	product_type
18520	simple	product_type
18521	simple	product_type
18522	simple	product_type
18523	simple	product_type
18524	simple	product_type
18525	simple	product_type
18526	simple	product_type
18527	simple	product_type
18528	simple	product_type
18529	simple	product_type
18530	simple	product_type
18531	simple	product_type
18532	simple	product_type
18533	simple	product_type
18534	simple	product_type
18535	simple	product_type
18536	simple	product_type
18537	simple	product_type
18538	simple	product_type
18539	simple	product_type
18540	simple	product_type
18541	simple	product_type
18542	simple	product_type
18543	simple	product_type
18544	simple	product_type
18545	simple	product_type
18546	simple	product_type
18547	simple	product_type
18548	simple	product_type
18549	simple	product_type
18550	simple	product_type
18551	simple	product_type
18552	simple	product_type
18553	simple	product_type
18554	simple	product_type
18555	simple	product_type
18556	simple	product_type
18557	simple	product_type
18558	simple	product_type
18559	simple	product_type
18560	simple	product_type
18561	simple	product_type
18562	simple	product_type
18563	simple	product_type
18564	simple	product_type
18565	simple	product_type
18566	simple	product_type
18567	simple	product_type
18568	simple	product_type
18569	simple	product_type
18570	simple	product_type
18571	simple	product_type
18572	simple	product_type
18573	simple	product_type
18574	simple	product_type
18575	simple	product_type
18576	simple	product_type
18577	simple	product_type
18578	simple	product_type
18579	simple	product_type
18580	simple	product_type
18581	simple	product_type
18582	simple	product_type
18583	simple	product_type
18584	simple	product_type
18585	simple	product_type
18586	simple	product_type
18587	simple	product_type
18588	simple	product_type
18589	simple	product_type
18590	simple	product_type
18591	simple	product_type
18592	simple	product_type
18593	simple	product_type
18594	simple	product_type
18595	simple	product_type
18596	simple	product_type
18597	simple	product_type
18598	simple	product_type
18599	simple	product_type
18600	simple	product_type
18601	simple	product_type
18602	simple	product_type
18603	simple	product_type
18604	simple	product_type
18605	simple	product_type
18606	simple	product_type
18607	simple	product_type
18608	simple	product_type
18609	simple	product_type
18610	simple	product_type
18611	simple	product_type
18612	simple	product_type
18613	simple	product_type
18614	simple	product_type
18615	simple	product_type
18616	simple	product_type
18617	simple	product_type
18618	simple	product_type
18619	simple	product_type
18620	simple	product_type
18621	simple	product_type
18622	simple	product_type
18623	simple	product_type
18624	simple	product_type
18625	simple	product_type
18626	simple	product_type
18627	simple	product_type
18628	simple	product_type
18629	simple	product_type
18630	simple	product_type
18631	simple	product_type
18632	simple	product_type
18633	simple	product_type
18634	simple	product_type
18635	simple	product_type
18636	simple	product_type
18637	simple	product_type
18638	simple	product_type
18639	simple	product_type
18640	simple	product_type
18641	simple	product_type
18642	simple	product_type
18643	simple	product_type
18644	simple	product_type
18645	simple	product_type
18646	simple	product_type
18647	simple	product_type
18648	simple	product_type
18649	simple	product_type
18650	simple	product_type
18651	simple	product_type
18652	simple	product_type
18653	simple	product_type
18654	simple	product_type
18655	simple	product_type
18656	simple	product_type
18657	simple	product_type
18658	simple	product_type
18659	simple	product_type
18660	simple	product_type
18661	simple	product_type
18662	simple	product_type
18663	simple	product_type
18664	simple	product_type
18665	simple	product_type
18666	simple	product_type
18667	simple	product_type
18668	simple	product_type
18669	simple	product_type
18670	simple	product_type
18671	simple	product_type
18672	simple	product_type
18673	simple	product_type
18674	simple	product_type
18675	simple	product_type
18676	simple	product_type
18677	simple	product_type
18678	simple	product_type
18679	simple	product_type
18680	simple	product_type
18681	simple	product_type
18682	simple	product_type
18683	simple	product_type
18684	simple	product_type
18685	simple	product_type
18686	simple	product_type
18687	simple	product_type
18688	simple	product_type
18689	simple	product_type
18690	simple	product_type
18691	simple	product_type
18692	simple	product_type
18693	simple	product_type
18694	simple	product_type
18695	simple	product_type
18696	simple	product_type
18697	simple	product_type
18698	simple	product_type
18699	simple	product_type
18700	simple	product_type
18701	simple	product_type
18702	simple	product_type
18703	simple	product_type
18704	simple	product_type
18705	simple	product_type
18706	simple	product_type
18707	simple	product_type
18708	simple	product_type
18709	simple	product_type
18710	simple	product_type
18711	simple	product_type
18712	simple	product_type
18713	simple	product_type
18714	simple	product_type
18715	simple	product_type
18716	simple	product_type
18717	simple	product_type
18718	simple	product_type
18719	simple	product_type
18720	simple	product_type
18721	simple	product_type
18722	simple	product_type
18723	simple	product_type
18724	simple	product_type
18725	simple	product_type
18726	simple	product_type
18727	simple	product_type
18728	simple	product_type
18729	simple	product_type
18730	simple	product_type
18731	simple	product_type
18732	simple	product_type
18733	simple	product_type
18734	simple	product_type
18735	simple	product_type
18736	simple	product_type
18737	simple	product_type
18738	simple	product_type
18739	simple	product_type
18740	simple	product_type
18741	simple	product_type
18742	simple	product_type
18743	simple	product_type
18744	simple	product_type
18745	simple	product_type
18746	simple	product_type
18747	simple	product_type
18748	simple	product_type
18749	simple	product_type
18750	simple	product_type
18751	simple	product_type
18752	simple	product_type
18753	simple	product_type
18754	simple	product_type
18755	simple	product_type
18756	simple	product_type
18757	simple	product_type
18758	simple	product_type
18759	simple	product_type
18760	simple	product_type
18761	simple	product_type
18762	simple	product_type
18763	simple	product_type
18764	simple	product_type
18765	simple	product_type
18766	simple	product_type
18767	simple	product_type
18768	simple	product_type
18769	simple	product_type
18770	simple	product_type
18771	simple	product_type
18772	simple	product_type
18773	simple	product_type
18774	simple	product_type
18775	simple	product_type
18776	simple	product_type
18777	simple	product_type
18778	simple	product_type
18779	simple	product_type
18780	simple	product_type
18781	simple	product_type
18782	simple	product_type
18783	simple	product_type
18784	simple	product_type
18785	simple	product_type
18786	simple	product_type
18787	simple	product_type
18788	simple	product_type
18789	simple	product_type
18790	simple	product_type
18791	simple	product_type
18792	simple	product_type
18793	simple	product_type
18794	simple	product_type
18795	simple	product_type
18796	simple	product_type
18797	simple	product_type
18798	simple	product_type
18799	simple	product_type
18800	simple	product_type
18801	simple	product_type
18802	simple	product_type
18803	simple	product_type
18804	simple	product_type
18805	simple	product_type
18806	simple	product_type
18807	simple	product_type
18808	simple	product_type
18809	simple	product_type
18810	simple	product_type
18811	simple	product_type
18812	simple	product_type
18813	simple	product_type
18814	simple	product_type
18815	simple	product_type
18816	simple	product_type
18817	simple	product_type
18818	simple	product_type
18819	simple	product_type
18820	simple	product_type
18821	simple	product_type
18822	simple	product_type
18823	simple	product_type
18824	simple	product_type
18825	simple	product_type
18826	simple	product_type
18827	simple	product_type
18828	simple	product_type
18829	simple	product_type
18830	simple	product_type
18831	simple	product_type
18832	simple	product_type
18833	simple	product_type
18834	simple	product_type
18835	simple	product_type
18836	simple	product_type
18837	simple	product_type
18838	simple	product_type
18839	simple	product_type
18840	simple	product_type
18841	simple	product_type
18842	simple	product_type
18843	simple	product_type
18844	simple	product_type
18845	simple	product_type
18846	simple	product_type
18847	simple	product_type
18848	simple	product_type
18849	simple	product_type
18850	simple	product_type
18851	simple	product_type
18852	simple	product_type
18853	simple	product_type
18854	simple	product_type
18855	simple	product_type
18856	simple	product_type
18857	simple	product_type
18858	simple	product_type
18859	simple	product_type
18860	simple	product_type
18861	simple	product_type
18862	simple	product_type
18863	simple	product_type
18864	simple	product_type
18865	simple	product_type
18866	simple	product_type
18867	simple	product_type
18868	simple	product_type
18869	simple	product_type
18870	simple	product_type
18871	simple	product_type
18872	simple	product_type
18873	simple	product_type
18874	simple	product_type
18875	simple	product_type
18876	simple	product_type
18877	simple	product_type
18878	simple	product_type
18879	simple	product_type
18880	simple	product_type
18881	simple	product_type
18882	simple	product_type
18883	simple	product_type
18884	simple	product_type
18885	simple	product_type
18886	simple	product_type
18887	simple	product_type
18888	simple	product_type
18889	simple	product_type
18890	simple	product_type
18891	simple	product_type
18892	simple	product_type
18893	simple	product_type
18894	simple	product_type
18895	simple	product_type
18896	simple	product_type
18897	simple	product_type
18898	simple	product_type
18899	simple	product_type
18900	simple	product_type
18901	simple	product_type
18902	simple	product_type
18903	simple	product_type
18904	simple	product_type
18905	simple	product_type
18906	simple	product_type
18907	simple	product_type
18908	simple	product_type
18909	simple	product_type
18910	simple	product_type
18911	simple	product_type
18912	simple	product_type
18913	simple	product_type
18914	simple	product_type
18915	simple	product_type
18916	simple	product_type
18917	simple	product_type
18918	simple	product_type
18919	simple	product_type
18920	simple	product_type
18921	simple	product_type
18922	simple	product_type
18923	simple	product_type
18924	simple	product_type
18925	simple	product_type
18926	simple	product_type
18927	simple	product_type
18928	simple	product_type
18929	simple	product_type
18930	simple	product_type
18931	simple	product_type
18932	simple	product_type
18933	simple	product_type
18934	simple	product_type
18935	simple	product_type
18936	simple	product_type
18937	simple	product_type
18938	simple	product_type
18939	simple	product_type
18940	simple	product_type
18941	simple	product_type
18942	simple	product_type
18943	simple	product_type
18944	simple	product_type
18945	simple	product_type
18946	simple	product_type
18947	simple	product_type
18948	simple	product_type
18949	simple	product_type
18950	simple	product_type
18951	simple	product_type
18952	simple	product_type
18953	simple	product_type
18954	simple	product_type
18955	simple	product_type
18956	simple	product_type
18957	simple	product_type
18958	simple	product_type
18959	simple	product_type
18960	simple	product_type
18961	simple	product_type
18962	simple	product_type
18963	simple	product_type
18964	simple	product_type
18965	simple	product_type
18966	simple	product_type
18967	simple	product_type
18968	simple	product_type
18969	simple	product_type
18970	simple	product_type
18971	simple	product_type
18972	simple	product_type
18973	simple	product_type
18974	simple	product_type
18975	simple	product_type
18976	simple	product_type
18977	simple	product_type
18978	simple	product_type
18979	simple	product_type
18980	simple	product_type
18981	simple	product_type
18982	simple	product_type
18983	simple	product_type
18984	simple	product_type
18985	simple	product_type
18986	simple	product_type
18987	simple	product_type
18988	simple	product_type
18989	simple	product_type
18990	simple	product_type
18991	simple	product_type
18992	simple	product_type
18993	simple	product_type
18994	simple	product_type
18995	simple	product_type
18996	simple	product_type
18997	simple	product_type
18998	simple	product_type
18999	simple	product_type
19000	simple	product_type
19001	simple	product_type
19002	simple	product_type
19003	simple	product_type
19004	simple	product_type
19005	simple	product_type
19006	simple	product_type
19007	simple	product_type
19008	simple	product_type
19009	simple	product_type
19010	simple	product_type
19011	simple	product_type
19012	simple	product_type
19013	simple	product_type
19014	simple	product_type
19015	simple	product_type
19016	simple	product_type
19017	simple	product_type
19018	simple	product_type
19019	simple	product_type
19020	simple	product_type
19021	simple	product_type
19022	simple	product_type
19023	simple	product_type
19024	simple	product_type
19025	simple	product_type
19026	simple	product_type
19027	simple	product_type
19028	simple	product_type
19029	simple	product_type
19030	simple	product_type
19031	simple	product_type
19032	simple	product_type
19033	simple	product_type
19034	simple	product_type
19035	simple	product_type
19036	simple	product_type
19037	simple	product_type
19038	simple	product_type
19039	simple	product_type
19040	simple	product_type
19041	simple	product_type
19042	simple	product_type
19043	simple	product_type
19044	simple	product_type
19045	simple	product_type
19046	simple	product_type
19047	simple	product_type
19048	simple	product_type
19049	simple	product_type
19050	simple	product_type
19051	simple	product_type
19052	simple	product_type
19053	simple	product_type
19054	simple	product_type
19055	simple	product_type
19056	simple	product_type
19057	simple	product_type
19058	simple	product_type
19059	simple	product_type
19060	simple	product_type
19061	simple	product_type
19062	simple	product_type
19063	simple	product_type
19064	simple	product_type
19065	simple	product_type
19066	simple	product_type
19067	simple	product_type
19068	simple	product_type
19069	simple	product_type
19070	simple	product_type
19071	simple	product_type
19072	simple	product_type
19073	simple	product_type
19074	simple	product_type
19075	simple	product_type
19076	simple	product_type
19077	simple	product_type
19078	simple	product_type
19079	simple	product_type
19080	simple	product_type
19081	simple	product_type
19082	simple	product_type
19083	simple	product_type
19084	simple	product_type
19085	simple	product_type
19086	simple	product_type
19087	simple	product_type
19088	simple	product_type
19089	simple	product_type
19090	simple	product_type
19091	simple	product_type
19092	simple	product_type
19093	simple	product_type
19094	simple	product_type
19095	simple	product_type
19096	simple	product_type
19097	simple	product_type
19098	simple	product_type
19099	simple	product_type
19100	simple	product_type
19101	simple	product_type
19102	simple	product_type
19103	simple	product_type
19104	simple	product_type
19105	simple	product_type
19106	simple	product_type
19107	simple	product_type
19108	simple	product_type
19109	simple	product_type
19110	simple	product_type
19111	simple	product_type
19112	simple	product_type
19113	simple	product_type
19114	simple	product_type
19115	simple	product_type
19116	simple	product_type
19117	simple	product_type
19118	simple	product_type
19119	simple	product_type
19120	simple	product_type
19121	simple	product_type
19122	simple	product_type
19123	simple	product_type
19124	simple	product_type
19125	simple	product_type
19126	simple	product_type
19127	simple	product_type
19128	simple	product_type
19129	simple	product_type
19130	simple	product_type
19131	simple	product_type
19132	simple	product_type
19133	simple	product_type
19134	simple	product_type
19135	simple	product_type
19136	simple	product_type
19137	simple	product_type
19138	simple	product_type
19139	simple	product_type
19140	simple	product_type
19141	simple	product_type
19142	simple	product_type
19143	simple	product_type
19144	simple	product_type
19145	simple	product_type
19146	simple	product_type
19147	simple	product_type
19148	simple	product_type
19149	simple	product_type
19150	simple	product_type
19151	simple	product_type
19152	simple	product_type
19153	simple	product_type
19154	simple	product_type
19155	simple	product_type
19156	simple	product_type
19157	simple	product_type
19158	simple	product_type
19159	simple	product_type
19160	simple	product_type
19161	simple	product_type
19162	simple	product_type
19163	simple	product_type
19164	simple	product_type
19165	simple	product_type
19166	simple	product_type
19167	simple	product_type
19168	simple	product_type
19169	simple	product_type
19170	simple	product_type
19171	simple	product_type
19172	simple	product_type
19173	simple	product_type
19174	simple	product_type
19175	simple	product_type
19176	simple	product_type
19177	simple	product_type
19178	simple	product_type
19179	simple	product_type
19180	simple	product_type
19181	simple	product_type
19182	simple	product_type
19183	simple	product_type
19184	simple	product_type
19185	simple	product_type
19186	simple	product_type
19187	simple	product_type
19188	simple	product_type
19189	simple	product_type
19190	simple	product_type
19191	simple	product_type
19192	simple	product_type
19193	simple	product_type
19194	simple	product_type
19195	simple	product_type
19196	simple	product_type
19197	simple	product_type
19198	simple	product_type
19199	simple	product_type
19200	simple	product_type
19201	simple	product_type
19202	simple	product_type
19203	simple	product_type
19204	simple	product_type
19205	simple	product_type
19206	simple	product_type
19207	simple	product_type
19208	simple	product_type
19209	simple	product_type
19210	simple	product_type
19211	simple	product_type
19212	simple	product_type
19213	simple	product_type
19214	simple	product_type
19215	simple	product_type
19216	simple	product_type
19217	simple	product_type
19218	simple	product_type
19219	simple	product_type
19220	simple	product_type
19221	simple	product_type
19222	simple	product_type
19223	simple	product_type
19224	simple	product_type
19225	simple	product_type
19226	simple	product_type
19227	simple	product_type
19228	simple	product_type
19229	simple	product_type
19230	simple	product_type
19231	simple	product_type
19232	simple	product_type
19233	simple	product_type
19234	simple	product_type
19235	simple	product_type
19236	simple	product_type
19237	simple	product_type
19238	simple	product_type
19239	simple	product_type
19240	simple	product_type
19241	simple	product_type
19242	simple	product_type
19243	simple	product_type
19244	simple	product_type
19245	simple	product_type
19246	simple	product_type
19247	simple	product_type
19248	simple	product_type
19249	simple	product_type
19250	simple	product_type
19251	simple	product_type
19252	simple	product_type
19253	simple	product_type
19254	simple	product_type
19255	simple	product_type
19256	simple	product_type
19257	simple	product_type
19258	simple	product_type
19259	simple	product_type
19260	simple	product_type
19261	simple	product_type
19262	simple	product_type
19263	simple	product_type
19264	simple	product_type
19265	simple	product_type
19266	simple	product_type
19267	simple	product_type
19268	simple	product_type
19269	simple	product_type
19270	simple	product_type
19271	simple	product_type
19272	simple	product_type
19273	simple	product_type
19274	simple	product_type
19275	simple	product_type
19276	simple	product_type
19277	simple	product_type
19278	simple	product_type
19279	simple	product_type
19280	simple	product_type
19281	simple	product_type
19282	simple	product_type
19283	simple	product_type
19284	simple	product_type
19285	simple	product_type
19286	simple	product_type
19287	simple	product_type
19288	simple	product_type
19289	simple	product_type
19290	simple	product_type
19291	simple	product_type
19292	simple	product_type
19293	simple	product_type
19294	simple	product_type
19295	simple	product_type
19296	simple	product_type
19297	simple	product_type
19298	simple	product_type
19299	simple	product_type
19300	simple	product_type
19301	simple	product_type
19302	simple	product_type
19303	simple	product_type
19304	simple	product_type
19305	simple	product_type
19306	simple	product_type
19307	simple	product_type
19308	simple	product_type
19309	simple	product_type
19310	simple	product_type
19311	simple	product_type
19312	simple	product_type
19313	simple	product_type
19314	simple	product_type
19315	simple	product_type
19316	simple	product_type
19317	simple	product_type
19318	simple	product_type
19319	simple	product_type
19320	simple	product_type
19321	simple	product_type
19322	simple	product_type
19323	simple	product_type
19324	simple	product_type
19325	simple	product_type
19326	simple	product_type
19327	simple	product_type
19328	simple	product_type
19329	simple	product_type
19330	simple	product_type
19331	simple	product_type
19332	simple	product_type
19333	simple	product_type
19334	simple	product_type
19335	simple	product_type
19336	simple	product_type
19337	simple	product_type
19338	simple	product_type
19339	simple	product_type
19340	simple	product_type
19341	simple	product_type
19342	simple	product_type
19343	simple	product_type
19344	simple	product_type
19345	simple	product_type
19346	simple	product_type
19347	simple	product_type
19348	simple	product_type
19349	simple	product_type
19350	simple	product_type
19351	simple	product_type
19352	simple	product_type
19353	simple	product_type
19354	simple	product_type
19355	simple	product_type
19356	simple	product_type
19357	simple	product_type
19358	simple	product_type
19359	simple	product_type
19360	simple	product_type
19361	simple	product_type
19362	simple	product_type
19363	simple	product_type
19364	simple	product_type
19365	simple	product_type
19366	simple	product_type
19367	simple	product_type
19368	simple	product_type
19369	simple	product_type
19370	simple	product_type
19371	simple	product_type
19372	simple	product_type
19373	simple	product_type
19374	simple	product_type
19375	simple	product_type
19376	simple	product_type
19377	simple	product_type
19378	simple	product_type
19379	simple	product_type
19380	simple	product_type
19381	simple	product_type
19382	simple	product_type
19383	simple	product_type
19384	simple	product_type
19385	simple	product_type
19386	simple	product_type
19387	simple	product_type
19388	simple	product_type
19389	simple	product_type
19390	simple	product_type
19391	simple	product_type
19392	simple	product_type
19393	simple	product_type
19394	simple	product_type
19395	simple	product_type
19396	simple	product_type
19397	simple	product_type
19398	simple	product_type
19399	simple	product_type
19400	simple	product_type
19401	simple	product_type
19402	simple	product_type
19403	simple	product_type
19404	simple	product_type
19405	simple	product_type
19406	simple	product_type
19407	simple	product_type
19408	simple	product_type
19409	simple	product_type
19410	simple	product_type
19411	simple	product_type
19412	simple	product_type
19413	simple	product_type
19414	simple	product_type
19415	simple	product_type
19416	simple	product_type
19417	simple	product_type
19418	simple	product_type
19419	simple	product_type
19420	simple	product_type
19421	simple	product_type
19422	simple	product_type
19423	simple	product_type
19424	simple	product_type
19425	simple	product_type
19426	simple	product_type
19427	simple	product_type
19428	simple	product_type
19429	simple	product_type
19430	simple	product_type
19431	simple	product_type
19432	simple	product_type
19433	simple	product_type
19434	simple	product_type
19435	simple	product_type
19436	simple	product_type
19437	simple	product_type
19438	simple	product_type
19439	simple	product_type
19440	simple	product_type
19441	simple	product_type
19442	simple	product_type
19443	simple	product_type
19444	simple	product_type
19445	simple	product_type
19446	simple	product_type
19447	simple	product_type
19448	simple	product_type
19449	simple	product_type
19450	simple	product_type
19451	simple	product_type
19452	simple	product_type
19453	simple	product_type
19454	simple	product_type
19455	simple	product_type
19456	simple	product_type
19457	simple	product_type
19458	simple	product_type
19459	simple	product_type
19460	simple	product_type
19461	simple	product_type
19462	simple	product_type
19463	simple	product_type
19464	simple	product_type
19465	simple	product_type
19466	simple	product_type
19467	simple	product_type
19468	simple	product_type
19469	simple	product_type
19470	simple	product_type
19471	simple	product_type
19472	simple	product_type
19473	simple	product_type
19474	simple	product_type
19475	simple	product_type
19476	simple	product_type
19477	simple	product_type
19478	simple	product_type
19479	simple	product_type
19480	simple	product_type
19481	simple	product_type
19482	simple	product_type
19483	simple	product_type
19484	simple	product_type
19485	simple	product_type
19486	simple	product_type
19487	simple	product_type
19488	simple	product_type
19489	simple	product_type
19490	simple	product_type
19491	simple	product_type
19492	simple	product_type
19493	simple	product_type
19494	simple	product_type
19495	simple	product_type
19496	simple	product_type
19497	simple	product_type
19498	simple	product_type
19499	simple	product_type
19500	simple	product_type
19501	simple	product_type
19502	simple	product_type
19503	simple	product_type
19504	simple	product_type
19505	simple	product_type
19506	simple	product_type
19507	simple	product_type
19508	simple	product_type
19509	simple	product_type
19510	simple	product_type
19511	simple	product_type
19512	simple	product_type
19513	simple	product_type
19514	simple	product_type
19515	simple	product_type
19516	simple	product_type
19517	simple	product_type
19518	simple	product_type
19519	simple	product_type
19520	simple	product_type
19521	simple	product_type
19522	simple	product_type
19523	simple	product_type
19524	simple	product_type
19525	simple	product_type
19526	simple	product_type
19527	simple	product_type
19528	simple	product_type
19529	simple	product_type
19530	simple	product_type
19531	simple	product_type
19532	simple	product_type
19533	simple	product_type
19534	simple	product_type
19535	simple	product_type
19536	simple	product_type
19537	simple	product_type
19538	simple	product_type
19539	simple	product_type
19540	simple	product_type
19541	simple	product_type
19542	simple	product_type
19543	simple	product_type
19544	simple	product_type
19545	simple	product_type
19546	simple	product_type
19547	simple	product_type
19548	simple	product_type
19549	simple	product_type
19550	simple	product_type
19551	simple	product_type
19552	simple	product_type
19553	simple	product_type
19554	simple	product_type
19555	simple	product_type
19556	simple	product_type
19557	simple	product_type
19558	simple	product_type
19559	simple	product_type
19560	simple	product_type
19561	simple	product_type
19562	simple	product_type
19563	simple	product_type
19564	simple	product_type
19565	simple	product_type
19566	simple	product_type
19567	simple	product_type
19568	simple	product_type
19569	simple	product_type
19570	simple	product_type
19571	simple	product_type
19572	simple	product_type
19573	simple	product_type
19574	simple	product_type
19575	simple	product_type
19576	simple	product_type
19577	simple	product_type
19578	simple	product_type
19579	simple	product_type
19580	simple	product_type
19581	simple	product_type
19582	simple	product_type
19583	simple	product_type
19584	simple	product_type
19585	simple	product_type
19586	simple	product_type
19587	simple	product_type
19588	simple	product_type
19589	simple	product_type
19590	simple	product_type
19591	simple	product_type
19592	simple	product_type
19593	simple	product_type
19594	simple	product_type
19595	simple	product_type
19596	simple	product_type
19597	simple	product_type
19598	simple	product_type
19599	simple	product_type
19600	simple	product_type
19601	simple	product_type
19602	simple	product_type
19603	simple	product_type
19604	simple	product_type
19605	simple	product_type
19606	simple	product_type
19607	simple	product_type
19608	simple	product_type
19609	simple	product_type
19610	simple	product_type
19611	simple	product_type
19612	simple	product_type
19613	simple	product_type
19614	simple	product_type
19615	simple	product_type
19616	simple	product_type
19617	simple	product_type
19618	simple	product_type
19619	simple	product_type
19620	simple	product_type
19621	simple	product_type
19622	simple	product_type
19623	simple	product_type
19624	simple	product_type
19625	simple	product_type
19626	simple	product_type
19627	simple	product_type
19628	simple	product_type
19629	simple	product_type
19630	simple	product_type
19631	simple	product_type
19632	simple	product_type
19633	simple	product_type
19634	simple	product_type
19635	simple	product_type
19636	simple	product_type
19637	simple	product_type
19638	simple	product_type
19639	simple	product_type
19640	simple	product_type
19641	simple	product_type
19642	simple	product_type
19643	simple	product_type
19644	simple	product_type
19645	simple	product_type
19646	simple	product_type
19647	simple	product_type
19648	simple	product_type
19649	simple	product_type
19650	simple	product_type
19651	simple	product_type
19652	simple	product_type
19653	simple	product_type
19654	simple	product_type
19655	simple	product_type
19656	simple	product_type
19657	simple	product_type
19658	simple	product_type
19659	simple	product_type
19660	simple	product_type
19661	simple	product_type
19663	simple	product_type
19665	simple	product_type
19668	simple	product_type
19669	simple	product_type
19670	simple	product_type
19671	simple	product_type
19673	simple	product_type
19685	simple	product_type
12899	simple	product_type
5501	variable	product_type
6875	variable	product_type
5528	variable	product_type
5457	variable	product_type
6709	variable	product_type
14537	variable	product_type
5075	variable	product_type
5453	variable	product_type
5551	variable	product_type
5796	variable	product_type
8719	variable	product_type
5897	variable	product_type
5903	variable	product_type
5914	variable	product_type
5917	variable	product_type
5919	variable	product_type
5921	variable	product_type
5923	variable	product_type
5940	variable	product_type
5913	variable	product_type
5961	variable	product_type
5969	variable	product_type
5976	variable	product_type
5986	variable	product_type
5990	variable	product_type
5998	variable	product_type
6008	variable	product_type
6013	variable	product_type
6051	variable	product_type
6111	variable	product_type
6159	variable	product_type
6174	variable	product_type
6334	variable	product_type
7295	variable	product_type
13254	variable	product_type
7317	variable	product_type
12792	variable	product_type
7330	variable	product_type
7348	variable	product_type
7455	variable	product_type
7472	variable	product_type
7481	variable	product_type
7496	variable	product_type
7503	variable	product_type
7656	variable	product_type
7824	variable	product_type
7848	variable	product_type
7885	variable	product_type
7900	variable	product_type
7920	variable	product_type
7937	variable	product_type
7961	variable	product_type
7973	variable	product_type
8007	variable	product_type
8032	variable	product_type
13244	variable	product_type
8135	variable	product_type
15876	variable	product_type
8158	variable	product_type
8027	variable	product_type
8230	variable	product_type
8329	variable	product_type
8489	variable	product_type
8616	variable	product_type
8727	variable	product_type
8742	variable	product_type
8751	variable	product_type
8768	variable	product_type
8797	variable	product_type
8803	variable	product_type
8848	variable	product_type
8865	variable	product_type
8893	variable	product_type
8992	variable	product_type
9025	variable	product_type
9035	variable	product_type
9114	variable	product_type
9138	variable	product_type
9154	variable	product_type
9172	variable	product_type
9224	variable	product_type
9231	variable	product_type
9239	variable	product_type
9245	variable	product_type
9295	variable	product_type
9304	variable	product_type
9344	variable	product_type
10196	variable	product_type
10209	variable	product_type
13184	variable	product_type
13177	variable	product_type
13162	variable	product_type
9752	variable	product_type
9845	variable	product_type
10272	variable	product_type
10421	variable	product_type
10462	variable	product_type
10513	variable	product_type
16549	variable	product_type
6368	variable	product_type
10884	variable	product_type
11255	variable	product_type
11267	variable	product_type
8889	variable	product_type
11524	variable	product_type
11648	variable	product_type
11879	variable	product_type
11894	variable	product_type
5099	variable	product_type
12043	variable	product_type
12053	variable	product_type
9278	variable	product_type
12141	variable	product_type
5574	variable	product_type
12216	variable	product_type
12236	variable	product_type
12305	variable	product_type
12314	variable	product_type
12348	variable	product_type
8392	variable	product_type
13266	variable	product_type
12514	variable	product_type
12565	variable	product_type
13261	variable	product_type
12619	variable	product_type
5772	variable	product_type
7815	variable	product_type
12550	variable	product_type
12736	variable	product_type
12312	variable	product_type
12789	variable	product_type
12884	variable	product_type
12197	variable	product_type
7328	variable	product_type
13344	variable	product_type
13350	variable	product_type
4978	variable	product_type
13414	variable	product_type
13462	variable	product_type
13503	variable	product_type
13576	variable	product_type
9780	variable	product_type
10835	variable	product_type
13769	variable	product_type
9027	variable	product_type
13937	variable	product_type
14175	variable	product_type
10395	variable	product_type
14219	variable	product_type
14246	variable	product_type
14266	variable	product_type
14385	variable	product_type
14395	variable	product_type
13353	variable	product_type
14453	variable	product_type
14461	variable	product_type
14496	variable	product_type
9130	variable	product_type
14525	variable	product_type
14526	variable	product_type
4883	variable	product_type
15504	variable	product_type
16529	variable	product_type
14709	variable	product_type
14763	variable	product_type
14790	variable	product_type
14834	variable	product_type
14899	variable	product_type
4653	variable	product_type
14174	variable	product_type
15019	variable	product_type
15026	variable	product_type
15044	variable	product_type
15076	variable	product_type
15157	variable	product_type
15417	variable	product_type
15410	variable	product_type
6518	variable	product_type
15311	variable	product_type
5110	variable	product_type
15278	variable	product_type
14413	variable	product_type
15586	variable	product_type
15601	variable	product_type
15469	variable	product_type
16211	variable	product_type
15680	variable	product_type
15690	variable	product_type
15701	variable	product_type
15776	variable	product_type
15851	variable	product_type
15863	variable	product_type
8150	variable	product_type
15900	variable	product_type
15380	variable	product_type
15917	variable	product_type
14952	variable	product_type
15970	variable	product_type
15992	variable	product_type
16002	variable	product_type
16067	variable	product_type
10821	variable	product_type
16124	variable	product_type
16130	variable	product_type
6275	variable	product_type
16174	variable	product_type
16271	variable	product_type
8242	variable	product_type
16284	variable	product_type
16299	variable	product_type
16306	variable	product_type
16339	variable	product_type
16349	variable	product_type
16366	variable	product_type
16382	variable	product_type
16418	variable	product_type
16422	variable	product_type
16426	variable	product_type
16457	variable	product_type
16466	variable	product_type
14921	variable	product_type
16498	variable	product_type
13478	variable	product_type
14660	variable	product_type
16535	variable	product_type
16540	variable	product_type
16601	variable	product_type
16618	variable	product_type
16699	variable	product_type
19678	variable	product_type
4335	Secur	product_brand
7611	Secur	product_brand
7617	Secur	product_brand
7634	Secur	product_brand
7802	Secur	product_brand
7824	Secur	product_brand
7827	Secur	product_brand
8394	Secur	product_brand
9845	Secur	product_brand
10384	Secur	product_brand
10388	Secur	product_brand
10389	Secur	product_brand
10395	Secur	product_brand
11648	Secur	product_brand
12491	Secur	product_brand
12493	Secur	product_brand
6197	Diluyentes	product_cat
8090	Diluyentes	product_cat
11516	Diluyentes	product_cat
6195	Alcoholes	product_cat
15005	Destapacañerias	product_cat
6365	Solventes y Limpiadores	product_cat
13162	Solventes y Limpiadores	product_cat
13159	Solventes y Limpiadores	product_cat
12312	Solventes y Limpiadores	product_cat
12560	Solventes y Limpiadores	product_cat
14546	Solventes y Limpiadores	product_cat
14883	Solventes y Limpiadores	product_cat
15948	Solventes y Limpiadores	product_cat
17425	Solventes y Limpiadores	product_cat
4787	REPUESTOS PARA MONOCOMANDOS Y CANILLAS	product_cat
4785	REPUESTOS PARA MONOCOMANDOS Y CANILLAS	product_cat
4784	REPUESTOS PARA MONOCOMANDOS Y CANILLAS	product_cat
4783	REPUESTOS PARA MONOCOMANDOS Y CANILLAS	product_cat
4782	REPUESTOS PARA MONOCOMANDOS Y CANILLAS	product_cat
4781	REPUESTOS PARA MONOCOMANDOS Y CANILLAS	product_cat
4759	REPUESTOS PARA MONOCOMANDOS Y CANILLAS	product_cat
4776	REPUESTOS PARA MONOCOMANDOS Y CANILLAS	product_cat
4774	REPUESTOS PARA MONOCOMANDOS Y CANILLAS	product_cat
4771	REPUESTOS PARA MONOCOMANDOS Y CANILLAS	product_cat
4770	REPUESTOS PARA MONOCOMANDOS Y CANILLAS	product_cat
4764	REPUESTOS PARA MONOCOMANDOS Y CANILLAS	product_cat
4762	REPUESTOS PARA MONOCOMANDOS Y CANILLAS	product_cat
4790	REPUESTOS PARA MONOCOMANDOS Y CANILLAS	product_cat
4791	REPUESTOS PARA MONOCOMANDOS Y CANILLAS	product_cat
4792	REPUESTOS PARA MONOCOMANDOS Y CANILLAS	product_cat
4793	REPUESTOS PARA MONOCOMANDOS Y CANILLAS	product_cat
4869	REPUESTOS PARA MONOCOMANDOS Y CANILLAS	product_cat
4871	REPUESTOS PARA MONOCOMANDOS Y CANILLAS	product_cat
4911	REPUESTOS PARA MONOCOMANDOS Y CANILLAS	product_cat
4967	REPUESTOS PARA MONOCOMANDOS Y CANILLAS	product_cat
4975	REPUESTOS PARA MONOCOMANDOS Y CANILLAS	product_cat
4980	REPUESTOS PARA MONOCOMANDOS Y CANILLAS	product_cat
4984	REPUESTOS PARA MONOCOMANDOS Y CANILLAS	product_cat
10677	REPUESTOS PARA MONOCOMANDOS Y CANILLAS	product_cat
5032	REPUESTOS PARA MONOCOMANDOS Y CANILLAS	product_cat
5034	REPUESTOS PARA MONOCOMANDOS Y CANILLAS	product_cat
5036	REPUESTOS PARA MONOCOMANDOS Y CANILLAS	product_cat
5038	REPUESTOS PARA MONOCOMANDOS Y CANILLAS	product_cat
5040	REPUESTOS PARA MONOCOMANDOS Y CANILLAS	product_cat
5043	REPUESTOS PARA MONOCOMANDOS Y CANILLAS	product_cat
5044	REPUESTOS PARA MONOCOMANDOS Y CANILLAS	product_cat
5046	REPUESTOS PARA MONOCOMANDOS Y CANILLAS	product_cat
5048	REPUESTOS PARA MONOCOMANDOS Y CANILLAS	product_cat
5050	REPUESTOS PARA MONOCOMANDOS Y CANILLAS	product_cat
5052	REPUESTOS PARA MONOCOMANDOS Y CANILLAS	product_cat
5053	REPUESTOS PARA MONOCOMANDOS Y CANILLAS	product_cat
5055	REPUESTOS PARA MONOCOMANDOS Y CANILLAS	product_cat
5058	REPUESTOS PARA MONOCOMANDOS Y CANILLAS	product_cat
5060	REPUESTOS PARA MONOCOMANDOS Y CANILLAS	product_cat
5067	REPUESTOS PARA MONOCOMANDOS Y CANILLAS	product_cat
5070	REPUESTOS PARA MONOCOMANDOS Y CANILLAS	product_cat
5772	REPUESTOS PARA MONOCOMANDOS Y CANILLAS	product_cat
6268	REPUESTOS PARA MONOCOMANDOS Y CANILLAS	product_cat
6399	REPUESTOS PARA MONOCOMANDOS Y CANILLAS	product_cat
6548	REPUESTOS PARA MONOCOMANDOS Y CANILLAS	product_cat
6599	REPUESTOS PARA MONOCOMANDOS Y CANILLAS	product_cat
6602	REPUESTOS PARA MONOCOMANDOS Y CANILLAS	product_cat
6605	REPUESTOS PARA MONOCOMANDOS Y CANILLAS	product_cat
6612	REPUESTOS PARA MONOCOMANDOS Y CANILLAS	product_cat
6621	REPUESTOS PARA MONOCOMANDOS Y CANILLAS	product_cat
6619	REPUESTOS PARA MONOCOMANDOS Y CANILLAS	product_cat
6625	REPUESTOS PARA MONOCOMANDOS Y CANILLAS	product_cat
6626	REPUESTOS PARA MONOCOMANDOS Y CANILLAS	product_cat
6629	REPUESTOS PARA MONOCOMANDOS Y CANILLAS	product_cat
6635	REPUESTOS PARA MONOCOMANDOS Y CANILLAS	product_cat
6634	REPUESTOS PARA MONOCOMANDOS Y CANILLAS	product_cat
7675	REPUESTOS PARA MONOCOMANDOS Y CANILLAS	product_cat
7715	REPUESTOS PARA MONOCOMANDOS Y CANILLAS	product_cat
7722	REPUESTOS PARA MONOCOMANDOS Y CANILLAS	product_cat
8668	REPUESTOS PARA MONOCOMANDOS Y CANILLAS	product_cat
8732	REPUESTOS PARA MONOCOMANDOS Y CANILLAS	product_cat
9010	REPUESTOS PARA MONOCOMANDOS Y CANILLAS	product_cat
11148	REPUESTOS PARA MONOCOMANDOS Y CANILLAS	product_cat
11376	REPUESTOS PARA MONOCOMANDOS Y CANILLAS	product_cat
11848	REPUESTOS PARA MONOCOMANDOS Y CANILLAS	product_cat
11909	REPUESTOS PARA MONOCOMANDOS Y CANILLAS	product_cat
11941	REPUESTOS PARA MONOCOMANDOS Y CANILLAS	product_cat
12686	REPUESTOS PARA MONOCOMANDOS Y CANILLAS	product_cat
12693	REPUESTOS PARA MONOCOMANDOS Y CANILLAS	product_cat
12701	REPUESTOS PARA MONOCOMANDOS Y CANILLAS	product_cat
13811	REPUESTOS PARA MONOCOMANDOS Y CANILLAS	product_cat
13826	REPUESTOS PARA MONOCOMANDOS Y CANILLAS	product_cat
13981	REPUESTOS PARA MONOCOMANDOS Y CANILLAS	product_cat
14333	REPUESTOS PARA MONOCOMANDOS Y CANILLAS	product_cat
14559	REPUESTOS PARA MONOCOMANDOS Y CANILLAS	product_cat
14960	REPUESTOS PARA MONOCOMANDOS Y CANILLAS	product_cat
4347	MESADAS	product_cat
4351	MESADAS	product_cat
4353	MESADAS	product_cat
16463	MESADAS	product_cat
4686	MATERIALES DOMESTICOS	product_cat
4689	MATERIALES DOMESTICOS	product_cat
4739	MATERIALES DOMESTICOS	product_cat
4745	MATERIALES DOMESTICOS	product_cat
4751	MATERIALES DOMESTICOS	product_cat
19671	MATERIALES DOMESTICOS	product_cat
4974	MATERIALES DOMESTICOS	product_cat
5128	MATERIALES DOMESTICOS	product_cat
5130	MATERIALES DOMESTICOS	product_cat
5134	MATERIALES DOMESTICOS	product_cat
5140	MATERIALES DOMESTICOS	product_cat
5153	MATERIALES DOMESTICOS	product_cat
5155	MATERIALES DOMESTICOS	product_cat
5158	MATERIALES DOMESTICOS	product_cat
5160	MATERIALES DOMESTICOS	product_cat
5162	MATERIALES DOMESTICOS	product_cat
5164	MATERIALES DOMESTICOS	product_cat
5166	MATERIALES DOMESTICOS	product_cat
9647	MATERIALES DOMESTICOS	product_cat
5273	MATERIALES DOMESTICOS	product_cat
5348	MATERIALES DOMESTICOS	product_cat
5369	MATERIALES DOMESTICOS	product_cat
5379	MATERIALES DOMESTICOS	product_cat
5756	MATERIALES DOMESTICOS	product_cat
5758	MATERIALES DOMESTICOS	product_cat
5762	MATERIALES DOMESTICOS	product_cat
5765	MATERIALES DOMESTICOS	product_cat
5769	MATERIALES DOMESTICOS	product_cat
5772	MATERIALES DOMESTICOS	product_cat
5782	MATERIALES DOMESTICOS	product_cat
5787	MATERIALES DOMESTICOS	product_cat
5796	MATERIALES DOMESTICOS	product_cat
5888	MATERIALES DOMESTICOS	product_cat
5907	MATERIALES DOMESTICOS	product_cat
5909	MATERIALES DOMESTICOS	product_cat
5940	MATERIALES DOMESTICOS	product_cat
5956	MATERIALES DOMESTICOS	product_cat
5961	MATERIALES DOMESTICOS	product_cat
5969	MATERIALES DOMESTICOS	product_cat
5976	MATERIALES DOMESTICOS	product_cat
5984	MATERIALES DOMESTICOS	product_cat
10236	MATERIALES DOMESTICOS	product_cat
6109	MATERIALES DOMESTICOS	product_cat
6133	MATERIALES DOMESTICOS	product_cat
6275	MATERIALES DOMESTICOS	product_cat
16174	MATERIALES DOMESTICOS	product_cat
6295	MATERIALES DOMESTICOS	product_cat
6305	MATERIALES DOMESTICOS	product_cat
6319	MATERIALES DOMESTICOS	product_cat
6326	MATERIALES DOMESTICOS	product_cat
6328	MATERIALES DOMESTICOS	product_cat
6330	MATERIALES DOMESTICOS	product_cat
6332	MATERIALES DOMESTICOS	product_cat
6347	MATERIALES DOMESTICOS	product_cat
6365	MATERIALES DOMESTICOS	product_cat
6388	MATERIALES DOMESTICOS	product_cat
6562	MATERIALES DOMESTICOS	product_cat
7515	MATERIALES DOMESTICOS	product_cat
7558	MATERIALES DOMESTICOS	product_cat
7589	MATERIALES DOMESTICOS	product_cat
7638	MATERIALES DOMESTICOS	product_cat
7679	MATERIALES DOMESTICOS	product_cat
7688	MATERIALES DOMESTICOS	product_cat
7692	MATERIALES DOMESTICOS	product_cat
8069	MATERIALES DOMESTICOS	product_cat
13302	MATERIALES DOMESTICOS	product_cat
8290	MATERIALES DOMESTICOS	product_cat
8356	MATERIALES DOMESTICOS	product_cat
15558	MATERIALES DOMESTICOS	product_cat
12405	MATERIALES DOMESTICOS	product_cat
8382	MATERIALES DOMESTICOS	product_cat
8415	MATERIALES DOMESTICOS	product_cat
8431	MATERIALES DOMESTICOS	product_cat
8590	MATERIALES DOMESTICOS	product_cat
8603	MATERIALES DOMESTICOS	product_cat
8610	MATERIALES DOMESTICOS	product_cat
8650	MATERIALES DOMESTICOS	product_cat
8655	MATERIALES DOMESTICOS	product_cat
8944	MATERIALES DOMESTICOS	product_cat
8948	MATERIALES DOMESTICOS	product_cat
8976	MATERIALES DOMESTICOS	product_cat
8983	MATERIALES DOMESTICOS	product_cat
9419	MATERIALES DOMESTICOS	product_cat
9421	MATERIALES DOMESTICOS	product_cat
9422	MATERIALES DOMESTICOS	product_cat
9424	MATERIALES DOMESTICOS	product_cat
9426	MATERIALES DOMESTICOS	product_cat
9428	MATERIALES DOMESTICOS	product_cat
10302	MATERIALES DOMESTICOS	product_cat
13171	MATERIALES DOMESTICOS	product_cat
13159	MATERIALES DOMESTICOS	product_cat
13140	MATERIALES DOMESTICOS	product_cat
13134	MATERIALES DOMESTICOS	product_cat
9649	MATERIALES DOMESTICOS	product_cat
9773	MATERIALES DOMESTICOS	product_cat
9784	MATERIALES DOMESTICOS	product_cat
9790	MATERIALES DOMESTICOS	product_cat
9792	MATERIALES DOMESTICOS	product_cat
9796	MATERIALES DOMESTICOS	product_cat
9799	MATERIALES DOMESTICOS	product_cat
9802	MATERIALES DOMESTICOS	product_cat
9804	MATERIALES DOMESTICOS	product_cat
9806	MATERIALES DOMESTICOS	product_cat
9808	MATERIALES DOMESTICOS	product_cat
9811	MATERIALES DOMESTICOS	product_cat
9813	MATERIALES DOMESTICOS	product_cat
9816	MATERIALES DOMESTICOS	product_cat
9818	MATERIALES DOMESTICOS	product_cat
9823	MATERIALES DOMESTICOS	product_cat
9824	MATERIALES DOMESTICOS	product_cat
9826	MATERIALES DOMESTICOS	product_cat
9828	MATERIALES DOMESTICOS	product_cat
9830	MATERIALES DOMESTICOS	product_cat
9832	MATERIALES DOMESTICOS	product_cat
9834	MATERIALES DOMESTICOS	product_cat
9836	MATERIALES DOMESTICOS	product_cat
9839	MATERIALES DOMESTICOS	product_cat
9841	MATERIALES DOMESTICOS	product_cat
9843	MATERIALES DOMESTICOS	product_cat
9854	MATERIALES DOMESTICOS	product_cat
9856	MATERIALES DOMESTICOS	product_cat
9858	MATERIALES DOMESTICOS	product_cat
9859	MATERIALES DOMESTICOS	product_cat
9861	MATERIALES DOMESTICOS	product_cat
9866	MATERIALES DOMESTICOS	product_cat
9869	MATERIALES DOMESTICOS	product_cat
9881	MATERIALES DOMESTICOS	product_cat
9887	MATERIALES DOMESTICOS	product_cat
9889	MATERIALES DOMESTICOS	product_cat
9892	MATERIALES DOMESTICOS	product_cat
9897	MATERIALES DOMESTICOS	product_cat
9899	MATERIALES DOMESTICOS	product_cat
9902	MATERIALES DOMESTICOS	product_cat
9904	MATERIALES DOMESTICOS	product_cat
9906	MATERIALES DOMESTICOS	product_cat
9908	MATERIALES DOMESTICOS	product_cat
9910	MATERIALES DOMESTICOS	product_cat
9912	MATERIALES DOMESTICOS	product_cat
9915	MATERIALES DOMESTICOS	product_cat
9930	MATERIALES DOMESTICOS	product_cat
9954	MATERIALES DOMESTICOS	product_cat
9977	MATERIALES DOMESTICOS	product_cat
9989	MATERIALES DOMESTICOS	product_cat
9991	MATERIALES DOMESTICOS	product_cat
10030	MATERIALES DOMESTICOS	product_cat
10033	MATERIALES DOMESTICOS	product_cat
10036	MATERIALES DOMESTICOS	product_cat
10039	MATERIALES DOMESTICOS	product_cat
10041	MATERIALES DOMESTICOS	product_cat
10043	MATERIALES DOMESTICOS	product_cat
10063	MATERIALES DOMESTICOS	product_cat
10065	MATERIALES DOMESTICOS	product_cat
10082	MATERIALES DOMESTICOS	product_cat
10093	MATERIALES DOMESTICOS	product_cat
10107	MATERIALES DOMESTICOS	product_cat
10098	MATERIALES DOMESTICOS	product_cat
10111	MATERIALES DOMESTICOS	product_cat
10116	MATERIALES DOMESTICOS	product_cat
10117	MATERIALES DOMESTICOS	product_cat
10118	MATERIALES DOMESTICOS	product_cat
10120	MATERIALES DOMESTICOS	product_cat
10123	MATERIALES DOMESTICOS	product_cat
10125	MATERIALES DOMESTICOS	product_cat
10127	MATERIALES DOMESTICOS	product_cat
10132	MATERIALES DOMESTICOS	product_cat
10134	MATERIALES DOMESTICOS	product_cat
10138	MATERIALES DOMESTICOS	product_cat
10141	MATERIALES DOMESTICOS	product_cat
10146	MATERIALES DOMESTICOS	product_cat
10131	MATERIALES DOMESTICOS	product_cat
10149	MATERIALES DOMESTICOS	product_cat
10150	MATERIALES DOMESTICOS	product_cat
10152	MATERIALES DOMESTICOS	product_cat
11034	MATERIALES DOMESTICOS	product_cat
10243	MATERIALES DOMESTICOS	product_cat
10251	MATERIALES DOMESTICOS	product_cat
10368	MATERIALES DOMESTICOS	product_cat
10372	MATERIALES DOMESTICOS	product_cat
10395	MATERIALES DOMESTICOS	product_cat
10398	MATERIALES DOMESTICOS	product_cat
10421	MATERIALES DOMESTICOS	product_cat
10430	MATERIALES DOMESTICOS	product_cat
10523	MATERIALES DOMESTICOS	product_cat
10526	MATERIALES DOMESTICOS	product_cat
10609	MATERIALES DOMESTICOS	product_cat
10612	MATERIALES DOMESTICOS	product_cat
10614	MATERIALES DOMESTICOS	product_cat
10617	MATERIALES DOMESTICOS	product_cat
10643	MATERIALES DOMESTICOS	product_cat
10657	MATERIALES DOMESTICOS	product_cat
10662	MATERIALES DOMESTICOS	product_cat
10663	MATERIALES DOMESTICOS	product_cat
10664	MATERIALES DOMESTICOS	product_cat
10666	MATERIALES DOMESTICOS	product_cat
10668	MATERIALES DOMESTICOS	product_cat
10944	MATERIALES DOMESTICOS	product_cat
10802	MATERIALES DOMESTICOS	product_cat
10807	MATERIALES DOMESTICOS	product_cat
16395	MATERIALES DOMESTICOS	product_cat
10884	MATERIALES DOMESTICOS	product_cat
10897	MATERIALES DOMESTICOS	product_cat
10946	MATERIALES DOMESTICOS	product_cat
11132	MATERIALES DOMESTICOS	product_cat
11152	MATERIALES DOMESTICOS	product_cat
11176	MATERIALES DOMESTICOS	product_cat
11190	MATERIALES DOMESTICOS	product_cat
8002	MATERIALES DOMESTICOS	product_cat
11344	MATERIALES DOMESTICOS	product_cat
11379	MATERIALES DOMESTICOS	product_cat
11393	MATERIALES DOMESTICOS	product_cat
8489	MATERIALES DOMESTICOS	product_cat
11436	MATERIALES DOMESTICOS	product_cat
11441	MATERIALES DOMESTICOS	product_cat
11443	MATERIALES DOMESTICOS	product_cat
5145	MATERIALES DOMESTICOS	product_cat
11535	MATERIALES DOMESTICOS	product_cat
11536	MATERIALES DOMESTICOS	product_cat
8005	MATERIALES DOMESTICOS	product_cat
7999	MATERIALES DOMESTICOS	product_cat
7997	MATERIALES DOMESTICOS	product_cat
11543	MATERIALES DOMESTICOS	product_cat
11549	MATERIALES DOMESTICOS	product_cat
11633	MATERIALES DOMESTICOS	product_cat
11635	MATERIALES DOMESTICOS	product_cat
4720	MATERIALES DOMESTICOS	product_cat
4724	MATERIALES DOMESTICOS	product_cat
11645	MATERIALES DOMESTICOS	product_cat
11663	MATERIALES DOMESTICOS	product_cat
11839	MATERIALES DOMESTICOS	product_cat
11718	MATERIALES DOMESTICOS	product_cat
11770	MATERIALES DOMESTICOS	product_cat
11790	MATERIALES DOMESTICOS	product_cat
11797	MATERIALES DOMESTICOS	product_cat
11799	MATERIALES DOMESTICOS	product_cat
11821	MATERIALES DOMESTICOS	product_cat
11848	MATERIALES DOMESTICOS	product_cat
11900	MATERIALES DOMESTICOS	product_cat
11913	MATERIALES DOMESTICOS	product_cat
11915	MATERIALES DOMESTICOS	product_cat
11947	MATERIALES DOMESTICOS	product_cat
11950	MATERIALES DOMESTICOS	product_cat
11953	MATERIALES DOMESTICOS	product_cat
11996	MATERIALES DOMESTICOS	product_cat
11999	MATERIALES DOMESTICOS	product_cat
12002	MATERIALES DOMESTICOS	product_cat
12197	MATERIALES DOMESTICOS	product_cat
12254	MATERIALES DOMESTICOS	product_cat
12262	MATERIALES DOMESTICOS	product_cat
12279	MATERIALES DOMESTICOS	product_cat
12280	MATERIALES DOMESTICOS	product_cat
12302	MATERIALES DOMESTICOS	product_cat
12304	MATERIALES DOMESTICOS	product_cat
12312	MATERIALES DOMESTICOS	product_cat
12314	MATERIALES DOMESTICOS	product_cat
12328	MATERIALES DOMESTICOS	product_cat
12340	MATERIALES DOMESTICOS	product_cat
12341	MATERIALES DOMESTICOS	product_cat
12363	MATERIALES DOMESTICOS	product_cat
12413	MATERIALES DOMESTICOS	product_cat
12493	MATERIALES DOMESTICOS	product_cat
12766	MATERIALES DOMESTICOS	product_cat
12612	MATERIALES DOMESTICOS	product_cat
12736	MATERIALES DOMESTICOS	product_cat
12550	MATERIALES DOMESTICOS	product_cat
12771	MATERIALES DOMESTICOS	product_cat
12773	MATERIALES DOMESTICOS	product_cat
12778	MATERIALES DOMESTICOS	product_cat
12780	MATERIALES DOMESTICOS	product_cat
12783	MATERIALES DOMESTICOS	product_cat
12792	MATERIALES DOMESTICOS	product_cat
12848	MATERIALES DOMESTICOS	product_cat
12866	MATERIALES DOMESTICOS	product_cat
12871	MATERIALES DOMESTICOS	product_cat
12906	MATERIALES DOMESTICOS	product_cat
12910	MATERIALES DOMESTICOS	product_cat
12926	MATERIALES DOMESTICOS	product_cat
12948	MATERIALES DOMESTICOS	product_cat
12976	MATERIALES DOMESTICOS	product_cat
13330	MATERIALES DOMESTICOS	product_cat
13377	MATERIALES DOMESTICOS	product_cat
13379	MATERIALES DOMESTICOS	product_cat
13384	MATERIALES DOMESTICOS	product_cat
13439	MATERIALES DOMESTICOS	product_cat
13488	MATERIALES DOMESTICOS	product_cat
13646	MATERIALES DOMESTICOS	product_cat
13649	MATERIALES DOMESTICOS	product_cat
13653	MATERIALES DOMESTICOS	product_cat
13656	MATERIALES DOMESTICOS	product_cat
13661	MATERIALES DOMESTICOS	product_cat
13664	MATERIALES DOMESTICOS	product_cat
13666	MATERIALES DOMESTICOS	product_cat
13668	MATERIALES DOMESTICOS	product_cat
13671	MATERIALES DOMESTICOS	product_cat
13685	MATERIALES DOMESTICOS	product_cat
13688	MATERIALES DOMESTICOS	product_cat
13721	MATERIALES DOMESTICOS	product_cat
13729	MATERIALES DOMESTICOS	product_cat
13746	MATERIALES DOMESTICOS	product_cat
13759	MATERIALES DOMESTICOS	product_cat
13921	MATERIALES DOMESTICOS	product_cat
13930	MATERIALES DOMESTICOS	product_cat
13932	MATERIALES DOMESTICOS	product_cat
13945	MATERIALES DOMESTICOS	product_cat
13952	MATERIALES DOMESTICOS	product_cat
13986	MATERIALES DOMESTICOS	product_cat
14014	MATERIALES DOMESTICOS	product_cat
14019	MATERIALES DOMESTICOS	product_cat
14054	MATERIALES DOMESTICOS	product_cat
14078	MATERIALES DOMESTICOS	product_cat
14080	MATERIALES DOMESTICOS	product_cat
14917	MATERIALES DOMESTICOS	product_cat
14183	MATERIALES DOMESTICOS	product_cat
14217	MATERIALES DOMESTICOS	product_cat
14219	MATERIALES DOMESTICOS	product_cat
14237	MATERIALES DOMESTICOS	product_cat
14239	MATERIALES DOMESTICOS	product_cat
14246	MATERIALES DOMESTICOS	product_cat
14256	MATERIALES DOMESTICOS	product_cat
14259	MATERIALES DOMESTICOS	product_cat
14362	MATERIALES DOMESTICOS	product_cat
14373	MATERIALES DOMESTICOS	product_cat
14374	MATERIALES DOMESTICOS	product_cat
14381	MATERIALES DOMESTICOS	product_cat
14395	MATERIALES DOMESTICOS	product_cat
14403	MATERIALES DOMESTICOS	product_cat
14405	MATERIALES DOMESTICOS	product_cat
14414	MATERIALES DOMESTICOS	product_cat
14423	MATERIALES DOMESTICOS	product_cat
14447	MATERIALES DOMESTICOS	product_cat
14448	MATERIALES DOMESTICOS	product_cat
14469	MATERIALES DOMESTICOS	product_cat
14508	MATERIALES DOMESTICOS	product_cat
14537	MATERIALES DOMESTICOS	product_cat
14549	MATERIALES DOMESTICOS	product_cat
14552	MATERIALES DOMESTICOS	product_cat
14554	MATERIALES DOMESTICOS	product_cat
14555	MATERIALES DOMESTICOS	product_cat
14569	MATERIALES DOMESTICOS	product_cat
14635	MATERIALES DOMESTICOS	product_cat
14667	MATERIALES DOMESTICOS	product_cat
14666	MATERIALES DOMESTICOS	product_cat
14671	MATERIALES DOMESTICOS	product_cat
14675	MATERIALES DOMESTICOS	product_cat
14694	MATERIALES DOMESTICOS	product_cat
14733	MATERIALES DOMESTICOS	product_cat
14750	MATERIALES DOMESTICOS	product_cat
14769	MATERIALES DOMESTICOS	product_cat
14772	MATERIALES DOMESTICOS	product_cat
14809	MATERIALES DOMESTICOS	product_cat
14813	MATERIALES DOMESTICOS	product_cat
14817	MATERIALES DOMESTICOS	product_cat
14851	MATERIALES DOMESTICOS	product_cat
14854	MATERIALES DOMESTICOS	product_cat
14856	MATERIALES DOMESTICOS	product_cat
14857	MATERIALES DOMESTICOS	product_cat
14858	MATERIALES DOMESTICOS	product_cat
14879	MATERIALES DOMESTICOS	product_cat
14893	MATERIALES DOMESTICOS	product_cat
14908	MATERIALES DOMESTICOS	product_cat
14932	MATERIALES DOMESTICOS	product_cat
14938	MATERIALES DOMESTICOS	product_cat
14942	MATERIALES DOMESTICOS	product_cat
14947	MATERIALES DOMESTICOS	product_cat
14952	MATERIALES DOMESTICOS	product_cat
14991	MATERIALES DOMESTICOS	product_cat
14995	MATERIALES DOMESTICOS	product_cat
15002	MATERIALES DOMESTICOS	product_cat
15005	MATERIALES DOMESTICOS	product_cat
15019	MATERIALES DOMESTICOS	product_cat
15052	MATERIALES DOMESTICOS	product_cat
15166	MATERIALES DOMESTICOS	product_cat
15176	MATERIALES DOMESTICOS	product_cat
15181	MATERIALES DOMESTICOS	product_cat
15194	MATERIALES DOMESTICOS	product_cat
15209	MATERIALES DOMESTICOS	product_cat
15211	MATERIALES DOMESTICOS	product_cat
15423	MATERIALES DOMESTICOS	product_cat
15361	MATERIALES DOMESTICOS	product_cat
15352	MATERIALES DOMESTICOS	product_cat
15351	MATERIALES DOMESTICOS	product_cat
15273	MATERIALES DOMESTICOS	product_cat
15269	MATERIALES DOMESTICOS	product_cat
15243	MATERIALES DOMESTICOS	product_cat
15219	MATERIALES DOMESTICOS	product_cat
15217	MATERIALES DOMESTICOS	product_cat
15601	MATERIALES DOMESTICOS	product_cat
15620	MATERIALES DOMESTICOS	product_cat
15624	MATERIALES DOMESTICOS	product_cat
15713	MATERIALES DOMESTICOS	product_cat
15742	MATERIALES DOMESTICOS	product_cat
15746	MATERIALES DOMESTICOS	product_cat
15752	MATERIALES DOMESTICOS	product_cat
15757	MATERIALES DOMESTICOS	product_cat
15759	MATERIALES DOMESTICOS	product_cat
15750	MATERIALES DOMESTICOS	product_cat
15797	MATERIALES DOMESTICOS	product_cat
15851	MATERIALES DOMESTICOS	product_cat
15892	MATERIALES DOMESTICOS	product_cat
16119	MATERIALES DOMESTICOS	product_cat
16248	MATERIALES DOMESTICOS	product_cat
16376	MATERIALES DOMESTICOS	product_cat
10835	MATERIALES DOMESTICOS	product_cat
16448	MATERIALES DOMESTICOS	product_cat
16540	MATERIALES DOMESTICOS	product_cat
16546	MATERIALES DOMESTICOS	product_cat
16584	MATERIALES DOMESTICOS	product_cat
16589	MATERIALES DOMESTICOS	product_cat
16611	MATERIALES DOMESTICOS	product_cat
16626	MATERIALES DOMESTICOS	product_cat
16630	MATERIALES DOMESTICOS	product_cat
16694	MATERIALES DOMESTICOS	product_cat
5221	CAJAS Y TABLEROS	product_cat
5224	CAJAS Y TABLEROS	product_cat
5227	CAJAS Y TABLEROS	product_cat
6145	CAJAS Y TABLEROS	product_cat
8951	CAJAS Y TABLEROS	product_cat
8954	CAJAS Y TABLEROS	product_cat
8958	CAJAS Y TABLEROS	product_cat
8962	CAJAS Y TABLEROS	product_cat
8967	CAJAS Y TABLEROS	product_cat
8980	CAJAS Y TABLEROS	product_cat
8983	CAJAS Y TABLEROS	product_cat
8990	CAJAS Y TABLEROS	product_cat
8992	CAJAS Y TABLEROS	product_cat
9003	CAJAS Y TABLEROS	product_cat
13791	CAJAS Y TABLEROS	product_cat
9960	CAJAS Y TABLEROS	product_cat
9962	CAJAS Y TABLEROS	product_cat
10026	CAJAS Y TABLEROS	product_cat
10033	CAJAS Y TABLEROS	product_cat
10036	CAJAS Y TABLEROS	product_cat
10086	CAJAS Y TABLEROS	product_cat
10087	CAJAS Y TABLEROS	product_cat
10089	CAJAS Y TABLEROS	product_cat
10091	CAJAS Y TABLEROS	product_cat
10111	CAJAS Y TABLEROS	product_cat
10157	CAJAS Y TABLEROS	product_cat
10159	CAJAS Y TABLEROS	product_cat
10161	CAJAS Y TABLEROS	product_cat
10605	CAJAS Y TABLEROS	product_cat
10912	CAJAS Y TABLEROS	product_cat
10913	CAJAS Y TABLEROS	product_cat
12290	CAJAS Y TABLEROS	product_cat
13796	CAJAS Y TABLEROS	product_cat
14790	CAJAS Y TABLEROS	product_cat
15265	CAJAS Y TABLEROS	product_cat
15888	CAJAS Y TABLEROS	product_cat
15890	CAJAS Y TABLEROS	product_cat
16493	CAJAS Y TABLEROS	product_cat
16496	CAJAS Y TABLEROS	product_cat
16498	CAJAS Y TABLEROS	product_cat
15533	LIJAS	product_cat
15492	LIJAS	product_cat
14537	LIJAS	product_cat
5501	Protectores	product_cat
5177	CABLES	product_cat
8971	CABLES	product_cat
8973	CABLES	product_cat
8985	CABLES	product_cat
8988	CABLES	product_cat
9005	CABLES	product_cat
9419	CABLES	product_cat
9421	CABLES	product_cat
9422	CABLES	product_cat
9424	CABLES	product_cat
9426	CABLES	product_cat
12340	CABLES	product_cat
12341	CABLES	product_cat
13526	CABLES	product_cat
13520	CABLES	product_cat
13516	CABLES	product_cat
13521	CABLES	product_cat
13524	CABLES	product_cat
12856	CABLES	product_cat
13800	CABLES	product_cat
13802	CABLES	product_cat
13975	CABLES	product_cat
13987	CABLES	product_cat
13988	CABLES	product_cat
15390	CABLES	product_cat
15573	CABLES	product_cat
15574	CABLES	product_cat
16162	CABLES	product_cat
5416	INSECTICIDAS	product_cat
6357	INSECTICIDAS	product_cat
7390	INSECTICIDAS	product_cat
7399	INSECTICIDAS	product_cat
7402	INSECTICIDAS	product_cat
7405	INSECTICIDAS	product_cat
7408	INSECTICIDAS	product_cat
7410	INSECTICIDAS	product_cat
7412	INSECTICIDAS	product_cat
7477	INSECTICIDAS	product_cat
7648	INSECTICIDAS	product_cat
9784	INSECTICIDAS	product_cat
10368	INSECTICIDAS	product_cat
10372	INSECTICIDAS	product_cat
10373	INSECTICIDAS	product_cat
10880	INSECTICIDAS	product_cat
11190	INSECTICIDAS	product_cat
11338	INSECTICIDAS	product_cat
11441	INSECTICIDAS	product_cat
11443	INSECTICIDAS	product_cat
11645	INSECTICIDAS	product_cat
12612	INSECTICIDAS	product_cat
13759	INSECTICIDAS	product_cat
4355	HERRAMIENTAS PARA JARDIN	product_cat
4359	HERRAMIENTAS PARA JARDIN	product_cat
4361	HERRAMIENTAS PARA JARDIN	product_cat
5087	HERRAMIENTAS PARA JARDIN	product_cat
5111	HERRAMIENTAS PARA JARDIN	product_cat
5124	HERRAMIENTAS PARA JARDIN	product_cat
5137	HERRAMIENTAS PARA JARDIN	product_cat
5141	HERRAMIENTAS PARA JARDIN	product_cat
5837	HERRAMIENTAS PARA JARDIN	product_cat
5933	HERRAMIENTAS PARA JARDIN	product_cat
5936	HERRAMIENTAS PARA JARDIN	product_cat
5937	HERRAMIENTAS PARA JARDIN	product_cat
5938	HERRAMIENTAS PARA JARDIN	product_cat
6440	HERRAMIENTAS PARA JARDIN	product_cat
6442	HERRAMIENTAS PARA JARDIN	product_cat
6444	HERRAMIENTAS PARA JARDIN	product_cat
6458	HERRAMIENTAS PARA JARDIN	product_cat
6451	HERRAMIENTAS PARA JARDIN	product_cat
6453	HERRAMIENTAS PARA JARDIN	product_cat
6461	HERRAMIENTAS PARA JARDIN	product_cat
6463	HERRAMIENTAS PARA JARDIN	product_cat
6467	HERRAMIENTAS PARA JARDIN	product_cat
6616	HERRAMIENTAS PARA JARDIN	product_cat
7558	HERRAMIENTAS PARA JARDIN	product_cat
6374	HERRAMIENTAS PARA JARDIN	product_cat
15527	HERRAMIENTAS PARA JARDIN	product_cat
10717	HERRAMIENTAS PARA JARDIN	product_cat
8135	HERRAMIENTAS PARA JARDIN	product_cat
9391	HERRAMIENTAS PARA JARDIN	product_cat
10657	HERRAMIENTAS PARA JARDIN	product_cat
10662	HERRAMIENTAS PARA JARDIN	product_cat
10663	HERRAMIENTAS PARA JARDIN	product_cat
10664	HERRAMIENTAS PARA JARDIN	product_cat
10666	HERRAMIENTAS PARA JARDIN	product_cat
10668	HERRAMIENTAS PARA JARDIN	product_cat
10725	HERRAMIENTAS PARA JARDIN	product_cat
10731	HERRAMIENTAS PARA JARDIN	product_cat
10735	HERRAMIENTAS PARA JARDIN	product_cat
10738	HERRAMIENTAS PARA JARDIN	product_cat
10163	HERRAMIENTAS PARA JARDIN	product_cat
10747	HERRAMIENTAS PARA JARDIN	product_cat
10749	HERRAMIENTAS PARA JARDIN	product_cat
10756	HERRAMIENTAS PARA JARDIN	product_cat
10792	HERRAMIENTAS PARA JARDIN	product_cat
11127	HERRAMIENTAS PARA JARDIN	product_cat
11184	HERRAMIENTAS PARA JARDIN	product_cat
11190	HERRAMIENTAS PARA JARDIN	product_cat
11234	HERRAMIENTAS PARA JARDIN	product_cat
11244	HERRAMIENTAS PARA JARDIN	product_cat
11679	HERRAMIENTAS PARA JARDIN	product_cat
11718	HERRAMIENTAS PARA JARDIN	product_cat
11972	HERRAMIENTAS PARA JARDIN	product_cat
12502	HERRAMIENTAS PARA JARDIN	product_cat
12810	HERRAMIENTAS PARA JARDIN	product_cat
13934	HERRAMIENTAS PARA JARDIN	product_cat
14279	HERRAMIENTAS PARA JARDIN	product_cat
14284	HERRAMIENTAS PARA JARDIN	product_cat
14554	HERRAMIENTAS PARA JARDIN	product_cat
14555	HERRAMIENTAS PARA JARDIN	product_cat
14754	HERRAMIENTAS PARA JARDIN	product_cat
14753	HERRAMIENTAS PARA JARDIN	product_cat
15211	HERRAMIENTAS PARA JARDIN	product_cat
15593	HERRAMIENTAS PARA JARDIN	product_cat
15601	HERRAMIENTAS PARA JARDIN	product_cat
15617	HERRAMIENTAS PARA JARDIN	product_cat
15620	HERRAMIENTAS PARA JARDIN	product_cat
15624	HERRAMIENTAS PARA JARDIN	product_cat
16151	HERRAMIENTAS PARA JARDIN	product_cat
16211	HERRAMIENTAS PARA JARDIN	product_cat
4658	LIMPIEZA DEL HOGAR	product_cat
4660	LIMPIEZA DEL HOGAR	product_cat
4665	LIMPIEZA DEL HOGAR	product_cat
4995	LIMPIEZA DEL HOGAR	product_cat
4948	LIMPIEZA DEL HOGAR	product_cat
5013	LIMPIEZA DEL HOGAR	product_cat
5077	LIMPIEZA DEL HOGAR	product_cat
5679	LIMPIEZA DEL HOGAR	product_cat
5888	LIMPIEZA DEL HOGAR	product_cat
5910	LIMPIEZA DEL HOGAR	product_cat
5940	LIMPIEZA DEL HOGAR	product_cat
10236	LIMPIEZA DEL HOGAR	product_cat
6275	LIMPIEZA DEL HOGAR	product_cat
6342	LIMPIEZA DEL HOGAR	product_cat
6365	LIMPIEZA DEL HOGAR	product_cat
6421	LIMPIEZA DEL HOGAR	product_cat
7351	LIMPIEZA DEL HOGAR	product_cat
7354	LIMPIEZA DEL HOGAR	product_cat
8069	LIMPIEZA DEL HOGAR	product_cat
15558	LIMPIEZA DEL HOGAR	product_cat
8590	LIMPIEZA DEL HOGAR	product_cat
8603	LIMPIEZA DEL HOGAR	product_cat
9347	LIMPIEZA DEL HOGAR	product_cat
9349	LIMPIEZA DEL HOGAR	product_cat
9350	LIMPIEZA DEL HOGAR	product_cat
9467	LIMPIEZA DEL HOGAR	product_cat
9470	LIMPIEZA DEL HOGAR	product_cat
9474	LIMPIEZA DEL HOGAR	product_cat
9476	LIMPIEZA DEL HOGAR	product_cat
9478	LIMPIEZA DEL HOGAR	product_cat
9480	LIMPIEZA DEL HOGAR	product_cat
9482	LIMPIEZA DEL HOGAR	product_cat
9484	LIMPIEZA DEL HOGAR	product_cat
9486	LIMPIEZA DEL HOGAR	product_cat
10312	LIMPIEZA DEL HOGAR	product_cat
13159	LIMPIEZA DEL HOGAR	product_cat
9765	LIMPIEZA DEL HOGAR	product_cat
10251	LIMPIEZA DEL HOGAR	product_cat
10398	LIMPIEZA DEL HOGAR	product_cat
10430	LIMPIEZA DEL HOGAR	product_cat
10792	LIMPIEZA DEL HOGAR	product_cat
10802	LIMPIEZA DEL HOGAR	product_cat
10807	LIMPIEZA DEL HOGAR	product_cat
10884	LIMPIEZA DEL HOGAR	product_cat
10922	LIMPIEZA DEL HOGAR	product_cat
11190	LIMPIEZA DEL HOGAR	product_cat
11441	LIMPIEZA DEL HOGAR	product_cat
11480	LIMPIEZA DEL HOGAR	product_cat
5145	LIMPIEZA DEL HOGAR	product_cat
11535	LIMPIEZA DEL HOGAR	product_cat
11536	LIMPIEZA DEL HOGAR	product_cat
19671	LIMPIEZA DEL HOGAR	product_cat
11996	LIMPIEZA DEL HOGAR	product_cat
11999	LIMPIEZA DEL HOGAR	product_cat
12002	LIMPIEZA DEL HOGAR	product_cat
12276	LIMPIEZA DEL HOGAR	product_cat
12312	LIMPIEZA DEL HOGAR	product_cat
12511	LIMPIEZA DEL HOGAR	product_cat
12565	LIMPIEZA DEL HOGAR	product_cat
12596	LIMPIEZA DEL HOGAR	product_cat
12605	LIMPIEZA DEL HOGAR	product_cat
12831	LIMPIEZA DEL HOGAR	product_cat
13653	LIMPIEZA DEL HOGAR	product_cat
13656	LIMPIEZA DEL HOGAR	product_cat
13685	LIMPIEZA DEL HOGAR	product_cat
13945	LIMPIEZA DEL HOGAR	product_cat
14537	LIMPIEZA DEL HOGAR	product_cat
14546	LIMPIEZA DEL HOGAR	product_cat
14694	LIMPIEZA DEL HOGAR	product_cat
14883	LIMPIEZA DEL HOGAR	product_cat
15005	LIMPIEZA DEL HOGAR	product_cat
15166	LIMPIEZA DEL HOGAR	product_cat
15351	LIMPIEZA DEL HOGAR	product_cat
15742	LIMPIEZA DEL HOGAR	product_cat
16174	LIMPIEZA DEL HOGAR	product_cat
16611	LIMPIEZA DEL HOGAR	product_cat
4610	ILUMINACION	product_cat
4645	ILUMINACION	product_cat
4646	ILUMINACION	product_cat
4653	ILUMINACION	product_cat
15344	ILUMINACION	product_cat
5172	ILUMINACION	product_cat
5174	ILUMINACION	product_cat
5175	ILUMINACION	product_cat
6401	ILUMINACION	product_cat
8073	ILUMINACION	product_cat
8382	ILUMINACION	product_cat
10095	ILUMINACION	product_cat
9459	ILUMINACION	product_cat
9461	ILUMINACION	product_cat
9704	ILUMINACION	product_cat
9706	ILUMINACION	product_cat
9708	ILUMINACION	product_cat
9710	ILUMINACION	product_cat
9712	ILUMINACION	product_cat
9718	ILUMINACION	product_cat
9722	ILUMINACION	product_cat
9724	ILUMINACION	product_cat
9732	ILUMINACION	product_cat
9742	ILUMINACION	product_cat
9744	ILUMINACION	product_cat
9867	ILUMINACION	product_cat
9895	ILUMINACION	product_cat
9939	ILUMINACION	product_cat
9941	ILUMINACION	product_cat
9943	ILUMINACION	product_cat
9945	ILUMINACION	product_cat
9979	ILUMINACION	product_cat
9981	ILUMINACION	product_cat
9983	ILUMINACION	product_cat
9985	ILUMINACION	product_cat
9987	ILUMINACION	product_cat
10059	ILUMINACION	product_cat
10097	ILUMINACION	product_cat
10103	ILUMINACION	product_cat
10837	ILUMINACION	product_cat
11165	ILUMINACION	product_cat
11174	ILUMINACION	product_cat
11851	ILUMINACION	product_cat
12328	ILUMINACION	product_cat
12840	ILUMINACION	product_cat
13472	ILUMINACION	product_cat
13478	ILUMINACION	product_cat
13480	ILUMINACION	product_cat
14786	ILUMINACION	product_cat
14788	ILUMINACION	product_cat
14800	ILUMINACION	product_cat
14879	ILUMINACION	product_cat
15269	ILUMINACION	product_cat
15882	ILUMINACION	product_cat
15886	ILUMINACION	product_cat
16571	ILUMINACION	product_cat
8509	CERRADURAS TRANCAS Y CANDADOS	product_cat
8506	CERRADURAS TRANCAS Y CANDADOS	product_cat
8501	CERRADURAS TRANCAS Y CANDADOS	product_cat
4829	CERRADURAS TRANCAS Y CANDADOS	product_cat
4826	CERRADURAS TRANCAS Y CANDADOS	product_cat
4830	CERRADURAS TRANCAS Y CANDADOS	product_cat
4833	CERRADURAS TRANCAS Y CANDADOS	product_cat
4839	CERRADURAS TRANCAS Y CANDADOS	product_cat
4842	CERRADURAS TRANCAS Y CANDADOS	product_cat
4878	CERRADURAS TRANCAS Y CANDADOS	product_cat
4888	CERRADURAS TRANCAS Y CANDADOS	product_cat
4923	CERRADURAS TRANCAS Y CANDADOS	product_cat
4958	CERRADURAS TRANCAS Y CANDADOS	product_cat
4961	CERRADURAS TRANCAS Y CANDADOS	product_cat
4970	CERRADURAS TRANCAS Y CANDADOS	product_cat
4978	CERRADURAS TRANCAS Y CANDADOS	product_cat
4983	CERRADURAS TRANCAS Y CANDADOS	product_cat
4987	CERRADURAS TRANCAS Y CANDADOS	product_cat
4990	CERRADURAS TRANCAS Y CANDADOS	product_cat
5002	CERRADURAS TRANCAS Y CANDADOS	product_cat
5010	CERRADURAS TRANCAS Y CANDADOS	product_cat
5012	CERRADURAS TRANCAS Y CANDADOS	product_cat
5015	CERRADURAS TRANCAS Y CANDADOS	product_cat
5017	CERRADURAS TRANCAS Y CANDADOS	product_cat
5022	CERRADURAS TRANCAS Y CANDADOS	product_cat
5019	CERRADURAS TRANCAS Y CANDADOS	product_cat
5008	CERRADURAS TRANCAS Y CANDADOS	product_cat
8505	CERRADURAS TRANCAS Y CANDADOS	product_cat
8503	CERRADURAS TRANCAS Y CANDADOS	product_cat
6113	CERRADURAS TRANCAS Y CANDADOS	product_cat
6115	CERRADURAS TRANCAS Y CANDADOS	product_cat
6202	CERRADURAS TRANCAS Y CANDADOS	product_cat
6208	CERRADURAS TRANCAS Y CANDADOS	product_cat
6209	CERRADURAS TRANCAS Y CANDADOS	product_cat
6211	CERRADURAS TRANCAS Y CANDADOS	product_cat
6223	CERRADURAS TRANCAS Y CANDADOS	product_cat
6230	CERRADURAS TRANCAS Y CANDADOS	product_cat
6232	CERRADURAS TRANCAS Y CANDADOS	product_cat
6259	CERRADURAS TRANCAS Y CANDADOS	product_cat
6261	CERRADURAS TRANCAS Y CANDADOS	product_cat
6266	CERRADURAS TRANCAS Y CANDADOS	product_cat
6270	CERRADURAS TRANCAS Y CANDADOS	product_cat
6274	CERRADURAS TRANCAS Y CANDADOS	product_cat
9017	CERRADURAS TRANCAS Y CANDADOS	product_cat
13249	CERRADURAS TRANCAS Y CANDADOS	product_cat
8146	CERRADURAS TRANCAS Y CANDADOS	product_cat
8148	CERRADURAS TRANCAS Y CANDADOS	product_cat
8157	CERRADURAS TRANCAS Y CANDADOS	product_cat
8164	CERRADURAS TRANCAS Y CANDADOS	product_cat
8166	CERRADURAS TRANCAS Y CANDADOS	product_cat
8171	CERRADURAS TRANCAS Y CANDADOS	product_cat
8192	CERRADURAS TRANCAS Y CANDADOS	product_cat
8197	CERRADURAS TRANCAS Y CANDADOS	product_cat
8511	CERRADURAS TRANCAS Y CANDADOS	product_cat
8513	CERRADURAS TRANCAS Y CANDADOS	product_cat
8514	CERRADURAS TRANCAS Y CANDADOS	product_cat
8517	CERRADURAS TRANCAS Y CANDADOS	product_cat
8520	CERRADURAS TRANCAS Y CANDADOS	product_cat
8523	CERRADURAS TRANCAS Y CANDADOS	product_cat
8530	CERRADURAS TRANCAS Y CANDADOS	product_cat
8533	CERRADURAS TRANCAS Y CANDADOS	product_cat
8538	CERRADURAS TRANCAS Y CANDADOS	product_cat
8708	CERRADURAS TRANCAS Y CANDADOS	product_cat
8710	CERRADURAS TRANCAS Y CANDADOS	product_cat
8712	CERRADURAS TRANCAS Y CANDADOS	product_cat
8713	CERRADURAS TRANCAS Y CANDADOS	product_cat
8910	CERRADURAS TRANCAS Y CANDADOS	product_cat
8913	CERRADURAS TRANCAS Y CANDADOS	product_cat
8915	CERRADURAS TRANCAS Y CANDADOS	product_cat
8916	CERRADURAS TRANCAS Y CANDADOS	product_cat
8920	CERRADURAS TRANCAS Y CANDADOS	product_cat
8923	CERRADURAS TRANCAS Y CANDADOS	product_cat
9021	CERRADURAS TRANCAS Y CANDADOS	product_cat
9023	CERRADURAS TRANCAS Y CANDADOS	product_cat
9042	CERRADURAS TRANCAS Y CANDADOS	product_cat
9048	CERRADURAS TRANCAS Y CANDADOS	product_cat
9051	CERRADURAS TRANCAS Y CANDADOS	product_cat
9098	CERRADURAS TRANCAS Y CANDADOS	product_cat
13131	CERRADURAS TRANCAS Y CANDADOS	product_cat
10532	CERRADURAS TRANCAS Y CANDADOS	product_cat
10533	CERRADURAS TRANCAS Y CANDADOS	product_cat
10981	CERRADURAS TRANCAS Y CANDADOS	product_cat
10995	CERRADURAS TRANCAS Y CANDADOS	product_cat
10996	CERRADURAS TRANCAS Y CANDADOS	product_cat
10998	CERRADURAS TRANCAS Y CANDADOS	product_cat
10999	CERRADURAS TRANCAS Y CANDADOS	product_cat
11351	CERRADURAS TRANCAS Y CANDADOS	product_cat
11434	CERRADURAS TRANCAS Y CANDADOS	product_cat
11618	CERRADURAS TRANCAS Y CANDADOS	product_cat
11669	CERRADURAS TRANCAS Y CANDADOS	product_cat
11671	CERRADURAS TRANCAS Y CANDADOS	product_cat
13928	CERRADURAS TRANCAS Y CANDADOS	product_cat
11779	CERRADURAS TRANCAS Y CANDADOS	product_cat
11861	CERRADURAS TRANCAS Y CANDADOS	product_cat
11865	CERRADURAS TRANCAS Y CANDADOS	product_cat
11866	CERRADURAS TRANCAS Y CANDADOS	product_cat
12053	CERRADURAS TRANCAS Y CANDADOS	product_cat
12102	CERRADURAS TRANCAS Y CANDADOS	product_cat
12201	CERRADURAS TRANCAS Y CANDADOS	product_cat
12204	CERRADURAS TRANCAS Y CANDADOS	product_cat
12254	CERRADURAS TRANCAS Y CANDADOS	product_cat
12335	CERRADURAS TRANCAS Y CANDADOS	product_cat
12450	CERRADURAS TRANCAS Y CANDADOS	product_cat
12456	CERRADURAS TRANCAS Y CANDADOS	product_cat
12476	CERRADURAS TRANCAS Y CANDADOS	product_cat
12950	CERRADURAS TRANCAS Y CANDADOS	product_cat
12956	CERRADURAS TRANCAS Y CANDADOS	product_cat
13537	CERRADURAS TRANCAS Y CANDADOS	product_cat
13538	CERRADURAS TRANCAS Y CANDADOS	product_cat
13539	CERRADURAS TRANCAS Y CANDADOS	product_cat
13541	CERRADURAS TRANCAS Y CANDADOS	product_cat
13544	CERRADURAS TRANCAS Y CANDADOS	product_cat
13546	CERRADURAS TRANCAS Y CANDADOS	product_cat
13547	CERRADURAS TRANCAS Y CANDADOS	product_cat
13548	CERRADURAS TRANCAS Y CANDADOS	product_cat
13562	CERRADURAS TRANCAS Y CANDADOS	product_cat
13564	CERRADURAS TRANCAS Y CANDADOS	product_cat
13726	CERRADURAS TRANCAS Y CANDADOS	product_cat
14074	CERRADURAS TRANCAS Y CANDADOS	product_cat
14077	CERRADURAS TRANCAS Y CANDADOS	product_cat
14078	CERRADURAS TRANCAS Y CANDADOS	product_cat
14080	CERRADURAS TRANCAS Y CANDADOS	product_cat
14165	CERRADURAS TRANCAS Y CANDADOS	product_cat
14174	CERRADURAS TRANCAS Y CANDADOS	product_cat
14175	CERRADURAS TRANCAS Y CANDADOS	product_cat
14244	CERRADURAS TRANCAS Y CANDADOS	product_cat
14287	CERRADURAS TRANCAS Y CANDADOS	product_cat
14291	CERRADURAS TRANCAS Y CANDADOS	product_cat
14393	CERRADURAS TRANCAS Y CANDADOS	product_cat
14571	CERRADURAS TRANCAS Y CANDADOS	product_cat
14639	CERRADURAS TRANCAS Y CANDADOS	product_cat
14646	CERRADURAS TRANCAS Y CANDADOS	product_cat
14775	CERRADURAS TRANCAS Y CANDADOS	product_cat
14779	CERRADURAS TRANCAS Y CANDADOS	product_cat
14843	CERRADURAS TRANCAS Y CANDADOS	product_cat
14844	CERRADURAS TRANCAS Y CANDADOS	product_cat
14908	CERRADURAS TRANCAS Y CANDADOS	product_cat
15098	CERRADURAS TRANCAS Y CANDADOS	product_cat
15278	CERRADURAS TRANCAS Y CANDADOS	product_cat
15653	CERRADURAS TRANCAS Y CANDADOS	product_cat
15664	CERRADURAS TRANCAS Y CANDADOS	product_cat
15668	CERRADURAS TRANCAS Y CANDADOS	product_cat
15713	CERRADURAS TRANCAS Y CANDADOS	product_cat
15729	CERRADURAS TRANCAS Y CANDADOS	product_cat
16223	CERRADURAS TRANCAS Y CANDADOS	product_cat
16349	CERRADURAS TRANCAS Y CANDADOS	product_cat
16357	CERRADURAS TRANCAS Y CANDADOS	product_cat
16448	CERRADURAS TRANCAS Y CANDADOS	product_cat
16540	CERRADURAS TRANCAS Y CANDADOS	product_cat
16634	CERRADURAS TRANCAS Y CANDADOS	product_cat
16644	CERRADURAS TRANCAS Y CANDADOS	product_cat
16647	CERRADURAS TRANCAS Y CANDADOS	product_cat
19668	CERRADURAS TRANCAS Y CANDADOS	product_cat
19669	CERRADURAS TRANCAS Y CANDADOS	product_cat
19670	CERRADURAS TRANCAS Y CANDADOS	product_cat
11663	Clavos	product_cat
15970	Clavos	product_cat
14954	Clavos	product_cat
15012	Clavos	product_cat
16147	Clavos	product_cat
6380	Rodillos	product_cat
7328	Rodillos	product_cat
7330	Rodillos	product_cat
7341	Rodillos	product_cat
7447	Rodillos	product_cat
7455	Rodillos	product_cat
7472	Rodillos	product_cat
7481	Rodillos	product_cat
7496	Rodillos	product_cat
7503	Rodillos	product_cat
10414	Rodillos	product_cat
13324	Rodillos	product_cat
14627	Rodillos	product_cat
15044	Rodillos	product_cat
7342	Pinceles	product_cat
7346	Pinceles	product_cat
7348	Pinceles	product_cat
7900	Pinceles	product_cat
7920	Pinceles	product_cat
7937	Pinceles	product_cat
8189	Pinceles	product_cat
8191	Pinceles	product_cat
10650	Pinceles	product_cat
10656	Pinceles	product_cat
10906	Pinceles	product_cat
10902	Pinceles	product_cat
9327	Pinceles	product_cat
13454	Pinceles	product_cat
5611	HERRAMIENTAS DE MANO	product_cat
4338	HERRAMIENTAS DE MANO	product_cat
7176	HERRAMIENTAS DE MANO	product_cat
7178	HERRAMIENTAS DE MANO	product_cat
5589	HERRAMIENTAS DE MANO	product_cat
7180	HERRAMIENTAS DE MANO	product_cat
5580	HERRAMIENTAS DE MANO	product_cat
5585	HERRAMIENTAS DE MANO	product_cat
8592	HERRAMIENTAS DE MANO	product_cat
5587	HERRAMIENTAS DE MANO	product_cat
5570	HERRAMIENTAS DE MANO	product_cat
5574	HERRAMIENTAS DE MANO	product_cat
9748	HERRAMIENTAS DE MANO	product_cat
15541	HERRAMIENTAS DE MANO	product_cat
7167	HERRAMIENTAS DE MANO	product_cat
4318	HERRAMIENTAS DE MANO	product_cat
4341	HERRAMIENTAS DE MANO	product_cat
5607	HERRAMIENTAS DE MANO	product_cat
4335	HERRAMIENTAS DE MANO	product_cat
4343	HERRAMIENTAS DE MANO	product_cat
4345	HERRAMIENTAS DE MANO	product_cat
9108	HERRAMIENTAS DE MANO	product_cat
4638	HERRAMIENTAS DE MANO	product_cat
7587	HERRAMIENTAS DE MANO	product_cat
8594	HERRAMIENTAS DE MANO	product_cat
4816	HERRAMIENTAS DE MANO	product_cat
4818	HERRAMIENTAS DE MANO	product_cat
4821	HERRAMIENTAS DE MANO	product_cat
4944	HERRAMIENTAS DE MANO	product_cat
4946	HERRAMIENTAS DE MANO	product_cat
15521	HERRAMIENTAS DE MANO	product_cat
11725	HERRAMIENTAS DE MANO	product_cat
5137	HERRAMIENTAS DE MANO	product_cat
5141	HERRAMIENTAS DE MANO	product_cat
5143	HERRAMIENTAS DE MANO	product_cat
5149	HERRAMIENTAS DE MANO	product_cat
5168	HERRAMIENTAS DE MANO	product_cat
5186	HERRAMIENTAS DE MANO	product_cat
5188	HERRAMIENTAS DE MANO	product_cat
5232	HERRAMIENTAS DE MANO	product_cat
5236	HERRAMIENTAS DE MANO	product_cat
5238	HERRAMIENTAS DE MANO	product_cat
5241	HERRAMIENTAS DE MANO	product_cat
5244	HERRAMIENTAS DE MANO	product_cat
5246	HERRAMIENTAS DE MANO	product_cat
5249	HERRAMIENTAS DE MANO	product_cat
5252	HERRAMIENTAS DE MANO	product_cat
5255	HERRAMIENTAS DE MANO	product_cat
5259	HERRAMIENTAS DE MANO	product_cat
5287	HERRAMIENTAS DE MANO	product_cat
5294	HERRAMIENTAS DE MANO	product_cat
5297	HERRAMIENTAS DE MANO	product_cat
5305	HERRAMIENTAS DE MANO	product_cat
5310	HERRAMIENTAS DE MANO	product_cat
5555	HERRAMIENTAS DE MANO	product_cat
5568	HERRAMIENTAS DE MANO	product_cat
5350	HERRAMIENTAS DE MANO	product_cat
5383	HERRAMIENTAS DE MANO	product_cat
5385	HERRAMIENTAS DE MANO	product_cat
5389	HERRAMIENTAS DE MANO	product_cat
5391	HERRAMIENTAS DE MANO	product_cat
5393	HERRAMIENTAS DE MANO	product_cat
5395	HERRAMIENTAS DE MANO	product_cat
5397	HERRAMIENTAS DE MANO	product_cat
5414	HERRAMIENTAS DE MANO	product_cat
5420	HERRAMIENTAS DE MANO	product_cat
5422	HERRAMIENTAS DE MANO	product_cat
5657	HERRAMIENTAS DE MANO	product_cat
5660	HERRAMIENTAS DE MANO	product_cat
5663	HERRAMIENTAS DE MANO	product_cat
5664	HERRAMIENTAS DE MANO	product_cat
5665	HERRAMIENTAS DE MANO	product_cat
5667	HERRAMIENTAS DE MANO	product_cat
5677	HERRAMIENTAS DE MANO	product_cat
5681	HERRAMIENTAS DE MANO	product_cat
5694	HERRAMIENTAS DE MANO	product_cat
5698	HERRAMIENTAS DE MANO	product_cat
5699	HERRAMIENTAS DE MANO	product_cat
5700	HERRAMIENTAS DE MANO	product_cat
5702	HERRAMIENTAS DE MANO	product_cat
5705	HERRAMIENTAS DE MANO	product_cat
5707	HERRAMIENTAS DE MANO	product_cat
5711	HERRAMIENTAS DE MANO	product_cat
8587	HERRAMIENTAS DE MANO	product_cat
5715	HERRAMIENTAS DE MANO	product_cat
5719	HERRAMIENTAS DE MANO	product_cat
5726	HERRAMIENTAS DE MANO	product_cat
5738	HERRAMIENTAS DE MANO	product_cat
5741	HERRAMIENTAS DE MANO	product_cat
5779	HERRAMIENTAS DE MANO	product_cat
8665	HERRAMIENTAS DE MANO	product_cat
5788	HERRAMIENTAS DE MANO	product_cat
5795	HERRAMIENTAS DE MANO	product_cat
5806	HERRAMIENTAS DE MANO	product_cat
5810	HERRAMIENTAS DE MANO	product_cat
5814	HERRAMIENTAS DE MANO	product_cat
5816	HERRAMIENTAS DE MANO	product_cat
5819	HERRAMIENTAS DE MANO	product_cat
5823	HERRAMIENTAS DE MANO	product_cat
5826	HERRAMIENTAS DE MANO	product_cat
5829	HERRAMIENTAS DE MANO	product_cat
5831	HERRAMIENTAS DE MANO	product_cat
5834	HERRAMIENTAS DE MANO	product_cat
5842	HERRAMIENTAS DE MANO	product_cat
5846	HERRAMIENTAS DE MANO	product_cat
5851	HERRAMIENTAS DE MANO	product_cat
5859	HERRAMIENTAS DE MANO	product_cat
5874	HERRAMIENTAS DE MANO	product_cat
15531	HERRAMIENTAS DE MANO	product_cat
5929	HERRAMIENTAS DE MANO	product_cat
5932	HERRAMIENTAS DE MANO	product_cat
5933	HERRAMIENTAS DE MANO	product_cat
5936	HERRAMIENTAS DE MANO	product_cat
5937	HERRAMIENTAS DE MANO	product_cat
5938	HERRAMIENTAS DE MANO	product_cat
5944	HERRAMIENTAS DE MANO	product_cat
5947	HERRAMIENTAS DE MANO	product_cat
5949	HERRAMIENTAS DE MANO	product_cat
6025	HERRAMIENTAS DE MANO	product_cat
6027	HERRAMIENTAS DE MANO	product_cat
6028	HERRAMIENTAS DE MANO	product_cat
6030	HERRAMIENTAS DE MANO	product_cat
6035	HERRAMIENTAS DE MANO	product_cat
6037	HERRAMIENTAS DE MANO	product_cat
6042	HERRAMIENTAS DE MANO	product_cat
6045	HERRAMIENTAS DE MANO	product_cat
6047	HERRAMIENTAS DE MANO	product_cat
6050	HERRAMIENTAS DE MANO	product_cat
6053	HERRAMIENTAS DE MANO	product_cat
6055	HERRAMIENTAS DE MANO	product_cat
6057	HERRAMIENTAS DE MANO	product_cat
6059	HERRAMIENTAS DE MANO	product_cat
6064	HERRAMIENTAS DE MANO	product_cat
6074	HERRAMIENTAS DE MANO	product_cat
6091	HERRAMIENTAS DE MANO	product_cat
6095	HERRAMIENTAS DE MANO	product_cat
6105	HERRAMIENTAS DE MANO	product_cat
6111	HERRAMIENTAS DE MANO	product_cat
6214	HERRAMIENTAS DE MANO	product_cat
6226	HERRAMIENTAS DE MANO	product_cat
6296	HERRAMIENTAS DE MANO	product_cat
6304	HERRAMIENTAS DE MANO	product_cat
6308	HERRAMIENTAS DE MANO	product_cat
6309	HERRAMIENTAS DE MANO	product_cat
6316	HERRAMIENTAS DE MANO	product_cat
6322	HERRAMIENTAS DE MANO	product_cat
6334	HERRAMIENTAS DE MANO	product_cat
6360	HERRAMIENTAS DE MANO	product_cat
9436	HERRAMIENTAS DE MANO	product_cat
11446	HERRAMIENTAS DE MANO	product_cat
6386	HERRAMIENTAS DE MANO	product_cat
6397	HERRAMIENTAS DE MANO	product_cat
6428	HERRAMIENTAS DE MANO	product_cat
6425	HERRAMIENTAS DE MANO	product_cat
6429	HERRAMIENTAS DE MANO	product_cat
6431	HERRAMIENTAS DE MANO	product_cat
6432	HERRAMIENTAS DE MANO	product_cat
6506	HERRAMIENTAS DE MANO	product_cat
6512	HERRAMIENTAS DE MANO	product_cat
6514	HERRAMIENTAS DE MANO	product_cat
6518	HERRAMIENTAS DE MANO	product_cat
6522	HERRAMIENTAS DE MANO	product_cat
6524	HERRAMIENTAS DE MANO	product_cat
6526	HERRAMIENTAS DE MANO	product_cat
6528	HERRAMIENTAS DE MANO	product_cat
6530	HERRAMIENTAS DE MANO	product_cat
6532	HERRAMIENTAS DE MANO	product_cat
6535	HERRAMIENTAS DE MANO	product_cat
6539	HERRAMIENTAS DE MANO	product_cat
6542	HERRAMIENTAS DE MANO	product_cat
6544	HERRAMIENTAS DE MANO	product_cat
6551	HERRAMIENTAS DE MANO	product_cat
6553	HERRAMIENTAS DE MANO	product_cat
6559	HERRAMIENTAS DE MANO	product_cat
6561	HERRAMIENTAS DE MANO	product_cat
9071	HERRAMIENTAS DE MANO	product_cat
6567	HERRAMIENTAS DE MANO	product_cat
6568	HERRAMIENTAS DE MANO	product_cat
6569	HERRAMIENTAS DE MANO	product_cat
6573	HERRAMIENTAS DE MANO	product_cat
6576	HERRAMIENTAS DE MANO	product_cat
6577	HERRAMIENTAS DE MANO	product_cat
9069	HERRAMIENTAS DE MANO	product_cat
6580	HERRAMIENTAS DE MANO	product_cat
6582	HERRAMIENTAS DE MANO	product_cat
6584	HERRAMIENTAS DE MANO	product_cat
6587	HERRAMIENTAS DE MANO	product_cat
6588	HERRAMIENTAS DE MANO	product_cat
6590	HERRAMIENTAS DE MANO	product_cat
6594	HERRAMIENTAS DE MANO	product_cat
6595	HERRAMIENTAS DE MANO	product_cat
6616	HERRAMIENTAS DE MANO	product_cat
6641	HERRAMIENTAS DE MANO	product_cat
6642	HERRAMIENTAS DE MANO	product_cat
6644	HERRAMIENTAS DE MANO	product_cat
6645	HERRAMIENTAS DE MANO	product_cat
6647	HERRAMIENTAS DE MANO	product_cat
6648	HERRAMIENTAS DE MANO	product_cat
6650	HERRAMIENTAS DE MANO	product_cat
6653	HERRAMIENTAS DE MANO	product_cat
6657	HERRAMIENTAS DE MANO	product_cat
6660	HERRAMIENTAS DE MANO	product_cat
6661	HERRAMIENTAS DE MANO	product_cat
6663	HERRAMIENTAS DE MANO	product_cat
6664	HERRAMIENTAS DE MANO	product_cat
6665	HERRAMIENTAS DE MANO	product_cat
6666	HERRAMIENTAS DE MANO	product_cat
6668	HERRAMIENTAS DE MANO	product_cat
6669	HERRAMIENTAS DE MANO	product_cat
6671	HERRAMIENTAS DE MANO	product_cat
6673	HERRAMIENTAS DE MANO	product_cat
6675	HERRAMIENTAS DE MANO	product_cat
6676	HERRAMIENTAS DE MANO	product_cat
6678	HERRAMIENTAS DE MANO	product_cat
6679	HERRAMIENTAS DE MANO	product_cat
6681	HERRAMIENTAS DE MANO	product_cat
6683	HERRAMIENTAS DE MANO	product_cat
6687	HERRAMIENTAS DE MANO	product_cat
6689	HERRAMIENTAS DE MANO	product_cat
6718	HERRAMIENTAS DE MANO	product_cat
7187	HERRAMIENTAS DE MANO	product_cat
7189	HERRAMIENTAS DE MANO	product_cat
7199	HERRAMIENTAS DE MANO	product_cat
7232	HERRAMIENTAS DE MANO	product_cat
7235	HERRAMIENTAS DE MANO	product_cat
7241	HERRAMIENTAS DE MANO	product_cat
7245	HERRAMIENTAS DE MANO	product_cat
7250	HERRAMIENTAS DE MANO	product_cat
7252	HERRAMIENTAS DE MANO	product_cat
7253	HERRAMIENTAS DE MANO	product_cat
7255	HERRAMIENTAS DE MANO	product_cat
7258	HERRAMIENTAS DE MANO	product_cat
7263	HERRAMIENTAS DE MANO	product_cat
7271	HERRAMIENTAS DE MANO	product_cat
7278	HERRAMIENTAS DE MANO	product_cat
7281	HERRAMIENTAS DE MANO	product_cat
7284	HERRAMIENTAS DE MANO	product_cat
7287	HERRAMIENTAS DE MANO	product_cat
7286	HERRAMIENTAS DE MANO	product_cat
7290	HERRAMIENTAS DE MANO	product_cat
7420	HERRAMIENTAS DE MANO	product_cat
7435	HERRAMIENTAS DE MANO	product_cat
7460	HERRAMIENTAS DE MANO	product_cat
7464	HERRAMIENTAS DE MANO	product_cat
7528	HERRAMIENTAS DE MANO	product_cat
7512	HERRAMIENTAS DE MANO	product_cat
7537	HERRAMIENTAS DE MANO	product_cat
7540	HERRAMIENTAS DE MANO	product_cat
7554	HERRAMIENTAS DE MANO	product_cat
7557	HERRAMIENTAS DE MANO	product_cat
7558	HERRAMIENTAS DE MANO	product_cat
7631	HERRAMIENTAS DE MANO	product_cat
7707	HERRAMIENTAS DE MANO	product_cat
7709	HERRAMIENTAS DE MANO	product_cat
7711	HERRAMIENTAS DE MANO	product_cat
7727	HERRAMIENTAS DE MANO	product_cat
7728	HERRAMIENTAS DE MANO	product_cat
7775	HERRAMIENTAS DE MANO	product_cat
7956	HERRAMIENTAS DE MANO	product_cat
7966	HERRAMIENTAS DE MANO	product_cat
7993	HERRAMIENTAS DE MANO	product_cat
8033	HERRAMIENTAS DE MANO	product_cat
8045	HERRAMIENTAS DE MANO	product_cat
8051	HERRAMIENTAS DE MANO	product_cat
8059	HERRAMIENTAS DE MANO	product_cat
8069	HERRAMIENTAS DE MANO	product_cat
8081	HERRAMIENTAS DE MANO	product_cat
8099	HERRAMIENTAS DE MANO	product_cat
8101	HERRAMIENTAS DE MANO	product_cat
8107	HERRAMIENTAS DE MANO	product_cat
10717	HERRAMIENTAS DE MANO	product_cat
8135	HERRAMIENTAS DE MANO	product_cat
8144	HERRAMIENTAS DE MANO	product_cat
8151	HERRAMIENTAS DE MANO	product_cat
8167	HERRAMIENTAS DE MANO	product_cat
8194	HERRAMIENTAS DE MANO	product_cat
8202	HERRAMIENTAS DE MANO	product_cat
8217	HERRAMIENTAS DE MANO	product_cat
8230	HERRAMIENTAS DE MANO	product_cat
8278	HERRAMIENTAS DE MANO	product_cat
8305	HERRAMIENTAS DE MANO	product_cat
8314	HERRAMIENTAS DE MANO	product_cat
8318	HERRAMIENTAS DE MANO	product_cat
8321	HERRAMIENTAS DE MANO	product_cat
8329	HERRAMIENTAS DE MANO	product_cat
8359	HERRAMIENTAS DE MANO	product_cat
8361	HERRAMIENTAS DE MANO	product_cat
8363	HERRAMIENTAS DE MANO	product_cat
8380	HERRAMIENTAS DE MANO	product_cat
8383	HERRAMIENTAS DE MANO	product_cat
8385	HERRAMIENTAS DE MANO	product_cat
8390	HERRAMIENTAS DE MANO	product_cat
8392	HERRAMIENTAS DE MANO	product_cat
8394	HERRAMIENTAS DE MANO	product_cat
8402	HERRAMIENTAS DE MANO	product_cat
8410	HERRAMIENTAS DE MANO	product_cat
8473	HERRAMIENTAS DE MANO	product_cat
8475	HERRAMIENTAS DE MANO	product_cat
8480	HERRAMIENTAS DE MANO	product_cat
8486	HERRAMIENTAS DE MANO	product_cat
8541	HERRAMIENTAS DE MANO	product_cat
8543	HERRAMIENTAS DE MANO	product_cat
8549	HERRAMIENTAS DE MANO	product_cat
8545	HERRAMIENTAS DE MANO	product_cat
8557	HERRAMIENTAS DE MANO	product_cat
8572	HERRAMIENTAS DE MANO	product_cat
8597	HERRAMIENTAS DE MANO	product_cat
8601	HERRAMIENTAS DE MANO	product_cat
8606	HERRAMIENTAS DE MANO	product_cat
8611	HERRAMIENTAS DE MANO	product_cat
8614	HERRAMIENTAS DE MANO	product_cat
8624	HERRAMIENTAS DE MANO	product_cat
8626	HERRAMIENTAS DE MANO	product_cat
8628	HERRAMIENTAS DE MANO	product_cat
8630	HERRAMIENTAS DE MANO	product_cat
8635	HERRAMIENTAS DE MANO	product_cat
8634	HERRAMIENTAS DE MANO	product_cat
8639	HERRAMIENTAS DE MANO	product_cat
8640	HERRAMIENTAS DE MANO	product_cat
8643	HERRAMIENTAS DE MANO	product_cat
8645	HERRAMIENTAS DE MANO	product_cat
8646	HERRAMIENTAS DE MANO	product_cat
8666	HERRAMIENTAS DE MANO	product_cat
8667	HERRAMIENTAS DE MANO	product_cat
8688	HERRAMIENTAS DE MANO	product_cat
8690	HERRAMIENTAS DE MANO	product_cat
8694	HERRAMIENTAS DE MANO	product_cat
8696	HERRAMIENTAS DE MANO	product_cat
8715	HERRAMIENTAS DE MANO	product_cat
8740	HERRAMIENTAS DE MANO	product_cat
8760	HERRAMIENTAS DE MANO	product_cat
8762	HERRAMIENTAS DE MANO	product_cat
8764	HERRAMIENTAS DE MANO	product_cat
8768	HERRAMIENTAS DE MANO	product_cat
8848	HERRAMIENTAS DE MANO	product_cat
9056	HERRAMIENTAS DE MANO	product_cat
9077	HERRAMIENTAS DE MANO	product_cat
9078	HERRAMIENTAS DE MANO	product_cat
9092	HERRAMIENTAS DE MANO	product_cat
9094	HERRAMIENTAS DE MANO	product_cat
9096	HERRAMIENTAS DE MANO	product_cat
9193	HERRAMIENTAS DE MANO	product_cat
9301	HERRAMIENTAS DE MANO	product_cat
9295	HERRAMIENTAS DE MANO	product_cat
9327	HERRAMIENTAS DE MANO	product_cat
9338	HERRAMIENTAS DE MANO	product_cat
9442	HERRAMIENTAS DE MANO	product_cat
9444	HERRAMIENTAS DE MANO	product_cat
9446	HERRAMIENTAS DE MANO	product_cat
9448	HERRAMIENTAS DE MANO	product_cat
9450	HERRAMIENTAS DE MANO	product_cat
9464	HERRAMIENTAS DE MANO	product_cat
9466	HERRAMIENTAS DE MANO	product_cat
9501	HERRAMIENTAS DE MANO	product_cat
9651	HERRAMIENTAS DE MANO	product_cat
9653	HERRAMIENTAS DE MANO	product_cat
9655	HERRAMIENTAS DE MANO	product_cat
9657	HERRAMIENTAS DE MANO	product_cat
9659	HERRAMIENTAS DE MANO	product_cat
9660	HERRAMIENTAS DE MANO	product_cat
9680	HERRAMIENTAS DE MANO	product_cat
9682	HERRAMIENTAS DE MANO	product_cat
9684	HERRAMIENTAS DE MANO	product_cat
9689	HERRAMIENTAS DE MANO	product_cat
9693	HERRAMIENTAS DE MANO	product_cat
9750	HERRAMIENTAS DE MANO	product_cat
9761	HERRAMIENTAS DE MANO	product_cat
9763	HERRAMIENTAS DE MANO	product_cat
9767	HERRAMIENTAS DE MANO	product_cat
9769	HERRAMIENTAS DE MANO	product_cat
9772	HERRAMIENTAS DE MANO	product_cat
13642	HERRAMIENTAS DE MANO	product_cat
9782	HERRAMIENTAS DE MANO	product_cat
9875	HERRAMIENTAS DE MANO	product_cat
10004	HERRAMIENTAS DE MANO	product_cat
10020	HERRAMIENTAS DE MANO	product_cat
10022	HERRAMIENTAS DE MANO	product_cat
10074	HERRAMIENTAS DE MANO	product_cat
10154	HERRAMIENTAS DE MANO	product_cat
10163	HERRAMIENTAS DE MANO	product_cat
10167	HERRAMIENTAS DE MANO	product_cat
10169	HERRAMIENTAS DE MANO	product_cat
10171	HERRAMIENTAS DE MANO	product_cat
10174	HERRAMIENTAS DE MANO	product_cat
10177	HERRAMIENTAS DE MANO	product_cat
10181	HERRAMIENTAS DE MANO	product_cat
10186	HERRAMIENTAS DE MANO	product_cat
10188	HERRAMIENTAS DE MANO	product_cat
10190	HERRAMIENTAS DE MANO	product_cat
10384	HERRAMIENTAS DE MANO	product_cat
10388	HERRAMIENTAS DE MANO	product_cat
10389	HERRAMIENTAS DE MANO	product_cat
10421	HERRAMIENTAS DE MANO	product_cat
10483	HERRAMIENTAS DE MANO	product_cat
10487	HERRAMIENTAS DE MANO	product_cat
10489	HERRAMIENTAS DE MANO	product_cat
10505	HERRAMIENTAS DE MANO	product_cat
10506	HERRAMIENTAS DE MANO	product_cat
10508	HERRAMIENTAS DE MANO	product_cat
10510	HERRAMIENTAS DE MANO	product_cat
10509	HERRAMIENTAS DE MANO	product_cat
10529	HERRAMIENTAS DE MANO	product_cat
10559	HERRAMIENTAS DE MANO	product_cat
10594	HERRAMIENTAS DE MANO	product_cat
10619	HERRAMIENTAS DE MANO	product_cat
10622	HERRAMIENTAS DE MANO	product_cat
10627	HERRAMIENTAS DE MANO	product_cat
10632	HERRAMIENTAS DE MANO	product_cat
10688	HERRAMIENTAS DE MANO	product_cat
10702	HERRAMIENTAS DE MANO	product_cat
10707	HERRAMIENTAS DE MANO	product_cat
10709	HERRAMIENTAS DE MANO	product_cat
10715	HERRAMIENTAS DE MANO	product_cat
10731	HERRAMIENTAS DE MANO	product_cat
10735	HERRAMIENTAS DE MANO	product_cat
10747	HERRAMIENTAS DE MANO	product_cat
10787	HERRAMIENTAS DE MANO	product_cat
10789	HERRAMIENTAS DE MANO	product_cat
10811	HERRAMIENTAS DE MANO	product_cat
10816	HERRAMIENTAS DE MANO	product_cat
10847	HERRAMIENTAS DE MANO	product_cat
10850	HERRAMIENTAS DE MANO	product_cat
10856	HERRAMIENTAS DE MANO	product_cat
10872	HERRAMIENTAS DE MANO	product_cat
10902	HERRAMIENTAS DE MANO	product_cat
10906	HERRAMIENTAS DE MANO	product_cat
7346	HERRAMIENTAS DE MANO	product_cat
7342	HERRAMIENTAS DE MANO	product_cat
10917	HERRAMIENTAS DE MANO	product_cat
10922	HERRAMIENTAS DE MANO	product_cat
10927	HERRAMIENTAS DE MANO	product_cat
10950	HERRAMIENTAS DE MANO	product_cat
15539	HERRAMIENTAS DE MANO	product_cat
11066	HERRAMIENTAS DE MANO	product_cat
11104	HERRAMIENTAS DE MANO	product_cat
11107	HERRAMIENTAS DE MANO	product_cat
11127	HERRAMIENTAS DE MANO	product_cat
11132	HERRAMIENTAS DE MANO	product_cat
11137	HERRAMIENTAS DE MANO	product_cat
11139	HERRAMIENTAS DE MANO	product_cat
11143	HERRAMIENTAS DE MANO	product_cat
11152	HERRAMIENTAS DE MANO	product_cat
11190	HERRAMIENTAS DE MANO	product_cat
11203	HERRAMIENTAS DE MANO	product_cat
11289	HERRAMIENTAS DE MANO	product_cat
11296	HERRAMIENTAS DE MANO	product_cat
11301	HERRAMIENTAS DE MANO	product_cat
11312	HERRAMIENTAS DE MANO	product_cat
11319	HERRAMIENTAS DE MANO	product_cat
11331	HERRAMIENTAS DE MANO	product_cat
11373	HERRAMIENTAS DE MANO	product_cat
11450	HERRAMIENTAS DE MANO	product_cat
11454	HERRAMIENTAS DE MANO	product_cat
11456	HERRAMIENTAS DE MANO	product_cat
11468	HERRAMIENTAS DE MANO	product_cat
11471	HERRAMIENTAS DE MANO	product_cat
11567	HERRAMIENTAS DE MANO	product_cat
11572	HERRAMIENTAS DE MANO	product_cat
11577	HERRAMIENTAS DE MANO	product_cat
11676	HERRAMIENTAS DE MANO	product_cat
11686	HERRAMIENTAS DE MANO	product_cat
11688	HERRAMIENTAS DE MANO	product_cat
11689	HERRAMIENTAS DE MANO	product_cat
11692	HERRAMIENTAS DE MANO	product_cat
11701	HERRAMIENTAS DE MANO	product_cat
11703	HERRAMIENTAS DE MANO	product_cat
11705	HERRAMIENTAS DE MANO	product_cat
11708	HERRAMIENTAS DE MANO	product_cat
11718	HERRAMIENTAS DE MANO	product_cat
11743	HERRAMIENTAS DE MANO	product_cat
11746	HERRAMIENTAS DE MANO	product_cat
11752	HERRAMIENTAS DE MANO	product_cat
11807	HERRAMIENTAS DE MANO	product_cat
11907	HERRAMIENTAS DE MANO	product_cat
11817	HERRAMIENTAS DE MANO	product_cat
11818	HERRAMIENTAS DE MANO	product_cat
11828	HERRAMIENTAS DE MANO	product_cat
11924	HERRAMIENTAS DE MANO	product_cat
11932	HERRAMIENTAS DE MANO	product_cat
11936	HERRAMIENTAS DE MANO	product_cat
11937	HERRAMIENTAS DE MANO	product_cat
11963	HERRAMIENTAS DE MANO	product_cat
11969	HERRAMIENTAS DE MANO	product_cat
11972	HERRAMIENTAS DE MANO	product_cat
11974	HERRAMIENTAS DE MANO	product_cat
11977	HERRAMIENTAS DE MANO	product_cat
12004	HERRAMIENTAS DE MANO	product_cat
12007	HERRAMIENTAS DE MANO	product_cat
12011	HERRAMIENTAS DE MANO	product_cat
12067	HERRAMIENTAS DE MANO	product_cat
12072	HERRAMIENTAS DE MANO	product_cat
12078	HERRAMIENTAS DE MANO	product_cat
12080	HERRAMIENTAS DE MANO	product_cat
12082	HERRAMIENTAS DE MANO	product_cat
12086	HERRAMIENTAS DE MANO	product_cat
12157	HERRAMIENTAS DE MANO	product_cat
12158	HERRAMIENTAS DE MANO	product_cat
12159	HERRAMIENTAS DE MANO	product_cat
12257	HERRAMIENTAS DE MANO	product_cat
12269	HERRAMIENTAS DE MANO	product_cat
12276	HERRAMIENTAS DE MANO	product_cat
12291	HERRAMIENTAS DE MANO	product_cat
12294	HERRAMIENTAS DE MANO	product_cat
12299	HERRAMIENTAS DE MANO	product_cat
12300	HERRAMIENTAS DE MANO	product_cat
12337	HERRAMIENTAS DE MANO	product_cat
12380	HERRAMIENTAS DE MANO	product_cat
12382	HERRAMIENTAS DE MANO	product_cat
12381	HERRAMIENTAS DE MANO	product_cat
12387	HERRAMIENTAS DE MANO	product_cat
12432	HERRAMIENTAS DE MANO	product_cat
12461	HERRAMIENTAS DE MANO	product_cat
12464	HERRAMIENTAS DE MANO	product_cat
12466	HERRAMIENTAS DE MANO	product_cat
12490	HERRAMIENTAS DE MANO	product_cat
12491	HERRAMIENTAS DE MANO	product_cat
12502	HERRAMIENTAS DE MANO	product_cat
12514	HERRAMIENTAS DE MANO	product_cat
12525	HERRAMIENTAS DE MANO	product_cat
12591	HERRAMIENTAS DE MANO	product_cat
12592	HERRAMIENTAS DE MANO	product_cat
12789	HERRAMIENTAS DE MANO	product_cat
12817	HERRAMIENTAS DE MANO	product_cat
12924	HERRAMIENTAS DE MANO	product_cat
12926	HERRAMIENTAS DE MANO	product_cat
12930	HERRAMIENTAS DE MANO	product_cat
12935	HERRAMIENTAS DE MANO	product_cat
12938	HERRAMIENTAS DE MANO	product_cat
12966	HERRAMIENTAS DE MANO	product_cat
13370	HERRAMIENTAS DE MANO	product_cat
13371	HERRAMIENTAS DE MANO	product_cat
13397	HERRAMIENTAS DE MANO	product_cat
13399	HERRAMIENTAS DE MANO	product_cat
13403	HERRAMIENTAS DE MANO	product_cat
13406	HERRAMIENTAS DE MANO	product_cat
13409	HERRAMIENTAS DE MANO	product_cat
13412	HERRAMIENTAS DE MANO	product_cat
13429	HERRAMIENTAS DE MANO	product_cat
13430	HERRAMIENTAS DE MANO	product_cat
13433	HERRAMIENTAS DE MANO	product_cat
13446	HERRAMIENTAS DE MANO	product_cat
13451	HERRAMIENTAS DE MANO	product_cat
13454	HERRAMIENTAS DE MANO	product_cat
13456	HERRAMIENTAS DE MANO	product_cat
13469	HERRAMIENTAS DE MANO	product_cat
13532	HERRAMIENTAS DE MANO	product_cat
13756	HERRAMIENTAS DE MANO	product_cat
13813	HERRAMIENTAS DE MANO	product_cat
13832	HERRAMIENTAS DE MANO	product_cat
13934	HERRAMIENTAS DE MANO	product_cat
14001	HERRAMIENTAS DE MANO	product_cat
14022	HERRAMIENTAS DE MANO	product_cat
14023	HERRAMIENTAS DE MANO	product_cat
14025	HERRAMIENTAS DE MANO	product_cat
14026	HERRAMIENTAS DE MANO	product_cat
14039	HERRAMIENTAS DE MANO	product_cat
14061	HERRAMIENTAS DE MANO	product_cat
14063	HERRAMIENTAS DE MANO	product_cat
14067	HERRAMIENTAS DE MANO	product_cat
14069	HERRAMIENTAS DE MANO	product_cat
14081	HERRAMIENTAS DE MANO	product_cat
14084	HERRAMIENTAS DE MANO	product_cat
14093	HERRAMIENTAS DE MANO	product_cat
14100	HERRAMIENTAS DE MANO	product_cat
14101	HERRAMIENTAS DE MANO	product_cat
14105	HERRAMIENTAS DE MANO	product_cat
14113	HERRAMIENTAS DE MANO	product_cat
14114	HERRAMIENTAS DE MANO	product_cat
14115	HERRAMIENTAS DE MANO	product_cat
14121	HERRAMIENTAS DE MANO	product_cat
14122	HERRAMIENTAS DE MANO	product_cat
14123	HERRAMIENTAS DE MANO	product_cat
14125	HERRAMIENTAS DE MANO	product_cat
14127	HERRAMIENTAS DE MANO	product_cat
14128	HERRAMIENTAS DE MANO	product_cat
14131	HERRAMIENTAS DE MANO	product_cat
14133	HERRAMIENTAS DE MANO	product_cat
14134	HERRAMIENTAS DE MANO	product_cat
14137	HERRAMIENTAS DE MANO	product_cat
14138	HERRAMIENTAS DE MANO	product_cat
14141	HERRAMIENTAS DE MANO	product_cat
14144	HERRAMIENTAS DE MANO	product_cat
14145	HERRAMIENTAS DE MANO	product_cat
14213	HERRAMIENTAS DE MANO	product_cat
14215	HERRAMIENTAS DE MANO	product_cat
14227	HERRAMIENTAS DE MANO	product_cat
14228	HERRAMIENTAS DE MANO	product_cat
14235	HERRAMIENTAS DE MANO	product_cat
14266	HERRAMIENTAS DE MANO	product_cat
14278	HERRAMIENTAS DE MANO	product_cat
14297	HERRAMIENTAS DE MANO	product_cat
14309	HERRAMIENTAS DE MANO	product_cat
15519	HERRAMIENTAS DE MANO	product_cat
14362	HERRAMIENTAS DE MANO	product_cat
14366	HERRAMIENTAS DE MANO	product_cat
14376	HERRAMIENTAS DE MANO	product_cat
14377	HERRAMIENTAS DE MANO	product_cat
14383	HERRAMIENTAS DE MANO	product_cat
14408	HERRAMIENTAS DE MANO	product_cat
14409	HERRAMIENTAS DE MANO	product_cat
14420	HERRAMIENTAS DE MANO	product_cat
14423	HERRAMIENTAS DE MANO	product_cat
14438	HERRAMIENTAS DE MANO	product_cat
14494	HERRAMIENTAS DE MANO	product_cat
14495	HERRAMIENTAS DE MANO	product_cat
14565	HERRAMIENTAS DE MANO	product_cat
14567	HERRAMIENTAS DE MANO	product_cat
14591	HERRAMIENTAS DE MANO	product_cat
14598	HERRAMIENTAS DE MANO	product_cat
14603	HERRAMIENTAS DE MANO	product_cat
14612	HERRAMIENTAS DE MANO	product_cat
14618	HERRAMIENTAS DE MANO	product_cat
14686	HERRAMIENTAS DE MANO	product_cat
14723	HERRAMIENTAS DE MANO	product_cat
14724	HERRAMIENTAS DE MANO	product_cat
14731	HERRAMIENTAS DE MANO	product_cat
14737	HERRAMIENTAS DE MANO	product_cat
14757	HERRAMIENTAS DE MANO	product_cat
15504	HERRAMIENTAS DE MANO	product_cat
14824	HERRAMIENTAS DE MANO	product_cat
14829	HERRAMIENTAS DE MANO	product_cat
15495	HERRAMIENTAS DE MANO	product_cat
14917	HERRAMIENTAS DE MANO	product_cat
14934	HERRAMIENTAS DE MANO	product_cat
15428	HERRAMIENTAS DE MANO	product_cat
15017	HERRAMIENTAS DE MANO	product_cat
15042	HERRAMIENTAS DE MANO	product_cat
15152	HERRAMIENTAS DE MANO	product_cat
15154	HERRAMIENTAS DE MANO	product_cat
15170	HERRAMIENTAS DE MANO	product_cat
15181	HERRAMIENTAS DE MANO	product_cat
15211	HERRAMIENTAS DE MANO	product_cat
15482	HERRAMIENTAS DE MANO	product_cat
15917	HERRAMIENTAS DE MANO	product_cat
15370	HERRAMIENTAS DE MANO	product_cat
15311	HERRAMIENTAS DE MANO	product_cat
15263	HERRAMIENTAS DE MANO	product_cat
15240	HERRAMIENTAS DE MANO	product_cat
15238	HERRAMIENTAS DE MANO	product_cat
15567	HERRAMIENTAS DE MANO	product_cat
15624	HERRAMIENTAS DE MANO	product_cat
15469	HERRAMIENTAS DE MANO	product_cat
15766	HERRAMIENTAS DE MANO	product_cat
15767	HERRAMIENTAS DE MANO	product_cat
15800	HERRAMIENTAS DE MANO	product_cat
15802	HERRAMIENTAS DE MANO	product_cat
15811	HERRAMIENTAS DE MANO	product_cat
15815	HERRAMIENTAS DE MANO	product_cat
15837	HERRAMIENTAS DE MANO	product_cat
15898	HERRAMIENTAS DE MANO	product_cat
15946	HERRAMIENTAS DE MANO	product_cat
16021	HERRAMIENTAS DE MANO	product_cat
16082	HERRAMIENTAS DE MANO	product_cat
16114	HERRAMIENTAS DE MANO	product_cat
16149	HERRAMIENTAS DE MANO	product_cat
16234	HERRAMIENTAS DE MANO	product_cat
16242	HERRAMIENTAS DE MANO	product_cat
16281	HERRAMIENTAS DE MANO	product_cat
16356	HERRAMIENTAS DE MANO	product_cat
16402	HERRAMIENTAS DE MANO	product_cat
16407	HERRAMIENTAS DE MANO	product_cat
16454	HERRAMIENTAS DE MANO	product_cat
16455	HERRAMIENTAS DE MANO	product_cat
16601	HERRAMIENTAS DE MANO	product_cat
16618	HERRAMIENTAS DE MANO	product_cat
16670	HERRAMIENTAS DE MANO	product_cat
16672	HERRAMIENTAS DE MANO	product_cat
16681	HERRAMIENTAS DE MANO	product_cat
16683	HERRAMIENTAS DE MANO	product_cat
6914	ARTICULOS PARA BAÑO	product_cat
7056	ARTICULOS PARA BAÑO	product_cat
7077	ARTICULOS PARA BAÑO	product_cat
7057	ARTICULOS PARA BAÑO	product_cat
7058	ARTICULOS PARA BAÑO	product_cat
7055	ARTICULOS PARA BAÑO	product_cat
7036	ARTICULOS PARA BAÑO	product_cat
13235	ARTICULOS PARA BAÑO	product_cat
4862	ARTICULOS PARA BAÑO	product_cat
4864	ARTICULOS PARA BAÑO	product_cat
4866	ARTICULOS PARA BAÑO	product_cat
4868	ARTICULOS PARA BAÑO	product_cat
4895	ARTICULOS PARA BAÑO	product_cat
4897	ARTICULOS PARA BAÑO	product_cat
4906	ARTICULOS PARA BAÑO	product_cat
4908	ARTICULOS PARA BAÑO	product_cat
4910	ARTICULOS PARA BAÑO	product_cat
4911	ARTICULOS PARA BAÑO	product_cat
14655	ARTICULOS PARA BAÑO	product_cat
4962	ARTICULOS PARA BAÑO	product_cat
4967	ARTICULOS PARA BAÑO	product_cat
4975	ARTICULOS PARA BAÑO	product_cat
4980	ARTICULOS PARA BAÑO	product_cat
4984	ARTICULOS PARA BAÑO	product_cat
5032	ARTICULOS PARA BAÑO	product_cat
5034	ARTICULOS PARA BAÑO	product_cat
5044	ARTICULOS PARA BAÑO	product_cat
5046	ARTICULOS PARA BAÑO	product_cat
5048	ARTICULOS PARA BAÑO	product_cat
5050	ARTICULOS PARA BAÑO	product_cat
5052	ARTICULOS PARA BAÑO	product_cat
5053	ARTICULOS PARA BAÑO	product_cat
5055	ARTICULOS PARA BAÑO	product_cat
5058	ARTICULOS PARA BAÑO	product_cat
5060	ARTICULOS PARA BAÑO	product_cat
5063	ARTICULOS PARA BAÑO	product_cat
5065	ARTICULOS PARA BAÑO	product_cat
5067	ARTICULOS PARA BAÑO	product_cat
5070	ARTICULOS PARA BAÑO	product_cat
5642	ARTICULOS PARA BAÑO	product_cat
5658	ARTICULOS PARA BAÑO	product_cat
5637	ARTICULOS PARA BAÑO	product_cat
5756	ARTICULOS PARA BAÑO	product_cat
5762	ARTICULOS PARA BAÑO	product_cat
5758	ARTICULOS PARA BAÑO	product_cat
5765	ARTICULOS PARA BAÑO	product_cat
5769	ARTICULOS PARA BAÑO	product_cat
5772	ARTICULOS PARA BAÑO	product_cat
5782	ARTICULOS PARA BAÑO	product_cat
5787	ARTICULOS PARA BAÑO	product_cat
6201	ARTICULOS PARA BAÑO	product_cat
6219	ARTICULOS PARA BAÑO	product_cat
6227	ARTICULOS PARA BAÑO	product_cat
6249	ARTICULOS PARA BAÑO	product_cat
6252	ARTICULOS PARA BAÑO	product_cat
6256	ARTICULOS PARA BAÑO	product_cat
6264	ARTICULOS PARA BAÑO	product_cat
6319	ARTICULOS PARA BAÑO	product_cat
6379	ARTICULOS PARA BAÑO	product_cat
6448	ARTICULOS PARA BAÑO	product_cat
6459	ARTICULOS PARA BAÑO	product_cat
6493	ARTICULOS PARA BAÑO	product_cat
6537	ARTICULOS PARA BAÑO	product_cat
6538	ARTICULOS PARA BAÑO	product_cat
6562	ARTICULOS PARA BAÑO	product_cat
6598	ARTICULOS PARA BAÑO	product_cat
6605	ARTICULOS PARA BAÑO	product_cat
6612	ARTICULOS PARA BAÑO	product_cat
6611	ARTICULOS PARA BAÑO	product_cat
6621	ARTICULOS PARA BAÑO	product_cat
6619	ARTICULOS PARA BAÑO	product_cat
6625	ARTICULOS PARA BAÑO	product_cat
6626	ARTICULOS PARA BAÑO	product_cat
6634	ARTICULOS PARA BAÑO	product_cat
6755	ARTICULOS PARA BAÑO	product_cat
7210	ARTICULOS PARA BAÑO	product_cat
7233	ARTICULOS PARA BAÑO	product_cat
7432	ARTICULOS PARA BAÑO	product_cat
7524	ARTICULOS PARA BAÑO	product_cat
7679	ARTICULOS PARA BAÑO	product_cat
7688	ARTICULOS PARA BAÑO	product_cat
8373	ARTICULOS PARA BAÑO	product_cat
8419	ARTICULOS PARA BAÑO	product_cat
8424	ARTICULOS PARA BAÑO	product_cat
9010	ARTICULOS PARA BAÑO	product_cat
9182	ARTICULOS PARA BAÑO	product_cat
9347	ARTICULOS PARA BAÑO	product_cat
9349	ARTICULOS PARA BAÑO	product_cat
9350	ARTICULOS PARA BAÑO	product_cat
9467	ARTICULOS PARA BAÑO	product_cat
13234	ARTICULOS PARA BAÑO	product_cat
13147	ARTICULOS PARA BAÑO	product_cat
9674	ARTICULOS PARA BAÑO	product_cat
9691	ARTICULOS PARA BAÑO	product_cat
10243	ARTICULOS PARA BAÑO	product_cat
10771	ARTICULOS PARA BAÑO	product_cat
10802	ARTICULOS PARA BAÑO	product_cat
10807	ARTICULOS PARA BAÑO	product_cat
16547	ARTICULOS PARA BAÑO	product_cat
11176	ARTICULOS PARA BAÑO	product_cat
11376	ARTICULOS PARA BAÑO	product_cat
4875	ARTICULOS PARA BAÑO	product_cat
11790	ARTICULOS PARA BAÑO	product_cat
12766	ARTICULOS PARA BAÑO	product_cat
12632	ARTICULOS PARA BAÑO	product_cat
12637	ARTICULOS PARA BAÑO	product_cat
12683	ARTICULOS PARA BAÑO	product_cat
12686	ARTICULOS PARA BAÑO	product_cat
12693	ARTICULOS PARA BAÑO	product_cat
12701	ARTICULOS PARA BAÑO	product_cat
12771	ARTICULOS PARA BAÑO	product_cat
12773	ARTICULOS PARA BAÑO	product_cat
12778	ARTICULOS PARA BAÑO	product_cat
12780	ARTICULOS PARA BAÑO	product_cat
12783	ARTICULOS PARA BAÑO	product_cat
12871	ARTICULOS PARA BAÑO	product_cat
12948	ARTICULOS PARA BAÑO	product_cat
12971	ARTICULOS PARA BAÑO	product_cat
13721	ARTICULOS PARA BAÑO	product_cat
13921	ARTICULOS PARA BAÑO	product_cat
13981	ARTICULOS PARA BAÑO	product_cat
13983	ARTICULOS PARA BAÑO	product_cat
14183	ARTICULOS PARA BAÑO	product_cat
14475	ARTICULOS PARA BAÑO	product_cat
14476	ARTICULOS PARA BAÑO	product_cat
14512	ARTICULOS PARA BAÑO	product_cat
14667	ARTICULOS PARA BAÑO	product_cat
14666	ARTICULOS PARA BAÑO	product_cat
14680	ARTICULOS PARA BAÑO	product_cat
14893	ARTICULOS PARA BAÑO	product_cat
15005	ARTICULOS PARA BAÑO	product_cat
15351	ARTICULOS PARA BAÑO	product_cat
15236	ARTICULOS PARA BAÑO	product_cat
15723	ARTICULOS PARA BAÑO	product_cat
16257	ARTICULOS PARA BAÑO	product_cat
16262	ARTICULOS PARA BAÑO	product_cat
16266	ARTICULOS PARA BAÑO	product_cat
13117	HOGAR Y JARDIN	product_cat
12167	HOGAR Y JARDIN	product_cat
5565	HOGAR Y JARDIN	product_cat
15565	HOGAR Y JARDIN	product_cat
5615	HOGAR Y JARDIN	product_cat
4355	HOGAR Y JARDIN	product_cat
4359	HOGAR Y JARDIN	product_cat
4361	HOGAR Y JARDIN	product_cat
4658	HOGAR Y JARDIN	product_cat
4660	HOGAR Y JARDIN	product_cat
4665	HOGAR Y JARDIN	product_cat
4682	HOGAR Y JARDIN	product_cat
4686	HOGAR Y JARDIN	product_cat
4720	HOGAR Y JARDIN	product_cat
4751	HOGAR Y JARDIN	product_cat
4753	HOGAR Y JARDIN	product_cat
4803	HOGAR Y JARDIN	product_cat
4810	HOGAR Y JARDIN	product_cat
4813	HOGAR Y JARDIN	product_cat
4862	HOGAR Y JARDIN	product_cat
4864	HOGAR Y JARDIN	product_cat
4866	HOGAR Y JARDIN	product_cat
4873	HOGAR Y JARDIN	product_cat
4868	HOGAR Y JARDIN	product_cat
4875	HOGAR Y JARDIN	product_cat
4895	HOGAR Y JARDIN	product_cat
4897	HOGAR Y JARDIN	product_cat
4898	HOGAR Y JARDIN	product_cat
4901	HOGAR Y JARDIN	product_cat
4904	HOGAR Y JARDIN	product_cat
4906	HOGAR Y JARDIN	product_cat
4908	HOGAR Y JARDIN	product_cat
4910	HOGAR Y JARDIN	product_cat
4911	HOGAR Y JARDIN	product_cat
4967	HOGAR Y JARDIN	product_cat
4969	HOGAR Y JARDIN	product_cat
4974	HOGAR Y JARDIN	product_cat
13962	HOGAR Y JARDIN	product_cat
4975	HOGAR Y JARDIN	product_cat
4980	HOGAR Y JARDIN	product_cat
4984	HOGAR Y JARDIN	product_cat
4995	HOGAR Y JARDIN	product_cat
4948	HOGAR Y JARDIN	product_cat
5013	HOGAR Y JARDIN	product_cat
5032	HOGAR Y JARDIN	product_cat
5034	HOGAR Y JARDIN	product_cat
5040	HOGAR Y JARDIN	product_cat
5043	HOGAR Y JARDIN	product_cat
5058	HOGAR Y JARDIN	product_cat
5063	HOGAR Y JARDIN	product_cat
12193	HOGAR Y JARDIN	product_cat
5077	HOGAR Y JARDIN	product_cat
5087	HOGAR Y JARDIN	product_cat
5097	HOGAR Y JARDIN	product_cat
5111	HOGAR Y JARDIN	product_cat
5124	HOGAR Y JARDIN	product_cat
5137	HOGAR Y JARDIN	product_cat
5141	HOGAR Y JARDIN	product_cat
11535	HOGAR Y JARDIN	product_cat
9647	HOGAR Y JARDIN	product_cat
10247	HOGAR Y JARDIN	product_cat
5416	HOGAR Y JARDIN	product_cat
5418	HOGAR Y JARDIN	product_cat
5658	HOGAR Y JARDIN	product_cat
5679	HOGAR Y JARDIN	product_cat
5687	HOGAR Y JARDIN	product_cat
5690	HOGAR Y JARDIN	product_cat
5772	HOGAR Y JARDIN	product_cat
5782	HOGAR Y JARDIN	product_cat
5787	HOGAR Y JARDIN	product_cat
5837	HOGAR Y JARDIN	product_cat
5888	HOGAR Y JARDIN	product_cat
5907	HOGAR Y JARDIN	product_cat
5909	HOGAR Y JARDIN	product_cat
5910	HOGAR Y JARDIN	product_cat
5914	HOGAR Y JARDIN	product_cat
5917	HOGAR Y JARDIN	product_cat
5919	HOGAR Y JARDIN	product_cat
5921	HOGAR Y JARDIN	product_cat
5923	HOGAR Y JARDIN	product_cat
5933	HOGAR Y JARDIN	product_cat
5936	HOGAR Y JARDIN	product_cat
5937	HOGAR Y JARDIN	product_cat
5938	HOGAR Y JARDIN	product_cat
5940	HOGAR Y JARDIN	product_cat
5956	HOGAR Y JARDIN	product_cat
5961	HOGAR Y JARDIN	product_cat
5969	HOGAR Y JARDIN	product_cat
5976	HOGAR Y JARDIN	product_cat
5984	HOGAR Y JARDIN	product_cat
6109	HOGAR Y JARDIN	product_cat
6127	HOGAR Y JARDIN	product_cat
6133	HOGAR Y JARDIN	product_cat
6139	HOGAR Y JARDIN	product_cat
6143	HOGAR Y JARDIN	product_cat
6153	HOGAR Y JARDIN	product_cat
6157	HOGAR Y JARDIN	product_cat
6159	HOGAR Y JARDIN	product_cat
6200	HOGAR Y JARDIN	product_cat
6201	HOGAR Y JARDIN	product_cat
6227	HOGAR Y JARDIN	product_cat
6249	HOGAR Y JARDIN	product_cat
6252	HOGAR Y JARDIN	product_cat
6256	HOGAR Y JARDIN	product_cat
6264	HOGAR Y JARDIN	product_cat
6268	HOGAR Y JARDIN	product_cat
6279	HOGAR Y JARDIN	product_cat
6281	HOGAR Y JARDIN	product_cat
6299	HOGAR Y JARDIN	product_cat
6283	HOGAR Y JARDIN	product_cat
6290	HOGAR Y JARDIN	product_cat
6293	HOGAR Y JARDIN	product_cat
6275	HOGAR Y JARDIN	product_cat
6285	HOGAR Y JARDIN	product_cat
6295	HOGAR Y JARDIN	product_cat
6305	HOGAR Y JARDIN	product_cat
6313	HOGAR Y JARDIN	product_cat
6319	HOGAR Y JARDIN	product_cat
6332	HOGAR Y JARDIN	product_cat
6342	HOGAR Y JARDIN	product_cat
6347	HOGAR Y JARDIN	product_cat
6353	HOGAR Y JARDIN	product_cat
6357	HOGAR Y JARDIN	product_cat
6384	HOGAR Y JARDIN	product_cat
6386	HOGAR Y JARDIN	product_cat
6390	HOGAR Y JARDIN	product_cat
6392	HOGAR Y JARDIN	product_cat
6388	HOGAR Y JARDIN	product_cat
6403	HOGAR Y JARDIN	product_cat
6407	HOGAR Y JARDIN	product_cat
6409	HOGAR Y JARDIN	product_cat
6411	HOGAR Y JARDIN	product_cat
6415	HOGAR Y JARDIN	product_cat
6417	HOGAR Y JARDIN	product_cat
6419	HOGAR Y JARDIN	product_cat
6421	HOGAR Y JARDIN	product_cat
6440	HOGAR Y JARDIN	product_cat
6442	HOGAR Y JARDIN	product_cat
6444	HOGAR Y JARDIN	product_cat
6446	HOGAR Y JARDIN	product_cat
6451	HOGAR Y JARDIN	product_cat
6453	HOGAR Y JARDIN	product_cat
6458	HOGAR Y JARDIN	product_cat
6461	HOGAR Y JARDIN	product_cat
6463	HOGAR Y JARDIN	product_cat
6459	HOGAR Y JARDIN	product_cat
6467	HOGAR Y JARDIN	product_cat
6493	HOGAR Y JARDIN	product_cat
6495	HOGAR Y JARDIN	product_cat
6508	HOGAR Y JARDIN	product_cat
6516	HOGAR Y JARDIN	product_cat
6537	HOGAR Y JARDIN	product_cat
6548	HOGAR Y JARDIN	product_cat
6538	HOGAR Y JARDIN	product_cat
11041	HOGAR Y JARDIN	product_cat
6562	HOGAR Y JARDIN	product_cat
6598	HOGAR Y JARDIN	product_cat
6611	HOGAR Y JARDIN	product_cat
6616	HOGAR Y JARDIN	product_cat
6626	HOGAR Y JARDIN	product_cat
6634	HOGAR Y JARDIN	product_cat
9110	HOGAR Y JARDIN	product_cat
9113	HOGAR Y JARDIN	product_cat
7275	HOGAR Y JARDIN	product_cat
7317	HOGAR Y JARDIN	product_cat
7351	HOGAR Y JARDIN	product_cat
7354	HOGAR Y JARDIN	product_cat
7356	HOGAR Y JARDIN	product_cat
7390	HOGAR Y JARDIN	product_cat
7399	HOGAR Y JARDIN	product_cat
7402	HOGAR Y JARDIN	product_cat
7405	HOGAR Y JARDIN	product_cat
7408	HOGAR Y JARDIN	product_cat
7410	HOGAR Y JARDIN	product_cat
7412	HOGAR Y JARDIN	product_cat
7418	HOGAR Y JARDIN	product_cat
7428	HOGAR Y JARDIN	product_cat
7432	HOGAR Y JARDIN	product_cat
7439	HOGAR Y JARDIN	product_cat
7441	HOGAR Y JARDIN	product_cat
7470	HOGAR Y JARDIN	product_cat
7477	HOGAR Y JARDIN	product_cat
7490	HOGAR Y JARDIN	product_cat
7487	HOGAR Y JARDIN	product_cat
7515	HOGAR Y JARDIN	product_cat
7550	HOGAR Y JARDIN	product_cat
7558	HOGAR Y JARDIN	product_cat
7561	HOGAR Y JARDIN	product_cat
7568	HOGAR Y JARDIN	product_cat
7591	HOGAR Y JARDIN	product_cat
7595	HOGAR Y JARDIN	product_cat
7599	HOGAR Y JARDIN	product_cat
7648	HOGAR Y JARDIN	product_cat
7679	HOGAR Y JARDIN	product_cat
7688	HOGAR Y JARDIN	product_cat
7692	HOGAR Y JARDIN	product_cat
6436	HOGAR Y JARDIN	product_cat
6434	HOGAR Y JARDIN	product_cat
6404	HOGAR Y JARDIN	product_cat
6368	HOGAR Y JARDIN	product_cat
6366	HOGAR Y JARDIN	product_cat
15527	HOGAR Y JARDIN	product_cat
8056	HOGAR Y JARDIN	product_cat
8069	HOGAR Y JARDIN	product_cat
8093	HOGAR Y JARDIN	product_cat
10717	HOGAR Y JARDIN	product_cat
8135	HOGAR Y JARDIN	product_cat
8182	HOGAR Y JARDIN	product_cat
8027	HOGAR Y JARDIN	product_cat
8221	HOGAR Y JARDIN	product_cat
8224	HOGAR Y JARDIN	product_cat
8263	HOGAR Y JARDIN	product_cat
8266	HOGAR Y JARDIN	product_cat
8270	HOGAR Y JARDIN	product_cat
8272	HOGAR Y JARDIN	product_cat
8290	HOGAR Y JARDIN	product_cat
8335	HOGAR Y JARDIN	product_cat
8337	HOGAR Y JARDIN	product_cat
8343	HOGAR Y JARDIN	product_cat
8347	HOGAR Y JARDIN	product_cat
8375	HOGAR Y JARDIN	product_cat
8382	HOGAR Y JARDIN	product_cat
8402	HOGAR Y JARDIN	product_cat
8410	HOGAR Y JARDIN	product_cat
8419	HOGAR Y JARDIN	product_cat
8424	HOGAR Y JARDIN	product_cat
8415	HOGAR Y JARDIN	product_cat
8431	HOGAR Y JARDIN	product_cat
8553	HOGAR Y JARDIN	product_cat
8561	HOGAR Y JARDIN	product_cat
8569	HOGAR Y JARDIN	product_cat
8575	HOGAR Y JARDIN	product_cat
8577	HOGAR Y JARDIN	product_cat
8578	HOGAR Y JARDIN	product_cat
8579	HOGAR Y JARDIN	product_cat
8581	HOGAR Y JARDIN	product_cat
8582	HOGAR Y JARDIN	product_cat
8584	HOGAR Y JARDIN	product_cat
8590	HOGAR Y JARDIN	product_cat
8603	HOGAR Y JARDIN	product_cat
8691	HOGAR Y JARDIN	product_cat
8700	HOGAR Y JARDIN	product_cat
8727	HOGAR Y JARDIN	product_cat
8742	HOGAR Y JARDIN	product_cat
8751	HOGAR Y JARDIN	product_cat
8942	HOGAR Y JARDIN	product_cat
8945	HOGAR Y JARDIN	product_cat
9082	HOGAR Y JARDIN	product_cat
9084	HOGAR Y JARDIN	product_cat
9090	HOGAR Y JARDIN	product_cat
9114	HOGAR Y JARDIN	product_cat
9138	HOGAR Y JARDIN	product_cat
9146	HOGAR Y JARDIN	product_cat
9161	HOGAR Y JARDIN	product_cat
9170	HOGAR Y JARDIN	product_cat
9174	HOGAR Y JARDIN	product_cat
9172	HOGAR Y JARDIN	product_cat
9182	HOGAR Y JARDIN	product_cat
9175	HOGAR Y JARDIN	product_cat
9329	HOGAR Y JARDIN	product_cat
9338	HOGAR Y JARDIN	product_cat
9347	HOGAR Y JARDIN	product_cat
9349	HOGAR Y JARDIN	product_cat
9350	HOGAR Y JARDIN	product_cat
9452	HOGAR Y JARDIN	product_cat
9458	HOGAR Y JARDIN	product_cat
9467	HOGAR Y JARDIN	product_cat
9470	HOGAR Y JARDIN	product_cat
9474	HOGAR Y JARDIN	product_cat
9476	HOGAR Y JARDIN	product_cat
9478	HOGAR Y JARDIN	product_cat
9480	HOGAR Y JARDIN	product_cat
9482	HOGAR Y JARDIN	product_cat
9484	HOGAR Y JARDIN	product_cat
9486	HOGAR Y JARDIN	product_cat
13140	HOGAR Y JARDIN	product_cat
13123	HOGAR Y JARDIN	product_cat
9649	HOGAR Y JARDIN	product_cat
9668	HOGAR Y JARDIN	product_cat
9691	HOGAR Y JARDIN	product_cat
9752	HOGAR Y JARDIN	product_cat
9765	HOGAR Y JARDIN	product_cat
9773	HOGAR Y JARDIN	product_cat
9776	HOGAR Y JARDIN	product_cat
9953	HOGAR Y JARDIN	product_cat
9957	HOGAR Y JARDIN	product_cat
9965	HOGAR Y JARDIN	product_cat
9993	HOGAR Y JARDIN	product_cat
10072	HOGAR Y JARDIN	product_cat
10134	HOGAR Y JARDIN	product_cat
10138	HOGAR Y JARDIN	product_cat
10141	HOGAR Y JARDIN	product_cat
10146	HOGAR Y JARDIN	product_cat
11034	HOGAR Y JARDIN	product_cat
10250	HOGAR Y JARDIN	product_cat
10251	HOGAR Y JARDIN	product_cat
10288	HOGAR Y JARDIN	product_cat
10368	HOGAR Y JARDIN	product_cat
10372	HOGAR Y JARDIN	product_cat
10373	HOGAR Y JARDIN	product_cat
10496	HOGAR Y JARDIN	product_cat
10657	HOGAR Y JARDIN	product_cat
10662	HOGAR Y JARDIN	product_cat
10663	HOGAR Y JARDIN	product_cat
10664	HOGAR Y JARDIN	product_cat
10666	HOGAR Y JARDIN	product_cat
10668	HOGAR Y JARDIN	product_cat
10725	HOGAR Y JARDIN	product_cat
10731	HOGAR Y JARDIN	product_cat
10735	HOGAR Y JARDIN	product_cat
10738	HOGAR Y JARDIN	product_cat
10163	HOGAR Y JARDIN	product_cat
10747	HOGAR Y JARDIN	product_cat
10749	HOGAR Y JARDIN	product_cat
10756	HOGAR Y JARDIN	product_cat
10792	HOGAR Y JARDIN	product_cat
10799	HOGAR Y JARDIN	product_cat
10897	HOGAR Y JARDIN	product_cat
15539	HOGAR Y JARDIN	product_cat
11056	HOGAR Y JARDIN	product_cat
11061	HOGAR Y JARDIN	product_cat
11127	HOGAR Y JARDIN	product_cat
11140	HOGAR Y JARDIN	product_cat
11184	HOGAR Y JARDIN	product_cat
11190	HOGAR Y JARDIN	product_cat
11203	HOGAR Y JARDIN	product_cat
8728	HOGAR Y JARDIN	product_cat
11223	HOGAR Y JARDIN	product_cat
11224	HOGAR Y JARDIN	product_cat
11228	HOGAR Y JARDIN	product_cat
11244	HOGAR Y JARDIN	product_cat
11303	HOGAR Y JARDIN	product_cat
11338	HOGAR Y JARDIN	product_cat
11393	HOGAR Y JARDIN	product_cat
11436	HOGAR Y JARDIN	product_cat
11441	HOGAR Y JARDIN	product_cat
11443	HOGAR Y JARDIN	product_cat
11480	HOGAR Y JARDIN	product_cat
5145	HOGAR Y JARDIN	product_cat
11536	HOGAR Y JARDIN	product_cat
13244	HOGAR Y JARDIN	product_cat
4722	HOGAR Y JARDIN	product_cat
11679	HOGAR Y JARDIN	product_cat
11790	HOGAR Y JARDIN	product_cat
11797	HOGAR Y JARDIN	product_cat
11799	HOGAR Y JARDIN	product_cat
11821	HOGAR Y JARDIN	product_cat
11922	HOGAR Y JARDIN	product_cat
11924	HOGAR Y JARDIN	product_cat
11932	HOGAR Y JARDIN	product_cat
11936	HOGAR Y JARDIN	product_cat
11937	HOGAR Y JARDIN	product_cat
11943	HOGAR Y JARDIN	product_cat
11947	HOGAR Y JARDIN	product_cat
11950	HOGAR Y JARDIN	product_cat
11953	HOGAR Y JARDIN	product_cat
11962	HOGAR Y JARDIN	product_cat
11972	HOGAR Y JARDIN	product_cat
11974	HOGAR Y JARDIN	product_cat
11977	HOGAR Y JARDIN	product_cat
11988	HOGAR Y JARDIN	product_cat
11993	HOGAR Y JARDIN	product_cat
11996	HOGAR Y JARDIN	product_cat
11999	HOGAR Y JARDIN	product_cat
12002	HOGAR Y JARDIN	product_cat
12043	HOGAR Y JARDIN	product_cat
12174	HOGAR Y JARDIN	product_cat
12176	HOGAR Y JARDIN	product_cat
12197	HOGAR Y JARDIN	product_cat
12312	HOGAR Y JARDIN	product_cat
12314	HOGAR Y JARDIN	product_cat
12363	HOGAR Y JARDIN	product_cat
12497	HOGAR Y JARDIN	product_cat
12502	HOGAR Y JARDIN	product_cat
12525	HOGAR Y JARDIN	product_cat
12565	HOGAR Y JARDIN	product_cat
12596	HOGAR Y JARDIN	product_cat
12612	HOGAR Y JARDIN	product_cat
12550	HOGAR Y JARDIN	product_cat
12789	HOGAR Y JARDIN	product_cat
12810	HOGAR Y JARDIN	product_cat
12884	HOGAR Y JARDIN	product_cat
12899	HOGAR Y JARDIN	product_cat
12974	HOGAR Y JARDIN	product_cat
12976	HOGAR Y JARDIN	product_cat
13326	HOGAR Y JARDIN	product_cat
13334	HOGAR Y JARDIN	product_cat
13338	HOGAR Y JARDIN	product_cat
13370	HOGAR Y JARDIN	product_cat
13393	HOGAR Y JARDIN	product_cat
13423	HOGAR Y JARDIN	product_cat
13439	HOGAR Y JARDIN	product_cat
7426	HOGAR Y JARDIN	product_cat
13576	HOGAR Y JARDIN	product_cat
13649	HOGAR Y JARDIN	product_cat
13653	HOGAR Y JARDIN	product_cat
13656	HOGAR Y JARDIN	product_cat
13659	HOGAR Y JARDIN	product_cat
13666	HOGAR Y JARDIN	product_cat
13668	HOGAR Y JARDIN	product_cat
13671	HOGAR Y JARDIN	product_cat
13685	HOGAR Y JARDIN	product_cat
13756	HOGAR Y JARDIN	product_cat
13759	HOGAR Y JARDIN	product_cat
13767	HOGAR Y JARDIN	product_cat
13860	HOGAR Y JARDIN	product_cat
13934	HOGAR Y JARDIN	product_cat
13945	HOGAR Y JARDIN	product_cat
13973	HOGAR Y JARDIN	product_cat
14054	HOGAR Y JARDIN	product_cat
14072	HOGAR Y JARDIN	product_cat
14227	HOGAR Y JARDIN	product_cat
14228	HOGAR Y JARDIN	product_cat
14279	HOGAR Y JARDIN	product_cat
14284	HOGAR Y JARDIN	product_cat
14321	HOGAR Y JARDIN	product_cat
14413	HOGAR Y JARDIN	product_cat
14471	HOGAR Y JARDIN	product_cat
14512	HOGAR Y JARDIN	product_cat
14549	HOGAR Y JARDIN	product_cat
14554	HOGAR Y JARDIN	product_cat
14555	HOGAR Y JARDIN	product_cat
14668	HOGAR Y JARDIN	product_cat
14670	HOGAR Y JARDIN	product_cat
14694	HOGAR Y JARDIN	product_cat
14754	HOGAR Y JARDIN	product_cat
14753	HOGAR Y JARDIN	product_cat
14757	HOGAR Y JARDIN	product_cat
14763	HOGAR Y JARDIN	product_cat
14800	HOGAR Y JARDIN	product_cat
14817	HOGAR Y JARDIN	product_cat
14851	HOGAR Y JARDIN	product_cat
14858	HOGAR Y JARDIN	product_cat
14932	HOGAR Y JARDIN	product_cat
14954	HOGAR Y JARDIN	product_cat
14980	HOGAR Y JARDIN	product_cat
14981	HOGAR Y JARDIN	product_cat
15002	HOGAR Y JARDIN	product_cat
15012	HOGAR Y JARDIN	product_cat
15024	HOGAR Y JARDIN	product_cat
15059	HOGAR Y JARDIN	product_cat
15063	HOGAR Y JARDIN	product_cat
15065	HOGAR Y JARDIN	product_cat
15067	HOGAR Y JARDIN	product_cat
15069	HOGAR Y JARDIN	product_cat
15093	HOGAR Y JARDIN	product_cat
15148	HOGAR Y JARDIN	product_cat
15194	HOGAR Y JARDIN	product_cat
15211	HOGAR Y JARDIN	product_cat
15417	HOGAR Y JARDIN	product_cat
15352	HOGAR Y JARDIN	product_cat
15273	HOGAR Y JARDIN	product_cat
15243	HOGAR Y JARDIN	product_cat
15219	HOGAR Y JARDIN	product_cat
15217	HOGAR Y JARDIN	product_cat
15593	HOGAR Y JARDIN	product_cat
15617	HOGAR Y JARDIN	product_cat
15620	HOGAR Y JARDIN	product_cat
15624	HOGAR Y JARDIN	product_cat
15718	HOGAR Y JARDIN	product_cat
15742	HOGAR Y JARDIN	product_cat
15752	HOGAR Y JARDIN	product_cat
15757	HOGAR Y JARDIN	product_cat
15776	HOGAR Y JARDIN	product_cat
15786	HOGAR Y JARDIN	product_cat
15797	HOGAR Y JARDIN	product_cat
15805	HOGAR Y JARDIN	product_cat
15813	HOGAR Y JARDIN	product_cat
15892	HOGAR Y JARDIN	product_cat
15900	HOGAR Y JARDIN	product_cat
16014	HOGAR Y JARDIN	product_cat
16028	HOGAR Y JARDIN	product_cat
16119	HOGAR Y JARDIN	product_cat
16147	HOGAR Y JARDIN	product_cat
16151	HOGAR Y JARDIN	product_cat
16211	HOGAR Y JARDIN	product_cat
16248	HOGAR Y JARDIN	product_cat
10835	HOGAR Y JARDIN	product_cat
16397	HOGAR Y JARDIN	product_cat
16452	HOGAR Y JARDIN	product_cat
16457	HOGAR Y JARDIN	product_cat
16580	HOGAR Y JARDIN	product_cat
16611	HOGAR Y JARDIN	product_cat
16681	HOGAR Y JARDIN	product_cat
16694	HOGAR Y JARDIN	product_cat
16734	HOGAR Y JARDIN	product_cat
16750	HOGAR Y JARDIN	product_cat
16787	HOGAR Y JARDIN	product_cat
16790	HOGAR Y JARDIN	product_cat
16814	HOGAR Y JARDIN	product_cat
16816	HOGAR Y JARDIN	product_cat
16860	HOGAR Y JARDIN	product_cat
16907	HOGAR Y JARDIN	product_cat
16912	HOGAR Y JARDIN	product_cat
16917	HOGAR Y JARDIN	product_cat
16918	HOGAR Y JARDIN	product_cat
16934	HOGAR Y JARDIN	product_cat
16947	HOGAR Y JARDIN	product_cat
16948	HOGAR Y JARDIN	product_cat
16949	HOGAR Y JARDIN	product_cat
16950	HOGAR Y JARDIN	product_cat
16951	HOGAR Y JARDIN	product_cat
17003	HOGAR Y JARDIN	product_cat
17007	HOGAR Y JARDIN	product_cat
17016	HOGAR Y JARDIN	product_cat
17048	HOGAR Y JARDIN	product_cat
17123	HOGAR Y JARDIN	product_cat
17228	HOGAR Y JARDIN	product_cat
17261	HOGAR Y JARDIN	product_cat
17312	HOGAR Y JARDIN	product_cat
17313	HOGAR Y JARDIN	product_cat
17331	HOGAR Y JARDIN	product_cat
17332	HOGAR Y JARDIN	product_cat
17338	HOGAR Y JARDIN	product_cat
17339	HOGAR Y JARDIN	product_cat
17340	HOGAR Y JARDIN	product_cat
17383	HOGAR Y JARDIN	product_cat
17403	HOGAR Y JARDIN	product_cat
17421	HOGAR Y JARDIN	product_cat
17432	HOGAR Y JARDIN	product_cat
17433	HOGAR Y JARDIN	product_cat
17437	HOGAR Y JARDIN	product_cat
17438	HOGAR Y JARDIN	product_cat
17501	HOGAR Y JARDIN	product_cat
17503	HOGAR Y JARDIN	product_cat
17564	HOGAR Y JARDIN	product_cat
17565	HOGAR Y JARDIN	product_cat
17588	HOGAR Y JARDIN	product_cat
17595	HOGAR Y JARDIN	product_cat
17616	HOGAR Y JARDIN	product_cat
17617	HOGAR Y JARDIN	product_cat
17618	HOGAR Y JARDIN	product_cat
17619	HOGAR Y JARDIN	product_cat
17632	HOGAR Y JARDIN	product_cat
17633	HOGAR Y JARDIN	product_cat
17634	HOGAR Y JARDIN	product_cat
17635	HOGAR Y JARDIN	product_cat
17636	HOGAR Y JARDIN	product_cat
17738	HOGAR Y JARDIN	product_cat
17739	HOGAR Y JARDIN	product_cat
17743	HOGAR Y JARDIN	product_cat
17751	HOGAR Y JARDIN	product_cat
17752	HOGAR Y JARDIN	product_cat
17764	HOGAR Y JARDIN	product_cat
17776	HOGAR Y JARDIN	product_cat
17777	HOGAR Y JARDIN	product_cat
17778	HOGAR Y JARDIN	product_cat
17789	HOGAR Y JARDIN	product_cat
17807	HOGAR Y JARDIN	product_cat
17808	HOGAR Y JARDIN	product_cat
17811	HOGAR Y JARDIN	product_cat
17812	HOGAR Y JARDIN	product_cat
17842	HOGAR Y JARDIN	product_cat
17851	HOGAR Y JARDIN	product_cat
17858	HOGAR Y JARDIN	product_cat
17956	HOGAR Y JARDIN	product_cat
17957	HOGAR Y JARDIN	product_cat
17958	HOGAR Y JARDIN	product_cat
17978	HOGAR Y JARDIN	product_cat
17979	HOGAR Y JARDIN	product_cat
17980	HOGAR Y JARDIN	product_cat
18152	HOGAR Y JARDIN	product_cat
18262	HOGAR Y JARDIN	product_cat
18263	HOGAR Y JARDIN	product_cat
18264	HOGAR Y JARDIN	product_cat
18265	HOGAR Y JARDIN	product_cat
18266	HOGAR Y JARDIN	product_cat
18267	HOGAR Y JARDIN	product_cat
18268	HOGAR Y JARDIN	product_cat
18269	HOGAR Y JARDIN	product_cat
18276	HOGAR Y JARDIN	product_cat
18277	HOGAR Y JARDIN	product_cat
18353	HOGAR Y JARDIN	product_cat
18356	HOGAR Y JARDIN	product_cat
18357	HOGAR Y JARDIN	product_cat
18358	HOGAR Y JARDIN	product_cat
18360	HOGAR Y JARDIN	product_cat
18364	HOGAR Y JARDIN	product_cat
18374	HOGAR Y JARDIN	product_cat
18375	HOGAR Y JARDIN	product_cat
18376	HOGAR Y JARDIN	product_cat
18428	HOGAR Y JARDIN	product_cat
18431	HOGAR Y JARDIN	product_cat
18456	HOGAR Y JARDIN	product_cat
18457	HOGAR Y JARDIN	product_cat
18459	HOGAR Y JARDIN	product_cat
18461	HOGAR Y JARDIN	product_cat
18470	HOGAR Y JARDIN	product_cat
18474	HOGAR Y JARDIN	product_cat
18510	HOGAR Y JARDIN	product_cat
18511	HOGAR Y JARDIN	product_cat
18526	HOGAR Y JARDIN	product_cat
18533	HOGAR Y JARDIN	product_cat
18582	HOGAR Y JARDIN	product_cat
18583	HOGAR Y JARDIN	product_cat
18596	HOGAR Y JARDIN	product_cat
18604	HOGAR Y JARDIN	product_cat
18614	HOGAR Y JARDIN	product_cat
18615	HOGAR Y JARDIN	product_cat
18616	HOGAR Y JARDIN	product_cat
18617	HOGAR Y JARDIN	product_cat
18629	HOGAR Y JARDIN	product_cat
18641	HOGAR Y JARDIN	product_cat
18820	HOGAR Y JARDIN	product_cat
18837	HOGAR Y JARDIN	product_cat
18843	HOGAR Y JARDIN	product_cat
18844	HOGAR Y JARDIN	product_cat
18846	HOGAR Y JARDIN	product_cat
18848	HOGAR Y JARDIN	product_cat
18856	HOGAR Y JARDIN	product_cat
18861	HOGAR Y JARDIN	product_cat
18868	HOGAR Y JARDIN	product_cat
18869	HOGAR Y JARDIN	product_cat
18870	HOGAR Y JARDIN	product_cat
18871	HOGAR Y JARDIN	product_cat
18872	HOGAR Y JARDIN	product_cat
18873	HOGAR Y JARDIN	product_cat
18877	HOGAR Y JARDIN	product_cat
18886	HOGAR Y JARDIN	product_cat
18887	HOGAR Y JARDIN	product_cat
18888	HOGAR Y JARDIN	product_cat
18907	HOGAR Y JARDIN	product_cat
19007	HOGAR Y JARDIN	product_cat
19023	HOGAR Y JARDIN	product_cat
19027	HOGAR Y JARDIN	product_cat
19062	HOGAR Y JARDIN	product_cat
19064	HOGAR Y JARDIN	product_cat
19065	HOGAR Y JARDIN	product_cat
19066	HOGAR Y JARDIN	product_cat
19068	HOGAR Y JARDIN	product_cat
19069	HOGAR Y JARDIN	product_cat
19070	HOGAR Y JARDIN	product_cat
19076	HOGAR Y JARDIN	product_cat
19077	HOGAR Y JARDIN	product_cat
19080	HOGAR Y JARDIN	product_cat
19088	HOGAR Y JARDIN	product_cat
19090	HOGAR Y JARDIN	product_cat
19091	HOGAR Y JARDIN	product_cat
19093	HOGAR Y JARDIN	product_cat
19102	HOGAR Y JARDIN	product_cat
19111	HOGAR Y JARDIN	product_cat
19156	HOGAR Y JARDIN	product_cat
19204	HOGAR Y JARDIN	product_cat
19205	HOGAR Y JARDIN	product_cat
19206	HOGAR Y JARDIN	product_cat
19226	HOGAR Y JARDIN	product_cat
19308	HOGAR Y JARDIN	product_cat
19358	HOGAR Y JARDIN	product_cat
19359	HOGAR Y JARDIN	product_cat
19452	HOGAR Y JARDIN	product_cat
19505	HOGAR Y JARDIN	product_cat
19512	HOGAR Y JARDIN	product_cat
19513	HOGAR Y JARDIN	product_cat
19630	HOGAR Y JARDIN	product_cat
19631	HOGAR Y JARDIN	product_cat
19632	HOGAR Y JARDIN	product_cat
4645	ELECTRICIDAD	product_cat
4646	ELECTRICIDAD	product_cat
4653	ELECTRICIDAD	product_cat
4732	ELECTRICIDAD	product_cat
4736	ELECTRICIDAD	product_cat
4739	ELECTRICIDAD	product_cat
4743	ELECTRICIDAD	product_cat
10677	ELECTRICIDAD	product_cat
5164	ELECTRICIDAD	product_cat
5172	ELECTRICIDAD	product_cat
5174	ELECTRICIDAD	product_cat
5175	ELECTRICIDAD	product_cat
5177	ELECTRICIDAD	product_cat
5184	ELECTRICIDAD	product_cat
5188	ELECTRICIDAD	product_cat
5221	ELECTRICIDAD	product_cat
5224	ELECTRICIDAD	product_cat
5227	ELECTRICIDAD	product_cat
5273	ELECTRICIDAD	product_cat
5275	ELECTRICIDAD	product_cat
5277	ELECTRICIDAD	product_cat
5348	ELECTRICIDAD	product_cat
5369	ELECTRICIDAD	product_cat
5726	ELECTRICIDAD	product_cat
5849	ELECTRICIDAD	product_cat
6022	ELECTRICIDAD	product_cat
6055	ELECTRICIDAD	product_cat
6109	ELECTRICIDAD	product_cat
6145	ELECTRICIDAD	product_cat
6293	ELECTRICIDAD	product_cat
6324	ELECTRICIDAD	product_cat
6328	ELECTRICIDAD	product_cat
11543	ELECTRICIDAD	product_cat
6330	ELECTRICIDAD	product_cat
6401	ELECTRICIDAD	product_cat
9380	ELECTRICIDAD	product_cat
9382	ELECTRICIDAD	product_cat
9376	ELECTRICIDAD	product_cat
7589	ELECTRICIDAD	product_cat
7593	ELECTRICIDAD	product_cat
7604	ELECTRICIDAD	product_cat
6332	ELECTRICIDAD	product_cat
7997	ELECTRICIDAD	product_cat
7999	ELECTRICIDAD	product_cat
8073	ELECTRICIDAD	product_cat
8153	ELECTRICIDAD	product_cat
13302	ELECTRICIDAD	product_cat
8318	ELECTRICIDAD	product_cat
8934	ELECTRICIDAD	product_cat
8936	ELECTRICIDAD	product_cat
8939	ELECTRICIDAD	product_cat
8944	ELECTRICIDAD	product_cat
8948	ELECTRICIDAD	product_cat
8951	ELECTRICIDAD	product_cat
8954	ELECTRICIDAD	product_cat
8958	ELECTRICIDAD	product_cat
8962	ELECTRICIDAD	product_cat
8967	ELECTRICIDAD	product_cat
8971	ELECTRICIDAD	product_cat
8973	ELECTRICIDAD	product_cat
8976	ELECTRICIDAD	product_cat
8980	ELECTRICIDAD	product_cat
8983	ELECTRICIDAD	product_cat
8985	ELECTRICIDAD	product_cat
8988	ELECTRICIDAD	product_cat
8990	ELECTRICIDAD	product_cat
8992	ELECTRICIDAD	product_cat
9003	ELECTRICIDAD	product_cat
9005	ELECTRICIDAD	product_cat
9025	ELECTRICIDAD	product_cat
9027	ELECTRICIDAD	product_cat
9928	ELECTRICIDAD	product_cat
9926	ELECTRICIDAD	product_cat
9035	ELECTRICIDAD	product_cat
10944	ELECTRICIDAD	product_cat
9922	ELECTRICIDAD	product_cat
9924	ELECTRICIDAD	product_cat
12376	ELECTRICIDAD	product_cat
10095	ELECTRICIDAD	product_cat
9295	ELECTRICIDAD	product_cat
9329	ELECTRICIDAD	product_cat
9332	ELECTRICIDAD	product_cat
9336	ELECTRICIDAD	product_cat
9359	ELECTRICIDAD	product_cat
9361	ELECTRICIDAD	product_cat
9366	ELECTRICIDAD	product_cat
9369	ELECTRICIDAD	product_cat
9371	ELECTRICIDAD	product_cat
9387	ELECTRICIDAD	product_cat
9390	ELECTRICIDAD	product_cat
9393	ELECTRICIDAD	product_cat
9398	ELECTRICIDAD	product_cat
9399	ELECTRICIDAD	product_cat
9402	ELECTRICIDAD	product_cat
9414	ELECTRICIDAD	product_cat
9415	ELECTRICIDAD	product_cat
9416	ELECTRICIDAD	product_cat
9417	ELECTRICIDAD	product_cat
9419	ELECTRICIDAD	product_cat
9421	ELECTRICIDAD	product_cat
9422	ELECTRICIDAD	product_cat
9424	ELECTRICIDAD	product_cat
9426	ELECTRICIDAD	product_cat
9428	ELECTRICIDAD	product_cat
9434	ELECTRICIDAD	product_cat
9459	ELECTRICIDAD	product_cat
9461	ELECTRICIDAD	product_cat
9698	ELECTRICIDAD	product_cat
9704	ELECTRICIDAD	product_cat
9706	ELECTRICIDAD	product_cat
9708	ELECTRICIDAD	product_cat
9710	ELECTRICIDAD	product_cat
9712	ELECTRICIDAD	product_cat
9713	ELECTRICIDAD	product_cat
9717	ELECTRICIDAD	product_cat
9722	ELECTRICIDAD	product_cat
9718	ELECTRICIDAD	product_cat
9724	ELECTRICIDAD	product_cat
9727	ELECTRICIDAD	product_cat
9732	ELECTRICIDAD	product_cat
9729	ELECTRICIDAD	product_cat
9739	ELECTRICIDAD	product_cat
9742	ELECTRICIDAD	product_cat
9744	ELECTRICIDAD	product_cat
9773	ELECTRICIDAD	product_cat
9776	ELECTRICIDAD	product_cat
9778	ELECTRICIDAD	product_cat
9790	ELECTRICIDAD	product_cat
9792	ELECTRICIDAD	product_cat
9796	ELECTRICIDAD	product_cat
9799	ELECTRICIDAD	product_cat
9802	ELECTRICIDAD	product_cat
9804	ELECTRICIDAD	product_cat
9806	ELECTRICIDAD	product_cat
9808	ELECTRICIDAD	product_cat
9811	ELECTRICIDAD	product_cat
9813	ELECTRICIDAD	product_cat
9816	ELECTRICIDAD	product_cat
9818	ELECTRICIDAD	product_cat
9823	ELECTRICIDAD	product_cat
9824	ELECTRICIDAD	product_cat
9826	ELECTRICIDAD	product_cat
9828	ELECTRICIDAD	product_cat
9830	ELECTRICIDAD	product_cat
9832	ELECTRICIDAD	product_cat
9834	ELECTRICIDAD	product_cat
9836	ELECTRICIDAD	product_cat
9839	ELECTRICIDAD	product_cat
9841	ELECTRICIDAD	product_cat
9843	ELECTRICIDAD	product_cat
9854	ELECTRICIDAD	product_cat
9856	ELECTRICIDAD	product_cat
9858	ELECTRICIDAD	product_cat
9859	ELECTRICIDAD	product_cat
9861	ELECTRICIDAD	product_cat
9866	ELECTRICIDAD	product_cat
9867	ELECTRICIDAD	product_cat
9869	ELECTRICIDAD	product_cat
9881	ELECTRICIDAD	product_cat
9887	ELECTRICIDAD	product_cat
9889	ELECTRICIDAD	product_cat
9892	ELECTRICIDAD	product_cat
9895	ELECTRICIDAD	product_cat
9897	ELECTRICIDAD	product_cat
9899	ELECTRICIDAD	product_cat
9902	ELECTRICIDAD	product_cat
9904	ELECTRICIDAD	product_cat
9906	ELECTRICIDAD	product_cat
9908	ELECTRICIDAD	product_cat
9910	ELECTRICIDAD	product_cat
9912	ELECTRICIDAD	product_cat
9915	ELECTRICIDAD	product_cat
9919	ELECTRICIDAD	product_cat
9930	ELECTRICIDAD	product_cat
9931	ELECTRICIDAD	product_cat
9934	ELECTRICIDAD	product_cat
9937	ELECTRICIDAD	product_cat
9939	ELECTRICIDAD	product_cat
9941	ELECTRICIDAD	product_cat
9943	ELECTRICIDAD	product_cat
9945	ELECTRICIDAD	product_cat
9953	ELECTRICIDAD	product_cat
9954	ELECTRICIDAD	product_cat
9957	ELECTRICIDAD	product_cat
9960	ELECTRICIDAD	product_cat
9962	ELECTRICIDAD	product_cat
9964	ELECTRICIDAD	product_cat
9965	ELECTRICIDAD	product_cat
9968	ELECTRICIDAD	product_cat
9970	ELECTRICIDAD	product_cat
9973	ELECTRICIDAD	product_cat
9975	ELECTRICIDAD	product_cat
9977	ELECTRICIDAD	product_cat
9979	ELECTRICIDAD	product_cat
9981	ELECTRICIDAD	product_cat
9983	ELECTRICIDAD	product_cat
9985	ELECTRICIDAD	product_cat
9987	ELECTRICIDAD	product_cat
9989	ELECTRICIDAD	product_cat
9991	ELECTRICIDAD	product_cat
10026	ELECTRICIDAD	product_cat
10030	ELECTRICIDAD	product_cat
10033	ELECTRICIDAD	product_cat
10036	ELECTRICIDAD	product_cat
10039	ELECTRICIDAD	product_cat
10041	ELECTRICIDAD	product_cat
10043	ELECTRICIDAD	product_cat
10045	ELECTRICIDAD	product_cat
10046	ELECTRICIDAD	product_cat
10051	ELECTRICIDAD	product_cat
10053	ELECTRICIDAD	product_cat
10059	ELECTRICIDAD	product_cat
10063	ELECTRICIDAD	product_cat
10065	ELECTRICIDAD	product_cat
10072	ELECTRICIDAD	product_cat
10082	ELECTRICIDAD	product_cat
10086	ELECTRICIDAD	product_cat
10087	ELECTRICIDAD	product_cat
10089	ELECTRICIDAD	product_cat
10091	ELECTRICIDAD	product_cat
10093	ELECTRICIDAD	product_cat
10097	ELECTRICIDAD	product_cat
10099	ELECTRICIDAD	product_cat
10103	ELECTRICIDAD	product_cat
10107	ELECTRICIDAD	product_cat
10111	ELECTRICIDAD	product_cat
10116	ELECTRICIDAD	product_cat
10117	ELECTRICIDAD	product_cat
10118	ELECTRICIDAD	product_cat
10120	ELECTRICIDAD	product_cat
10123	ELECTRICIDAD	product_cat
10125	ELECTRICIDAD	product_cat
10127	ELECTRICIDAD	product_cat
10132	ELECTRICIDAD	product_cat
10134	ELECTRICIDAD	product_cat
10138	ELECTRICIDAD	product_cat
10141	ELECTRICIDAD	product_cat
10146	ELECTRICIDAD	product_cat
10131	ELECTRICIDAD	product_cat
10149	ELECTRICIDAD	product_cat
10150	ELECTRICIDAD	product_cat
10152	ELECTRICIDAD	product_cat
10157	ELECTRICIDAD	product_cat
10159	ELECTRICIDAD	product_cat
10161	ELECTRICIDAD	product_cat
10348	ELECTRICIDAD	product_cat
10350	ELECTRICIDAD	product_cat
10462	ELECTRICIDAD	product_cat
10605	ELECTRICIDAD	product_cat
10609	ELECTRICIDAD	product_cat
10612	ELECTRICIDAD	product_cat
10614	ELECTRICIDAD	product_cat
10617	ELECTRICIDAD	product_cat
10837	ELECTRICIDAD	product_cat
10912	ELECTRICIDAD	product_cat
10913	ELECTRICIDAD	product_cat
10946	ELECTRICIDAD	product_cat
11165	ELECTRICIDAD	product_cat
11174	ELECTRICIDAD	product_cat
8002	ELECTRICIDAD	product_cat
8005	ELECTRICIDAD	product_cat
11358	ELECTRICIDAD	product_cat
11540	ELECTRICIDAD	product_cat
11549	ELECTRICIDAD	product_cat
11574	ELECTRICIDAD	product_cat
11633	ELECTRICIDAD	product_cat
11697	ELECTRICIDAD	product_cat
11833	ELECTRICIDAD	product_cat
11851	ELECTRICIDAD	product_cat
11887	ELECTRICIDAD	product_cat
12279	ELECTRICIDAD	product_cat
12280	ELECTRICIDAD	product_cat
12286	ELECTRICIDAD	product_cat
12290	ELECTRICIDAD	product_cat
12340	ELECTRICIDAD	product_cat
12341	ELECTRICIDAD	product_cat
12421	ELECTRICIDAD	product_cat
12422	ELECTRICIDAD	product_cat
12423	ELECTRICIDAD	product_cat
12424	ELECTRICIDAD	product_cat
12840	ELECTRICIDAD	product_cat
12844	ELECTRICIDAD	product_cat
12848	ELECTRICIDAD	product_cat
12851	ELECTRICIDAD	product_cat
12853	ELECTRICIDAD	product_cat
14447	ELECTRICIDAD	product_cat
13379	ELECTRICIDAD	product_cat
13488	ELECTRICIDAD	product_cat
13516	ELECTRICIDAD	product_cat
13520	ELECTRICIDAD	product_cat
13521	ELECTRICIDAD	product_cat
13524	ELECTRICIDAD	product_cat
12856	ELECTRICIDAD	product_cat
13526	ELECTRICIDAD	product_cat
13800	ELECTRICIDAD	product_cat
13802	ELECTRICIDAD	product_cat
13803	ELECTRICIDAD	product_cat
13813	ELECTRICIDAD	product_cat
13925	ELECTRICIDAD	product_cat
13927	ELECTRICIDAD	product_cat
13930	ELECTRICIDAD	product_cat
13952	ELECTRICIDAD	product_cat
13975	ELECTRICIDAD	product_cat
13977	ELECTRICIDAD	product_cat
13986	ELECTRICIDAD	product_cat
13987	ELECTRICIDAD	product_cat
13988	ELECTRICIDAD	product_cat
14031	ELECTRICIDAD	product_cat
14142	ELECTRICIDAD	product_cat
14448	ELECTRICIDAD	product_cat
14496	ELECTRICIDAD	product_cat
14569	ELECTRICIDAD	product_cat
14786	ELECTRICIDAD	product_cat
14790	ELECTRICIDAD	product_cat
14800	ELECTRICIDAD	product_cat
14806	ELECTRICIDAD	product_cat
14854	ELECTRICIDAD	product_cat
14856	ELECTRICIDAD	product_cat
14857	ELECTRICIDAD	product_cat
15390	ELECTRICIDAD	product_cat
15352	ELECTRICIDAD	product_cat
15311	ELECTRICIDAD	product_cat
15265	ELECTRICIDAD	product_cat
15573	ELECTRICIDAD	product_cat
15574	ELECTRICIDAD	product_cat
15882	ELECTRICIDAD	product_cat
15886	ELECTRICIDAD	product_cat
15888	ELECTRICIDAD	product_cat
15890	ELECTRICIDAD	product_cat
16044	ELECTRICIDAD	product_cat
16162	ELECTRICIDAD	product_cat
16418	ELECTRICIDAD	product_cat
16426	ELECTRICIDAD	product_cat
16571	ELECTRICIDAD	product_cat
16763	ELECTRICIDAD	product_cat
16793	ELECTRICIDAD	product_cat
16794	ELECTRICIDAD	product_cat
16901	ELECTRICIDAD	product_cat
16905	ELECTRICIDAD	product_cat
17019	ELECTRICIDAD	product_cat
17020	ELECTRICIDAD	product_cat
17023	ELECTRICIDAD	product_cat
17080	ELECTRICIDAD	product_cat
17097	ELECTRICIDAD	product_cat
17112	ELECTRICIDAD	product_cat
17113	ELECTRICIDAD	product_cat
17230	ELECTRICIDAD	product_cat
17248	ELECTRICIDAD	product_cat
17252	ELECTRICIDAD	product_cat
17267	ELECTRICIDAD	product_cat
17268	ELECTRICIDAD	product_cat
17302	ELECTRICIDAD	product_cat
17304	ELECTRICIDAD	product_cat
17368	ELECTRICIDAD	product_cat
17468	ELECTRICIDAD	product_cat
17469	ELECTRICIDAD	product_cat
17471	ELECTRICIDAD	product_cat
17472	ELECTRICIDAD	product_cat
17538	ELECTRICIDAD	product_cat
17539	ELECTRICIDAD	product_cat
17540	ELECTRICIDAD	product_cat
17541	ELECTRICIDAD	product_cat
17553	ELECTRICIDAD	product_cat
17573	ELECTRICIDAD	product_cat
17650	ELECTRICIDAD	product_cat
17658	ELECTRICIDAD	product_cat
17661	ELECTRICIDAD	product_cat
17690	ELECTRICIDAD	product_cat
17784	ELECTRICIDAD	product_cat
17785	ELECTRICIDAD	product_cat
17850	ELECTRICIDAD	product_cat
17887	ELECTRICIDAD	product_cat
17903	ELECTRICIDAD	product_cat
17904	ELECTRICIDAD	product_cat
17905	ELECTRICIDAD	product_cat
17906	ELECTRICIDAD	product_cat
17935	ELECTRICIDAD	product_cat
17965	ELECTRICIDAD	product_cat
17966	ELECTRICIDAD	product_cat
18009	ELECTRICIDAD	product_cat
18010	ELECTRICIDAD	product_cat
18011	ELECTRICIDAD	product_cat
18012	ELECTRICIDAD	product_cat
18013	ELECTRICIDAD	product_cat
18014	ELECTRICIDAD	product_cat
18015	ELECTRICIDAD	product_cat
18016	ELECTRICIDAD	product_cat
18017	ELECTRICIDAD	product_cat
18018	ELECTRICIDAD	product_cat
18020	ELECTRICIDAD	product_cat
18021	ELECTRICIDAD	product_cat
18024	ELECTRICIDAD	product_cat
18025	ELECTRICIDAD	product_cat
18026	ELECTRICIDAD	product_cat
18027	ELECTRICIDAD	product_cat
18028	ELECTRICIDAD	product_cat
18029	ELECTRICIDAD	product_cat
18034	ELECTRICIDAD	product_cat
18036	ELECTRICIDAD	product_cat
18037	ELECTRICIDAD	product_cat
18038	ELECTRICIDAD	product_cat
18039	ELECTRICIDAD	product_cat
18040	ELECTRICIDAD	product_cat
18041	ELECTRICIDAD	product_cat
18042	ELECTRICIDAD	product_cat
18043	ELECTRICIDAD	product_cat
18044	ELECTRICIDAD	product_cat
18045	ELECTRICIDAD	product_cat
18048	ELECTRICIDAD	product_cat
18060	ELECTRICIDAD	product_cat
18061	ELECTRICIDAD	product_cat
18062	ELECTRICIDAD	product_cat
18063	ELECTRICIDAD	product_cat
18064	ELECTRICIDAD	product_cat
18065	ELECTRICIDAD	product_cat
18066	ELECTRICIDAD	product_cat
18067	ELECTRICIDAD	product_cat
18068	ELECTRICIDAD	product_cat
18069	ELECTRICIDAD	product_cat
18070	ELECTRICIDAD	product_cat
18071	ELECTRICIDAD	product_cat
18072	ELECTRICIDAD	product_cat
18075	ELECTRICIDAD	product_cat
18076	ELECTRICIDAD	product_cat
18077	ELECTRICIDAD	product_cat
18080	ELECTRICIDAD	product_cat
18081	ELECTRICIDAD	product_cat
18082	ELECTRICIDAD	product_cat
18083	ELECTRICIDAD	product_cat
18084	ELECTRICIDAD	product_cat
18085	ELECTRICIDAD	product_cat
18086	ELECTRICIDAD	product_cat
18087	ELECTRICIDAD	product_cat
18088	ELECTRICIDAD	product_cat
18089	ELECTRICIDAD	product_cat
18090	ELECTRICIDAD	product_cat
18091	ELECTRICIDAD	product_cat
18092	ELECTRICIDAD	product_cat
18093	ELECTRICIDAD	product_cat
18094	ELECTRICIDAD	product_cat
18095	ELECTRICIDAD	product_cat
18096	ELECTRICIDAD	product_cat
18097	ELECTRICIDAD	product_cat
18098	ELECTRICIDAD	product_cat
18099	ELECTRICIDAD	product_cat
18100	ELECTRICIDAD	product_cat
18101	ELECTRICIDAD	product_cat
18102	ELECTRICIDAD	product_cat
18103	ELECTRICIDAD	product_cat
18106	ELECTRICIDAD	product_cat
18112	ELECTRICIDAD	product_cat
18113	ELECTRICIDAD	product_cat
18114	ELECTRICIDAD	product_cat
18115	ELECTRICIDAD	product_cat
18116	ELECTRICIDAD	product_cat
18117	ELECTRICIDAD	product_cat
18118	ELECTRICIDAD	product_cat
18119	ELECTRICIDAD	product_cat
18121	ELECTRICIDAD	product_cat
18122	ELECTRICIDAD	product_cat
18123	ELECTRICIDAD	product_cat
18124	ELECTRICIDAD	product_cat
18125	ELECTRICIDAD	product_cat
18126	ELECTRICIDAD	product_cat
18127	ELECTRICIDAD	product_cat
18128	ELECTRICIDAD	product_cat
18129	ELECTRICIDAD	product_cat
18130	ELECTRICIDAD	product_cat
18131	ELECTRICIDAD	product_cat
18132	ELECTRICIDAD	product_cat
18133	ELECTRICIDAD	product_cat
18134	ELECTRICIDAD	product_cat
18135	ELECTRICIDAD	product_cat
18136	ELECTRICIDAD	product_cat
18137	ELECTRICIDAD	product_cat
18138	ELECTRICIDAD	product_cat
18139	ELECTRICIDAD	product_cat
18140	ELECTRICIDAD	product_cat
18141	ELECTRICIDAD	product_cat
18142	ELECTRICIDAD	product_cat
18143	ELECTRICIDAD	product_cat
18147	ELECTRICIDAD	product_cat
18148	ELECTRICIDAD	product_cat
18158	ELECTRICIDAD	product_cat
18159	ELECTRICIDAD	product_cat
18160	ELECTRICIDAD	product_cat
18161	ELECTRICIDAD	product_cat
18162	ELECTRICIDAD	product_cat
18163	ELECTRICIDAD	product_cat
18164	ELECTRICIDAD	product_cat
18165	ELECTRICIDAD	product_cat
18166	ELECTRICIDAD	product_cat
18167	ELECTRICIDAD	product_cat
18168	ELECTRICIDAD	product_cat
18169	ELECTRICIDAD	product_cat
18170	ELECTRICIDAD	product_cat
18171	ELECTRICIDAD	product_cat
18172	ELECTRICIDAD	product_cat
18173	ELECTRICIDAD	product_cat
18274	ELECTRICIDAD	product_cat
18275	ELECTRICIDAD	product_cat
18286	ELECTRICIDAD	product_cat
18288	ELECTRICIDAD	product_cat
18294	ELECTRICIDAD	product_cat
18295	ELECTRICIDAD	product_cat
18296	ELECTRICIDAD	product_cat
18297	ELECTRICIDAD	product_cat
18299	ELECTRICIDAD	product_cat
18300	ELECTRICIDAD	product_cat
18301	ELECTRICIDAD	product_cat
18302	ELECTRICIDAD	product_cat
18303	ELECTRICIDAD	product_cat
18304	ELECTRICIDAD	product_cat
18305	ELECTRICIDAD	product_cat
18306	ELECTRICIDAD	product_cat
18307	ELECTRICIDAD	product_cat
18308	ELECTRICIDAD	product_cat
18309	ELECTRICIDAD	product_cat
18310	ELECTRICIDAD	product_cat
18312	ELECTRICIDAD	product_cat
18313	ELECTRICIDAD	product_cat
18321	ELECTRICIDAD	product_cat
18322	ELECTRICIDAD	product_cat
18325	ELECTRICIDAD	product_cat
18404	ELECTRICIDAD	product_cat
18405	ELECTRICIDAD	product_cat
18406	ELECTRICIDAD	product_cat
18420	ELECTRICIDAD	product_cat
18429	ELECTRICIDAD	product_cat
18430	ELECTRICIDAD	product_cat
18432	ELECTRICIDAD	product_cat
18624	ELECTRICIDAD	product_cat
18661	ELECTRICIDAD	product_cat
18685	ELECTRICIDAD	product_cat
18816	ELECTRICIDAD	product_cat
18819	ELECTRICIDAD	product_cat
18821	ELECTRICIDAD	product_cat
19073	ELECTRICIDAD	product_cat
19099	ELECTRICIDAD	product_cat
19112	ELECTRICIDAD	product_cat
19167	ELECTRICIDAD	product_cat
19184	ELECTRICIDAD	product_cat
19196	ELECTRICIDAD	product_cat
19253	ELECTRICIDAD	product_cat
19290	ELECTRICIDAD	product_cat
19374	ELECTRICIDAD	product_cat
19377	ELECTRICIDAD	product_cat
19398	ELECTRICIDAD	product_cat
19399	ELECTRICIDAD	product_cat
19400	ELECTRICIDAD	product_cat
19433	ELECTRICIDAD	product_cat
19435	ELECTRICIDAD	product_cat
19438	ELECTRICIDAD	product_cat
19439	ELECTRICIDAD	product_cat
19440	ELECTRICIDAD	product_cat
19444	ELECTRICIDAD	product_cat
19610	ELECTRICIDAD	product_cat
19612	ELECTRICIDAD	product_cat
19613	ELECTRICIDAD	product_cat
19634	ELECTRICIDAD	product_cat
19635	ELECTRICIDAD	product_cat
19636	ELECTRICIDAD	product_cat
5340	DISCOS	product_cat
7844	DISCOS	product_cat
5292	DISCOS	product_cat
5313	DISCOS	product_cat
5853	DISCOS	product_cat
7607	DISCOS	product_cat
7611	DISCOS	product_cat
7613	DISCOS	product_cat
7615	DISCOS	product_cat
7617	DISCOS	product_cat
7619	DISCOS	product_cat
7621	DISCOS	product_cat
7623	DISCOS	product_cat
7626	DISCOS	product_cat
7628	DISCOS	product_cat
7630	DISCOS	product_cat
7633	DISCOS	product_cat
7634	DISCOS	product_cat
7641	DISCOS	product_cat
7644	DISCOS	product_cat
7682	DISCOS	product_cat
7685	DISCOS	product_cat
7698	DISCOS	product_cat
7689	DISCOS	product_cat
7693	DISCOS	product_cat
7695	DISCOS	product_cat
13571	DISCOS	product_cat
7703	DISCOS	product_cat
7702	DISCOS	product_cat
7705	DISCOS	product_cat
7714	DISCOS	product_cat
7717	DISCOS	product_cat
7723	DISCOS	product_cat
7733	DISCOS	product_cat
7739	DISCOS	product_cat
7740	DISCOS	product_cat
7742	DISCOS	product_cat
7744	DISCOS	product_cat
7747	DISCOS	product_cat
7787	DISCOS	product_cat
7790	DISCOS	product_cat
7792	DISCOS	product_cat
7797	DISCOS	product_cat
7799	DISCOS	product_cat
7801	DISCOS	product_cat
7802	DISCOS	product_cat
7806	DISCOS	product_cat
7812	DISCOS	product_cat
7815	DISCOS	product_cat
12679	DISCOS	product_cat
7819	DISCOS	product_cat
7822	DISCOS	product_cat
7823	DISCOS	product_cat
7824	DISCOS	product_cat
7827	DISCOS	product_cat
7837	DISCOS	product_cat
7839	DISCOS	product_cat
7841	DISCOS	product_cat
7867	DISCOS	product_cat
7887	DISCOS	product_cat
7951	DISCOS	product_cat
7953	DISCOS	product_cat
7958	DISCOS	product_cat
8068	DISCOS	product_cat
8071	DISCOS	product_cat
15876	DISCOS	product_cat
10513	DISCOS	product_cat
10580	DISCOS	product_cat
10589	DISCOS	product_cat
10977	DISCOS	product_cat
11424	DISCOS	product_cat
11656	DISCOS	product_cat
11867	DISCOS	product_cat
11874	DISCOS	product_cat
11877	DISCOS	product_cat
12372	DISCOS	product_cat
15431	DISCOS	product_cat
15434	DISCOS	product_cat
15435	DISCOS	product_cat
13567	DISCOS	product_cat
13966	DISCOS	product_cat
13965	DISCOS	product_cat
13969	DISCOS	product_cat
13991	DISCOS	product_cat
13993	DISCOS	product_cat
13996	DISCOS	product_cat
13997	DISCOS	product_cat
14148	DISCOS	product_cat
14284	DISCOS	product_cat
14480	DISCOS	product_cat
14483	DISCOS	product_cat
14484	DISCOS	product_cat
15502	DISCOS	product_cat
14831	DISCOS	product_cat
14865	DISCOS	product_cat
14866	DISCOS	product_cat
14930	DISCOS	product_cat
15015	DISCOS	product_cat
15041	DISCOS	product_cat
15410	DISCOS	product_cat
16211	DISCOS	product_cat
15828	DISCOS	product_cat
15941	DISCOS	product_cat
16151	DISCOS	product_cat
16632	DISCOS	product_cat
16699	DISCOS	product_cat
19663	DISCOS	product_cat
7339	Bandejas	product_cat
7341	Bandejas	product_cat
10641	Bandejas	product_cat
13949	Bandejas	product_cat
16242	Bandejas	product_cat
6407	RIEGO	product_cat
6409	RIEGO	product_cat
6411	RIEGO	product_cat
6415	RIEGO	product_cat
6417	RIEGO	product_cat
6419	RIEGO	product_cat
6508	RIEGO	product_cat
7428	RIEGO	product_cat
7439	RIEGO	product_cat
7477	RIEGO	product_cat
9146	RIEGO	product_cat
10247	RIEGO	product_cat
10250	RIEGO	product_cat
10657	RIEGO	product_cat
10662	RIEGO	product_cat
10663	RIEGO	product_cat
10664	RIEGO	product_cat
10666	RIEGO	product_cat
10668	RIEGO	product_cat
10749	RIEGO	product_cat
10756	RIEGO	product_cat
10792	RIEGO	product_cat
10799	RIEGO	product_cat
11148	RIEGO	product_cat
13334	RIEGO	product_cat
13811	RIEGO	product_cat
13826	RIEGO	product_cat
14554	RIEGO	product_cat
14555	RIEGO	product_cat
15148	RIEGO	product_cat
15620	RIEGO	product_cat
15776	RIEGO	product_cat
16452	RIEGO	product_cat
6127	LONAS	product_cat
6159	LONAS	product_cat
11041	LONAS	product_cat
11344	LONAS	product_cat
14469	LONAS	product_cat
4610	LAMPARAS	product_cat
15344	LAMPARAS	product_cat
5172	LAMPARAS	product_cat
5174	LAMPARAS	product_cat
5175	LAMPARAS	product_cat
5275	LAMPARAS	product_cat
9376	LAMPARAS	product_cat
9382	LAMPARAS	product_cat
9380	LAMPARAS	product_cat
7589	LAMPARAS	product_cat
7593	LAMPARAS	product_cat
8382	LAMPARAS	product_cat
9336	LAMPARAS	product_cat
9359	LAMPARAS	product_cat
9361	LAMPARAS	product_cat
9366	LAMPARAS	product_cat
9369	LAMPARAS	product_cat
9371	LAMPARAS	product_cat
9387	LAMPARAS	product_cat
9390	LAMPARAS	product_cat
9393	LAMPARAS	product_cat
9398	LAMPARAS	product_cat
9399	LAMPARAS	product_cat
9402	LAMPARAS	product_cat
9414	LAMPARAS	product_cat
9415	LAMPARAS	product_cat
9416	LAMPARAS	product_cat
9417	LAMPARAS	product_cat
9434	LAMPARAS	product_cat
9459	LAMPARAS	product_cat
9461	LAMPARAS	product_cat
11165	LAMPARAS	product_cat
11174	LAMPARAS	product_cat
12421	LAMPARAS	product_cat
12422	LAMPARAS	product_cat
12423	LAMPARAS	product_cat
12424	LAMPARAS	product_cat
14786	LAMPARAS	product_cat
14788	LAMPARAS	product_cat
16044	LAMPARAS	product_cat
16571	LAMPARAS	product_cat
7160	COCINA	product_cat
5633	COCINA	product_cat
7137	COCINA	product_cat
6875	COCINA	product_cat
4682	COCINA	product_cat
4685	COCINA	product_cat
4720	COCINA	product_cat
4733	COCINA	product_cat
4745	COCINA	product_cat
4862	COCINA	product_cat
4873	COCINA	product_cat
4875	COCINA	product_cat
4895	COCINA	product_cat
4897	COCINA	product_cat
4898	COCINA	product_cat
4901	COCINA	product_cat
4904	COCINA	product_cat
4911	COCINA	product_cat
4962	COCINA	product_cat
4967	COCINA	product_cat
4984	COCINA	product_cat
5032	COCINA	product_cat
5034	COCINA	product_cat
5040	COCINA	product_cat
5043	COCINA	product_cat
5044	COCINA	product_cat
5046	COCINA	product_cat
5048	COCINA	product_cat
5050	COCINA	product_cat
5052	COCINA	product_cat
5565	COCINA	product_cat
5629	COCINA	product_cat
5636	COCINA	product_cat
5658	COCINA	product_cat
5652	COCINA	product_cat
5642	COCINA	product_cat
5637	COCINA	product_cat
5687	COCINA	product_cat
5690	COCINA	product_cat
5714	COCINA	product_cat
5727	COCINA	product_cat
5746	COCINA	product_cat
5750	COCINA	product_cat
6200	COCINA	product_cat
6227	COCINA	product_cat
6268	COCINA	product_cat
6365	COCINA	product_cat
6388	COCINA	product_cat
6493	COCINA	product_cat
15361	COCINA	product_cat
6537	COCINA	product_cat
6562	COCINA	product_cat
6626	COCINA	product_cat
6635	COCINA	product_cat
6655	COCINA	product_cat
6694	COCINA	product_cat
6704	COCINA	product_cat
6705	COCINA	product_cat
6709	COCINA	product_cat
7190	COCINA	product_cat
7206	COCINA	product_cat
7418	COCINA	product_cat
7432	COCINA	product_cat
7441	COCINA	product_cat
7688	COCINA	product_cat
7692	COCINA	product_cat
8093	COCINA	product_cat
8182	COCINA	product_cat
8419	COCINA	product_cat
8424	COCINA	product_cat
8570	COCINA	product_cat
8575	COCINA	product_cat
8577	COCINA	product_cat
8578	COCINA	product_cat
8581	COCINA	product_cat
8579	COCINA	product_cat
8582	COCINA	product_cat
8584	COCINA	product_cat
9007	COCINA	product_cat
9138	COCINA	product_cat
9347	COCINA	product_cat
9349	COCINA	product_cat
9350	COCINA	product_cat
9467	COCINA	product_cat
13305	COCINA	product_cat
9668	COCINA	product_cat
9993	COCINA	product_cat
10771	COCINA	product_cat
10802	COCINA	product_cat
10807	COCINA	product_cat
10957	COCINA	product_cat
11635	COCINA	product_cat
11839	COCINA	product_cat
11790	COCINA	product_cat
12174	COCINA	product_cat
12176	COCINA	product_cat
12605	COCINA	product_cat
12771	COCINA	product_cat
12773	COCINA	product_cat
12871	COCINA	product_cat
13690	COCINA	product_cat
13973	COCINA	product_cat
14471	COCINA	product_cat
14655	COCINA	product_cat
15024	COCINA	product_cat
15052	COCINA	product_cat
15351	COCINA	product_cat
15715	COCINA	product_cat
16397	COCINA	product_cat
6193	Acidos	product_cat
13159	Acidos	product_cat
13782	Acidos	product_cat
15992	MALLAS Y ALAMBRES	product_cat
4666	MALLAS Y ALAMBRES	product_cat
8719	MALLAS Y ALAMBRES	product_cat
10835	MALLAS Y ALAMBRES	product_cat
8728	MALLAS Y ALAMBRES	product_cat
11223	MALLAS Y ALAMBRES	product_cat
11224	MALLAS Y ALAMBRES	product_cat
11228	MALLAS Y ALAMBRES	product_cat
15900	MALLAS Y ALAMBRES	product_cat
16002	MALLAS Y ALAMBRES	product_cat
16773	MALLAS Y ALAMBRES	product_cat
16774	MALLAS Y ALAMBRES	product_cat
18462	MALLAS Y ALAMBRES	product_cat
19629	MALLAS Y ALAMBRES	product_cat
8728	MALLA SOMBRA	product_cat
11223	MALLA SOMBRA	product_cat
11224	MALLA SOMBRA	product_cat
11228	MALLA SOMBRA	product_cat
11393	MALLA SOMBRA	product_cat
13147	HERC	product_brand
14675	HERC	product_brand
14690	HERC	product_brand
14693	HERC	product_brand
8150	IMPERMEABILIZANTES	product_cat
8242	IMPERMEABILIZANTES	product_cat
11524	IMPERMEABILIZANTES	product_cat
13344	IMPERMEABILIZANTES	product_cat
13350	IMPERMEABILIZANTES	product_cat
14256	IMPERMEABILIZANTES	product_cat
15863	IMPERMEABILIZANTES	product_cat
10693	TORNILLOS Y BULONES	product_cat
10699	TORNILLOS Y BULONES	product_cat
10701	TORNILLOS Y BULONES	product_cat
11625	TORNILLOS Y BULONES	product_cat
11629	TORNILLOS Y BULONES	product_cat
12062	TORNILLOS Y BULONES	product_cat
12064	TORNILLOS Y BULONES	product_cat
12345	TORNILLOS Y BULONES	product_cat
12347	TORNILLOS Y BULONES	product_cat
13769	TORNILLOS Y BULONES	product_cat
14293	TORNILLOS Y BULONES	product_cat
15118	TORNILLOS Y BULONES	product_cat
15690	TORNILLOS Y BULONES	product_cat
15701	TORNILLOS Y BULONES	product_cat
16366	TORNILLOS Y BULONES	product_cat
5551	Barnices	product_cat
5528	Pinturas sintéticas	product_cat
7848	Pinturas sintéticas	product_cat
7885	Pinturas sintéticas	product_cat
8158	Pinturas al agua	product_cat
13184	Pinturas al agua	product_cat
13177	Pinturas al agua	product_cat
5453	Pinturas al agua	product_cat
5457	Pinturas al agua	product_cat
13344	Pinturas al agua	product_cat
13350	Pinturas al agua	product_cat
7036	GRIFERIA Y SANITARIA	product_cat
7160	GRIFERIA Y SANITARIA	product_cat
7137	GRIFERIA Y SANITARIA	product_cat
7055	GRIFERIA Y SANITARIA	product_cat
7057	GRIFERIA Y SANITARIA	product_cat
7058	GRIFERIA Y SANITARIA	product_cat
7077	GRIFERIA Y SANITARIA	product_cat
7056	GRIFERIA Y SANITARIA	product_cat
6914	GRIFERIA Y SANITARIA	product_cat
4347	GRIFERIA Y SANITARIA	product_cat
4351	GRIFERIA Y SANITARIA	product_cat
4353	GRIFERIA Y SANITARIA	product_cat
4604	GRIFERIA Y SANITARIA	product_cat
4617	GRIFERIA Y SANITARIA	product_cat
4629	GRIFERIA Y SANITARIA	product_cat
4776	GRIFERIA Y SANITARIA	product_cat
4791	GRIFERIA Y SANITARIA	product_cat
4792	GRIFERIA Y SANITARIA	product_cat
4793	GRIFERIA Y SANITARIA	product_cat
4774	GRIFERIA Y SANITARIA	product_cat
4759	GRIFERIA Y SANITARIA	product_cat
4781	GRIFERIA Y SANITARIA	product_cat
4782	GRIFERIA Y SANITARIA	product_cat
4783	GRIFERIA Y SANITARIA	product_cat
4784	GRIFERIA Y SANITARIA	product_cat
4785	GRIFERIA Y SANITARIA	product_cat
4787	GRIFERIA Y SANITARIA	product_cat
4771	GRIFERIA Y SANITARIA	product_cat
4770	GRIFERIA Y SANITARIA	product_cat
4764	GRIFERIA Y SANITARIA	product_cat
4762	GRIFERIA Y SANITARIA	product_cat
4790	GRIFERIA Y SANITARIA	product_cat
4849	GRIFERIA Y SANITARIA	product_cat
4851	GRIFERIA Y SANITARIA	product_cat
4853	GRIFERIA Y SANITARIA	product_cat
4854	GRIFERIA Y SANITARIA	product_cat
4855	GRIFERIA Y SANITARIA	product_cat
4856	GRIFERIA Y SANITARIA	product_cat
4858	GRIFERIA Y SANITARIA	product_cat
4869	GRIFERIA Y SANITARIA	product_cat
4871	GRIFERIA Y SANITARIA	product_cat
4911	GRIFERIA Y SANITARIA	product_cat
4962	GRIFERIA Y SANITARIA	product_cat
4967	GRIFERIA Y SANITARIA	product_cat
4969	GRIFERIA Y SANITARIA	product_cat
13962	GRIFERIA Y SANITARIA	product_cat
4975	GRIFERIA Y SANITARIA	product_cat
4980	GRIFERIA Y SANITARIA	product_cat
4984	GRIFERIA Y SANITARIA	product_cat
5032	GRIFERIA Y SANITARIA	product_cat
5034	GRIFERIA Y SANITARIA	product_cat
5036	GRIFERIA Y SANITARIA	product_cat
5038	GRIFERIA Y SANITARIA	product_cat
5040	GRIFERIA Y SANITARIA	product_cat
5044	GRIFERIA Y SANITARIA	product_cat
5046	GRIFERIA Y SANITARIA	product_cat
5048	GRIFERIA Y SANITARIA	product_cat
5050	GRIFERIA Y SANITARIA	product_cat
5052	GRIFERIA Y SANITARIA	product_cat
5053	GRIFERIA Y SANITARIA	product_cat
5055	GRIFERIA Y SANITARIA	product_cat
5058	GRIFERIA Y SANITARIA	product_cat
5060	GRIFERIA Y SANITARIA	product_cat
5067	GRIFERIA Y SANITARIA	product_cat
5070	GRIFERIA Y SANITARIA	product_cat
6200	GRIFERIA Y SANITARIA	product_cat
6201	GRIFERIA Y SANITARIA	product_cat
6219	GRIFERIA Y SANITARIA	product_cat
6268	GRIFERIA Y SANITARIA	product_cat
6399	GRIFERIA Y SANITARIA	product_cat
6602	GRIFERIA Y SANITARIA	product_cat
6612	GRIFERIA Y SANITARIA	product_cat
6621	GRIFERIA Y SANITARIA	product_cat
6619	GRIFERIA Y SANITARIA	product_cat
6625	GRIFERIA Y SANITARIA	product_cat
6626	GRIFERIA Y SANITARIA	product_cat
6629	GRIFERIA Y SANITARIA	product_cat
6635	GRIFERIA Y SANITARIA	product_cat
6634	GRIFERIA Y SANITARIA	product_cat
6655	GRIFERIA Y SANITARIA	product_cat
6694	GRIFERIA Y SANITARIA	product_cat
6704	GRIFERIA Y SANITARIA	product_cat
6705	GRIFERIA Y SANITARIA	product_cat
6709	GRIFERIA Y SANITARIA	product_cat
6875	GRIFERIA Y SANITARIA	product_cat
7190	GRIFERIA Y SANITARIA	product_cat
7206	GRIFERIA Y SANITARIA	product_cat
7210	GRIFERIA Y SANITARIA	product_cat
7233	GRIFERIA Y SANITARIA	product_cat
7675	GRIFERIA Y SANITARIA	product_cat
8932	GRIFERIA Y SANITARIA	product_cat
9010	GRIFERIA Y SANITARIA	product_cat
13811	GRIFERIA Y SANITARIA	product_cat
9182	GRIFERIA Y SANITARIA	product_cat
9188	GRIFERIA Y SANITARIA	product_cat
13234	GRIFERIA Y SANITARIA	product_cat
9752	GRIFERIA Y SANITARIA	product_cat
4860	GRIFERIA Y SANITARIA	product_cat
11148	GRIFERIA Y SANITARIA	product_cat
11909	GRIFERIA Y SANITARIA	product_cat
11941	GRIFERIA Y SANITARIA	product_cat
14333	GRIFERIA Y SANITARIA	product_cat
13235	GRIFERIA Y SANITARIA	product_cat
13305	GRIFERIA Y SANITARIA	product_cat
13690	GRIFERIA Y SANITARIA	product_cat
13702	GRIFERIA Y SANITARIA	product_cat
13826	GRIFERIA Y SANITARIA	product_cat
13862	GRIFERIA Y SANITARIA	product_cat
13868	GRIFERIA Y SANITARIA	product_cat
13873	GRIFERIA Y SANITARIA	product_cat
13877	GRIFERIA Y SANITARIA	product_cat
14459	GRIFERIA Y SANITARIA	product_cat
14471	GRIFERIA Y SANITARIA	product_cat
14559	GRIFERIA Y SANITARIA	product_cat
14655	GRIFERIA Y SANITARIA	product_cat
14899	GRIFERIA Y SANITARIA	product_cat
14956	GRIFERIA Y SANITARIA	product_cat
14959	GRIFERIA Y SANITARIA	product_cat
14960	GRIFERIA Y SANITARIA	product_cat
15024	GRIFERIA Y SANITARIA	product_cat
15576	GRIFERIA Y SANITARIA	product_cat
15581	GRIFERIA Y SANITARIA	product_cat
15513	GRIFERIA Y SANITARIA	product_cat
15641	GRIFERIA Y SANITARIA	product_cat
15648	GRIFERIA Y SANITARIA	product_cat
16007	GRIFERIA Y SANITARIA	product_cat
16452	GRIFERIA Y SANITARIA	product_cat
16477	GRIFERIA Y SANITARIA	product_cat
16517	GRIFERIA Y SANITARIA	product_cat
16520	GRIFERIA Y SANITARIA	product_cat
16975	GRIFERIA Y SANITARIA	product_cat
16976	GRIFERIA Y SANITARIA	product_cat
16977	GRIFERIA Y SANITARIA	product_cat
16991	GRIFERIA Y SANITARIA	product_cat
17109	GRIFERIA Y SANITARIA	product_cat
17151	GRIFERIA Y SANITARIA	product_cat
17285	GRIFERIA Y SANITARIA	product_cat
17286	GRIFERIA Y SANITARIA	product_cat
17287	GRIFERIA Y SANITARIA	product_cat
17288	GRIFERIA Y SANITARIA	product_cat
17297	GRIFERIA Y SANITARIA	product_cat
17303	GRIFERIA Y SANITARIA	product_cat
17637	GRIFERIA Y SANITARIA	product_cat
17787	GRIFERIA Y SANITARIA	product_cat
18354	GRIFERIA Y SANITARIA	product_cat
18433	GRIFERIA Y SANITARIA	product_cat
18792	GRIFERIA Y SANITARIA	product_cat
18977	GRIFERIA Y SANITARIA	product_cat
18987	GRIFERIA Y SANITARIA	product_cat
19067	GRIFERIA Y SANITARIA	product_cat
19499	GRIFERIA Y SANITARIA	product_cat
19500	GRIFERIA Y SANITARIA	product_cat
19561	GRIFERIA Y SANITARIA	product_cat
19562	GRIFERIA Y SANITARIA	product_cat
19567	GRIFERIA Y SANITARIA	product_cat
19590	GRIFERIA Y SANITARIA	product_cat
19591	GRIFERIA Y SANITARIA	product_cat
19592	GRIFERIA Y SANITARIA	product_cat
19593	GRIFERIA Y SANITARIA	product_cat
19594	GRIFERIA Y SANITARIA	product_cat
19595	GRIFERIA Y SANITARIA	product_cat
19596	GRIFERIA Y SANITARIA	product_cat
19597	GRIFERIA Y SANITARIA	product_cat
19598	GRIFERIA Y SANITARIA	product_cat
19599	GRIFERIA Y SANITARIA	product_cat
19600	GRIFERIA Y SANITARIA	product_cat
19601	GRIFERIA Y SANITARIA	product_cat
19602	GRIFERIA Y SANITARIA	product_cat
19603	GRIFERIA Y SANITARIA	product_cat
19604	GRIFERIA Y SANITARIA	product_cat
19605	GRIFERIA Y SANITARIA	product_cat
19606	GRIFERIA Y SANITARIA	product_cat
19640	GRIFERIA Y SANITARIA	product_cat
19642	GRIFERIA Y SANITARIA	product_cat
19644	GRIFERIA Y SANITARIA	product_cat
19648	GRIFERIA Y SANITARIA	product_cat
19649	GRIFERIA Y SANITARIA	product_cat
19650	GRIFERIA Y SANITARIA	product_cat
6109	Varios	product_cat
6324	Varios	product_cat
16299	Varios	product_cat
8934	Varios	product_cat
8936	Varios	product_cat
9027	Varios	product_cat
10681	Varios	product_cat
10146	Varios	product_cat
10449	Varios	product_cat
10451	Varios	product_cat
10454	Varios	product_cat
10456	Varios	product_cat
10457	Varios	product_cat
10609	Varios	product_cat
10612	Varios	product_cat
10614	Varios	product_cat
10617	Varios	product_cat
11697	Varios	product_cat
11887	Varios	product_cat
11913	Varios	product_cat
11915	Varios	product_cat
11947	Varios	product_cat
11950	Varios	product_cat
11953	Varios	product_cat
12167	Varios	product_cat
12197	Varios	product_cat
12286	Varios	product_cat
12363	Varios	product_cat
12587	Varios	product_cat
12831	Varios	product_cat
12840	Varios	product_cat
12851	Varios	product_cat
12853	Varios	product_cat
12866	Varios	product_cat
13813	Varios	product_cat
13925	Varios	product_cat
13927	Varios	product_cat
13977	Varios	product_cat
14009	Varios	product_cat
14031	Varios	product_cat
14496	Varios	product_cat
14800	Varios	product_cat
14806	Varios	product_cat
15593	Varios	product_cat
16426	Varios	product_cat
6174	PINTURA EN AEROSOL	product_cat
9530	PINTURA EN AEROSOL	product_cat
10395	PINTURA EN AEROSOL	product_cat
11558	PINTURA EN AEROSOL	product_cat
11560	PINTURA EN AEROSOL	product_cat
11600	PINTURA EN AEROSOL	product_cat
13377	PINTURA EN AEROSOL	product_cat
14381	PINTURA EN AEROSOL	product_cat
4849	CANILLAS	product_cat
4851	CANILLAS	product_cat
4853	CANILLAS	product_cat
4854	CANILLAS	product_cat
4855	CANILLAS	product_cat
4856	CANILLAS	product_cat
4858	CANILLAS	product_cat
4911	CANILLAS	product_cat
6200	CANILLAS	product_cat
14471	CANILLAS	product_cat
14675	CANILLAS	product_cat
15024	CANILLAS	product_cat
6875	MONOCOMANDOS	product_cat
7036	MONOCOMANDOS	product_cat
13234	MONOCOMANDOS	product_cat
7055	MONOCOMANDOS	product_cat
7056	MONOCOMANDOS	product_cat
7058	MONOCOMANDOS	product_cat
7077	MONOCOMANDOS	product_cat
7160	MONOCOMANDOS	product_cat
7057	MONOCOMANDOS	product_cat
7137	MONOCOMANDOS	product_cat
6914	MONOCOMANDOS	product_cat
4617	MONOCOMANDOS	product_cat
4629	MONOCOMANDOS	product_cat
6655	MONOCOMANDOS	product_cat
6694	MONOCOMANDOS	product_cat
6704	MONOCOMANDOS	product_cat
6705	MONOCOMANDOS	product_cat
6709	MONOCOMANDOS	product_cat
7190	MONOCOMANDOS	product_cat
7206	MONOCOMANDOS	product_cat
7210	MONOCOMANDOS	product_cat
7233	MONOCOMANDOS	product_cat
13235	MONOCOMANDOS	product_cat
13305	MONOCOMANDOS	product_cat
13862	MONOCOMANDOS	product_cat
13868	MONOCOMANDOS	product_cat
13873	MONOCOMANDOS	product_cat
13877	MONOCOMANDOS	product_cat
13659	ALAMBRES	product_cat
16005	ALAMBRES	product_cat
7206	WICO	product_brand
6755	CABINAS	product_cat
4685	Muebles de cocina y hogar	product_cat
5642	Muebles de cocina y hogar	product_cat
5629	Muebles de cocina y hogar	product_cat
5633	Muebles de cocina y hogar	product_cat
5652	Muebles de cocina y hogar	product_cat
5636	Muebles de cocina y hogar	product_cat
5637	Muebles de cocina y hogar	product_cat
5714	Muebles de cocina y hogar	product_cat
5727	Muebles de cocina y hogar	product_cat
5746	Muebles de cocina y hogar	product_cat
5750	Muebles de cocina y hogar	product_cat
8419	Muebles de cocina y hogar	product_cat
8424	Muebles de cocina y hogar	product_cat
9172	Muebles de cocina y hogar	product_cat
9175	Muebles de cocina y hogar	product_cat
9668	Muebles de cocina y hogar	product_cat
9993	Muebles de cocina y hogar	product_cat
13244	Muebles de cocina y hogar	product_cat
13973	Muebles de cocina y hogar	product_cat
15226	Muebles de cocina y hogar	product_cat
16397	Muebles de cocina y hogar	product_cat
16580	Muebles de cocina y hogar	product_cat
8066	ESCALERAS	product_cat
6051	ESCALERAS	product_cat
6133	ESCALERAS	product_cat
9391	ESCALERAS	product_cat
11900	ESCALERAS	product_cat
13962	ADHESIVOS Y SELLADORES	product_cat
5073	ADHESIVOS Y SELLADORES	product_cat
5075	ADHESIVOS Y SELLADORES	product_cat
5081	ADHESIVOS Y SELLADORES	product_cat
5085	ADHESIVOS Y SELLADORES	product_cat
5088	ADHESIVOS Y SELLADORES	product_cat
5090	ADHESIVOS Y SELLADORES	product_cat
5092	ADHESIVOS Y SELLADORES	product_cat
5096	ADHESIVOS Y SELLADORES	product_cat
5099	ADHESIVOS Y SELLADORES	product_cat
12043	ADHESIVOS Y SELLADORES	product_cat
5103	ADHESIVOS Y SELLADORES	product_cat
5106	ADHESIVOS Y SELLADORES	product_cat
5109	ADHESIVOS Y SELLADORES	product_cat
5110	ADHESIVOS Y SELLADORES	product_cat
5151	ADHESIVOS Y SELLADORES	product_cat
5263	ADHESIVOS Y SELLADORES	product_cat
5265	ADHESIVOS Y SELLADORES	product_cat
10222	ADHESIVOS Y SELLADORES	product_cat
7315	ADHESIVOS Y SELLADORES	product_cat
7828	ADHESIVOS Y SELLADORES	product_cat
7961	ADHESIVOS Y SELLADORES	product_cat
7973	ADHESIVOS Y SELLADORES	product_cat
7981	ADHESIVOS Y SELLADORES	product_cat
7984	ADHESIVOS Y SELLADORES	product_cat
7987	ADHESIVOS Y SELLADORES	product_cat
7989	ADHESIVOS Y SELLADORES	product_cat
7995	ADHESIVOS Y SELLADORES	product_cat
8229	ADHESIVOS Y SELLADORES	product_cat
8242	ADHESIVOS Y SELLADORES	product_cat
8555	ADHESIVOS Y SELLADORES	product_cat
10196	ADHESIVOS Y SELLADORES	product_cat
10264	ADHESIVOS Y SELLADORES	product_cat
10268	ADHESIVOS Y SELLADORES	product_cat
10272	ADHESIVOS Y SELLADORES	product_cat
10288	ADHESIVOS Y SELLADORES	product_cat
11125	ADHESIVOS Y SELLADORES	product_cat
11303	ADHESIVOS Y SELLADORES	product_cat
11344	ADHESIVOS Y SELLADORES	product_cat
11373	ADHESIVOS Y SELLADORES	product_cat
11550	ADHESIVOS Y SELLADORES	product_cat
11572	ADHESIVOS Y SELLADORES	product_cat
11584	ADHESIVOS Y SELLADORES	product_cat
11804	ADHESIVOS Y SELLADORES	product_cat
11889	ADHESIVOS Y SELLADORES	product_cat
11913	ADHESIVOS Y SELLADORES	product_cat
11915	ADHESIVOS Y SELLADORES	product_cat
5328	ADHESIVOS Y SELLADORES	product_cat
12089	ADHESIVOS Y SELLADORES	product_cat
12236	ADHESIVOS Y SELLADORES	product_cat
12434	ADHESIVOS Y SELLADORES	product_cat
12490	ADHESIVOS Y SELLADORES	product_cat
12491	ADHESIVOS Y SELLADORES	product_cat
12986	ADHESIVOS Y SELLADORES	product_cat
13353	ADHESIVOS Y SELLADORES	product_cat
13357	ADHESIVOS Y SELLADORES	product_cat
13462	ADHESIVOS Y SELLADORES	product_cat
13576	ADHESIVOS Y SELLADORES	product_cat
4969	ADHESIVOS Y SELLADORES	product_cat
14005	ADHESIVOS Y SELLADORES	product_cat
14208	ADHESIVOS Y SELLADORES	product_cat
14256	ADHESIVOS Y SELLADORES	product_cat
14294	ADHESIVOS Y SELLADORES	product_cat
14381	ADHESIVOS Y SELLADORES	product_cat
14401	ADHESIVOS Y SELLADORES	product_cat
14492	ADHESIVOS Y SELLADORES	product_cat
14552	ADHESIVOS Y SELLADORES	product_cat
15136	ADHESIVOS Y SELLADORES	product_cat
15251	ADHESIVOS Y SELLADORES	product_cat
15755	ADHESIVOS Y SELLADORES	product_cat
15861	ADHESIVOS Y SELLADORES	product_cat
15934	ADHESIVOS Y SELLADORES	product_cat
15948	ADHESIVOS Y SELLADORES	product_cat
16320	ADHESIVOS Y SELLADORES	product_cat
16482	ADHESIVOS Y SELLADORES	product_cat
16485	ADHESIVOS Y SELLADORES	product_cat
16487	ADHESIVOS Y SELLADORES	product_cat
16489	ADHESIVOS Y SELLADORES	product_cat
4916	HERRAJES Y TIRADORES	product_cat
4918	HERRAJES Y TIRADORES	product_cat
4920	HERRAJES Y TIRADORES	product_cat
4921	HERRAJES Y TIRADORES	product_cat
4922	HERRAJES Y TIRADORES	product_cat
4940	HERRAJES Y TIRADORES	product_cat
4942	HERRAJES Y TIRADORES	product_cat
4943	HERRAJES Y TIRADORES	product_cat
4938	HERRAJES Y TIRADORES	product_cat
4931	HERRAJES Y TIRADORES	product_cat
4933	HERRAJES Y TIRADORES	product_cat
4935	HERRAJES Y TIRADORES	product_cat
13261	HERRAJES Y TIRADORES	product_cat
5891	HERRAJES Y TIRADORES	product_cat
5894	HERRAJES Y TIRADORES	product_cat
5896	HERRAJES Y TIRADORES	product_cat
12944	HERRAJES Y TIRADORES	product_cat
8664	HERRAJES Y TIRADORES	product_cat
8671	HERRAJES Y TIRADORES	product_cat
8684	HERRAJES Y TIRADORES	product_cat
8697	HERRAJES Y TIRADORES	product_cat
9054	HERRAJES Y TIRADORES	product_cat
9082	HERRAJES Y TIRADORES	product_cat
9084	HERRAJES Y TIRADORES	product_cat
9090	HERRAJES Y TIRADORES	product_cat
9119	HERRAJES Y TIRADORES	product_cat
9122	HERRAJES Y TIRADORES	product_cat
9124	HERRAJES Y TIRADORES	product_cat
9129	HERRAJES Y TIRADORES	product_cat
9130	HERRAJES Y TIRADORES	product_cat
9132	HERRAJES Y TIRADORES	product_cat
9136	HERRAJES Y TIRADORES	product_cat
9154	HERRAJES Y TIRADORES	product_cat
13248	HERRAJES Y TIRADORES	product_cat
10352	HERRAJES Y TIRADORES	product_cat
10355	HERRAJES Y TIRADORES	product_cat
10358	HERRAJES Y TIRADORES	product_cat
10361	HERRAJES Y TIRADORES	product_cat
10362	HERRAJES Y TIRADORES	product_cat
10366	HERRAJES Y TIRADORES	product_cat
10496	HERRAJES Y TIRADORES	product_cat
11604	HERRAJES Y TIRADORES	product_cat
11605	HERRAJES Y TIRADORES	product_cat
11609	HERRAJES Y TIRADORES	product_cat
11610	HERRAJES Y TIRADORES	product_cat
11611	HERRAJES Y TIRADORES	product_cat
11613	HERRAJES Y TIRADORES	product_cat
11614	HERRAJES Y TIRADORES	product_cat
11615	HERRAJES Y TIRADORES	product_cat
11669	HERRAJES Y TIRADORES	product_cat
11671	HERRAJES Y TIRADORES	product_cat
11983	HERRAJES Y TIRADORES	product_cat
11985	HERRAJES Y TIRADORES	product_cat
11986	HERRAJES Y TIRADORES	product_cat
11987	HERRAJES Y TIRADORES	product_cat
9291	HERRAJES Y TIRADORES	product_cat
12443	HERRAJES Y TIRADORES	product_cat
12577	HERRAJES Y TIRADORES	product_cat
13296	HERRAJES Y TIRADORES	product_cat
13298	HERRAJES Y TIRADORES	product_cat
14151	HERRAJES Y TIRADORES	product_cat
14153	HERRAJES Y TIRADORES	product_cat
14395	HERRAJES Y TIRADORES	product_cat
14773	HERRAJES Y TIRADORES	product_cat
14774	HERRAJES Y TIRADORES	product_cat
14834	HERRAJES Y TIRADORES	product_cat
15030	HERRAJES Y TIRADORES	product_cat
15057	HERRAJES Y TIRADORES	product_cat
15417	HERRAJES Y TIRADORES	product_cat
15680	HERRAJES Y TIRADORES	product_cat
15688	HERRAJES Y TIRADORES	product_cat
15707	HERRAJES Y TIRADORES	product_cat
16053	HERRAJES Y TIRADORES	product_cat
16124	HERRAJES Y TIRADORES	product_cat
16130	HERRAJES Y TIRADORES	product_cat
4323	HERRAMIENTAS ELECTRICAS	product_cat
4313	HERRAMIENTAS ELECTRICAS	product_cat
4321	HERRAMIENTAS ELECTRICAS	product_cat
4325	HERRAMIENTAS ELECTRICAS	product_cat
4327	HERRAMIENTAS ELECTRICAS	product_cat
4329	HERRAMIENTAS ELECTRICAS	product_cat
4668	HERRAMIENTAS ELECTRICAS	product_cat
4673	HERRAMIENTAS ELECTRICAS	product_cat
15439	HERRAMIENTAS ELECTRICAS	product_cat
15445	HERRAMIENTAS ELECTRICAS	product_cat
5229	HERRAMIENTAS ELECTRICAS	product_cat
5389	HERRAMIENTAS ELECTRICAS	product_cat
6139	HERRAMIENTAS ELECTRICAS	product_cat
6143	HERRAMIENTAS ELECTRICAS	product_cat
7437	HERRAMIENTAS ELECTRICAS	product_cat
7446	HERRAMIENTAS ELECTRICAS	product_cat
7464	HERRAMIENTAS ELECTRICAS	product_cat
8091	HERRAMIENTAS ELECTRICAS	product_cat
8103	HERRAMIENTAS ELECTRICAS	product_cat
8105	HERRAMIENTAS ELECTRICAS	product_cat
8109	HERRAMIENTAS ELECTRICAS	product_cat
8111	HERRAMIENTAS ELECTRICAS	product_cat
8113	HERRAMIENTAS ELECTRICAS	product_cat
8115	HERRAMIENTAS ELECTRICAS	product_cat
8117	HERRAMIENTAS ELECTRICAS	product_cat
8121	HERRAMIENTAS ELECTRICAS	product_cat
8318	HERRAMIENTAS ELECTRICAS	product_cat
8351	HERRAMIENTAS ELECTRICAS	product_cat
10312	HERRAMIENTAS ELECTRICAS	product_cat
9995	HERRAMIENTAS ELECTRICAS	product_cat
10002	HERRAMIENTAS ELECTRICAS	product_cat
10017	HERRAMIENTAS ELECTRICAS	product_cat
10317	HERRAMIENTAS ELECTRICAS	product_cat
10339	HERRAMIENTAS ELECTRICAS	product_cat
15517	HERRAMIENTAS ELECTRICAS	product_cat
10476	HERRAMIENTAS ELECTRICAS	product_cat
10541	HERRAMIENTAS ELECTRICAS	product_cat
11026	HERRAMIENTAS ELECTRICAS	product_cat
10862	HERRAMIENTAS ELECTRICAS	product_cat
11069	HERRAMIENTAS ELECTRICAS	product_cat
11072	HERRAMIENTAS ELECTRICAS	product_cat
11244	HERRAMIENTAS ELECTRICAS	product_cat
11582	HERRAMIENTAS ELECTRICAS	product_cat
11579	HERRAMIENTAS ELECTRICAS	product_cat
11697	HERRAMIENTAS ELECTRICAS	product_cat
12583	HERRAMIENTAS ELECTRICAS	product_cat
12835	HERRAMIENTAS ELECTRICAS	product_cat
12878	HERRAMIENTAS ELECTRICAS	product_cat
12906	HERRAMIENTAS ELECTRICAS	product_cat
12960	HERRAMIENTAS ELECTRICAS	product_cat
13446	HERRAMIENTAS ELECTRICAS	product_cat
15518	HERRAMIENTAS ELECTRICAS	product_cat
14405	HERRAMIENTAS ELECTRICAS	product_cat
14425	HERRAMIENTAS ELECTRICAS	product_cat
14428	HERRAMIENTAS ELECTRICAS	product_cat
14430	HERRAMIENTAS ELECTRICAS	product_cat
15380	HERRAMIENTAS ELECTRICAS	product_cat
15368	HERRAMIENTAS ELECTRICAS	product_cat
15366	HERRAMIENTAS ELECTRICAS	product_cat
15786	HERRAMIENTAS ELECTRICAS	product_cat
7180	FERRETERIA Y HERRAMIENTAS	product_cat
7178	FERRETERIA Y HERRAMIENTAS	product_cat
5598	FERRETERIA Y HERRAMIENTAS	product_cat
5694	FERRETERIA Y HERRAMIENTAS	product_cat
6998	FERRETERIA Y HERRAMIENTAS	product_cat
5591	FERRETERIA Y HERRAMIENTAS	product_cat
5607	FERRETERIA Y HERRAMIENTAS	product_cat
9748	FERRETERIA Y HERRAMIENTAS	product_cat
6987	FERRETERIA Y HERRAMIENTAS	product_cat
7171	FERRETERIA Y HERRAMIENTAS	product_cat
5583	FERRETERIA Y HERRAMIENTAS	product_cat
16513	FERRETERIA Y HERRAMIENTAS	product_cat
5676	FERRETERIA Y HERRAMIENTAS	product_cat
7176	FERRETERIA Y HERRAMIENTAS	product_cat
5561	FERRETERIA Y HERRAMIENTAS	product_cat
5605	FERRETERIA Y HERRAMIENTAS	product_cat
5340	FERRETERIA Y HERRAMIENTAS	product_cat
5568	FERRETERIA Y HERRAMIENTAS	product_cat
7181	FERRETERIA Y HERRAMIENTAS	product_cat
5595	FERRETERIA Y HERRAMIENTAS	product_cat
8506	FERRETERIA Y HERRAMIENTAS	product_cat
5611	FERRETERIA Y HERRAMIENTAS	product_cat
8501	FERRETERIA Y HERRAMIENTAS	product_cat
5557	FERRETERIA Y HERRAMIENTAS	product_cat
5580	FERRETERIA Y HERRAMIENTAS	product_cat
5600	FERRETERIA Y HERRAMIENTAS	product_cat
5572	FERRETERIA Y HERRAMIENTAS	product_cat
5609	FERRETERIA Y HERRAMIENTAS	product_cat
8505	FERRETERIA Y HERRAMIENTAS	product_cat
8592	FERRETERIA Y HERRAMIENTAS	product_cat
5615	FERRETERIA Y HERRAMIENTAS	product_cat
5587	FERRETERIA Y HERRAMIENTAS	product_cat
5585	FERRETERIA Y HERRAMIENTAS	product_cat
5574	FERRETERIA Y HERRAMIENTAS	product_cat
7167	FERRETERIA Y HERRAMIENTAS	product_cat
5570	FERRETERIA Y HERRAMIENTAS	product_cat
4321	FERRETERIA Y HERRAMIENTAS	product_cat
4323	FERRETERIA Y HERRAMIENTAS	product_cat
4318	FERRETERIA Y HERRAMIENTAS	product_cat
4325	FERRETERIA Y HERRAMIENTAS	product_cat
4343	FERRETERIA Y HERRAMIENTAS	product_cat
15541	FERRETERIA Y HERRAMIENTAS	product_cat
5593	FERRETERIA Y HERRAMIENTAS	product_cat
7183	FERRETERIA Y HERRAMIENTAS	product_cat
5589	FERRETERIA Y HERRAMIENTAS	product_cat
7185	FERRETERIA Y HERRAMIENTAS	product_cat
4327	FERRETERIA Y HERRAMIENTAS	product_cat
4313	FERRETERIA Y HERRAMIENTAS	product_cat
6992	FERRETERIA Y HERRAMIENTAS	product_cat
5563	FERRETERIA Y HERRAMIENTAS	product_cat
4329	FERRETERIA Y HERRAMIENTAS	product_cat
4335	FERRETERIA Y HERRAMIENTAS	product_cat
4338	FERRETERIA Y HERRAMIENTAS	product_cat
4341	FERRETERIA Y HERRAMIENTAS	product_cat
4345	FERRETERIA Y HERRAMIENTAS	product_cat
4612	FERRETERIA Y HERRAMIENTAS	product_cat
7339	FERRETERIA Y HERRAMIENTAS	product_cat
4631	FERRETERIA Y HERRAMIENTAS	product_cat
9108	FERRETERIA Y HERRAMIENTAS	product_cat
4638	FERRETERIA Y HERRAMIENTAS	product_cat
4641	FERRETERIA Y HERRAMIENTAS	product_cat
15476	FERRETERIA Y HERRAMIENTAS	product_cat
15482	FERRETERIA Y HERRAMIENTAS	product_cat
4654	FERRETERIA Y HERRAMIENTAS	product_cat
4668	FERRETERIA Y HERRAMIENTAS	product_cat
4673	FERRETERIA Y HERRAMIENTAS	product_cat
13266	FERRETERIA Y HERRAMIENTAS	product_cat
4677	FERRETERIA Y HERRAMIENTAS	product_cat
4679	FERRETERIA Y HERRAMIENTAS	product_cat
5559	FERRETERIA Y HERRAMIENTAS	product_cat
4689	FERRETERIA Y HERRAMIENTAS	product_cat
4692	FERRETERIA Y HERRAMIENTAS	product_cat
4698	FERRETERIA Y HERRAMIENTAS	product_cat
4716	FERRETERIA Y HERRAMIENTAS	product_cat
4720	FERRETERIA Y HERRAMIENTAS	product_cat
4722	FERRETERIA Y HERRAMIENTAS	product_cat
4727	FERRETERIA Y HERRAMIENTAS	product_cat
4732	FERRETERIA Y HERRAMIENTAS	product_cat
4733	FERRETERIA Y HERRAMIENTAS	product_cat
4736	FERRETERIA Y HERRAMIENTAS	product_cat
4741	FERRETERIA Y HERRAMIENTAS	product_cat
4745	FERRETERIA Y HERRAMIENTAS	product_cat
4751	FERRETERIA Y HERRAMIENTAS	product_cat
4753	FERRETERIA Y HERRAMIENTAS	product_cat
7587	FERRETERIA Y HERRAMIENTAS	product_cat
8066	FERRETERIA Y HERRAMIENTAS	product_cat
4797	FERRETERIA Y HERRAMIENTAS	product_cat
4800	FERRETERIA Y HERRAMIENTAS	product_cat
4803	FERRETERIA Y HERRAMIENTAS	product_cat
8594	FERRETERIA Y HERRAMIENTAS	product_cat
4807	FERRETERIA Y HERRAMIENTAS	product_cat
4810	FERRETERIA Y HERRAMIENTAS	product_cat
4813	FERRETERIA Y HERRAMIENTAS	product_cat
4816	FERRETERIA Y HERRAMIENTAS	product_cat
4818	FERRETERIA Y HERRAMIENTAS	product_cat
4821	FERRETERIA Y HERRAMIENTAS	product_cat
10505	FERRETERIA Y HERRAMIENTAS	product_cat
4877	FERRETERIA Y HERRAMIENTAS	product_cat
4883	FERRETERIA Y HERRAMIENTAS	product_cat
4894	FERRETERIA Y HERRAMIENTAS	product_cat
4920	FERRETERIA Y HERRAMIENTAS	product_cat
4921	FERRETERIA Y HERRAMIENTAS	product_cat
4922	FERRETERIA Y HERRAMIENTAS	product_cat
4923	FERRETERIA Y HERRAMIENTAS	product_cat
4931	FERRETERIA Y HERRAMIENTAS	product_cat
4933	FERRETERIA Y HERRAMIENTAS	product_cat
4938	FERRETERIA Y HERRAMIENTAS	product_cat
4940	FERRETERIA Y HERRAMIENTAS	product_cat
4942	FERRETERIA Y HERRAMIENTAS	product_cat
4943	FERRETERIA Y HERRAMIENTAS	product_cat
4944	FERRETERIA Y HERRAMIENTAS	product_cat
4946	FERRETERIA Y HERRAMIENTAS	product_cat
4929	FERRETERIA Y HERRAMIENTAS	product_cat
4950	FERRETERIA Y HERRAMIENTAS	product_cat
4954	FERRETERIA Y HERRAMIENTAS	product_cat
9647	FERRETERIA Y HERRAMIENTAS	product_cat
4958	FERRETERIA Y HERRAMIENTAS	product_cat
4961	FERRETERIA Y HERRAMIENTAS	product_cat
15551	FERRETERIA Y HERRAMIENTAS	product_cat
4970	FERRETERIA Y HERRAMIENTAS	product_cat
15553	FERRETERIA Y HERRAMIENTAS	product_cat
4978	FERRETERIA Y HERRAMIENTAS	product_cat
13370	FERRETERIA Y HERRAMIENTAS	product_cat
4983	FERRETERIA Y HERRAMIENTAS	product_cat
4987	FERRETERIA Y HERRAMIENTAS	product_cat
4990	FERRETERIA Y HERRAMIENTAS	product_cat
5012	FERRETERIA Y HERRAMIENTAS	product_cat
15521	FERRETERIA Y HERRAMIENTAS	product_cat
11725	FERRETERIA Y HERRAMIENTAS	product_cat
5015	FERRETERIA Y HERRAMIENTAS	product_cat
15533	FERRETERIA Y HERRAMIENTAS	product_cat
5027	FERRETERIA Y HERRAMIENTAS	product_cat
5029	FERRETERIA Y HERRAMIENTAS	product_cat
5073	FERRETERIA Y HERRAMIENTAS	product_cat
5075	FERRETERIA Y HERRAMIENTAS	product_cat
12193	FERRETERIA Y HERRAMIENTAS	product_cat
5077	FERRETERIA Y HERRAMIENTAS	product_cat
5081	FERRETERIA Y HERRAMIENTAS	product_cat
5085	FERRETERIA Y HERRAMIENTAS	product_cat
5088	FERRETERIA Y HERRAMIENTAS	product_cat
5090	FERRETERIA Y HERRAMIENTAS	product_cat
5092	FERRETERIA Y HERRAMIENTAS	product_cat
5087	FERRETERIA Y HERRAMIENTAS	product_cat
5096	FERRETERIA Y HERRAMIENTAS	product_cat
5099	FERRETERIA Y HERRAMIENTAS	product_cat
5097	FERRETERIA Y HERRAMIENTAS	product_cat
5103	FERRETERIA Y HERRAMIENTAS	product_cat
5106	FERRETERIA Y HERRAMIENTAS	product_cat
5109	FERRETERIA Y HERRAMIENTAS	product_cat
5110	FERRETERIA Y HERRAMIENTAS	product_cat
5111	FERRETERIA Y HERRAMIENTAS	product_cat
5114	FERRETERIA Y HERRAMIENTAS	product_cat
5117	FERRETERIA Y HERRAMIENTAS	product_cat
5120	FERRETERIA Y HERRAMIENTAS	product_cat
5122	FERRETERIA Y HERRAMIENTAS	product_cat
5124	FERRETERIA Y HERRAMIENTAS	product_cat
5128	FERRETERIA Y HERRAMIENTAS	product_cat
5130	FERRETERIA Y HERRAMIENTAS	product_cat
5134	FERRETERIA Y HERRAMIENTAS	product_cat
5137	FERRETERIA Y HERRAMIENTAS	product_cat
5136	FERRETERIA Y HERRAMIENTAS	product_cat
5141	FERRETERIA Y HERRAMIENTAS	product_cat
5140	FERRETERIA Y HERRAMIENTAS	product_cat
5143	FERRETERIA Y HERRAMIENTAS	product_cat
5149	FERRETERIA Y HERRAMIENTAS	product_cat
5151	FERRETERIA Y HERRAMIENTAS	product_cat
5153	FERRETERIA Y HERRAMIENTAS	product_cat
5155	FERRETERIA Y HERRAMIENTAS	product_cat
5158	FERRETERIA Y HERRAMIENTAS	product_cat
5160	FERRETERIA Y HERRAMIENTAS	product_cat
5162	FERRETERIA Y HERRAMIENTAS	product_cat
5166	FERRETERIA Y HERRAMIENTAS	product_cat
5168	FERRETERIA Y HERRAMIENTAS	product_cat
5170	FERRETERIA Y HERRAMIENTAS	product_cat
5177	FERRETERIA Y HERRAMIENTAS	product_cat
5180	FERRETERIA Y HERRAMIENTAS	product_cat
5186	FERRETERIA Y HERRAMIENTAS	product_cat
5188	FERRETERIA Y HERRAMIENTAS	product_cat
5190	FERRETERIA Y HERRAMIENTAS	product_cat
5194	FERRETERIA Y HERRAMIENTAS	product_cat
5196	FERRETERIA Y HERRAMIENTAS	product_cat
5199	FERRETERIA Y HERRAMIENTAS	product_cat
5201	FERRETERIA Y HERRAMIENTAS	product_cat
5206	FERRETERIA Y HERRAMIENTAS	product_cat
5208	FERRETERIA Y HERRAMIENTAS	product_cat
5209	FERRETERIA Y HERRAMIENTAS	product_cat
4952	FERRETERIA Y HERRAMIENTAS	product_cat
4935	FERRETERIA Y HERRAMIENTAS	product_cat
4714	FERRETERIA Y HERRAMIENTAS	product_cat
5229	FERRETERIA Y HERRAMIENTAS	product_cat
5232	FERRETERIA Y HERRAMIENTAS	product_cat
5236	FERRETERIA Y HERRAMIENTAS	product_cat
5238	FERRETERIA Y HERRAMIENTAS	product_cat
5241	FERRETERIA Y HERRAMIENTAS	product_cat
5244	FERRETERIA Y HERRAMIENTAS	product_cat
5246	FERRETERIA Y HERRAMIENTAS	product_cat
5234	FERRETERIA Y HERRAMIENTAS	product_cat
5249	FERRETERIA Y HERRAMIENTAS	product_cat
5252	FERRETERIA Y HERRAMIENTAS	product_cat
5255	FERRETERIA Y HERRAMIENTAS	product_cat
5250	FERRETERIA Y HERRAMIENTAS	product_cat
5259	FERRETERIA Y HERRAMIENTAS	product_cat
5263	FERRETERIA Y HERRAMIENTAS	product_cat
5265	FERRETERIA Y HERRAMIENTAS	product_cat
5267	FERRETERIA Y HERRAMIENTAS	product_cat
5269	FERRETERIA Y HERRAMIENTAS	product_cat
5271	FERRETERIA Y HERRAMIENTAS	product_cat
5279	FERRETERIA Y HERRAMIENTAS	product_cat
5281	FERRETERIA Y HERRAMIENTAS	product_cat
5284	FERRETERIA Y HERRAMIENTAS	product_cat
5285	FERRETERIA Y HERRAMIENTAS	product_cat
5287	FERRETERIA Y HERRAMIENTAS	product_cat
5290	FERRETERIA Y HERRAMIENTAS	product_cat
5294	FERRETERIA Y HERRAMIENTAS	product_cat
5297	FERRETERIA Y HERRAMIENTAS	product_cat
5301	FERRETERIA Y HERRAMIENTAS	product_cat
5304	FERRETERIA Y HERRAMIENTAS	product_cat
5305	FERRETERIA Y HERRAMIENTAS	product_cat
5307	FERRETERIA Y HERRAMIENTAS	product_cat
5310	FERRETERIA Y HERRAMIENTAS	product_cat
5292	FERRETERIA Y HERRAMIENTAS	product_cat
5313	FERRETERIA Y HERRAMIENTAS	product_cat
8503	FERRETERIA Y HERRAMIENTAS	product_cat
5324	FERRETERIA Y HERRAMIENTAS	product_cat
5328	FERRETERIA Y HERRAMIENTAS	product_cat
5555	FERRETERIA Y HERRAMIENTAS	product_cat
5330	FERRETERIA Y HERRAMIENTAS	product_cat
5344	FERRETERIA Y HERRAMIENTAS	product_cat
5350	FERRETERIA Y HERRAMIENTAS	product_cat
5353	FERRETERIA Y HERRAMIENTAS	product_cat
5371	FERRETERIA Y HERRAMIENTAS	product_cat
5374	FERRETERIA Y HERRAMIENTAS	product_cat
5376	FERRETERIA Y HERRAMIENTAS	product_cat
5381	FERRETERIA Y HERRAMIENTAS	product_cat
5383	FERRETERIA Y HERRAMIENTAS	product_cat
5385	FERRETERIA Y HERRAMIENTAS	product_cat
5387	FERRETERIA Y HERRAMIENTAS	product_cat
5389	FERRETERIA Y HERRAMIENTAS	product_cat
5391	FERRETERIA Y HERRAMIENTAS	product_cat
5393	FERRETERIA Y HERRAMIENTAS	product_cat
5395	FERRETERIA Y HERRAMIENTAS	product_cat
5397	FERRETERIA Y HERRAMIENTAS	product_cat
5414	FERRETERIA Y HERRAMIENTAS	product_cat
5420	FERRETERIA Y HERRAMIENTAS	product_cat
5422	FERRETERIA Y HERRAMIENTAS	product_cat
5424	FERRETERIA Y HERRAMIENTAS	product_cat
5427	FERRETERIA Y HERRAMIENTAS	product_cat
5657	FERRETERIA Y HERRAMIENTAS	product_cat
5660	FERRETERIA Y HERRAMIENTAS	product_cat
5663	FERRETERIA Y HERRAMIENTAS	product_cat
5658	FERRETERIA Y HERRAMIENTAS	product_cat
5664	FERRETERIA Y HERRAMIENTAS	product_cat
5665	FERRETERIA Y HERRAMIENTAS	product_cat
5667	FERRETERIA Y HERRAMIENTAS	product_cat
8597	FERRETERIA Y HERRAMIENTAS	product_cat
5677	FERRETERIA Y HERRAMIENTAS	product_cat
5681	FERRETERIA Y HERRAMIENTAS	product_cat
5683	FERRETERIA Y HERRAMIENTAS	product_cat
5685	FERRETERIA Y HERRAMIENTAS	product_cat
5698	FERRETERIA Y HERRAMIENTAS	product_cat
5699	FERRETERIA Y HERRAMIENTAS	product_cat
5700	FERRETERIA Y HERRAMIENTAS	product_cat
5702	FERRETERIA Y HERRAMIENTAS	product_cat
5705	FERRETERIA Y HERRAMIENTAS	product_cat
5707	FERRETERIA Y HERRAMIENTAS	product_cat
5711	FERRETERIA Y HERRAMIENTAS	product_cat
8587	FERRETERIA Y HERRAMIENTAS	product_cat
5715	FERRETERIA Y HERRAMIENTAS	product_cat
5719	FERRETERIA Y HERRAMIENTAS	product_cat
5723	FERRETERIA Y HERRAMIENTAS	product_cat
5726	FERRETERIA Y HERRAMIENTAS	product_cat
5729	FERRETERIA Y HERRAMIENTAS	product_cat
5731	FERRETERIA Y HERRAMIENTAS	product_cat
5733	FERRETERIA Y HERRAMIENTAS	product_cat
5738	FERRETERIA Y HERRAMIENTAS	product_cat
5741	FERRETERIA Y HERRAMIENTAS	product_cat
5771	FERRETERIA Y HERRAMIENTAS	product_cat
5774	FERRETERIA Y HERRAMIENTAS	product_cat
5779	FERRETERIA Y HERRAMIENTAS	product_cat
8665	FERRETERIA Y HERRAMIENTAS	product_cat
5788	FERRETERIA Y HERRAMIENTAS	product_cat
5790	FERRETERIA Y HERRAMIENTAS	product_cat
5795	FERRETERIA Y HERRAMIENTAS	product_cat
5806	FERRETERIA Y HERRAMIENTAS	product_cat
5810	FERRETERIA Y HERRAMIENTAS	product_cat
5814	FERRETERIA Y HERRAMIENTAS	product_cat
5816	FERRETERIA Y HERRAMIENTAS	product_cat
5819	FERRETERIA Y HERRAMIENTAS	product_cat
5823	FERRETERIA Y HERRAMIENTAS	product_cat
5826	FERRETERIA Y HERRAMIENTAS	product_cat
5829	FERRETERIA Y HERRAMIENTAS	product_cat
5831	FERRETERIA Y HERRAMIENTAS	product_cat
5834	FERRETERIA Y HERRAMIENTAS	product_cat
5842	FERRETERIA Y HERRAMIENTAS	product_cat
5796	FERRETERIA Y HERRAMIENTAS	product_cat
5846	FERRETERIA Y HERRAMIENTAS	product_cat
5849	FERRETERIA Y HERRAMIENTAS	product_cat
5851	FERRETERIA Y HERRAMIENTAS	product_cat
5853	FERRETERIA Y HERRAMIENTAS	product_cat
5855	FERRETERIA Y HERRAMIENTAS	product_cat
5859	FERRETERIA Y HERRAMIENTAS	product_cat
5860	FERRETERIA Y HERRAMIENTAS	product_cat
5862	FERRETERIA Y HERRAMIENTAS	product_cat
5781	FERRETERIA Y HERRAMIENTAS	product_cat
5864	FERRETERIA Y HERRAMIENTAS	product_cat
5867	FERRETERIA Y HERRAMIENTAS	product_cat
5869	FERRETERIA Y HERRAMIENTAS	product_cat
5871	FERRETERIA Y HERRAMIENTAS	product_cat
5874	FERRETERIA Y HERRAMIENTAS	product_cat
5876	FERRETERIA Y HERRAMIENTAS	product_cat
5878	FERRETERIA Y HERRAMIENTAS	product_cat
5880	FERRETERIA Y HERRAMIENTAS	product_cat
5881	FERRETERIA Y HERRAMIENTAS	product_cat
5883	FERRETERIA Y HERRAMIENTAS	product_cat
5885	FERRETERIA Y HERRAMIENTAS	product_cat
5888	FERRETERIA Y HERRAMIENTAS	product_cat
5897	FERRETERIA Y HERRAMIENTAS	product_cat
5903	FERRETERIA Y HERRAMIENTAS	product_cat
5907	FERRETERIA Y HERRAMIENTAS	product_cat
5909	FERRETERIA Y HERRAMIENTAS	product_cat
5914	FERRETERIA Y HERRAMIENTAS	product_cat
5917	FERRETERIA Y HERRAMIENTAS	product_cat
5919	FERRETERIA Y HERRAMIENTAS	product_cat
5921	FERRETERIA Y HERRAMIENTAS	product_cat
5923	FERRETERIA Y HERRAMIENTAS	product_cat
15531	FERRETERIA Y HERRAMIENTAS	product_cat
5929	FERRETERIA Y HERRAMIENTAS	product_cat
5932	FERRETERIA Y HERRAMIENTAS	product_cat
5933	FERRETERIA Y HERRAMIENTAS	product_cat
5936	FERRETERIA Y HERRAMIENTAS	product_cat
5937	FERRETERIA Y HERRAMIENTAS	product_cat
5938	FERRETERIA Y HERRAMIENTAS	product_cat
5940	FERRETERIA Y HERRAMIENTAS	product_cat
5944	FERRETERIA Y HERRAMIENTAS	product_cat
5947	FERRETERIA Y HERRAMIENTAS	product_cat
5949	FERRETERIA Y HERRAMIENTAS	product_cat
5951	FERRETERIA Y HERRAMIENTAS	product_cat
13261	FERRETERIA Y HERRAMIENTAS	product_cat
5913	FERRETERIA Y HERRAMIENTAS	product_cat
5956	FERRETERIA Y HERRAMIENTAS	product_cat
5961	FERRETERIA Y HERRAMIENTAS	product_cat
5986	FERRETERIA Y HERRAMIENTAS	product_cat
6019	FERRETERIA Y HERRAMIENTAS	product_cat
6022	FERRETERIA Y HERRAMIENTAS	product_cat
6025	FERRETERIA Y HERRAMIENTAS	product_cat
6027	FERRETERIA Y HERRAMIENTAS	product_cat
6028	FERRETERIA Y HERRAMIENTAS	product_cat
6030	FERRETERIA Y HERRAMIENTAS	product_cat
6035	FERRETERIA Y HERRAMIENTAS	product_cat
6037	FERRETERIA Y HERRAMIENTAS	product_cat
6042	FERRETERIA Y HERRAMIENTAS	product_cat
6045	FERRETERIA Y HERRAMIENTAS	product_cat
6047	FERRETERIA Y HERRAMIENTAS	product_cat
6050	FERRETERIA Y HERRAMIENTAS	product_cat
6053	FERRETERIA Y HERRAMIENTAS	product_cat
6055	FERRETERIA Y HERRAMIENTAS	product_cat
6057	FERRETERIA Y HERRAMIENTAS	product_cat
6059	FERRETERIA Y HERRAMIENTAS	product_cat
6064	FERRETERIA Y HERRAMIENTAS	product_cat
6068	FERRETERIA Y HERRAMIENTAS	product_cat
6074	FERRETERIA Y HERRAMIENTAS	product_cat
6051	FERRETERIA Y HERRAMIENTAS	product_cat
6084	FERRETERIA Y HERRAMIENTAS	product_cat
6086	FERRETERIA Y HERRAMIENTAS	product_cat
6089	FERRETERIA Y HERRAMIENTAS	product_cat
6091	FERRETERIA Y HERRAMIENTAS	product_cat
6093	FERRETERIA Y HERRAMIENTAS	product_cat
6095	FERRETERIA Y HERRAMIENTAS	product_cat
6097	FERRETERIA Y HERRAMIENTAS	product_cat
6100	FERRETERIA Y HERRAMIENTAS	product_cat
6103	FERRETERIA Y HERRAMIENTAS	product_cat
6105	FERRETERIA Y HERRAMIENTAS	product_cat
6109	FERRETERIA Y HERRAMIENTAS	product_cat
6108	FERRETERIA Y HERRAMIENTAS	product_cat
6111	FERRETERIA Y HERRAMIENTAS	product_cat
6149	FERRETERIA Y HERRAMIENTAS	product_cat
6151	FERRETERIA Y HERRAMIENTAS	product_cat
6153	FERRETERIA Y HERRAMIENTAS	product_cat
7787	FERRETERIA Y HERRAMIENTAS	product_cat
6214	FERRETERIA Y HERRAMIENTAS	product_cat
6221	FERRETERIA Y HERRAMIENTAS	product_cat
10679	FERRETERIA Y HERRAMIENTAS	product_cat
6226	FERRETERIA Y HERRAMIENTAS	product_cat
6229	FERRETERIA Y HERRAMIENTAS	product_cat
6230	FERRETERIA Y HERRAMIENTAS	product_cat
6232	FERRETERIA Y HERRAMIENTAS	product_cat
6235	FERRETERIA Y HERRAMIENTAS	product_cat
6238	FERRETERIA Y HERRAMIENTAS	product_cat
6239	FERRETERIA Y HERRAMIENTAS	product_cat
6241	FERRETERIA Y HERRAMIENTAS	product_cat
6237	FERRETERIA Y HERRAMIENTAS	product_cat
6244	FERRETERIA Y HERRAMIENTAS	product_cat
6247	FERRETERIA Y HERRAMIENTAS	product_cat
6266	FERRETERIA Y HERRAMIENTAS	product_cat
6270	FERRETERIA Y HERRAMIENTAS	product_cat
6274	FERRETERIA Y HERRAMIENTAS	product_cat
6277	FERRETERIA Y HERRAMIENTAS	product_cat
7554	FERRETERIA Y HERRAMIENTAS	product_cat
6287	FERRETERIA Y HERRAMIENTAS	product_cat
6290	FERRETERIA Y HERRAMIENTAS	product_cat
6296	FERRETERIA Y HERRAMIENTAS	product_cat
6304	FERRETERIA Y HERRAMIENTAS	product_cat
6308	FERRETERIA Y HERRAMIENTAS	product_cat
6309	FERRETERIA Y HERRAMIENTAS	product_cat
6316	FERRETERIA Y HERRAMIENTAS	product_cat
6322	FERRETERIA Y HERRAMIENTAS	product_cat
6324	FERRETERIA Y HERRAMIENTAS	product_cat
6326	FERRETERIA Y HERRAMIENTAS	product_cat
6334	FERRETERIA Y HERRAMIENTAS	product_cat
6360	FERRETERIA Y HERRAMIENTAS	product_cat
6366	FERRETERIA Y HERRAMIENTAS	product_cat
6368	FERRETERIA Y HERRAMIENTAS	product_cat
9436	FERRETERIA Y HERRAMIENTAS	product_cat
6374	FERRETERIA Y HERRAMIENTAS	product_cat
6382	FERRETERIA Y HERRAMIENTAS	product_cat
6386	FERRETERIA Y HERRAMIENTAS	product_cat
6397	FERRETERIA Y HERRAMIENTAS	product_cat
6404	FERRETERIA Y HERRAMIENTAS	product_cat
6403	FERRETERIA Y HERRAMIENTAS	product_cat
6428	FERRETERIA Y HERRAMIENTAS	product_cat
6425	FERRETERIA Y HERRAMIENTAS	product_cat
6429	FERRETERIA Y HERRAMIENTAS	product_cat
6431	FERRETERIA Y HERRAMIENTAS	product_cat
6432	FERRETERIA Y HERRAMIENTAS	product_cat
6434	FERRETERIA Y HERRAMIENTAS	product_cat
6436	FERRETERIA Y HERRAMIENTAS	product_cat
6438	FERRETERIA Y HERRAMIENTAS	product_cat
6466	FERRETERIA Y HERRAMIENTAS	product_cat
6472	FERRETERIA Y HERRAMIENTAS	product_cat
6479	FERRETERIA Y HERRAMIENTAS	product_cat
6501	FERRETERIA Y HERRAMIENTAS	product_cat
6499	FERRETERIA Y HERRAMIENTAS	product_cat
6506	FERRETERIA Y HERRAMIENTAS	product_cat
6510	FERRETERIA Y HERRAMIENTAS	product_cat
6512	FERRETERIA Y HERRAMIENTAS	product_cat
6514	FERRETERIA Y HERRAMIENTAS	product_cat
6518	FERRETERIA Y HERRAMIENTAS	product_cat
6522	FERRETERIA Y HERRAMIENTAS	product_cat
6524	FERRETERIA Y HERRAMIENTAS	product_cat
6526	FERRETERIA Y HERRAMIENTAS	product_cat
6528	FERRETERIA Y HERRAMIENTAS	product_cat
6530	FERRETERIA Y HERRAMIENTAS	product_cat
6532	FERRETERIA Y HERRAMIENTAS	product_cat
6535	FERRETERIA Y HERRAMIENTAS	product_cat
6539	FERRETERIA Y HERRAMIENTAS	product_cat
6542	FERRETERIA Y HERRAMIENTAS	product_cat
6544	FERRETERIA Y HERRAMIENTAS	product_cat
6551	FERRETERIA Y HERRAMIENTAS	product_cat
6553	FERRETERIA Y HERRAMIENTAS	product_cat
6559	FERRETERIA Y HERRAMIENTAS	product_cat
6561	FERRETERIA Y HERRAMIENTAS	product_cat
9068	FERRETERIA Y HERRAMIENTAS	product_cat
9071	FERRETERIA Y HERRAMIENTAS	product_cat
6567	FERRETERIA Y HERRAMIENTAS	product_cat
6568	FERRETERIA Y HERRAMIENTAS	product_cat
6569	FERRETERIA Y HERRAMIENTAS	product_cat
6573	FERRETERIA Y HERRAMIENTAS	product_cat
6576	FERRETERIA Y HERRAMIENTAS	product_cat
6577	FERRETERIA Y HERRAMIENTAS	product_cat
9069	FERRETERIA Y HERRAMIENTAS	product_cat
6580	FERRETERIA Y HERRAMIENTAS	product_cat
6582	FERRETERIA Y HERRAMIENTAS	product_cat
6584	FERRETERIA Y HERRAMIENTAS	product_cat
6587	FERRETERIA Y HERRAMIENTAS	product_cat
6588	FERRETERIA Y HERRAMIENTAS	product_cat
6590	FERRETERIA Y HERRAMIENTAS	product_cat
6594	FERRETERIA Y HERRAMIENTAS	product_cat
6595	FERRETERIA Y HERRAMIENTAS	product_cat
6617	FERRETERIA Y HERRAMIENTAS	product_cat
6616	FERRETERIA Y HERRAMIENTAS	product_cat
6632	FERRETERIA Y HERRAMIENTAS	product_cat
6641	FERRETERIA Y HERRAMIENTAS	product_cat
6642	FERRETERIA Y HERRAMIENTAS	product_cat
6644	FERRETERIA Y HERRAMIENTAS	product_cat
6645	FERRETERIA Y HERRAMIENTAS	product_cat
6647	FERRETERIA Y HERRAMIENTAS	product_cat
6648	FERRETERIA Y HERRAMIENTAS	product_cat
6650	FERRETERIA Y HERRAMIENTAS	product_cat
6653	FERRETERIA Y HERRAMIENTAS	product_cat
6657	FERRETERIA Y HERRAMIENTAS	product_cat
6660	FERRETERIA Y HERRAMIENTAS	product_cat
6661	FERRETERIA Y HERRAMIENTAS	product_cat
6663	FERRETERIA Y HERRAMIENTAS	product_cat
6664	FERRETERIA Y HERRAMIENTAS	product_cat
6665	FERRETERIA Y HERRAMIENTAS	product_cat
6666	FERRETERIA Y HERRAMIENTAS	product_cat
6668	FERRETERIA Y HERRAMIENTAS	product_cat
6669	FERRETERIA Y HERRAMIENTAS	product_cat
6671	FERRETERIA Y HERRAMIENTAS	product_cat
6673	FERRETERIA Y HERRAMIENTAS	product_cat
6675	FERRETERIA Y HERRAMIENTAS	product_cat
6676	FERRETERIA Y HERRAMIENTAS	product_cat
6678	FERRETERIA Y HERRAMIENTAS	product_cat
6679	FERRETERIA Y HERRAMIENTAS	product_cat
6681	FERRETERIA Y HERRAMIENTAS	product_cat
6683	FERRETERIA Y HERRAMIENTAS	product_cat
6687	FERRETERIA Y HERRAMIENTAS	product_cat
6689	FERRETERIA Y HERRAMIENTAS	product_cat
6718	FERRETERIA Y HERRAMIENTAS	product_cat
7187	FERRETERIA Y HERRAMIENTAS	product_cat
7189	FERRETERIA Y HERRAMIENTAS	product_cat
7199	FERRETERIA Y HERRAMIENTAS	product_cat
7232	FERRETERIA Y HERRAMIENTAS	product_cat
7235	FERRETERIA Y HERRAMIENTAS	product_cat
7237	FERRETERIA Y HERRAMIENTAS	product_cat
7239	FERRETERIA Y HERRAMIENTAS	product_cat
7241	FERRETERIA Y HERRAMIENTAS	product_cat
7245	FERRETERIA Y HERRAMIENTAS	product_cat
7250	FERRETERIA Y HERRAMIENTAS	product_cat
7252	FERRETERIA Y HERRAMIENTAS	product_cat
7253	FERRETERIA Y HERRAMIENTAS	product_cat
9438	FERRETERIA Y HERRAMIENTAS	product_cat
7255	FERRETERIA Y HERRAMIENTAS	product_cat
7258	FERRETERIA Y HERRAMIENTAS	product_cat
9440	FERRETERIA Y HERRAMIENTAS	product_cat
9442	FERRETERIA Y HERRAMIENTAS	product_cat
7263	FERRETERIA Y HERRAMIENTAS	product_cat
7271	FERRETERIA Y HERRAMIENTAS	product_cat
7278	FERRETERIA Y HERRAMIENTAS	product_cat
7281	FERRETERIA Y HERRAMIENTAS	product_cat
7284	FERRETERIA Y HERRAMIENTAS	product_cat
7287	FERRETERIA Y HERRAMIENTAS	product_cat
7286	FERRETERIA Y HERRAMIENTAS	product_cat
7290	FERRETERIA Y HERRAMIENTAS	product_cat
7295	FERRETERIA Y HERRAMIENTAS	product_cat
7317	FERRETERIA Y HERRAMIENTAS	product_cat
7323	FERRETERIA Y HERRAMIENTAS	product_cat
7341	FERRETERIA Y HERRAMIENTAS	product_cat
7358	FERRETERIA Y HERRAMIENTAS	product_cat
7377	FERRETERIA Y HERRAMIENTAS	product_cat
7380	FERRETERIA Y HERRAMIENTAS	product_cat
7414	FERRETERIA Y HERRAMIENTAS	product_cat
7420	FERRETERIA Y HERRAMIENTAS	product_cat
7426	FERRETERIA Y HERRAMIENTAS	product_cat
7430	FERRETERIA Y HERRAMIENTAS	product_cat
7435	FERRETERIA Y HERRAMIENTAS	product_cat
7437	FERRETERIA Y HERRAMIENTAS	product_cat
7446	FERRETERIA Y HERRAMIENTAS	product_cat
7454	FERRETERIA Y HERRAMIENTAS	product_cat
7460	FERRETERIA Y HERRAMIENTAS	product_cat
7464	FERRETERIA Y HERRAMIENTAS	product_cat
7495	FERRETERIA Y HERRAMIENTAS	product_cat
7507	FERRETERIA Y HERRAMIENTAS	product_cat
7509	FERRETERIA Y HERRAMIENTAS	product_cat
7528	FERRETERIA Y HERRAMIENTAS	product_cat
7533	FERRETERIA Y HERRAMIENTAS	product_cat
7512	FERRETERIA Y HERRAMIENTAS	product_cat
7537	FERRETERIA Y HERRAMIENTAS	product_cat
7540	FERRETERIA Y HERRAMIENTAS	product_cat
7546	FERRETERIA Y HERRAMIENTAS	product_cat
7557	FERRETERIA Y HERRAMIENTAS	product_cat
7558	FERRETERIA Y HERRAMIENTAS	product_cat
7602	FERRETERIA Y HERRAMIENTAS	product_cat
7607	FERRETERIA Y HERRAMIENTAS	product_cat
7611	FERRETERIA Y HERRAMIENTAS	product_cat
7613	FERRETERIA Y HERRAMIENTAS	product_cat
7615	FERRETERIA Y HERRAMIENTAS	product_cat
7617	FERRETERIA Y HERRAMIENTAS	product_cat
7619	FERRETERIA Y HERRAMIENTAS	product_cat
7621	FERRETERIA Y HERRAMIENTAS	product_cat
7623	FERRETERIA Y HERRAMIENTAS	product_cat
7626	FERRETERIA Y HERRAMIENTAS	product_cat
7628	FERRETERIA Y HERRAMIENTAS	product_cat
7630	FERRETERIA Y HERRAMIENTAS	product_cat
7633	FERRETERIA Y HERRAMIENTAS	product_cat
7634	FERRETERIA Y HERRAMIENTAS	product_cat
7631	FERRETERIA Y HERRAMIENTAS	product_cat
7638	FERRETERIA Y HERRAMIENTAS	product_cat
7641	FERRETERIA Y HERRAMIENTAS	product_cat
7644	FERRETERIA Y HERRAMIENTAS	product_cat
7657	FERRETERIA Y HERRAMIENTAS	product_cat
7656	FERRETERIA Y HERRAMIENTAS	product_cat
7671	FERRETERIA Y HERRAMIENTAS	product_cat
7674	FERRETERIA Y HERRAMIENTAS	product_cat
7682	FERRETERIA Y HERRAMIENTAS	product_cat
7685	FERRETERIA Y HERRAMIENTAS	product_cat
7698	FERRETERIA Y HERRAMIENTAS	product_cat
7689	FERRETERIA Y HERRAMIENTAS	product_cat
7693	FERRETERIA Y HERRAMIENTAS	product_cat
7695	FERRETERIA Y HERRAMIENTAS	product_cat
7703	FERRETERIA Y HERRAMIENTAS	product_cat
7702	FERRETERIA Y HERRAMIENTAS	product_cat
7705	FERRETERIA Y HERRAMIENTAS	product_cat
7707	FERRETERIA Y HERRAMIENTAS	product_cat
7709	FERRETERIA Y HERRAMIENTAS	product_cat
7711	FERRETERIA Y HERRAMIENTAS	product_cat
7714	FERRETERIA Y HERRAMIENTAS	product_cat
7715	FERRETERIA Y HERRAMIENTAS	product_cat
7717	FERRETERIA Y HERRAMIENTAS	product_cat
7722	FERRETERIA Y HERRAMIENTAS	product_cat
7727	FERRETERIA Y HERRAMIENTAS	product_cat
7728	FERRETERIA Y HERRAMIENTAS	product_cat
7733	FERRETERIA Y HERRAMIENTAS	product_cat
7736	FERRETERIA Y HERRAMIENTAS	product_cat
7739	FERRETERIA Y HERRAMIENTAS	product_cat
7740	FERRETERIA Y HERRAMIENTAS	product_cat
7742	FERRETERIA Y HERRAMIENTAS	product_cat
7744	FERRETERIA Y HERRAMIENTAS	product_cat
7747	FERRETERIA Y HERRAMIENTAS	product_cat
7734	FERRETERIA Y HERRAMIENTAS	product_cat
7768	FERRETERIA Y HERRAMIENTAS	product_cat
7771	FERRETERIA Y HERRAMIENTAS	product_cat
7772	FERRETERIA Y HERRAMIENTAS	product_cat
7774	FERRETERIA Y HERRAMIENTAS	product_cat
7775	FERRETERIA Y HERRAMIENTAS	product_cat
7776	FERRETERIA Y HERRAMIENTAS	product_cat
7779	FERRETERIA Y HERRAMIENTAS	product_cat
7784	FERRETERIA Y HERRAMIENTAS	product_cat
7790	FERRETERIA Y HERRAMIENTAS	product_cat
7792	FERRETERIA Y HERRAMIENTAS	product_cat
7797	FERRETERIA Y HERRAMIENTAS	product_cat
7799	FERRETERIA Y HERRAMIENTAS	product_cat
7801	FERRETERIA Y HERRAMIENTAS	product_cat
7802	FERRETERIA Y HERRAMIENTAS	product_cat
7806	FERRETERIA Y HERRAMIENTAS	product_cat
7812	FERRETERIA Y HERRAMIENTAS	product_cat
7815	FERRETERIA Y HERRAMIENTAS	product_cat
7819	FERRETERIA Y HERRAMIENTAS	product_cat
7822	FERRETERIA Y HERRAMIENTAS	product_cat
7823	FERRETERIA Y HERRAMIENTAS	product_cat
7824	FERRETERIA Y HERRAMIENTAS	product_cat
7827	FERRETERIA Y HERRAMIENTAS	product_cat
7837	FERRETERIA Y HERRAMIENTAS	product_cat
7839	FERRETERIA Y HERRAMIENTAS	product_cat
7844	FERRETERIA Y HERRAMIENTAS	product_cat
7841	FERRETERIA Y HERRAMIENTAS	product_cat
7867	FERRETERIA Y HERRAMIENTAS	product_cat
7887	FERRETERIA Y HERRAMIENTAS	product_cat
7889	FERRETERIA Y HERRAMIENTAS	product_cat
7900	FERRETERIA Y HERRAMIENTAS	product_cat
7920	FERRETERIA Y HERRAMIENTAS	product_cat
7937	FERRETERIA Y HERRAMIENTAS	product_cat
7951	FERRETERIA Y HERRAMIENTAS	product_cat
7953	FERRETERIA Y HERRAMIENTAS	product_cat
7958	FERRETERIA Y HERRAMIENTAS	product_cat
7956	FERRETERIA Y HERRAMIENTAS	product_cat
7961	FERRETERIA Y HERRAMIENTAS	product_cat
7973	FERRETERIA Y HERRAMIENTAS	product_cat
7981	FERRETERIA Y HERRAMIENTAS	product_cat
7984	FERRETERIA Y HERRAMIENTAS	product_cat
7966	FERRETERIA Y HERRAMIENTAS	product_cat
7987	FERRETERIA Y HERRAMIENTAS	product_cat
7989	FERRETERIA Y HERRAMIENTAS	product_cat
7995	FERRETERIA Y HERRAMIENTAS	product_cat
8027	FERRETERIA Y HERRAMIENTAS	product_cat
8012	FERRETERIA Y HERRAMIENTAS	product_cat
8014	FERRETERIA Y HERRAMIENTAS	product_cat
8016	FERRETERIA Y HERRAMIENTAS	product_cat
8019	FERRETERIA Y HERRAMIENTAS	product_cat
8028	FERRETERIA Y HERRAMIENTAS	product_cat
8030	FERRETERIA Y HERRAMIENTAS	product_cat
7993	FERRETERIA Y HERRAMIENTAS	product_cat
8032	FERRETERIA Y HERRAMIENTAS	product_cat
8033	FERRETERIA Y HERRAMIENTAS	product_cat
8041	FERRETERIA Y HERRAMIENTAS	product_cat
8045	FERRETERIA Y HERRAMIENTAS	product_cat
8051	FERRETERIA Y HERRAMIENTAS	product_cat
8056	FERRETERIA Y HERRAMIENTAS	product_cat
8059	FERRETERIA Y HERRAMIENTAS	product_cat
8068	FERRETERIA Y HERRAMIENTAS	product_cat
8071	FERRETERIA Y HERRAMIENTAS	product_cat
8069	FERRETERIA Y HERRAMIENTAS	product_cat
8081	FERRETERIA Y HERRAMIENTAS	product_cat
8085	FERRETERIA Y HERRAMIENTAS	product_cat
8082	FERRETERIA Y HERRAMIENTAS	product_cat
13254	FERRETERIA Y HERRAMIENTAS	product_cat
8091	FERRETERIA Y HERRAMIENTAS	product_cat
8099	FERRETERIA Y HERRAMIENTAS	product_cat
8101	FERRETERIA Y HERRAMIENTAS	product_cat
8103	FERRETERIA Y HERRAMIENTAS	product_cat
8105	FERRETERIA Y HERRAMIENTAS	product_cat
8107	FERRETERIA Y HERRAMIENTAS	product_cat
8109	FERRETERIA Y HERRAMIENTAS	product_cat
8111	FERRETERIA Y HERRAMIENTAS	product_cat
8113	FERRETERIA Y HERRAMIENTAS	product_cat
8115	FERRETERIA Y HERRAMIENTAS	product_cat
8117	FERRETERIA Y HERRAMIENTAS	product_cat
10717	FERRETERIA Y HERRAMIENTAS	product_cat
8121	FERRETERIA Y HERRAMIENTAS	product_cat
8135	FERRETERIA Y HERRAMIENTAS	product_cat
8144	FERRETERIA Y HERRAMIENTAS	product_cat
8146	FERRETERIA Y HERRAMIENTAS	product_cat
8148	FERRETERIA Y HERRAMIENTAS	product_cat
8151	FERRETERIA Y HERRAMIENTAS	product_cat
8157	FERRETERIA Y HERRAMIENTAS	product_cat
8160	FERRETERIA Y HERRAMIENTAS	product_cat
8162	FERRETERIA Y HERRAMIENTAS	product_cat
8164	FERRETERIA Y HERRAMIENTAS	product_cat
8166	FERRETERIA Y HERRAMIENTAS	product_cat
8167	FERRETERIA Y HERRAMIENTAS	product_cat
8171	FERRETERIA Y HERRAMIENTAS	product_cat
8192	FERRETERIA Y HERRAMIENTAS	product_cat
8194	FERRETERIA Y HERRAMIENTAS	product_cat
8197	FERRETERIA Y HERRAMIENTAS	product_cat
8199	FERRETERIA Y HERRAMIENTAS	product_cat
8202	FERRETERIA Y HERRAMIENTAS	product_cat
8208	FERRETERIA Y HERRAMIENTAS	product_cat
8214	FERRETERIA Y HERRAMIENTAS	product_cat
8217	FERRETERIA Y HERRAMIENTAS	product_cat
8230	FERRETERIA Y HERRAMIENTAS	product_cat
8242	FERRETERIA Y HERRAMIENTAS	product_cat
8263	FERRETERIA Y HERRAMIENTAS	product_cat
8266	FERRETERIA Y HERRAMIENTAS	product_cat
8270	FERRETERIA Y HERRAMIENTAS	product_cat
8272	FERRETERIA Y HERRAMIENTAS	product_cat
8273	FERRETERIA Y HERRAMIENTAS	product_cat
8277	FERRETERIA Y HERRAMIENTAS	product_cat
8278	FERRETERIA Y HERRAMIENTAS	product_cat
8300	FERRETERIA Y HERRAMIENTAS	product_cat
8303	FERRETERIA Y HERRAMIENTAS	product_cat
8305	FERRETERIA Y HERRAMIENTAS	product_cat
8314	FERRETERIA Y HERRAMIENTAS	product_cat
8323	FERRETERIA Y HERRAMIENTAS	product_cat
8325	FERRETERIA Y HERRAMIENTAS	product_cat
8326	FERRETERIA Y HERRAMIENTAS	product_cat
8328	FERRETERIA Y HERRAMIENTAS	product_cat
8329	FERRETERIA Y HERRAMIENTAS	product_cat
8349	FERRETERIA Y HERRAMIENTAS	product_cat
8352	FERRETERIA Y HERRAMIENTAS	product_cat
8354	FERRETERIA Y HERRAMIENTAS	product_cat
8351	FERRETERIA Y HERRAMIENTAS	product_cat
8363	FERRETERIA Y HERRAMIENTAS	product_cat
8359	FERRETERIA Y HERRAMIENTAS	product_cat
8361	FERRETERIA Y HERRAMIENTAS	product_cat
8370	FERRETERIA Y HERRAMIENTAS	product_cat
8380	FERRETERIA Y HERRAMIENTAS	product_cat
8383	FERRETERIA Y HERRAMIENTAS	product_cat
8385	FERRETERIA Y HERRAMIENTAS	product_cat
8390	FERRETERIA Y HERRAMIENTAS	product_cat
8392	FERRETERIA Y HERRAMIENTAS	product_cat
8396	FERRETERIA Y HERRAMIENTAS	product_cat
8399	FERRETERIA Y HERRAMIENTAS	product_cat
8394	FERRETERIA Y HERRAMIENTAS	product_cat
8401	FERRETERIA Y HERRAMIENTAS	product_cat
8403	FERRETERIA Y HERRAMIENTAS	product_cat
8404	FERRETERIA Y HERRAMIENTAS	product_cat
8402	FERRETERIA Y HERRAMIENTAS	product_cat
8409	FERRETERIA Y HERRAMIENTAS	product_cat
8410	FERRETERIA Y HERRAMIENTAS	product_cat
8418	FERRETERIA Y HERRAMIENTAS	product_cat
8437	FERRETERIA Y HERRAMIENTAS	product_cat
8439	FERRETERIA Y HERRAMIENTAS	product_cat
8440	FERRETERIA Y HERRAMIENTAS	product_cat
8441	FERRETERIA Y HERRAMIENTAS	product_cat
8442	FERRETERIA Y HERRAMIENTAS	product_cat
8445	FERRETERIA Y HERRAMIENTAS	product_cat
8450	FERRETERIA Y HERRAMIENTAS	product_cat
8451	FERRETERIA Y HERRAMIENTAS	product_cat
8452	FERRETERIA Y HERRAMIENTAS	product_cat
8453	FERRETERIA Y HERRAMIENTAS	product_cat
8454	FERRETERIA Y HERRAMIENTAS	product_cat
8456	FERRETERIA Y HERRAMIENTAS	product_cat
8458	FERRETERIA Y HERRAMIENTAS	product_cat
8459	FERRETERIA Y HERRAMIENTAS	product_cat
8461	FERRETERIA Y HERRAMIENTAS	product_cat
8462	FERRETERIA Y HERRAMIENTAS	product_cat
8464	FERRETERIA Y HERRAMIENTAS	product_cat
8465	FERRETERIA Y HERRAMIENTAS	product_cat
8467	FERRETERIA Y HERRAMIENTAS	product_cat
8469	FERRETERIA Y HERRAMIENTAS	product_cat
8473	FERRETERIA Y HERRAMIENTAS	product_cat
8475	FERRETERIA Y HERRAMIENTAS	product_cat
8478	FERRETERIA Y HERRAMIENTAS	product_cat
8480	FERRETERIA Y HERRAMIENTAS	product_cat
8482	FERRETERIA Y HERRAMIENTAS	product_cat
8486	FERRETERIA Y HERRAMIENTAS	product_cat
8509	FERRETERIA Y HERRAMIENTAS	product_cat
8511	FERRETERIA Y HERRAMIENTAS	product_cat
8513	FERRETERIA Y HERRAMIENTAS	product_cat
8514	FERRETERIA Y HERRAMIENTAS	product_cat
8517	FERRETERIA Y HERRAMIENTAS	product_cat
8520	FERRETERIA Y HERRAMIENTAS	product_cat
8523	FERRETERIA Y HERRAMIENTAS	product_cat
8530	FERRETERIA Y HERRAMIENTAS	product_cat
15523	FERRETERIA Y HERRAMIENTAS	product_cat
8533	FERRETERIA Y HERRAMIENTAS	product_cat
8538	FERRETERIA Y HERRAMIENTAS	product_cat
8541	FERRETERIA Y HERRAMIENTAS	product_cat
8543	FERRETERIA Y HERRAMIENTAS	product_cat
8549	FERRETERIA Y HERRAMIENTAS	product_cat
8545	FERRETERIA Y HERRAMIENTAS	product_cat
8555	FERRETERIA Y HERRAMIENTAS	product_cat
8557	FERRETERIA Y HERRAMIENTAS	product_cat
8572	FERRETERIA Y HERRAMIENTAS	product_cat
8601	FERRETERIA Y HERRAMIENTAS	product_cat
8606	FERRETERIA Y HERRAMIENTAS	product_cat
8609	FERRETERIA Y HERRAMIENTAS	product_cat
8611	FERRETERIA Y HERRAMIENTAS	product_cat
8614	FERRETERIA Y HERRAMIENTAS	product_cat
8616	FERRETERIA Y HERRAMIENTAS	product_cat
8624	FERRETERIA Y HERRAMIENTAS	product_cat
8626	FERRETERIA Y HERRAMIENTAS	product_cat
8628	FERRETERIA Y HERRAMIENTAS	product_cat
8631	FERRETERIA Y HERRAMIENTAS	product_cat
8630	FERRETERIA Y HERRAMIENTAS	product_cat
8635	FERRETERIA Y HERRAMIENTAS	product_cat
8634	FERRETERIA Y HERRAMIENTAS	product_cat
8639	FERRETERIA Y HERRAMIENTAS	product_cat
8640	FERRETERIA Y HERRAMIENTAS	product_cat
8641	FERRETERIA Y HERRAMIENTAS	product_cat
8643	FERRETERIA Y HERRAMIENTAS	product_cat
8645	FERRETERIA Y HERRAMIENTAS	product_cat
8646	FERRETERIA Y HERRAMIENTAS	product_cat
8666	FERRETERIA Y HERRAMIENTAS	product_cat
8667	FERRETERIA Y HERRAMIENTAS	product_cat
8668	FERRETERIA Y HERRAMIENTAS	product_cat
8664	FERRETERIA Y HERRAMIENTAS	product_cat
8671	FERRETERIA Y HERRAMIENTAS	product_cat
8673	FERRETERIA Y HERRAMIENTAS	product_cat
8676	FERRETERIA Y HERRAMIENTAS	product_cat
8679	FERRETERIA Y HERRAMIENTAS	product_cat
8682	FERRETERIA Y HERRAMIENTAS	product_cat
8684	FERRETERIA Y HERRAMIENTAS	product_cat
8688	FERRETERIA Y HERRAMIENTAS	product_cat
8690	FERRETERIA Y HERRAMIENTAS	product_cat
8694	FERRETERIA Y HERRAMIENTAS	product_cat
8696	FERRETERIA Y HERRAMIENTAS	product_cat
8697	FERRETERIA Y HERRAMIENTAS	product_cat
8703	FERRETERIA Y HERRAMIENTAS	product_cat
8706	FERRETERIA Y HERRAMIENTAS	product_cat
8708	FERRETERIA Y HERRAMIENTAS	product_cat
8710	FERRETERIA Y HERRAMIENTAS	product_cat
8712	FERRETERIA Y HERRAMIENTAS	product_cat
8713	FERRETERIA Y HERRAMIENTAS	product_cat
8715	FERRETERIA Y HERRAMIENTAS	product_cat
8732	FERRETERIA Y HERRAMIENTAS	product_cat
8740	FERRETERIA Y HERRAMIENTAS	product_cat
8760	FERRETERIA Y HERRAMIENTAS	product_cat
8762	FERRETERIA Y HERRAMIENTAS	product_cat
8764	FERRETERIA Y HERRAMIENTAS	product_cat
8766	FERRETERIA Y HERRAMIENTAS	product_cat
8797	FERRETERIA Y HERRAMIENTAS	product_cat
8803	FERRETERIA Y HERRAMIENTAS	product_cat
8768	FERRETERIA Y HERRAMIENTAS	product_cat
8848	FERRETERIA Y HERRAMIENTAS	product_cat
8928	FERRETERIA Y HERRAMIENTAS	product_cat
8930	FERRETERIA Y HERRAMIENTAS	product_cat
10681	FERRETERIA Y HERRAMIENTAS	product_cat
9040	FERRETERIA Y HERRAMIENTAS	product_cat
9045	FERRETERIA Y HERRAMIENTAS	product_cat
9053	FERRETERIA Y HERRAMIENTAS	product_cat
9054	FERRETERIA Y HERRAMIENTAS	product_cat
9056	FERRETERIA Y HERRAMIENTAS	product_cat
9061	FERRETERIA Y HERRAMIENTAS	product_cat
9074	FERRETERIA Y HERRAMIENTAS	product_cat
9077	FERRETERIA Y HERRAMIENTAS	product_cat
9078	FERRETERIA Y HERRAMIENTAS	product_cat
9082	FERRETERIA Y HERRAMIENTAS	product_cat
9084	FERRETERIA Y HERRAMIENTAS	product_cat
9090	FERRETERIA Y HERRAMIENTAS	product_cat
9092	FERRETERIA Y HERRAMIENTAS	product_cat
9094	FERRETERIA Y HERRAMIENTAS	product_cat
9096	FERRETERIA Y HERRAMIENTAS	product_cat
9144	FERRETERIA Y HERRAMIENTAS	product_cat
9149	FERRETERIA Y HERRAMIENTAS	product_cat
9152	FERRETERIA Y HERRAMIENTAS	product_cat
9165	FERRETERIA Y HERRAMIENTAS	product_cat
9191	FERRETERIA Y HERRAMIENTAS	product_cat
9193	FERRETERIA Y HERRAMIENTAS	product_cat
9197	FERRETERIA Y HERRAMIENTAS	product_cat
9195	FERRETERIA Y HERRAMIENTAS	product_cat
9206	FERRETERIA Y HERRAMIENTAS	product_cat
9207	FERRETERIA Y HERRAMIENTAS	product_cat
9254	FERRETERIA Y HERRAMIENTAS	product_cat
9258	FERRETERIA Y HERRAMIENTAS	product_cat
12211	FERRETERIA Y HERRAMIENTAS	product_cat
9274	FERRETERIA Y HERRAMIENTAS	product_cat
9276	FERRETERIA Y HERRAMIENTAS	product_cat
9278	FERRETERIA Y HERRAMIENTAS	product_cat
9279	FERRETERIA Y HERRAMIENTAS	product_cat
9281	FERRETERIA Y HERRAMIENTAS	product_cat
9284	FERRETERIA Y HERRAMIENTAS	product_cat
9287	FERRETERIA Y HERRAMIENTAS	product_cat
9289	FERRETERIA Y HERRAMIENTAS	product_cat
9293	FERRETERIA Y HERRAMIENTAS	product_cat
9301	FERRETERIA Y HERRAMIENTAS	product_cat
9295	FERRETERIA Y HERRAMIENTAS	product_cat
9304	FERRETERIA Y HERRAMIENTAS	product_cat
10220	FERRETERIA Y HERRAMIENTAS	product_cat
10209	FERRETERIA Y HERRAMIENTAS	product_cat
9338	FERRETERIA Y HERRAMIENTAS	product_cat
9340	FERRETERIA Y HERRAMIENTAS	product_cat
9342	FERRETERIA Y HERRAMIENTAS	product_cat
9344	FERRETERIA Y HERRAMIENTAS	product_cat
9358	FERRETERIA Y HERRAMIENTAS	product_cat
9347	FERRETERIA Y HERRAMIENTAS	product_cat
9349	FERRETERIA Y HERRAMIENTAS	product_cat
9350	FERRETERIA Y HERRAMIENTAS	product_cat
9391	FERRETERIA Y HERRAMIENTAS	product_cat
9444	FERRETERIA Y HERRAMIENTAS	product_cat
9446	FERRETERIA Y HERRAMIENTAS	product_cat
9448	FERRETERIA Y HERRAMIENTAS	product_cat
9450	FERRETERIA Y HERRAMIENTAS	product_cat
9464	FERRETERIA Y HERRAMIENTAS	product_cat
9466	FERRETERIA Y HERRAMIENTAS	product_cat
9468	FERRETERIA Y HERRAMIENTAS	product_cat
9488	FERRETERIA Y HERRAMIENTAS	product_cat
9491	FERRETERIA Y HERRAMIENTAS	product_cat
9493	FERRETERIA Y HERRAMIENTAS	product_cat
9494	FERRETERIA Y HERRAMIENTAS	product_cat
9496	FERRETERIA Y HERRAMIENTAS	product_cat
9499	FERRETERIA Y HERRAMIENTAS	product_cat
9501	FERRETERIA Y HERRAMIENTAS	product_cat
9503	FERRETERIA Y HERRAMIENTAS	product_cat
10312	FERRETERIA Y HERRAMIENTAS	product_cat
13171	FERRETERIA Y HERRAMIENTAS	product_cat
9649	FERRETERIA Y HERRAMIENTAS	product_cat
9651	FERRETERIA Y HERRAMIENTAS	product_cat
9653	FERRETERIA Y HERRAMIENTAS	product_cat
9655	FERRETERIA Y HERRAMIENTAS	product_cat
9657	FERRETERIA Y HERRAMIENTAS	product_cat
9659	FERRETERIA Y HERRAMIENTAS	product_cat
9660	FERRETERIA Y HERRAMIENTAS	product_cat
9663	FERRETERIA Y HERRAMIENTAS	product_cat
9666	FERRETERIA Y HERRAMIENTAS	product_cat
9676	FERRETERIA Y HERRAMIENTAS	product_cat
9680	FERRETERIA Y HERRAMIENTAS	product_cat
9682	FERRETERIA Y HERRAMIENTAS	product_cat
9684	FERRETERIA Y HERRAMIENTAS	product_cat
9689	FERRETERIA Y HERRAMIENTAS	product_cat
9693	FERRETERIA Y HERRAMIENTAS	product_cat
9699	FERRETERIA Y HERRAMIENTAS	product_cat
9750	FERRETERIA Y HERRAMIENTAS	product_cat
9752	FERRETERIA Y HERRAMIENTAS	product_cat
9761	FERRETERIA Y HERRAMIENTAS	product_cat
9763	FERRETERIA Y HERRAMIENTAS	product_cat
9767	FERRETERIA Y HERRAMIENTAS	product_cat
9769	FERRETERIA Y HERRAMIENTAS	product_cat
9772	FERRETERIA Y HERRAMIENTAS	product_cat
9780	FERRETERIA Y HERRAMIENTAS	product_cat
9782	FERRETERIA Y HERRAMIENTAS	product_cat
9845	FERRETERIA Y HERRAMIENTAS	product_cat
9871	FERRETERIA Y HERRAMIENTAS	product_cat
9873	FERRETERIA Y HERRAMIENTAS	product_cat
9875	FERRETERIA Y HERRAMIENTAS	product_cat
9877	FERRETERIA Y HERRAMIENTAS	product_cat
9879	FERRETERIA Y HERRAMIENTAS	product_cat
9883	FERRETERIA Y HERRAMIENTAS	product_cat
9885	FERRETERIA Y HERRAMIENTAS	product_cat
9947	FERRETERIA Y HERRAMIENTAS	product_cat
9949	FERRETERIA Y HERRAMIENTAS	product_cat
9995	FERRETERIA Y HERRAMIENTAS	product_cat
10000	FERRETERIA Y HERRAMIENTAS	product_cat
10002	FERRETERIA Y HERRAMIENTAS	product_cat
10004	FERRETERIA Y HERRAMIENTAS	product_cat
10017	FERRETERIA Y HERRAMIENTAS	product_cat
10020	FERRETERIA Y HERRAMIENTAS	product_cat
10022	FERRETERIA Y HERRAMIENTAS	product_cat
10028	FERRETERIA Y HERRAMIENTAS	product_cat
10074	FERRETERIA Y HERRAMIENTAS	product_cat
10113	FERRETERIA Y HERRAMIENTAS	product_cat
10146	FERRETERIA Y HERRAMIENTAS	product_cat
10154	FERRETERIA Y HERRAMIENTAS	product_cat
10163	FERRETERIA Y HERRAMIENTAS	product_cat
10167	FERRETERIA Y HERRAMIENTAS	product_cat
10169	FERRETERIA Y HERRAMIENTAS	product_cat
10171	FERRETERIA Y HERRAMIENTAS	product_cat
10174	FERRETERIA Y HERRAMIENTAS	product_cat
10177	FERRETERIA Y HERRAMIENTAS	product_cat
10181	FERRETERIA Y HERRAMIENTAS	product_cat
10183	FERRETERIA Y HERRAMIENTAS	product_cat
10185	FERRETERIA Y HERRAMIENTAS	product_cat
10186	FERRETERIA Y HERRAMIENTAS	product_cat
10188	FERRETERIA Y HERRAMIENTAS	product_cat
10190	FERRETERIA Y HERRAMIENTAS	product_cat
10192	FERRETERIA Y HERRAMIENTAS	product_cat
10194	FERRETERIA Y HERRAMIENTAS	product_cat
10317	FERRETERIA Y HERRAMIENTAS	product_cat
10335	FERRETERIA Y HERRAMIENTAS	product_cat
10342	FERRETERIA Y HERRAMIENTAS	product_cat
10384	FERRETERIA Y HERRAMIENTAS	product_cat
10388	FERRETERIA Y HERRAMIENTAS	product_cat
10389	FERRETERIA Y HERRAMIENTAS	product_cat
10414	FERRETERIA Y HERRAMIENTAS	product_cat
10421	FERRETERIA Y HERRAMIENTAS	product_cat
10436	FERRETERIA Y HERRAMIENTAS	product_cat
10442	FERRETERIA Y HERRAMIENTAS	product_cat
10445	FERRETERIA Y HERRAMIENTAS	product_cat
10446	FERRETERIA Y HERRAMIENTAS	product_cat
10447	FERRETERIA Y HERRAMIENTAS	product_cat
10449	FERRETERIA Y HERRAMIENTAS	product_cat
10451	FERRETERIA Y HERRAMIENTAS	product_cat
10454	FERRETERIA Y HERRAMIENTAS	product_cat
10456	FERRETERIA Y HERRAMIENTAS	product_cat
10457	FERRETERIA Y HERRAMIENTAS	product_cat
10478	FERRETERIA Y HERRAMIENTAS	product_cat
10483	FERRETERIA Y HERRAMIENTAS	product_cat
10487	FERRETERIA Y HERRAMIENTAS	product_cat
10489	FERRETERIA Y HERRAMIENTAS	product_cat
10506	FERRETERIA Y HERRAMIENTAS	product_cat
10508	FERRETERIA Y HERRAMIENTAS	product_cat
10509	FERRETERIA Y HERRAMIENTAS	product_cat
10510	FERRETERIA Y HERRAMIENTAS	product_cat
10513	FERRETERIA Y HERRAMIENTAS	product_cat
10523	FERRETERIA Y HERRAMIENTAS	product_cat
10526	FERRETERIA Y HERRAMIENTAS	product_cat
10529	FERRETERIA Y HERRAMIENTAS	product_cat
10532	FERRETERIA Y HERRAMIENTAS	product_cat
10533	FERRETERIA Y HERRAMIENTAS	product_cat
10535	FERRETERIA Y HERRAMIENTAS	product_cat
10541	FERRETERIA Y HERRAMIENTAS	product_cat
10553	FERRETERIA Y HERRAMIENTAS	product_cat
10559	FERRETERIA Y HERRAMIENTAS	product_cat
10562	FERRETERIA Y HERRAMIENTAS	product_cat
10565	FERRETERIA Y HERRAMIENTAS	product_cat
10577	FERRETERIA Y HERRAMIENTAS	product_cat
10580	FERRETERIA Y HERRAMIENTAS	product_cat
10589	FERRETERIA Y HERRAMIENTAS	product_cat
10594	FERRETERIA Y HERRAMIENTAS	product_cat
10619	FERRETERIA Y HERRAMIENTAS	product_cat
10622	FERRETERIA Y HERRAMIENTAS	product_cat
10627	FERRETERIA Y HERRAMIENTAS	product_cat
10632	FERRETERIA Y HERRAMIENTAS	product_cat
10637	FERRETERIA Y HERRAMIENTAS	product_cat
10641	FERRETERIA Y HERRAMIENTAS	product_cat
10688	FERRETERIA Y HERRAMIENTAS	product_cat
10702	FERRETERIA Y HERRAMIENTAS	product_cat
10707	FERRETERIA Y HERRAMIENTAS	product_cat
10709	FERRETERIA Y HERRAMIENTAS	product_cat
10715	FERRETERIA Y HERRAMIENTAS	product_cat
10725	FERRETERIA Y HERRAMIENTAS	product_cat
10738	FERRETERIA Y HERRAMIENTAS	product_cat
10747	FERRETERIA Y HERRAMIENTAS	product_cat
10765	FERRETERIA Y HERRAMIENTAS	product_cat
10768	FERRETERIA Y HERRAMIENTAS	product_cat
10769	FERRETERIA Y HERRAMIENTAS	product_cat
10770	FERRETERIA Y HERRAMIENTAS	product_cat
10771	FERRETERIA Y HERRAMIENTAS	product_cat
10775	FERRETERIA Y HERRAMIENTAS	product_cat
11026	FERRETERIA Y HERRAMIENTAS	product_cat
10787	FERRETERIA Y HERRAMIENTAS	product_cat
10789	FERRETERIA Y HERRAMIENTAS	product_cat
10811	FERRETERIA Y HERRAMIENTAS	product_cat
10816	FERRETERIA Y HERRAMIENTAS	product_cat
10821	FERRETERIA Y HERRAMIENTAS	product_cat
16112	FERRETERIA Y HERRAMIENTAS	product_cat
10833	FERRETERIA Y HERRAMIENTAS	product_cat
10847	FERRETERIA Y HERRAMIENTAS	product_cat
10850	FERRETERIA Y HERRAMIENTAS	product_cat
10856	FERRETERIA Y HERRAMIENTAS	product_cat
10862	FERRETERIA Y HERRAMIENTAS	product_cat
10872	FERRETERIA Y HERRAMIENTAS	product_cat
7342	FERRETERIA Y HERRAMIENTAS	product_cat
10917	FERRETERIA Y HERRAMIENTAS	product_cat
10922	FERRETERIA Y HERRAMIENTAS	product_cat
10927	FERRETERIA Y HERRAMIENTAS	product_cat
10931	FERRETERIA Y HERRAMIENTAS	product_cat
10950	FERRETERIA Y HERRAMIENTAS	product_cat
10953	FERRETERIA Y HERRAMIENTAS	product_cat
10977	FERRETERIA Y HERRAMIENTAS	product_cat
10981	FERRETERIA Y HERRAMIENTAS	product_cat
10995	FERRETERIA Y HERRAMIENTAS	product_cat
10996	FERRETERIA Y HERRAMIENTAS	product_cat
10998	FERRETERIA Y HERRAMIENTAS	product_cat
10999	FERRETERIA Y HERRAMIENTAS	product_cat
11000	FERRETERIA Y HERRAMIENTAS	product_cat
11066	FERRETERIA Y HERRAMIENTAS	product_cat
11076	FERRETERIA Y HERRAMIENTAS	product_cat
11082	FERRETERIA Y HERRAMIENTAS	product_cat
11090	FERRETERIA Y HERRAMIENTAS	product_cat
11104	FERRETERIA Y HERRAMIENTAS	product_cat
11107	FERRETERIA Y HERRAMIENTAS	product_cat
11108	FERRETERIA Y HERRAMIENTAS	product_cat
11117	FERRETERIA Y HERRAMIENTAS	product_cat
11119	FERRETERIA Y HERRAMIENTAS	product_cat
11125	FERRETERIA Y HERRAMIENTAS	product_cat
11127	FERRETERIA Y HERRAMIENTAS	product_cat
11129	FERRETERIA Y HERRAMIENTAS	product_cat
11132	FERRETERIA Y HERRAMIENTAS	product_cat
11143	FERRETERIA Y HERRAMIENTAS	product_cat
11152	FERRETERIA Y HERRAMIENTAS	product_cat
11184	FERRETERIA Y HERRAMIENTAS	product_cat
11196	FERRETERIA Y HERRAMIENTAS	product_cat
11203	FERRETERIA Y HERRAMIENTAS	product_cat
11255	FERRETERIA Y HERRAMIENTAS	product_cat
11267	FERRETERIA Y HERRAMIENTAS	product_cat
11289	FERRETERIA Y HERRAMIENTAS	product_cat
11296	FERRETERIA Y HERRAMIENTAS	product_cat
11301	FERRETERIA Y HERRAMIENTAS	product_cat
11312	FERRETERIA Y HERRAMIENTAS	product_cat
11319	FERRETERIA Y HERRAMIENTAS	product_cat
11324	FERRETERIA Y HERRAMIENTAS	product_cat
11373	FERRETERIA Y HERRAMIENTAS	product_cat
11424	FERRETERIA Y HERRAMIENTAS	product_cat
11430	FERRETERIA Y HERRAMIENTAS	product_cat
11450	FERRETERIA Y HERRAMIENTAS	product_cat
11454	FERRETERIA Y HERRAMIENTAS	product_cat
11456	FERRETERIA Y HERRAMIENTAS	product_cat
11468	FERRETERIA Y HERRAMIENTAS	product_cat
11471	FERRETERIA Y HERRAMIENTAS	product_cat
11510	FERRETERIA Y HERRAMIENTAS	product_cat
11563	FERRETERIA Y HERRAMIENTAS	product_cat
11577	FERRETERIA Y HERRAMIENTAS	product_cat
11589	FERRETERIA Y HERRAMIENTAS	product_cat
11594	FERRETERIA Y HERRAMIENTAS	product_cat
11624	FERRETERIA Y HERRAMIENTAS	product_cat
11656	FERRETERIA Y HERRAMIENTAS	product_cat
11658	FERRETERIA Y HERRAMIENTAS	product_cat
11663	FERRETERIA Y HERRAMIENTAS	product_cat
11676	FERRETERIA Y HERRAMIENTAS	product_cat
11684	FERRETERIA Y HERRAMIENTAS	product_cat
11686	FERRETERIA Y HERRAMIENTAS	product_cat
11688	FERRETERIA Y HERRAMIENTAS	product_cat
11689	FERRETERIA Y HERRAMIENTAS	product_cat
11692	FERRETERIA Y HERRAMIENTAS	product_cat
11694	FERRETERIA Y HERRAMIENTAS	product_cat
11701	FERRETERIA Y HERRAMIENTAS	product_cat
11703	FERRETERIA Y HERRAMIENTAS	product_cat
11705	FERRETERIA Y HERRAMIENTAS	product_cat
11708	FERRETERIA Y HERRAMIENTAS	product_cat
11709	FERRETERIA Y HERRAMIENTAS	product_cat
11718	FERRETERIA Y HERRAMIENTAS	product_cat
11743	FERRETERIA Y HERRAMIENTAS	product_cat
11746	FERRETERIA Y HERRAMIENTAS	product_cat
11752	FERRETERIA Y HERRAMIENTAS	product_cat
11755	FERRETERIA Y HERRAMIENTAS	product_cat
11761	FERRETERIA Y HERRAMIENTAS	product_cat
11763	FERRETERIA Y HERRAMIENTAS	product_cat
11764	FERRETERIA Y HERRAMIENTAS	product_cat
11766	FERRETERIA Y HERRAMIENTAS	product_cat
11767	FERRETERIA Y HERRAMIENTAS	product_cat
11807	FERRETERIA Y HERRAMIENTAS	product_cat
11812	FERRETERIA Y HERRAMIENTAS	product_cat
11817	FERRETERIA Y HERRAMIENTAS	product_cat
11818	FERRETERIA Y HERRAMIENTAS	product_cat
11821	FERRETERIA Y HERRAMIENTAS	product_cat
11828	FERRETERIA Y HERRAMIENTAS	product_cat
11861	FERRETERIA Y HERRAMIENTAS	product_cat
11865	FERRETERIA Y HERRAMIENTAS	product_cat
11866	FERRETERIA Y HERRAMIENTAS	product_cat
11867	FERRETERIA Y HERRAMIENTAS	product_cat
11874	FERRETERIA Y HERRAMIENTAS	product_cat
11877	FERRETERIA Y HERRAMIENTAS	product_cat
11879	FERRETERIA Y HERRAMIENTAS	product_cat
11889	FERRETERIA Y HERRAMIENTAS	product_cat
11922	FERRETERIA Y HERRAMIENTAS	product_cat
11924	FERRETERIA Y HERRAMIENTAS	product_cat
11932	FERRETERIA Y HERRAMIENTAS	product_cat
11936	FERRETERIA Y HERRAMIENTAS	product_cat
11937	FERRETERIA Y HERRAMIENTAS	product_cat
11963	FERRETERIA Y HERRAMIENTAS	product_cat
11969	FERRETERIA Y HERRAMIENTAS	product_cat
11972	FERRETERIA Y HERRAMIENTAS	product_cat
11974	FERRETERIA Y HERRAMIENTAS	product_cat
11977	FERRETERIA Y HERRAMIENTAS	product_cat
12002	FERRETERIA Y HERRAMIENTAS	product_cat
12004	FERRETERIA Y HERRAMIENTAS	product_cat
12007	FERRETERIA Y HERRAMIENTAS	product_cat
12011	FERRETERIA Y HERRAMIENTAS	product_cat
12067	FERRETERIA Y HERRAMIENTAS	product_cat
12072	FERRETERIA Y HERRAMIENTAS	product_cat
12078	FERRETERIA Y HERRAMIENTAS	product_cat
12080	FERRETERIA Y HERRAMIENTAS	product_cat
12082	FERRETERIA Y HERRAMIENTAS	product_cat
12086	FERRETERIA Y HERRAMIENTAS	product_cat
12157	FERRETERIA Y HERRAMIENTAS	product_cat
12158	FERRETERIA Y HERRAMIENTAS	product_cat
12159	FERRETERIA Y HERRAMIENTAS	product_cat
12169	FERRETERIA Y HERRAMIENTAS	product_cat
12170	FERRETERIA Y HERRAMIENTAS	product_cat
12214	FERRETERIA Y HERRAMIENTAS	product_cat
12216	FERRETERIA Y HERRAMIENTAS	product_cat
12236	FERRETERIA Y HERRAMIENTAS	product_cat
12257	FERRETERIA Y HERRAMIENTAS	product_cat
12262	FERRETERIA Y HERRAMIENTAS	product_cat
12269	FERRETERIA Y HERRAMIENTAS	product_cat
12272	FERRETERIA Y HERRAMIENTAS	product_cat
12276	FERRETERIA Y HERRAMIENTAS	product_cat
12291	FERRETERIA Y HERRAMIENTAS	product_cat
12294	FERRETERIA Y HERRAMIENTAS	product_cat
12299	FERRETERIA Y HERRAMIENTAS	product_cat
12300	FERRETERIA Y HERRAMIENTAS	product_cat
12302	FERRETERIA Y HERRAMIENTAS	product_cat
12304	FERRETERIA Y HERRAMIENTAS	product_cat
12305	FERRETERIA Y HERRAMIENTAS	product_cat
12335	FERRETERIA Y HERRAMIENTAS	product_cat
12337	FERRETERIA Y HERRAMIENTAS	product_cat
12348	FERRETERIA Y HERRAMIENTAS	product_cat
12372	FERRETERIA Y HERRAMIENTAS	product_cat
15157	FERRETERIA Y HERRAMIENTAS	product_cat
12380	FERRETERIA Y HERRAMIENTAS	product_cat
12382	FERRETERIA Y HERRAMIENTAS	product_cat
12381	FERRETERIA Y HERRAMIENTAS	product_cat
12387	FERRETERIA Y HERRAMIENTAS	product_cat
12391	FERRETERIA Y HERRAMIENTAS	product_cat
12393	FERRETERIA Y HERRAMIENTAS	product_cat
12395	FERRETERIA Y HERRAMIENTAS	product_cat
12405	FERRETERIA Y HERRAMIENTAS	product_cat
12413	FERRETERIA Y HERRAMIENTAS	product_cat
12432	FERRETERIA Y HERRAMIENTAS	product_cat
12434	FERRETERIA Y HERRAMIENTAS	product_cat
12439	FERRETERIA Y HERRAMIENTAS	product_cat
12441	FERRETERIA Y HERRAMIENTAS	product_cat
12450	FERRETERIA Y HERRAMIENTAS	product_cat
12456	FERRETERIA Y HERRAMIENTAS	product_cat
12459	FERRETERIA Y HERRAMIENTAS	product_cat
12461	FERRETERIA Y HERRAMIENTAS	product_cat
12464	FERRETERIA Y HERRAMIENTAS	product_cat
12466	FERRETERIA Y HERRAMIENTAS	product_cat
12474	FERRETERIA Y HERRAMIENTAS	product_cat
12490	FERRETERIA Y HERRAMIENTAS	product_cat
12491	FERRETERIA Y HERRAMIENTAS	product_cat
12493	FERRETERIA Y HERRAMIENTAS	product_cat
12497	FERRETERIA Y HERRAMIENTAS	product_cat
12502	FERRETERIA Y HERRAMIENTAS	product_cat
12514	FERRETERIA Y HERRAMIENTAS	product_cat
12525	FERRETERIA Y HERRAMIENTAS	product_cat
12539	FERRETERIA Y HERRAMIENTAS	product_cat
12583	FERRETERIA Y HERRAMIENTAS	product_cat
12591	FERRETERIA Y HERRAMIENTAS	product_cat
12592	FERRETERIA Y HERRAMIENTAS	product_cat
15563	FERRETERIA Y HERRAMIENTAS	product_cat
12679	FERRETERIA Y HERRAMIENTAS	product_cat
12789	FERRETERIA Y HERRAMIENTAS	product_cat
12792	FERRETERIA Y HERRAMIENTAS	product_cat
12796	FERRETERIA Y HERRAMIENTAS	product_cat
12800	FERRETERIA Y HERRAMIENTAS	product_cat
12802	FERRETERIA Y HERRAMIENTAS	product_cat
12804	FERRETERIA Y HERRAMIENTAS	product_cat
12806	FERRETERIA Y HERRAMIENTAS	product_cat
12817	FERRETERIA Y HERRAMIENTAS	product_cat
12820	FERRETERIA Y HERRAMIENTAS	product_cat
12835	FERRETERIA Y HERRAMIENTAS	product_cat
12846	FERRETERIA Y HERRAMIENTAS	product_cat
12859	FERRETERIA Y HERRAMIENTAS	product_cat
12878	FERRETERIA Y HERRAMIENTAS	product_cat
12884	FERRETERIA Y HERRAMIENTAS	product_cat
12899	FERRETERIA Y HERRAMIENTAS	product_cat
12906	FERRETERIA Y HERRAMIENTAS	product_cat
12915	FERRETERIA Y HERRAMIENTAS	product_cat
12921	FERRETERIA Y HERRAMIENTAS	product_cat
12924	FERRETERIA Y HERRAMIENTAS	product_cat
12926	FERRETERIA Y HERRAMIENTAS	product_cat
12930	FERRETERIA Y HERRAMIENTAS	product_cat
12935	FERRETERIA Y HERRAMIENTAS	product_cat
12937	FERRETERIA Y HERRAMIENTAS	product_cat
12938	FERRETERIA Y HERRAMIENTAS	product_cat
12946	FERRETERIA Y HERRAMIENTAS	product_cat
12966	FERRETERIA Y HERRAMIENTAS	product_cat
12968	FERRETERIA Y HERRAMIENTAS	product_cat
12982	FERRETERIA Y HERRAMIENTAS	product_cat
12993	FERRETERIA Y HERRAMIENTAS	product_cat
13284	FERRETERIA Y HERRAMIENTAS	product_cat
13317	FERRETERIA Y HERRAMIENTAS	product_cat
13320	FERRETERIA Y HERRAMIENTAS	product_cat
13326	FERRETERIA Y HERRAMIENTAS	product_cat
13338	FERRETERIA Y HERRAMIENTAS	product_cat
13371	FERRETERIA Y HERRAMIENTAS	product_cat
13384	FERRETERIA Y HERRAMIENTAS	product_cat
13414	FERRETERIA Y HERRAMIENTAS	product_cat
13399	FERRETERIA Y HERRAMIENTAS	product_cat
13403	FERRETERIA Y HERRAMIENTAS	product_cat
13406	FERRETERIA Y HERRAMIENTAS	product_cat
13409	FERRETERIA Y HERRAMIENTAS	product_cat
13412	FERRETERIA Y HERRAMIENTAS	product_cat
13421	FERRETERIA Y HERRAMIENTAS	product_cat
13425	FERRETERIA Y HERRAMIENTAS	product_cat
13429	FERRETERIA Y HERRAMIENTAS	product_cat
13430	FERRETERIA Y HERRAMIENTAS	product_cat
13433	FERRETERIA Y HERRAMIENTAS	product_cat
13446	FERRETERIA Y HERRAMIENTAS	product_cat
13451	FERRETERIA Y HERRAMIENTAS	product_cat
13454	FERRETERIA Y HERRAMIENTAS	product_cat
13456	FERRETERIA Y HERRAMIENTAS	product_cat
13469	FERRETERIA Y HERRAMIENTAS	product_cat
13491	FERRETERIA Y HERRAMIENTAS	product_cat
13502	FERRETERIA Y HERRAMIENTAS	product_cat
13503	FERRETERIA Y HERRAMIENTAS	product_cat
13510	FERRETERIA Y HERRAMIENTAS	product_cat
13529	FERRETERIA Y HERRAMIENTAS	product_cat
13532	FERRETERIA Y HERRAMIENTAS	product_cat
13537	FERRETERIA Y HERRAMIENTAS	product_cat
13538	FERRETERIA Y HERRAMIENTAS	product_cat
13539	FERRETERIA Y HERRAMIENTAS	product_cat
13541	FERRETERIA Y HERRAMIENTAS	product_cat
13544	FERRETERIA Y HERRAMIENTAS	product_cat
13546	FERRETERIA Y HERRAMIENTAS	product_cat
13547	FERRETERIA Y HERRAMIENTAS	product_cat
13548	FERRETERIA Y HERRAMIENTAS	product_cat
13550	FERRETERIA Y HERRAMIENTAS	product_cat
13562	FERRETERIA Y HERRAMIENTAS	product_cat
13564	FERRETERIA Y HERRAMIENTAS	product_cat
13567	FERRETERIA Y HERRAMIENTAS	product_cat
13571	FERRETERIA Y HERRAMIENTAS	product_cat
13642	FERRETERIA Y HERRAMIENTAS	product_cat
13646	FERRETERIA Y HERRAMIENTAS	product_cat
13666	FERRETERIA Y HERRAMIENTAS	product_cat
13668	FERRETERIA Y HERRAMIENTAS	product_cat
16382	FERRETERIA Y HERRAMIENTAS	product_cat
13756	FERRETERIA Y HERRAMIENTAS	product_cat
13813	FERRETERIA Y HERRAMIENTAS	product_cat
13815	FERRETERIA Y HERRAMIENTAS	product_cat
13819	FERRETERIA Y HERRAMIENTAS	product_cat
13821	FERRETERIA Y HERRAMIENTAS	product_cat
13824	FERRETERIA Y HERRAMIENTAS	product_cat
13828	FERRETERIA Y HERRAMIENTAS	product_cat
13832	FERRETERIA Y HERRAMIENTAS	product_cat
13834	FERRETERIA Y HERRAMIENTAS	product_cat
13836	FERRETERIA Y HERRAMIENTAS	product_cat
13849	FERRETERIA Y HERRAMIENTAS	product_cat
13908	FERRETERIA Y HERRAMIENTAS	product_cat
13915	FERRETERIA Y HERRAMIENTAS	product_cat
13917	FERRETERIA Y HERRAMIENTAS	product_cat
13919	FERRETERIA Y HERRAMIENTAS	product_cat
13934	FERRETERIA Y HERRAMIENTAS	product_cat
13966	FERRETERIA Y HERRAMIENTAS	product_cat
13965	FERRETERIA Y HERRAMIENTAS	product_cat
13969	FERRETERIA Y HERRAMIENTAS	product_cat
13979	FERRETERIA Y HERRAMIENTAS	product_cat
13989	FERRETERIA Y HERRAMIENTAS	product_cat
13991	FERRETERIA Y HERRAMIENTAS	product_cat
13993	FERRETERIA Y HERRAMIENTAS	product_cat
13996	FERRETERIA Y HERRAMIENTAS	product_cat
13997	FERRETERIA Y HERRAMIENTAS	product_cat
14001	FERRETERIA Y HERRAMIENTAS	product_cat
14022	FERRETERIA Y HERRAMIENTAS	product_cat
14023	FERRETERIA Y HERRAMIENTAS	product_cat
14025	FERRETERIA Y HERRAMIENTAS	product_cat
14026	FERRETERIA Y HERRAMIENTAS	product_cat
14061	FERRETERIA Y HERRAMIENTAS	product_cat
14063	FERRETERIA Y HERRAMIENTAS	product_cat
14065	FERRETERIA Y HERRAMIENTAS	product_cat
14067	FERRETERIA Y HERRAMIENTAS	product_cat
14069	FERRETERIA Y HERRAMIENTAS	product_cat
14070	FERRETERIA Y HERRAMIENTAS	product_cat
14072	FERRETERIA Y HERRAMIENTAS	product_cat
14074	FERRETERIA Y HERRAMIENTAS	product_cat
14077	FERRETERIA Y HERRAMIENTAS	product_cat
14078	FERRETERIA Y HERRAMIENTAS	product_cat
14080	FERRETERIA Y HERRAMIENTAS	product_cat
14081	FERRETERIA Y HERRAMIENTAS	product_cat
14084	FERRETERIA Y HERRAMIENTAS	product_cat
14093	FERRETERIA Y HERRAMIENTAS	product_cat
14100	FERRETERIA Y HERRAMIENTAS	product_cat
14101	FERRETERIA Y HERRAMIENTAS	product_cat
14105	FERRETERIA Y HERRAMIENTAS	product_cat
14113	FERRETERIA Y HERRAMIENTAS	product_cat
14114	FERRETERIA Y HERRAMIENTAS	product_cat
14115	FERRETERIA Y HERRAMIENTAS	product_cat
14121	FERRETERIA Y HERRAMIENTAS	product_cat
14122	FERRETERIA Y HERRAMIENTAS	product_cat
14123	FERRETERIA Y HERRAMIENTAS	product_cat
14125	FERRETERIA Y HERRAMIENTAS	product_cat
14127	FERRETERIA Y HERRAMIENTAS	product_cat
14128	FERRETERIA Y HERRAMIENTAS	product_cat
14130	FERRETERIA Y HERRAMIENTAS	product_cat
14131	FERRETERIA Y HERRAMIENTAS	product_cat
14133	FERRETERIA Y HERRAMIENTAS	product_cat
14134	FERRETERIA Y HERRAMIENTAS	product_cat
14137	FERRETERIA Y HERRAMIENTAS	product_cat
14138	FERRETERIA Y HERRAMIENTAS	product_cat
14141	FERRETERIA Y HERRAMIENTAS	product_cat
14144	FERRETERIA Y HERRAMIENTAS	product_cat
14145	FERRETERIA Y HERRAMIENTAS	product_cat
14148	FERRETERIA Y HERRAMIENTAS	product_cat
14154	FERRETERIA Y HERRAMIENTAS	product_cat
14162	FERRETERIA Y HERRAMIENTAS	product_cat
14165	FERRETERIA Y HERRAMIENTAS	product_cat
14174	FERRETERIA Y HERRAMIENTAS	product_cat
14175	FERRETERIA Y HERRAMIENTAS	product_cat
14213	FERRETERIA Y HERRAMIENTAS	product_cat
14227	FERRETERIA Y HERRAMIENTAS	product_cat
14228	FERRETERIA Y HERRAMIENTAS	product_cat
11623	FERRETERIA Y HERRAMIENTAS	product_cat
14235	FERRETERIA Y HERRAMIENTAS	product_cat
15518	FERRETERIA Y HERRAMIENTAS	product_cat
14244	FERRETERIA Y HERRAMIENTAS	product_cat
14266	FERRETERIA Y HERRAMIENTAS	product_cat
14278	FERRETERIA Y HERRAMIENTAS	product_cat
14284	FERRETERIA Y HERRAMIENTAS	product_cat
14295	FERRETERIA Y HERRAMIENTAS	product_cat
14297	FERRETERIA Y HERRAMIENTAS	product_cat
14300	FERRETERIA Y HERRAMIENTAS	product_cat
14303	FERRETERIA Y HERRAMIENTAS	product_cat
15519	FERRETERIA Y HERRAMIENTAS	product_cat
14309	FERRETERIA Y HERRAMIENTAS	product_cat
14321	FERRETERIA Y HERRAMIENTAS	product_cat
14328	FERRETERIA Y HERRAMIENTAS	product_cat
14336	FERRETERIA Y HERRAMIENTAS	product_cat
14352	FERRETERIA Y HERRAMIENTAS	product_cat
14354	FERRETERIA Y HERRAMIENTAS	product_cat
14359	FERRETERIA Y HERRAMIENTAS	product_cat
14362	FERRETERIA Y HERRAMIENTAS	product_cat
14366	FERRETERIA Y HERRAMIENTAS	product_cat
14371	FERRETERIA Y HERRAMIENTAS	product_cat
14376	FERRETERIA Y HERRAMIENTAS	product_cat
14377	FERRETERIA Y HERRAMIENTAS	product_cat
14385	FERRETERIA Y HERRAMIENTAS	product_cat
14393	FERRETERIA Y HERRAMIENTAS	product_cat
14401	FERRETERIA Y HERRAMIENTAS	product_cat
14408	FERRETERIA Y HERRAMIENTAS	product_cat
14409	FERRETERIA Y HERRAMIENTAS	product_cat
14420	FERRETERIA Y HERRAMIENTAS	product_cat
14423	FERRETERIA Y HERRAMIENTAS	product_cat
14425	FERRETERIA Y HERRAMIENTAS	product_cat
14428	FERRETERIA Y HERRAMIENTAS	product_cat
14449	FERRETERIA Y HERRAMIENTAS	product_cat
14461	FERRETERIA Y HERRAMIENTAS	product_cat
14480	FERRETERIA Y HERRAMIENTAS	product_cat
14483	FERRETERIA Y HERRAMIENTAS	product_cat
14484	FERRETERIA Y HERRAMIENTAS	product_cat
14494	FERRETERIA Y HERRAMIENTAS	product_cat
14495	FERRETERIA Y HERRAMIENTAS	product_cat
14563	FERRETERIA Y HERRAMIENTAS	product_cat
14565	FERRETERIA Y HERRAMIENTAS	product_cat
14567	FERRETERIA Y HERRAMIENTAS	product_cat
14571	FERRETERIA Y HERRAMIENTAS	product_cat
14573	FERRETERIA Y HERRAMIENTAS	product_cat
14574	FERRETERIA Y HERRAMIENTAS	product_cat
14575	FERRETERIA Y HERRAMIENTAS	product_cat
14580	FERRETERIA Y HERRAMIENTAS	product_cat
14585	FERRETERIA Y HERRAMIENTAS	product_cat
14591	FERRETERIA Y HERRAMIENTAS	product_cat
14598	FERRETERIA Y HERRAMIENTAS	product_cat
14603	FERRETERIA Y HERRAMIENTAS	product_cat
14608	FERRETERIA Y HERRAMIENTAS	product_cat
14610	FERRETERIA Y HERRAMIENTAS	product_cat
14612	FERRETERIA Y HERRAMIENTAS	product_cat
14618	FERRETERIA Y HERRAMIENTAS	product_cat
15517	FERRETERIA Y HERRAMIENTAS	product_cat
14660	FERRETERIA Y HERRAMIENTAS	product_cat
14668	FERRETERIA Y HERRAMIENTAS	product_cat
14670	FERRETERIA Y HERRAMIENTAS	product_cat
14686	FERRETERIA Y HERRAMIENTAS	product_cat
14697	FERRETERIA Y HERRAMIENTAS	product_cat
14700	FERRETERIA Y HERRAMIENTAS	product_cat
14704	FERRETERIA Y HERRAMIENTAS	product_cat
14723	FERRETERIA Y HERRAMIENTAS	product_cat
14724	FERRETERIA Y HERRAMIENTAS	product_cat
14728	FERRETERIA Y HERRAMIENTAS	product_cat
14731	FERRETERIA Y HERRAMIENTAS	product_cat
14737	FERRETERIA Y HERRAMIENTAS	product_cat
14746	FERRETERIA Y HERRAMIENTAS	product_cat
14754	FERRETERIA Y HERRAMIENTAS	product_cat
14753	FERRETERIA Y HERRAMIENTAS	product_cat
14757	FERRETERIA Y HERRAMIENTAS	product_cat
14769	FERRETERIA Y HERRAMIENTAS	product_cat
14772	FERRETERIA Y HERRAMIENTAS	product_cat
14783	FERRETERIA Y HERRAMIENTAS	product_cat
15502	FERRETERIA Y HERRAMIENTAS	product_cat
14824	FERRETERIA Y HERRAMIENTAS	product_cat
14829	FERRETERIA Y HERRAMIENTAS	product_cat
14831	FERRETERIA Y HERRAMIENTAS	product_cat
14840	FERRETERIA Y HERRAMIENTAS	product_cat
14839	FERRETERIA Y HERRAMIENTAS	product_cat
14860	FERRETERIA Y HERRAMIENTAS	product_cat
14865	FERRETERIA Y HERRAMIENTAS	product_cat
14866	FERRETERIA Y HERRAMIENTAS	product_cat
15495	FERRETERIA Y HERRAMIENTAS	product_cat
14908	FERRETERIA Y HERRAMIENTAS	product_cat
14917	FERRETERIA Y HERRAMIENTAS	product_cat
14924	FERRETERIA Y HERRAMIENTAS	product_cat
14930	FERRETERIA Y HERRAMIENTAS	product_cat
14932	FERRETERIA Y HERRAMIENTAS	product_cat
14934	FERRETERIA Y HERRAMIENTAS	product_cat
14936	FERRETERIA Y HERRAMIENTAS	product_cat
14952	FERRETERIA Y HERRAMIENTAS	product_cat
14968	FERRETERIA Y HERRAMIENTAS	product_cat
14984	FERRETERIA Y HERRAMIENTAS	product_cat
15000	FERRETERIA Y HERRAMIENTAS	product_cat
15002	FERRETERIA Y HERRAMIENTAS	product_cat
15015	FERRETERIA Y HERRAMIENTAS	product_cat
15017	FERRETERIA Y HERRAMIENTAS	product_cat
15026	FERRETERIA Y HERRAMIENTAS	product_cat
15041	FERRETERIA Y HERRAMIENTAS	product_cat
15042	FERRETERIA Y HERRAMIENTAS	product_cat
15076	FERRETERIA Y HERRAMIENTAS	product_cat
15093	FERRETERIA Y HERRAMIENTAS	product_cat
15098	FERRETERIA Y HERRAMIENTAS	product_cat
15126	FERRETERIA Y HERRAMIENTAS	product_cat
15128	FERRETERIA Y HERRAMIENTAS	product_cat
15136	FERRETERIA Y HERRAMIENTAS	product_cat
15146	FERRETERIA Y HERRAMIENTAS	product_cat
15152	FERRETERIA Y HERRAMIENTAS	product_cat
15154	FERRETERIA Y HERRAMIENTAS	product_cat
15170	FERRETERIA Y HERRAMIENTAS	product_cat
15171	FERRETERIA Y HERRAMIENTAS	product_cat
15172	FERRETERIA Y HERRAMIENTAS	product_cat
15174	FERRETERIA Y HERRAMIENTAS	product_cat
15181	FERRETERIA Y HERRAMIENTAS	product_cat
15188	FERRETERIA Y HERRAMIENTAS	product_cat
15194	FERRETERIA Y HERRAMIENTAS	product_cat
15199	FERRETERIA Y HERRAMIENTAS	product_cat
15423	FERRETERIA Y HERRAMIENTAS	product_cat
15417	FERRETERIA Y HERRAMIENTAS	product_cat
15410	FERRETERIA Y HERRAMIENTAS	product_cat
15487	FERRETERIA Y HERRAMIENTAS	product_cat
15380	FERRETERIA Y HERRAMIENTAS	product_cat
15377	FERRETERIA Y HERRAMIENTAS	product_cat
15365	FERRETERIA Y HERRAMIENTAS	product_cat
15364	FERRETERIA Y HERRAMIENTAS	product_cat
15311	FERRETERIA Y HERRAMIENTAS	product_cat
15278	FERRETERIA Y HERRAMIENTAS	product_cat
15263	FERRETERIA Y HERRAMIENTAS	product_cat
15251	FERRETERIA Y HERRAMIENTAS	product_cat
15240	FERRETERIA Y HERRAMIENTAS	product_cat
15238	FERRETERIA Y HERRAMIENTAS	product_cat
6021	FERRETERIA Y HERRAMIENTAS	product_cat
6352	FERRETERIA Y HERRAMIENTAS	product_cat
6398	FERRETERIA Y HERRAMIENTAS	product_cat
6497	FERRETERIA Y HERRAMIENTAS	product_cat
7400	FERRETERIA Y HERRAMIENTAS	product_cat
7729	FERRETERIA Y HERRAMIENTAS	product_cat
7738	FERRETERIA Y HERRAMIENTAS	product_cat
7930	FERRETERIA Y HERRAMIENTAS	product_cat
7955	FERRETERIA Y HERRAMIENTAS	product_cat
8255	FERRETERIA Y HERRAMIENTAS	product_cat
8647	FERRETERIA Y HERRAMIENTAS	product_cat
8698	FERRETERIA Y HERRAMIENTAS	product_cat
8739	FERRETERIA Y HERRAMIENTAS	product_cat
10203	FERRETERIA Y HERRAMIENTAS	product_cat
10207	FERRETERIA Y HERRAMIENTAS	product_cat
10307	FERRETERIA Y HERRAMIENTAS	product_cat
10550	FERRETERIA Y HERRAMIENTAS	product_cat
10629	FERRETERIA Y HERRAMIENTAS	product_cat
10649	FERRETERIA Y HERRAMIENTAS	product_cat
10689	FERRETERIA Y HERRAMIENTAS	product_cat
11010	FERRETERIA Y HERRAMIENTAS	product_cat
11281	FERRETERIA Y HERRAMIENTAS	product_cat
11286	FERRETERIA Y HERRAMIENTAS	product_cat
11531	FERRETERIA Y HERRAMIENTAS	product_cat
12438	FERRETERIA Y HERRAMIENTAS	product_cat
12447	FERRETERIA Y HERRAMIENTAS	product_cat
12554	FERRETERIA Y HERRAMIENTAS	product_cat
12765	FERRETERIA Y HERRAMIENTAS	product_cat
12943	FERRETERIA Y HERRAMIENTAS	product_cat
15179	FERRETERIA Y HERRAMIENTAS	product_cat
15428	FERRETERIA Y HERRAMIENTAS	product_cat
15567	FERRETERIA Y HERRAMIENTAS	product_cat
15572	FERRETERIA Y HERRAMIENTAS	product_cat
15601	FERRETERIA Y HERRAMIENTAS	product_cat
15617	FERRETERIA Y HERRAMIENTAS	product_cat
15624	FERRETERIA Y HERRAMIENTAS	product_cat
15469	FERRETERIA Y HERRAMIENTAS	product_cat
15735	FERRETERIA Y HERRAMIENTAS	product_cat
15742	FERRETERIA Y HERRAMIENTAS	product_cat
15757	FERRETERIA Y HERRAMIENTAS	product_cat
15766	FERRETERIA Y HERRAMIENTAS	product_cat
15767	FERRETERIA Y HERRAMIENTAS	product_cat
15786	FERRETERIA Y HERRAMIENTAS	product_cat
15800	FERRETERIA Y HERRAMIENTAS	product_cat
15802	FERRETERIA Y HERRAMIENTAS	product_cat
15811	FERRETERIA Y HERRAMIENTAS	product_cat
15813	FERRETERIA Y HERRAMIENTAS	product_cat
15815	FERRETERIA Y HERRAMIENTAS	product_cat
15828	FERRETERIA Y HERRAMIENTAS	product_cat
15837	FERRETERIA Y HERRAMIENTAS	product_cat
15861	FERRETERIA Y HERRAMIENTAS	product_cat
15898	FERRETERIA Y HERRAMIENTAS	product_cat
15917	FERRETERIA Y HERRAMIENTAS	product_cat
15925	FERRETERIA Y HERRAMIENTAS	product_cat
15932	FERRETERIA Y HERRAMIENTAS	product_cat
15936	FERRETERIA Y HERRAMIENTAS	product_cat
15941	FERRETERIA Y HERRAMIENTAS	product_cat
15944	FERRETERIA Y HERRAMIENTAS	product_cat
15946	FERRETERIA Y HERRAMIENTAS	product_cat
16007	FERRETERIA Y HERRAMIENTAS	product_cat
16016	FERRETERIA Y HERRAMIENTAS	product_cat
16021	FERRETERIA Y HERRAMIENTAS	product_cat
16067	FERRETERIA Y HERRAMIENTAS	product_cat
16053	FERRETERIA Y HERRAMIENTAS	product_cat
16055	FERRETERIA Y HERRAMIENTAS	product_cat
16062	FERRETERIA Y HERRAMIENTAS	product_cat
16081	FERRETERIA Y HERRAMIENTAS	product_cat
16082	FERRETERIA Y HERRAMIENTAS	product_cat
16085	FERRETERIA Y HERRAMIENTAS	product_cat
16090	FERRETERIA Y HERRAMIENTAS	product_cat
16113	FERRETERIA Y HERRAMIENTAS	product_cat
16114	FERRETERIA Y HERRAMIENTAS	product_cat
16121	FERRETERIA Y HERRAMIENTAS	product_cat
16149	FERRETERIA Y HERRAMIENTAS	product_cat
16154	FERRETERIA Y HERRAMIENTAS	product_cat
16218	FERRETERIA Y HERRAMIENTAS	product_cat
16234	FERRETERIA Y HERRAMIENTAS	product_cat
16281	FERRETERIA Y HERRAMIENTAS	product_cat
16284	FERRETERIA Y HERRAMIENTAS	product_cat
16339	FERRETERIA Y HERRAMIENTAS	product_cat
16356	FERRETERIA Y HERRAMIENTAS	product_cat
16398	FERRETERIA Y HERRAMIENTAS	product_cat
16402	FERRETERIA Y HERRAMIENTAS	product_cat
16407	FERRETERIA Y HERRAMIENTAS	product_cat
16409	FERRETERIA Y HERRAMIENTAS	product_cat
16416	FERRETERIA Y HERRAMIENTAS	product_cat
16417	FERRETERIA Y HERRAMIENTAS	product_cat
16450	FERRETERIA Y HERRAMIENTAS	product_cat
16454	FERRETERIA Y HERRAMIENTAS	product_cat
16455	FERRETERIA Y HERRAMIENTAS	product_cat
16485	FERRETERIA Y HERRAMIENTAS	product_cat
16487	FERRETERIA Y HERRAMIENTAS	product_cat
16489	FERRETERIA Y HERRAMIENTAS	product_cat
16535	FERRETERIA Y HERRAMIENTAS	product_cat
16546	FERRETERIA Y HERRAMIENTAS	product_cat
15751	FERRETERIA Y HERRAMIENTAS	product_cat
15846	FERRETERIA Y HERRAMIENTAS	product_cat
16043	FERRETERIA Y HERRAMIENTAS	product_cat
15907	FERRETERIA Y HERRAMIENTAS	product_cat
16601	FERRETERIA Y HERRAMIENTAS	product_cat
16607	FERRETERIA Y HERRAMIENTAS	product_cat
16618	FERRETERIA Y HERRAMIENTAS	product_cat
16632	FERRETERIA Y HERRAMIENTAS	product_cat
16654	FERRETERIA Y HERRAMIENTAS	product_cat
16666	FERRETERIA Y HERRAMIENTAS	product_cat
16670	FERRETERIA Y HERRAMIENTAS	product_cat
16672	FERRETERIA Y HERRAMIENTAS	product_cat
16681	FERRETERIA Y HERRAMIENTAS	product_cat
16688	FERRETERIA Y HERRAMIENTAS	product_cat
16692	FERRETERIA Y HERRAMIENTAS	product_cat
16699	FERRETERIA Y HERRAMIENTAS	product_cat
16708	FERRETERIA Y HERRAMIENTAS	product_cat
16709	FERRETERIA Y HERRAMIENTAS	product_cat
16710	FERRETERIA Y HERRAMIENTAS	product_cat
16711	FERRETERIA Y HERRAMIENTAS	product_cat
16712	FERRETERIA Y HERRAMIENTAS	product_cat
16715	FERRETERIA Y HERRAMIENTAS	product_cat
16720	FERRETERIA Y HERRAMIENTAS	product_cat
16722	FERRETERIA Y HERRAMIENTAS	product_cat
16727	FERRETERIA Y HERRAMIENTAS	product_cat
16728	FERRETERIA Y HERRAMIENTAS	product_cat
16736	FERRETERIA Y HERRAMIENTAS	product_cat
16739	FERRETERIA Y HERRAMIENTAS	product_cat
16743	FERRETERIA Y HERRAMIENTAS	product_cat
16745	FERRETERIA Y HERRAMIENTAS	product_cat
16751	FERRETERIA Y HERRAMIENTAS	product_cat
16752	FERRETERIA Y HERRAMIENTAS	product_cat
16753	FERRETERIA Y HERRAMIENTAS	product_cat
16754	FERRETERIA Y HERRAMIENTAS	product_cat
16755	FERRETERIA Y HERRAMIENTAS	product_cat
16756	FERRETERIA Y HERRAMIENTAS	product_cat
16757	FERRETERIA Y HERRAMIENTAS	product_cat
16758	FERRETERIA Y HERRAMIENTAS	product_cat
16759	FERRETERIA Y HERRAMIENTAS	product_cat
16760	FERRETERIA Y HERRAMIENTAS	product_cat
16761	FERRETERIA Y HERRAMIENTAS	product_cat
16764	FERRETERIA Y HERRAMIENTAS	product_cat
16767	FERRETERIA Y HERRAMIENTAS	product_cat
16768	FERRETERIA Y HERRAMIENTAS	product_cat
16771	FERRETERIA Y HERRAMIENTAS	product_cat
16777	FERRETERIA Y HERRAMIENTAS	product_cat
16778	FERRETERIA Y HERRAMIENTAS	product_cat
16781	FERRETERIA Y HERRAMIENTAS	product_cat
16783	FERRETERIA Y HERRAMIENTAS	product_cat
16784	FERRETERIA Y HERRAMIENTAS	product_cat
16785	FERRETERIA Y HERRAMIENTAS	product_cat
16786	FERRETERIA Y HERRAMIENTAS	product_cat
16788	FERRETERIA Y HERRAMIENTAS	product_cat
16801	FERRETERIA Y HERRAMIENTAS	product_cat
16805	FERRETERIA Y HERRAMIENTAS	product_cat
16808	FERRETERIA Y HERRAMIENTAS	product_cat
16809	FERRETERIA Y HERRAMIENTAS	product_cat
16810	FERRETERIA Y HERRAMIENTAS	product_cat
16812	FERRETERIA Y HERRAMIENTAS	product_cat
16813	FERRETERIA Y HERRAMIENTAS	product_cat
16815	FERRETERIA Y HERRAMIENTAS	product_cat
16817	FERRETERIA Y HERRAMIENTAS	product_cat
16818	FERRETERIA Y HERRAMIENTAS	product_cat
16821	FERRETERIA Y HERRAMIENTAS	product_cat
16824	FERRETERIA Y HERRAMIENTAS	product_cat
16827	FERRETERIA Y HERRAMIENTAS	product_cat
16828	FERRETERIA Y HERRAMIENTAS	product_cat
16847	FERRETERIA Y HERRAMIENTAS	product_cat
16848	FERRETERIA Y HERRAMIENTAS	product_cat
16850	FERRETERIA Y HERRAMIENTAS	product_cat
16851	FERRETERIA Y HERRAMIENTAS	product_cat
16858	FERRETERIA Y HERRAMIENTAS	product_cat
16859	FERRETERIA Y HERRAMIENTAS	product_cat
16861	FERRETERIA Y HERRAMIENTAS	product_cat
16863	FERRETERIA Y HERRAMIENTAS	product_cat
16864	FERRETERIA Y HERRAMIENTAS	product_cat
16865	FERRETERIA Y HERRAMIENTAS	product_cat
16867	FERRETERIA Y HERRAMIENTAS	product_cat
16868	FERRETERIA Y HERRAMIENTAS	product_cat
16870	FERRETERIA Y HERRAMIENTAS	product_cat
16871	FERRETERIA Y HERRAMIENTAS	product_cat
16872	FERRETERIA Y HERRAMIENTAS	product_cat
16873	FERRETERIA Y HERRAMIENTAS	product_cat
16874	FERRETERIA Y HERRAMIENTAS	product_cat
16878	FERRETERIA Y HERRAMIENTAS	product_cat
16879	FERRETERIA Y HERRAMIENTAS	product_cat
16880	FERRETERIA Y HERRAMIENTAS	product_cat
16881	FERRETERIA Y HERRAMIENTAS	product_cat
16887	FERRETERIA Y HERRAMIENTAS	product_cat
16888	FERRETERIA Y HERRAMIENTAS	product_cat
16889	FERRETERIA Y HERRAMIENTAS	product_cat
16893	FERRETERIA Y HERRAMIENTAS	product_cat
16894	FERRETERIA Y HERRAMIENTAS	product_cat
16898	FERRETERIA Y HERRAMIENTAS	product_cat
16899	FERRETERIA Y HERRAMIENTAS	product_cat
16910	FERRETERIA Y HERRAMIENTAS	product_cat
16913	FERRETERIA Y HERRAMIENTAS	product_cat
16914	FERRETERIA Y HERRAMIENTAS	product_cat
16921	FERRETERIA Y HERRAMIENTAS	product_cat
16922	FERRETERIA Y HERRAMIENTAS	product_cat
16923	FERRETERIA Y HERRAMIENTAS	product_cat
16924	FERRETERIA Y HERRAMIENTAS	product_cat
16926	FERRETERIA Y HERRAMIENTAS	product_cat
16927	FERRETERIA Y HERRAMIENTAS	product_cat
16928	FERRETERIA Y HERRAMIENTAS	product_cat
16929	FERRETERIA Y HERRAMIENTAS	product_cat
16931	FERRETERIA Y HERRAMIENTAS	product_cat
16932	FERRETERIA Y HERRAMIENTAS	product_cat
16933	FERRETERIA Y HERRAMIENTAS	product_cat
16935	FERRETERIA Y HERRAMIENTAS	product_cat
16938	FERRETERIA Y HERRAMIENTAS	product_cat
16939	FERRETERIA Y HERRAMIENTAS	product_cat
16943	FERRETERIA Y HERRAMIENTAS	product_cat
16946	FERRETERIA Y HERRAMIENTAS	product_cat
16955	FERRETERIA Y HERRAMIENTAS	product_cat
16958	FERRETERIA Y HERRAMIENTAS	product_cat
16961	FERRETERIA Y HERRAMIENTAS	product_cat
16966	FERRETERIA Y HERRAMIENTAS	product_cat
16969	FERRETERIA Y HERRAMIENTAS	product_cat
16974	FERRETERIA Y HERRAMIENTAS	product_cat
16979	FERRETERIA Y HERRAMIENTAS	product_cat
16983	FERRETERIA Y HERRAMIENTAS	product_cat
16984	FERRETERIA Y HERRAMIENTAS	product_cat
16985	FERRETERIA Y HERRAMIENTAS	product_cat
16987	FERRETERIA Y HERRAMIENTAS	product_cat
16989	FERRETERIA Y HERRAMIENTAS	product_cat
17002	FERRETERIA Y HERRAMIENTAS	product_cat
17010	FERRETERIA Y HERRAMIENTAS	product_cat
17011	FERRETERIA Y HERRAMIENTAS	product_cat
17014	FERRETERIA Y HERRAMIENTAS	product_cat
17015	FERRETERIA Y HERRAMIENTAS	product_cat
17024	FERRETERIA Y HERRAMIENTAS	product_cat
17029	FERRETERIA Y HERRAMIENTAS	product_cat
17030	FERRETERIA Y HERRAMIENTAS	product_cat
17032	FERRETERIA Y HERRAMIENTAS	product_cat
17033	FERRETERIA Y HERRAMIENTAS	product_cat
17034	FERRETERIA Y HERRAMIENTAS	product_cat
17036	FERRETERIA Y HERRAMIENTAS	product_cat
17037	FERRETERIA Y HERRAMIENTAS	product_cat
17039	FERRETERIA Y HERRAMIENTAS	product_cat
17040	FERRETERIA Y HERRAMIENTAS	product_cat
17041	FERRETERIA Y HERRAMIENTAS	product_cat
17042	FERRETERIA Y HERRAMIENTAS	product_cat
17044	FERRETERIA Y HERRAMIENTAS	product_cat
17046	FERRETERIA Y HERRAMIENTAS	product_cat
17047	FERRETERIA Y HERRAMIENTAS	product_cat
17051	FERRETERIA Y HERRAMIENTAS	product_cat
17055	FERRETERIA Y HERRAMIENTAS	product_cat
17056	FERRETERIA Y HERRAMIENTAS	product_cat
17059	FERRETERIA Y HERRAMIENTAS	product_cat
17067	FERRETERIA Y HERRAMIENTAS	product_cat
17068	FERRETERIA Y HERRAMIENTAS	product_cat
17069	FERRETERIA Y HERRAMIENTAS	product_cat
17070	FERRETERIA Y HERRAMIENTAS	product_cat
17071	FERRETERIA Y HERRAMIENTAS	product_cat
17072	FERRETERIA Y HERRAMIENTAS	product_cat
17073	FERRETERIA Y HERRAMIENTAS	product_cat
17074	FERRETERIA Y HERRAMIENTAS	product_cat
17075	FERRETERIA Y HERRAMIENTAS	product_cat
17076	FERRETERIA Y HERRAMIENTAS	product_cat
17077	FERRETERIA Y HERRAMIENTAS	product_cat
17078	FERRETERIA Y HERRAMIENTAS	product_cat
17081	FERRETERIA Y HERRAMIENTAS	product_cat
17082	FERRETERIA Y HERRAMIENTAS	product_cat
17083	FERRETERIA Y HERRAMIENTAS	product_cat
17098	FERRETERIA Y HERRAMIENTAS	product_cat
17099	FERRETERIA Y HERRAMIENTAS	product_cat
17108	FERRETERIA Y HERRAMIENTAS	product_cat
17110	FERRETERIA Y HERRAMIENTAS	product_cat
17111	FERRETERIA Y HERRAMIENTAS	product_cat
17118	FERRETERIA Y HERRAMIENTAS	product_cat
17119	FERRETERIA Y HERRAMIENTAS	product_cat
17121	FERRETERIA Y HERRAMIENTAS	product_cat
17124	FERRETERIA Y HERRAMIENTAS	product_cat
17125	FERRETERIA Y HERRAMIENTAS	product_cat
17131	FERRETERIA Y HERRAMIENTAS	product_cat
17134	FERRETERIA Y HERRAMIENTAS	product_cat
17135	FERRETERIA Y HERRAMIENTAS	product_cat
17138	FERRETERIA Y HERRAMIENTAS	product_cat
17139	FERRETERIA Y HERRAMIENTAS	product_cat
17140	FERRETERIA Y HERRAMIENTAS	product_cat
17141	FERRETERIA Y HERRAMIENTAS	product_cat
17142	FERRETERIA Y HERRAMIENTAS	product_cat
17143	FERRETERIA Y HERRAMIENTAS	product_cat
17149	FERRETERIA Y HERRAMIENTAS	product_cat
17152	FERRETERIA Y HERRAMIENTAS	product_cat
17153	FERRETERIA Y HERRAMIENTAS	product_cat
17154	FERRETERIA Y HERRAMIENTAS	product_cat
17155	FERRETERIA Y HERRAMIENTAS	product_cat
17156	FERRETERIA Y HERRAMIENTAS	product_cat
17157	FERRETERIA Y HERRAMIENTAS	product_cat
17158	FERRETERIA Y HERRAMIENTAS	product_cat
17165	FERRETERIA Y HERRAMIENTAS	product_cat
17166	FERRETERIA Y HERRAMIENTAS	product_cat
17174	FERRETERIA Y HERRAMIENTAS	product_cat
17175	FERRETERIA Y HERRAMIENTAS	product_cat
17176	FERRETERIA Y HERRAMIENTAS	product_cat
17177	FERRETERIA Y HERRAMIENTAS	product_cat
17181	FERRETERIA Y HERRAMIENTAS	product_cat
17187	FERRETERIA Y HERRAMIENTAS	product_cat
17188	FERRETERIA Y HERRAMIENTAS	product_cat
17192	FERRETERIA Y HERRAMIENTAS	product_cat
17193	FERRETERIA Y HERRAMIENTAS	product_cat
17195	FERRETERIA Y HERRAMIENTAS	product_cat
17196	FERRETERIA Y HERRAMIENTAS	product_cat
17197	FERRETERIA Y HERRAMIENTAS	product_cat
17198	FERRETERIA Y HERRAMIENTAS	product_cat
17199	FERRETERIA Y HERRAMIENTAS	product_cat
17200	FERRETERIA Y HERRAMIENTAS	product_cat
17201	FERRETERIA Y HERRAMIENTAS	product_cat
17202	FERRETERIA Y HERRAMIENTAS	product_cat
17203	FERRETERIA Y HERRAMIENTAS	product_cat
17204	FERRETERIA Y HERRAMIENTAS	product_cat
17205	FERRETERIA Y HERRAMIENTAS	product_cat
17206	FERRETERIA Y HERRAMIENTAS	product_cat
17207	FERRETERIA Y HERRAMIENTAS	product_cat
17208	FERRETERIA Y HERRAMIENTAS	product_cat
17209	FERRETERIA Y HERRAMIENTAS	product_cat
17210	FERRETERIA Y HERRAMIENTAS	product_cat
17211	FERRETERIA Y HERRAMIENTAS	product_cat
17212	FERRETERIA Y HERRAMIENTAS	product_cat
17213	FERRETERIA Y HERRAMIENTAS	product_cat
17214	FERRETERIA Y HERRAMIENTAS	product_cat
17215	FERRETERIA Y HERRAMIENTAS	product_cat
17216	FERRETERIA Y HERRAMIENTAS	product_cat
17221	FERRETERIA Y HERRAMIENTAS	product_cat
17222	FERRETERIA Y HERRAMIENTAS	product_cat
17223	FERRETERIA Y HERRAMIENTAS	product_cat
17224	FERRETERIA Y HERRAMIENTAS	product_cat
17225	FERRETERIA Y HERRAMIENTAS	product_cat
17226	FERRETERIA Y HERRAMIENTAS	product_cat
17227	FERRETERIA Y HERRAMIENTAS	product_cat
17231	FERRETERIA Y HERRAMIENTAS	product_cat
17232	FERRETERIA Y HERRAMIENTAS	product_cat
17233	FERRETERIA Y HERRAMIENTAS	product_cat
17234	FERRETERIA Y HERRAMIENTAS	product_cat
17240	FERRETERIA Y HERRAMIENTAS	product_cat
17245	FERRETERIA Y HERRAMIENTAS	product_cat
17251	FERRETERIA Y HERRAMIENTAS	product_cat
17263	FERRETERIA Y HERRAMIENTAS	product_cat
17270	FERRETERIA Y HERRAMIENTAS	product_cat
17271	FERRETERIA Y HERRAMIENTAS	product_cat
17272	FERRETERIA Y HERRAMIENTAS	product_cat
17273	FERRETERIA Y HERRAMIENTAS	product_cat
17291	FERRETERIA Y HERRAMIENTAS	product_cat
17292	FERRETERIA Y HERRAMIENTAS	product_cat
17293	FERRETERIA Y HERRAMIENTAS	product_cat
17294	FERRETERIA Y HERRAMIENTAS	product_cat
17296	FERRETERIA Y HERRAMIENTAS	product_cat
17298	FERRETERIA Y HERRAMIENTAS	product_cat
17299	FERRETERIA Y HERRAMIENTAS	product_cat
17300	FERRETERIA Y HERRAMIENTAS	product_cat
17301	FERRETERIA Y HERRAMIENTAS	product_cat
17314	FERRETERIA Y HERRAMIENTAS	product_cat
17341	FERRETERIA Y HERRAMIENTAS	product_cat
17342	FERRETERIA Y HERRAMIENTAS	product_cat
17348	FERRETERIA Y HERRAMIENTAS	product_cat
17357	FERRETERIA Y HERRAMIENTAS	product_cat
17358	FERRETERIA Y HERRAMIENTAS	product_cat
17364	FERRETERIA Y HERRAMIENTAS	product_cat
17365	FERRETERIA Y HERRAMIENTAS	product_cat
17366	FERRETERIA Y HERRAMIENTAS	product_cat
17367	FERRETERIA Y HERRAMIENTAS	product_cat
17372	FERRETERIA Y HERRAMIENTAS	product_cat
17374	FERRETERIA Y HERRAMIENTAS	product_cat
17375	FERRETERIA Y HERRAMIENTAS	product_cat
17376	FERRETERIA Y HERRAMIENTAS	product_cat
17377	FERRETERIA Y HERRAMIENTAS	product_cat
17379	FERRETERIA Y HERRAMIENTAS	product_cat
17380	FERRETERIA Y HERRAMIENTAS	product_cat
17381	FERRETERIA Y HERRAMIENTAS	product_cat
17382	FERRETERIA Y HERRAMIENTAS	product_cat
17384	FERRETERIA Y HERRAMIENTAS	product_cat
17385	FERRETERIA Y HERRAMIENTAS	product_cat
17386	FERRETERIA Y HERRAMIENTAS	product_cat
17387	FERRETERIA Y HERRAMIENTAS	product_cat
17388	FERRETERIA Y HERRAMIENTAS	product_cat
17389	FERRETERIA Y HERRAMIENTAS	product_cat
17390	FERRETERIA Y HERRAMIENTAS	product_cat
17393	FERRETERIA Y HERRAMIENTAS	product_cat
17396	FERRETERIA Y HERRAMIENTAS	product_cat
17397	FERRETERIA Y HERRAMIENTAS	product_cat
17402	FERRETERIA Y HERRAMIENTAS	product_cat
17405	FERRETERIA Y HERRAMIENTAS	product_cat
17407	FERRETERIA Y HERRAMIENTAS	product_cat
17408	FERRETERIA Y HERRAMIENTAS	product_cat
17415	FERRETERIA Y HERRAMIENTAS	product_cat
17416	FERRETERIA Y HERRAMIENTAS	product_cat
17417	FERRETERIA Y HERRAMIENTAS	product_cat
17418	FERRETERIA Y HERRAMIENTAS	product_cat
17424	FERRETERIA Y HERRAMIENTAS	product_cat
17434	FERRETERIA Y HERRAMIENTAS	product_cat
17436	FERRETERIA Y HERRAMIENTAS	product_cat
17440	FERRETERIA Y HERRAMIENTAS	product_cat
17441	FERRETERIA Y HERRAMIENTAS	product_cat
17446	FERRETERIA Y HERRAMIENTAS	product_cat
17448	FERRETERIA Y HERRAMIENTAS	product_cat
17449	FERRETERIA Y HERRAMIENTAS	product_cat
17450	FERRETERIA Y HERRAMIENTAS	product_cat
17451	FERRETERIA Y HERRAMIENTAS	product_cat
17452	FERRETERIA Y HERRAMIENTAS	product_cat
17453	FERRETERIA Y HERRAMIENTAS	product_cat
17454	FERRETERIA Y HERRAMIENTAS	product_cat
17455	FERRETERIA Y HERRAMIENTAS	product_cat
17457	FERRETERIA Y HERRAMIENTAS	product_cat
17458	FERRETERIA Y HERRAMIENTAS	product_cat
17459	FERRETERIA Y HERRAMIENTAS	product_cat
17465	FERRETERIA Y HERRAMIENTAS	product_cat
17470	FERRETERIA Y HERRAMIENTAS	product_cat
17473	FERRETERIA Y HERRAMIENTAS	product_cat
17475	FERRETERIA Y HERRAMIENTAS	product_cat
17477	FERRETERIA Y HERRAMIENTAS	product_cat
17478	FERRETERIA Y HERRAMIENTAS	product_cat
17479	FERRETERIA Y HERRAMIENTAS	product_cat
17480	FERRETERIA Y HERRAMIENTAS	product_cat
17481	FERRETERIA Y HERRAMIENTAS	product_cat
17482	FERRETERIA Y HERRAMIENTAS	product_cat
17483	FERRETERIA Y HERRAMIENTAS	product_cat
17490	FERRETERIA Y HERRAMIENTAS	product_cat
17506	FERRETERIA Y HERRAMIENTAS	product_cat
17507	FERRETERIA Y HERRAMIENTAS	product_cat
17509	FERRETERIA Y HERRAMIENTAS	product_cat
17514	FERRETERIA Y HERRAMIENTAS	product_cat
17515	FERRETERIA Y HERRAMIENTAS	product_cat
17516	FERRETERIA Y HERRAMIENTAS	product_cat
17518	FERRETERIA Y HERRAMIENTAS	product_cat
17519	FERRETERIA Y HERRAMIENTAS	product_cat
17524	FERRETERIA Y HERRAMIENTAS	product_cat
17525	FERRETERIA Y HERRAMIENTAS	product_cat
17526	FERRETERIA Y HERRAMIENTAS	product_cat
17527	FERRETERIA Y HERRAMIENTAS	product_cat
17528	FERRETERIA Y HERRAMIENTAS	product_cat
17531	FERRETERIA Y HERRAMIENTAS	product_cat
17533	FERRETERIA Y HERRAMIENTAS	product_cat
17534	FERRETERIA Y HERRAMIENTAS	product_cat
17536	FERRETERIA Y HERRAMIENTAS	product_cat
17544	FERRETERIA Y HERRAMIENTAS	product_cat
17545	FERRETERIA Y HERRAMIENTAS	product_cat
17546	FERRETERIA Y HERRAMIENTAS	product_cat
17547	FERRETERIA Y HERRAMIENTAS	product_cat
17548	FERRETERIA Y HERRAMIENTAS	product_cat
17549	FERRETERIA Y HERRAMIENTAS	product_cat
17550	FERRETERIA Y HERRAMIENTAS	product_cat
17551	FERRETERIA Y HERRAMIENTAS	product_cat
17552	FERRETERIA Y HERRAMIENTAS	product_cat
17556	FERRETERIA Y HERRAMIENTAS	product_cat
17561	FERRETERIA Y HERRAMIENTAS	product_cat
17566	FERRETERIA Y HERRAMIENTAS	product_cat
17567	FERRETERIA Y HERRAMIENTAS	product_cat
17568	FERRETERIA Y HERRAMIENTAS	product_cat
17569	FERRETERIA Y HERRAMIENTAS	product_cat
17570	FERRETERIA Y HERRAMIENTAS	product_cat
17571	FERRETERIA Y HERRAMIENTAS	product_cat
17576	FERRETERIA Y HERRAMIENTAS	product_cat
17577	FERRETERIA Y HERRAMIENTAS	product_cat
17578	FERRETERIA Y HERRAMIENTAS	product_cat
17580	FERRETERIA Y HERRAMIENTAS	product_cat
17583	FERRETERIA Y HERRAMIENTAS	product_cat
17584	FERRETERIA Y HERRAMIENTAS	product_cat
17585	FERRETERIA Y HERRAMIENTAS	product_cat
17589	FERRETERIA Y HERRAMIENTAS	product_cat
17593	FERRETERIA Y HERRAMIENTAS	product_cat
17594	FERRETERIA Y HERRAMIENTAS	product_cat
17596	FERRETERIA Y HERRAMIENTAS	product_cat
17597	FERRETERIA Y HERRAMIENTAS	product_cat
17598	FERRETERIA Y HERRAMIENTAS	product_cat
17602	FERRETERIA Y HERRAMIENTAS	product_cat
17603	FERRETERIA Y HERRAMIENTAS	product_cat
17604	FERRETERIA Y HERRAMIENTAS	product_cat
17605	FERRETERIA Y HERRAMIENTAS	product_cat
17606	FERRETERIA Y HERRAMIENTAS	product_cat
17607	FERRETERIA Y HERRAMIENTAS	product_cat
17612	FERRETERIA Y HERRAMIENTAS	product_cat
17613	FERRETERIA Y HERRAMIENTAS	product_cat
17614	FERRETERIA Y HERRAMIENTAS	product_cat
17615	FERRETERIA Y HERRAMIENTAS	product_cat
17627	FERRETERIA Y HERRAMIENTAS	product_cat
17628	FERRETERIA Y HERRAMIENTAS	product_cat
17630	FERRETERIA Y HERRAMIENTAS	product_cat
17631	FERRETERIA Y HERRAMIENTAS	product_cat
17638	FERRETERIA Y HERRAMIENTAS	product_cat
17639	FERRETERIA Y HERRAMIENTAS	product_cat
17640	FERRETERIA Y HERRAMIENTAS	product_cat
17641	FERRETERIA Y HERRAMIENTAS	product_cat
17642	FERRETERIA Y HERRAMIENTAS	product_cat
17651	FERRETERIA Y HERRAMIENTAS	product_cat
17662	FERRETERIA Y HERRAMIENTAS	product_cat
17664	FERRETERIA Y HERRAMIENTAS	product_cat
17665	FERRETERIA Y HERRAMIENTAS	product_cat
17666	FERRETERIA Y HERRAMIENTAS	product_cat
17667	FERRETERIA Y HERRAMIENTAS	product_cat
17674	FERRETERIA Y HERRAMIENTAS	product_cat
17675	FERRETERIA Y HERRAMIENTAS	product_cat
17676	FERRETERIA Y HERRAMIENTAS	product_cat
17677	FERRETERIA Y HERRAMIENTAS	product_cat
17678	FERRETERIA Y HERRAMIENTAS	product_cat
17679	FERRETERIA Y HERRAMIENTAS	product_cat
17680	FERRETERIA Y HERRAMIENTAS	product_cat
17681	FERRETERIA Y HERRAMIENTAS	product_cat
17682	FERRETERIA Y HERRAMIENTAS	product_cat
17683	FERRETERIA Y HERRAMIENTAS	product_cat
17684	FERRETERIA Y HERRAMIENTAS	product_cat
17685	FERRETERIA Y HERRAMIENTAS	product_cat
17686	FERRETERIA Y HERRAMIENTAS	product_cat
17687	FERRETERIA Y HERRAMIENTAS	product_cat
17688	FERRETERIA Y HERRAMIENTAS	product_cat
17689	FERRETERIA Y HERRAMIENTAS	product_cat
17691	FERRETERIA Y HERRAMIENTAS	product_cat
17692	FERRETERIA Y HERRAMIENTAS	product_cat
17693	FERRETERIA Y HERRAMIENTAS	product_cat
17694	FERRETERIA Y HERRAMIENTAS	product_cat
17695	FERRETERIA Y HERRAMIENTAS	product_cat
17696	FERRETERIA Y HERRAMIENTAS	product_cat
17698	FERRETERIA Y HERRAMIENTAS	product_cat
17702	FERRETERIA Y HERRAMIENTAS	product_cat
17710	FERRETERIA Y HERRAMIENTAS	product_cat
17723	FERRETERIA Y HERRAMIENTAS	product_cat
17724	FERRETERIA Y HERRAMIENTAS	product_cat
17731	FERRETERIA Y HERRAMIENTAS	product_cat
17742	FERRETERIA Y HERRAMIENTAS	product_cat
17744	FERRETERIA Y HERRAMIENTAS	product_cat
17745	FERRETERIA Y HERRAMIENTAS	product_cat
17746	FERRETERIA Y HERRAMIENTAS	product_cat
17747	FERRETERIA Y HERRAMIENTAS	product_cat
17748	FERRETERIA Y HERRAMIENTAS	product_cat
17754	FERRETERIA Y HERRAMIENTAS	product_cat
17766	FERRETERIA Y HERRAMIENTAS	product_cat
17767	FERRETERIA Y HERRAMIENTAS	product_cat
17768	FERRETERIA Y HERRAMIENTAS	product_cat
17770	FERRETERIA Y HERRAMIENTAS	product_cat
17771	FERRETERIA Y HERRAMIENTAS	product_cat
17772	FERRETERIA Y HERRAMIENTAS	product_cat
17773	FERRETERIA Y HERRAMIENTAS	product_cat
17779	FERRETERIA Y HERRAMIENTAS	product_cat
17780	FERRETERIA Y HERRAMIENTAS	product_cat
17782	FERRETERIA Y HERRAMIENTAS	product_cat
17786	FERRETERIA Y HERRAMIENTAS	product_cat
17788	FERRETERIA Y HERRAMIENTAS	product_cat
17792	FERRETERIA Y HERRAMIENTAS	product_cat
17793	FERRETERIA Y HERRAMIENTAS	product_cat
17794	FERRETERIA Y HERRAMIENTAS	product_cat
17796	FERRETERIA Y HERRAMIENTAS	product_cat
17797	FERRETERIA Y HERRAMIENTAS	product_cat
17798	FERRETERIA Y HERRAMIENTAS	product_cat
17799	FERRETERIA Y HERRAMIENTAS	product_cat
17800	FERRETERIA Y HERRAMIENTAS	product_cat
17802	FERRETERIA Y HERRAMIENTAS	product_cat
17803	FERRETERIA Y HERRAMIENTAS	product_cat
17806	FERRETERIA Y HERRAMIENTAS	product_cat
17813	FERRETERIA Y HERRAMIENTAS	product_cat
17817	FERRETERIA Y HERRAMIENTAS	product_cat
17820	FERRETERIA Y HERRAMIENTAS	product_cat
17830	FERRETERIA Y HERRAMIENTAS	product_cat
17831	FERRETERIA Y HERRAMIENTAS	product_cat
17834	FERRETERIA Y HERRAMIENTAS	product_cat
17835	FERRETERIA Y HERRAMIENTAS	product_cat
17836	FERRETERIA Y HERRAMIENTAS	product_cat
17837	FERRETERIA Y HERRAMIENTAS	product_cat
17845	FERRETERIA Y HERRAMIENTAS	product_cat
17846	FERRETERIA Y HERRAMIENTAS	product_cat
17847	FERRETERIA Y HERRAMIENTAS	product_cat
17848	FERRETERIA Y HERRAMIENTAS	product_cat
17849	FERRETERIA Y HERRAMIENTAS	product_cat
17852	FERRETERIA Y HERRAMIENTAS	product_cat
17853	FERRETERIA Y HERRAMIENTAS	product_cat
17854	FERRETERIA Y HERRAMIENTAS	product_cat
17855	FERRETERIA Y HERRAMIENTAS	product_cat
17861	FERRETERIA Y HERRAMIENTAS	product_cat
17862	FERRETERIA Y HERRAMIENTAS	product_cat
17863	FERRETERIA Y HERRAMIENTAS	product_cat
17865	FERRETERIA Y HERRAMIENTAS	product_cat
17866	FERRETERIA Y HERRAMIENTAS	product_cat
17867	FERRETERIA Y HERRAMIENTAS	product_cat
17868	FERRETERIA Y HERRAMIENTAS	product_cat
17871	FERRETERIA Y HERRAMIENTAS	product_cat
17872	FERRETERIA Y HERRAMIENTAS	product_cat
17875	FERRETERIA Y HERRAMIENTAS	product_cat
17876	FERRETERIA Y HERRAMIENTAS	product_cat
17877	FERRETERIA Y HERRAMIENTAS	product_cat
17878	FERRETERIA Y HERRAMIENTAS	product_cat
17879	FERRETERIA Y HERRAMIENTAS	product_cat
17880	FERRETERIA Y HERRAMIENTAS	product_cat
17884	FERRETERIA Y HERRAMIENTAS	product_cat
17885	FERRETERIA Y HERRAMIENTAS	product_cat
17886	FERRETERIA Y HERRAMIENTAS	product_cat
17898	FERRETERIA Y HERRAMIENTAS	product_cat
17899	FERRETERIA Y HERRAMIENTAS	product_cat
17900	FERRETERIA Y HERRAMIENTAS	product_cat
17901	FERRETERIA Y HERRAMIENTAS	product_cat
17902	FERRETERIA Y HERRAMIENTAS	product_cat
17908	FERRETERIA Y HERRAMIENTAS	product_cat
17911	FERRETERIA Y HERRAMIENTAS	product_cat
17912	FERRETERIA Y HERRAMIENTAS	product_cat
17913	FERRETERIA Y HERRAMIENTAS	product_cat
17914	FERRETERIA Y HERRAMIENTAS	product_cat
17916	FERRETERIA Y HERRAMIENTAS	product_cat
17917	FERRETERIA Y HERRAMIENTAS	product_cat
17920	FERRETERIA Y HERRAMIENTAS	product_cat
17921	FERRETERIA Y HERRAMIENTAS	product_cat
17922	FERRETERIA Y HERRAMIENTAS	product_cat
17924	FERRETERIA Y HERRAMIENTAS	product_cat
17925	FERRETERIA Y HERRAMIENTAS	product_cat
17926	FERRETERIA Y HERRAMIENTAS	product_cat
17927	FERRETERIA Y HERRAMIENTAS	product_cat
17928	FERRETERIA Y HERRAMIENTAS	product_cat
17930	FERRETERIA Y HERRAMIENTAS	product_cat
17931	FERRETERIA Y HERRAMIENTAS	product_cat
17932	FERRETERIA Y HERRAMIENTAS	product_cat
17933	FERRETERIA Y HERRAMIENTAS	product_cat
17936	FERRETERIA Y HERRAMIENTAS	product_cat
17937	FERRETERIA Y HERRAMIENTAS	product_cat
17938	FERRETERIA Y HERRAMIENTAS	product_cat
17939	FERRETERIA Y HERRAMIENTAS	product_cat
17940	FERRETERIA Y HERRAMIENTAS	product_cat
17941	FERRETERIA Y HERRAMIENTAS	product_cat
17942	FERRETERIA Y HERRAMIENTAS	product_cat
17943	FERRETERIA Y HERRAMIENTAS	product_cat
17944	FERRETERIA Y HERRAMIENTAS	product_cat
17945	FERRETERIA Y HERRAMIENTAS	product_cat
17948	FERRETERIA Y HERRAMIENTAS	product_cat
17949	FERRETERIA Y HERRAMIENTAS	product_cat
17952	FERRETERIA Y HERRAMIENTAS	product_cat
17953	FERRETERIA Y HERRAMIENTAS	product_cat
17954	FERRETERIA Y HERRAMIENTAS	product_cat
17967	FERRETERIA Y HERRAMIENTAS	product_cat
17969	FERRETERIA Y HERRAMIENTAS	product_cat
17971	FERRETERIA Y HERRAMIENTAS	product_cat
17972	FERRETERIA Y HERRAMIENTAS	product_cat
17984	FERRETERIA Y HERRAMIENTAS	product_cat
17985	FERRETERIA Y HERRAMIENTAS	product_cat
17986	FERRETERIA Y HERRAMIENTAS	product_cat
17988	FERRETERIA Y HERRAMIENTAS	product_cat
17989	FERRETERIA Y HERRAMIENTAS	product_cat
17990	FERRETERIA Y HERRAMIENTAS	product_cat
17991	FERRETERIA Y HERRAMIENTAS	product_cat
17992	FERRETERIA Y HERRAMIENTAS	product_cat
17993	FERRETERIA Y HERRAMIENTAS	product_cat
17994	FERRETERIA Y HERRAMIENTAS	product_cat
17995	FERRETERIA Y HERRAMIENTAS	product_cat
17996	FERRETERIA Y HERRAMIENTAS	product_cat
17997	FERRETERIA Y HERRAMIENTAS	product_cat
17998	FERRETERIA Y HERRAMIENTAS	product_cat
17999	FERRETERIA Y HERRAMIENTAS	product_cat
18000	FERRETERIA Y HERRAMIENTAS	product_cat
18001	FERRETERIA Y HERRAMIENTAS	product_cat
18005	FERRETERIA Y HERRAMIENTAS	product_cat
18019	FERRETERIA Y HERRAMIENTAS	product_cat
18035	FERRETERIA Y HERRAMIENTAS	product_cat
18049	FERRETERIA Y HERRAMIENTAS	product_cat
18051	FERRETERIA Y HERRAMIENTAS	product_cat
18052	FERRETERIA Y HERRAMIENTAS	product_cat
18053	FERRETERIA Y HERRAMIENTAS	product_cat
18055	FERRETERIA Y HERRAMIENTAS	product_cat
18056	FERRETERIA Y HERRAMIENTAS	product_cat
18057	FERRETERIA Y HERRAMIENTAS	product_cat
18059	FERRETERIA Y HERRAMIENTAS	product_cat
18078	FERRETERIA Y HERRAMIENTAS	product_cat
18079	FERRETERIA Y HERRAMIENTAS	product_cat
18104	FERRETERIA Y HERRAMIENTAS	product_cat
18105	FERRETERIA Y HERRAMIENTAS	product_cat
18107	FERRETERIA Y HERRAMIENTAS	product_cat
18108	FERRETERIA Y HERRAMIENTAS	product_cat
18109	FERRETERIA Y HERRAMIENTAS	product_cat
18110	FERRETERIA Y HERRAMIENTAS	product_cat
18111	FERRETERIA Y HERRAMIENTAS	product_cat
18120	FERRETERIA Y HERRAMIENTAS	product_cat
18145	FERRETERIA Y HERRAMIENTAS	product_cat
18146	FERRETERIA Y HERRAMIENTAS	product_cat
18149	FERRETERIA Y HERRAMIENTAS	product_cat
18150	FERRETERIA Y HERRAMIENTAS	product_cat
18151	FERRETERIA Y HERRAMIENTAS	product_cat
18153	FERRETERIA Y HERRAMIENTAS	product_cat
18154	FERRETERIA Y HERRAMIENTAS	product_cat
18155	FERRETERIA Y HERRAMIENTAS	product_cat
18156	FERRETERIA Y HERRAMIENTAS	product_cat
18157	FERRETERIA Y HERRAMIENTAS	product_cat
18174	FERRETERIA Y HERRAMIENTAS	product_cat
18175	FERRETERIA Y HERRAMIENTAS	product_cat
18177	FERRETERIA Y HERRAMIENTAS	product_cat
18179	FERRETERIA Y HERRAMIENTAS	product_cat
18180	FERRETERIA Y HERRAMIENTAS	product_cat
18181	FERRETERIA Y HERRAMIENTAS	product_cat
18182	FERRETERIA Y HERRAMIENTAS	product_cat
18186	FERRETERIA Y HERRAMIENTAS	product_cat
18187	FERRETERIA Y HERRAMIENTAS	product_cat
18188	FERRETERIA Y HERRAMIENTAS	product_cat
18189	FERRETERIA Y HERRAMIENTAS	product_cat
18190	FERRETERIA Y HERRAMIENTAS	product_cat
18191	FERRETERIA Y HERRAMIENTAS	product_cat
18192	FERRETERIA Y HERRAMIENTAS	product_cat
18193	FERRETERIA Y HERRAMIENTAS	product_cat
18254	FERRETERIA Y HERRAMIENTAS	product_cat
18255	FERRETERIA Y HERRAMIENTAS	product_cat
18256	FERRETERIA Y HERRAMIENTAS	product_cat
18257	FERRETERIA Y HERRAMIENTAS	product_cat
18258	FERRETERIA Y HERRAMIENTAS	product_cat
18259	FERRETERIA Y HERRAMIENTAS	product_cat
18260	FERRETERIA Y HERRAMIENTAS	product_cat
18261	FERRETERIA Y HERRAMIENTAS	product_cat
18271	FERRETERIA Y HERRAMIENTAS	product_cat
18272	FERRETERIA Y HERRAMIENTAS	product_cat
18273	FERRETERIA Y HERRAMIENTAS	product_cat
18278	FERRETERIA Y HERRAMIENTAS	product_cat
18279	FERRETERIA Y HERRAMIENTAS	product_cat
18280	FERRETERIA Y HERRAMIENTAS	product_cat
18281	FERRETERIA Y HERRAMIENTAS	product_cat
18282	FERRETERIA Y HERRAMIENTAS	product_cat
18283	FERRETERIA Y HERRAMIENTAS	product_cat
18284	FERRETERIA Y HERRAMIENTAS	product_cat
18285	FERRETERIA Y HERRAMIENTAS	product_cat
18311	FERRETERIA Y HERRAMIENTAS	product_cat
18317	FERRETERIA Y HERRAMIENTAS	product_cat
18318	FERRETERIA Y HERRAMIENTAS	product_cat
18319	FERRETERIA Y HERRAMIENTAS	product_cat
18320	FERRETERIA Y HERRAMIENTAS	product_cat
18324	FERRETERIA Y HERRAMIENTAS	product_cat
18326	FERRETERIA Y HERRAMIENTAS	product_cat
18327	FERRETERIA Y HERRAMIENTAS	product_cat
18329	FERRETERIA Y HERRAMIENTAS	product_cat
18330	FERRETERIA Y HERRAMIENTAS	product_cat
18331	FERRETERIA Y HERRAMIENTAS	product_cat
18332	FERRETERIA Y HERRAMIENTAS	product_cat
18333	FERRETERIA Y HERRAMIENTAS	product_cat
18334	FERRETERIA Y HERRAMIENTAS	product_cat
18335	FERRETERIA Y HERRAMIENTAS	product_cat
18336	FERRETERIA Y HERRAMIENTAS	product_cat
18337	FERRETERIA Y HERRAMIENTAS	product_cat
18338	FERRETERIA Y HERRAMIENTAS	product_cat
18346	FERRETERIA Y HERRAMIENTAS	product_cat
18347	FERRETERIA Y HERRAMIENTAS	product_cat
18349	FERRETERIA Y HERRAMIENTAS	product_cat
18350	FERRETERIA Y HERRAMIENTAS	product_cat
18351	FERRETERIA Y HERRAMIENTAS	product_cat
18352	FERRETERIA Y HERRAMIENTAS	product_cat
18359	FERRETERIA Y HERRAMIENTAS	product_cat
18362	FERRETERIA Y HERRAMIENTAS	product_cat
18363	FERRETERIA Y HERRAMIENTAS	product_cat
18365	FERRETERIA Y HERRAMIENTAS	product_cat
18377	FERRETERIA Y HERRAMIENTAS	product_cat
18383	FERRETERIA Y HERRAMIENTAS	product_cat
18384	FERRETERIA Y HERRAMIENTAS	product_cat
18385	FERRETERIA Y HERRAMIENTAS	product_cat
18386	FERRETERIA Y HERRAMIENTAS	product_cat
18387	FERRETERIA Y HERRAMIENTAS	product_cat
18388	FERRETERIA Y HERRAMIENTAS	product_cat
18391	FERRETERIA Y HERRAMIENTAS	product_cat
18392	FERRETERIA Y HERRAMIENTAS	product_cat
18394	FERRETERIA Y HERRAMIENTAS	product_cat
18395	FERRETERIA Y HERRAMIENTAS	product_cat
18396	FERRETERIA Y HERRAMIENTAS	product_cat
18397	FERRETERIA Y HERRAMIENTAS	product_cat
18398	FERRETERIA Y HERRAMIENTAS	product_cat
18401	FERRETERIA Y HERRAMIENTAS	product_cat
18403	FERRETERIA Y HERRAMIENTAS	product_cat
18434	FERRETERIA Y HERRAMIENTAS	product_cat
18435	FERRETERIA Y HERRAMIENTAS	product_cat
18447	FERRETERIA Y HERRAMIENTAS	product_cat
18448	FERRETERIA Y HERRAMIENTAS	product_cat
18449	FERRETERIA Y HERRAMIENTAS	product_cat
18450	FERRETERIA Y HERRAMIENTAS	product_cat
18451	FERRETERIA Y HERRAMIENTAS	product_cat
18452	FERRETERIA Y HERRAMIENTAS	product_cat
18453	FERRETERIA Y HERRAMIENTAS	product_cat
18454	FERRETERIA Y HERRAMIENTAS	product_cat
18455	FERRETERIA Y HERRAMIENTAS	product_cat
18458	FERRETERIA Y HERRAMIENTAS	product_cat
18460	FERRETERIA Y HERRAMIENTAS	product_cat
18463	FERRETERIA Y HERRAMIENTAS	product_cat
18468	FERRETERIA Y HERRAMIENTAS	product_cat
18469	FERRETERIA Y HERRAMIENTAS	product_cat
18471	FERRETERIA Y HERRAMIENTAS	product_cat
18472	FERRETERIA Y HERRAMIENTAS	product_cat
18473	FERRETERIA Y HERRAMIENTAS	product_cat
18475	FERRETERIA Y HERRAMIENTAS	product_cat
18476	FERRETERIA Y HERRAMIENTAS	product_cat
18478	FERRETERIA Y HERRAMIENTAS	product_cat
18479	FERRETERIA Y HERRAMIENTAS	product_cat
18480	FERRETERIA Y HERRAMIENTAS	product_cat
18481	FERRETERIA Y HERRAMIENTAS	product_cat
18482	FERRETERIA Y HERRAMIENTAS	product_cat
18483	FERRETERIA Y HERRAMIENTAS	product_cat
18484	FERRETERIA Y HERRAMIENTAS	product_cat
18485	FERRETERIA Y HERRAMIENTAS	product_cat
18486	FERRETERIA Y HERRAMIENTAS	product_cat
18487	FERRETERIA Y HERRAMIENTAS	product_cat
18488	FERRETERIA Y HERRAMIENTAS	product_cat
18491	FERRETERIA Y HERRAMIENTAS	product_cat
18492	FERRETERIA Y HERRAMIENTAS	product_cat
18493	FERRETERIA Y HERRAMIENTAS	product_cat
18494	FERRETERIA Y HERRAMIENTAS	product_cat
18495	FERRETERIA Y HERRAMIENTAS	product_cat
18496	FERRETERIA Y HERRAMIENTAS	product_cat
18497	FERRETERIA Y HERRAMIENTAS	product_cat
18498	FERRETERIA Y HERRAMIENTAS	product_cat
18499	FERRETERIA Y HERRAMIENTAS	product_cat
18500	FERRETERIA Y HERRAMIENTAS	product_cat
18501	FERRETERIA Y HERRAMIENTAS	product_cat
18502	FERRETERIA Y HERRAMIENTAS	product_cat
18503	FERRETERIA Y HERRAMIENTAS	product_cat
18504	FERRETERIA Y HERRAMIENTAS	product_cat
18505	FERRETERIA Y HERRAMIENTAS	product_cat
18506	FERRETERIA Y HERRAMIENTAS	product_cat
18508	FERRETERIA Y HERRAMIENTAS	product_cat
18509	FERRETERIA Y HERRAMIENTAS	product_cat
18512	FERRETERIA Y HERRAMIENTAS	product_cat
18513	FERRETERIA Y HERRAMIENTAS	product_cat
18514	FERRETERIA Y HERRAMIENTAS	product_cat
18515	FERRETERIA Y HERRAMIENTAS	product_cat
18516	FERRETERIA Y HERRAMIENTAS	product_cat
18524	FERRETERIA Y HERRAMIENTAS	product_cat
18531	FERRETERIA Y HERRAMIENTAS	product_cat
18534	FERRETERIA Y HERRAMIENTAS	product_cat
18535	FERRETERIA Y HERRAMIENTAS	product_cat
18536	FERRETERIA Y HERRAMIENTAS	product_cat
18537	FERRETERIA Y HERRAMIENTAS	product_cat
18554	FERRETERIA Y HERRAMIENTAS	product_cat
18555	FERRETERIA Y HERRAMIENTAS	product_cat
18556	FERRETERIA Y HERRAMIENTAS	product_cat
18557	FERRETERIA Y HERRAMIENTAS	product_cat
18558	FERRETERIA Y HERRAMIENTAS	product_cat
18559	FERRETERIA Y HERRAMIENTAS	product_cat
18560	FERRETERIA Y HERRAMIENTAS	product_cat
18561	FERRETERIA Y HERRAMIENTAS	product_cat
18562	FERRETERIA Y HERRAMIENTAS	product_cat
18563	FERRETERIA Y HERRAMIENTAS	product_cat
18564	FERRETERIA Y HERRAMIENTAS	product_cat
18565	FERRETERIA Y HERRAMIENTAS	product_cat
18566	FERRETERIA Y HERRAMIENTAS	product_cat
18567	FERRETERIA Y HERRAMIENTAS	product_cat
18568	FERRETERIA Y HERRAMIENTAS	product_cat
18569	FERRETERIA Y HERRAMIENTAS	product_cat
18570	FERRETERIA Y HERRAMIENTAS	product_cat
18571	FERRETERIA Y HERRAMIENTAS	product_cat
18572	FERRETERIA Y HERRAMIENTAS	product_cat
18573	FERRETERIA Y HERRAMIENTAS	product_cat
18574	FERRETERIA Y HERRAMIENTAS	product_cat
18575	FERRETERIA Y HERRAMIENTAS	product_cat
18576	FERRETERIA Y HERRAMIENTAS	product_cat
18577	FERRETERIA Y HERRAMIENTAS	product_cat
18578	FERRETERIA Y HERRAMIENTAS	product_cat
18579	FERRETERIA Y HERRAMIENTAS	product_cat
18586	FERRETERIA Y HERRAMIENTAS	product_cat
18587	FERRETERIA Y HERRAMIENTAS	product_cat
18588	FERRETERIA Y HERRAMIENTAS	product_cat
18589	FERRETERIA Y HERRAMIENTAS	product_cat
18590	FERRETERIA Y HERRAMIENTAS	product_cat
18591	FERRETERIA Y HERRAMIENTAS	product_cat
18592	FERRETERIA Y HERRAMIENTAS	product_cat
18593	FERRETERIA Y HERRAMIENTAS	product_cat
18594	FERRETERIA Y HERRAMIENTAS	product_cat
18595	FERRETERIA Y HERRAMIENTAS	product_cat
18597	FERRETERIA Y HERRAMIENTAS	product_cat
18598	FERRETERIA Y HERRAMIENTAS	product_cat
18600	FERRETERIA Y HERRAMIENTAS	product_cat
18601	FERRETERIA Y HERRAMIENTAS	product_cat
18602	FERRETERIA Y HERRAMIENTAS	product_cat
18605	FERRETERIA Y HERRAMIENTAS	product_cat
18606	FERRETERIA Y HERRAMIENTAS	product_cat
18608	FERRETERIA Y HERRAMIENTAS	product_cat
18609	FERRETERIA Y HERRAMIENTAS	product_cat
18610	FERRETERIA Y HERRAMIENTAS	product_cat
18611	FERRETERIA Y HERRAMIENTAS	product_cat
18612	FERRETERIA Y HERRAMIENTAS	product_cat
18613	FERRETERIA Y HERRAMIENTAS	product_cat
18618	FERRETERIA Y HERRAMIENTAS	product_cat
18619	FERRETERIA Y HERRAMIENTAS	product_cat
18620	FERRETERIA Y HERRAMIENTAS	product_cat
18621	FERRETERIA Y HERRAMIENTAS	product_cat
18622	FERRETERIA Y HERRAMIENTAS	product_cat
18625	FERRETERIA Y HERRAMIENTAS	product_cat
18626	FERRETERIA Y HERRAMIENTAS	product_cat
18628	FERRETERIA Y HERRAMIENTAS	product_cat
18630	FERRETERIA Y HERRAMIENTAS	product_cat
18631	FERRETERIA Y HERRAMIENTAS	product_cat
18632	FERRETERIA Y HERRAMIENTAS	product_cat
18633	FERRETERIA Y HERRAMIENTAS	product_cat
18634	FERRETERIA Y HERRAMIENTAS	product_cat
18635	FERRETERIA Y HERRAMIENTAS	product_cat
18636	FERRETERIA Y HERRAMIENTAS	product_cat
18637	FERRETERIA Y HERRAMIENTAS	product_cat
18640	FERRETERIA Y HERRAMIENTAS	product_cat
18642	FERRETERIA Y HERRAMIENTAS	product_cat
18643	FERRETERIA Y HERRAMIENTAS	product_cat
18644	FERRETERIA Y HERRAMIENTAS	product_cat
18645	FERRETERIA Y HERRAMIENTAS	product_cat
18646	FERRETERIA Y HERRAMIENTAS	product_cat
18648	FERRETERIA Y HERRAMIENTAS	product_cat
18655	FERRETERIA Y HERRAMIENTAS	product_cat
18658	FERRETERIA Y HERRAMIENTAS	product_cat
18659	FERRETERIA Y HERRAMIENTAS	product_cat
18663	FERRETERIA Y HERRAMIENTAS	product_cat
18666	FERRETERIA Y HERRAMIENTAS	product_cat
18668	FERRETERIA Y HERRAMIENTAS	product_cat
18669	FERRETERIA Y HERRAMIENTAS	product_cat
18670	FERRETERIA Y HERRAMIENTAS	product_cat
18671	FERRETERIA Y HERRAMIENTAS	product_cat
18672	FERRETERIA Y HERRAMIENTAS	product_cat
18673	FERRETERIA Y HERRAMIENTAS	product_cat
18674	FERRETERIA Y HERRAMIENTAS	product_cat
18675	FERRETERIA Y HERRAMIENTAS	product_cat
18676	FERRETERIA Y HERRAMIENTAS	product_cat
18677	FERRETERIA Y HERRAMIENTAS	product_cat
18678	FERRETERIA Y HERRAMIENTAS	product_cat
18681	FERRETERIA Y HERRAMIENTAS	product_cat
18682	FERRETERIA Y HERRAMIENTAS	product_cat
18683	FERRETERIA Y HERRAMIENTAS	product_cat
18684	FERRETERIA Y HERRAMIENTAS	product_cat
18686	FERRETERIA Y HERRAMIENTAS	product_cat
18690	FERRETERIA Y HERRAMIENTAS	product_cat
18692	FERRETERIA Y HERRAMIENTAS	product_cat
18693	FERRETERIA Y HERRAMIENTAS	product_cat
18694	FERRETERIA Y HERRAMIENTAS	product_cat
18695	FERRETERIA Y HERRAMIENTAS	product_cat
18696	FERRETERIA Y HERRAMIENTAS	product_cat
18697	FERRETERIA Y HERRAMIENTAS	product_cat
18698	FERRETERIA Y HERRAMIENTAS	product_cat
18699	FERRETERIA Y HERRAMIENTAS	product_cat
18700	FERRETERIA Y HERRAMIENTAS	product_cat
18701	FERRETERIA Y HERRAMIENTAS	product_cat
18702	FERRETERIA Y HERRAMIENTAS	product_cat
18703	FERRETERIA Y HERRAMIENTAS	product_cat
18713	FERRETERIA Y HERRAMIENTAS	product_cat
18718	FERRETERIA Y HERRAMIENTAS	product_cat
18721	FERRETERIA Y HERRAMIENTAS	product_cat
18723	FERRETERIA Y HERRAMIENTAS	product_cat
18724	FERRETERIA Y HERRAMIENTAS	product_cat
18725	FERRETERIA Y HERRAMIENTAS	product_cat
18726	FERRETERIA Y HERRAMIENTAS	product_cat
18728	FERRETERIA Y HERRAMIENTAS	product_cat
18754	FERRETERIA Y HERRAMIENTAS	product_cat
18755	FERRETERIA Y HERRAMIENTAS	product_cat
18756	FERRETERIA Y HERRAMIENTAS	product_cat
18757	FERRETERIA Y HERRAMIENTAS	product_cat
18758	FERRETERIA Y HERRAMIENTAS	product_cat
18759	FERRETERIA Y HERRAMIENTAS	product_cat
18760	FERRETERIA Y HERRAMIENTAS	product_cat
18761	FERRETERIA Y HERRAMIENTAS	product_cat
18762	FERRETERIA Y HERRAMIENTAS	product_cat
18768	FERRETERIA Y HERRAMIENTAS	product_cat
18770	FERRETERIA Y HERRAMIENTAS	product_cat
18771	FERRETERIA Y HERRAMIENTAS	product_cat
18773	FERRETERIA Y HERRAMIENTAS	product_cat
18775	FERRETERIA Y HERRAMIENTAS	product_cat
18777	FERRETERIA Y HERRAMIENTAS	product_cat
18778	FERRETERIA Y HERRAMIENTAS	product_cat
18779	FERRETERIA Y HERRAMIENTAS	product_cat
18793	FERRETERIA Y HERRAMIENTAS	product_cat
18794	FERRETERIA Y HERRAMIENTAS	product_cat
18795	FERRETERIA Y HERRAMIENTAS	product_cat
18796	FERRETERIA Y HERRAMIENTAS	product_cat
18801	FERRETERIA Y HERRAMIENTAS	product_cat
18815	FERRETERIA Y HERRAMIENTAS	product_cat
18822	FERRETERIA Y HERRAMIENTAS	product_cat
18827	FERRETERIA Y HERRAMIENTAS	product_cat
18828	FERRETERIA Y HERRAMIENTAS	product_cat
18831	FERRETERIA Y HERRAMIENTAS	product_cat
18832	FERRETERIA Y HERRAMIENTAS	product_cat
18833	FERRETERIA Y HERRAMIENTAS	product_cat
18834	FERRETERIA Y HERRAMIENTAS	product_cat
18835	FERRETERIA Y HERRAMIENTAS	product_cat
18838	FERRETERIA Y HERRAMIENTAS	product_cat
18839	FERRETERIA Y HERRAMIENTAS	product_cat
18841	FERRETERIA Y HERRAMIENTAS	product_cat
18850	FERRETERIA Y HERRAMIENTAS	product_cat
18851	FERRETERIA Y HERRAMIENTAS	product_cat
18852	FERRETERIA Y HERRAMIENTAS	product_cat
18854	FERRETERIA Y HERRAMIENTAS	product_cat
18857	FERRETERIA Y HERRAMIENTAS	product_cat
18858	FERRETERIA Y HERRAMIENTAS	product_cat
18860	FERRETERIA Y HERRAMIENTAS	product_cat
18862	FERRETERIA Y HERRAMIENTAS	product_cat
18864	FERRETERIA Y HERRAMIENTAS	product_cat
18867	FERRETERIA Y HERRAMIENTAS	product_cat
18879	FERRETERIA Y HERRAMIENTAS	product_cat
18880	FERRETERIA Y HERRAMIENTAS	product_cat
18885	FERRETERIA Y HERRAMIENTAS	product_cat
18892	FERRETERIA Y HERRAMIENTAS	product_cat
18896	FERRETERIA Y HERRAMIENTAS	product_cat
18897	FERRETERIA Y HERRAMIENTAS	product_cat
18899	FERRETERIA Y HERRAMIENTAS	product_cat
18901	FERRETERIA Y HERRAMIENTAS	product_cat
18902	FERRETERIA Y HERRAMIENTAS	product_cat
18903	FERRETERIA Y HERRAMIENTAS	product_cat
18904	FERRETERIA Y HERRAMIENTAS	product_cat
18905	FERRETERIA Y HERRAMIENTAS	product_cat
18906	FERRETERIA Y HERRAMIENTAS	product_cat
18908	FERRETERIA Y HERRAMIENTAS	product_cat
18909	FERRETERIA Y HERRAMIENTAS	product_cat
18910	FERRETERIA Y HERRAMIENTAS	product_cat
18911	FERRETERIA Y HERRAMIENTAS	product_cat
18912	FERRETERIA Y HERRAMIENTAS	product_cat
18913	FERRETERIA Y HERRAMIENTAS	product_cat
18914	FERRETERIA Y HERRAMIENTAS	product_cat
18915	FERRETERIA Y HERRAMIENTAS	product_cat
18916	FERRETERIA Y HERRAMIENTAS	product_cat
18917	FERRETERIA Y HERRAMIENTAS	product_cat
18918	FERRETERIA Y HERRAMIENTAS	product_cat
18919	FERRETERIA Y HERRAMIENTAS	product_cat
18920	FERRETERIA Y HERRAMIENTAS	product_cat
18922	FERRETERIA Y HERRAMIENTAS	product_cat
18924	FERRETERIA Y HERRAMIENTAS	product_cat
18926	FERRETERIA Y HERRAMIENTAS	product_cat
18927	FERRETERIA Y HERRAMIENTAS	product_cat
18928	FERRETERIA Y HERRAMIENTAS	product_cat
18929	FERRETERIA Y HERRAMIENTAS	product_cat
18930	FERRETERIA Y HERRAMIENTAS	product_cat
18931	FERRETERIA Y HERRAMIENTAS	product_cat
18932	FERRETERIA Y HERRAMIENTAS	product_cat
18933	FERRETERIA Y HERRAMIENTAS	product_cat
18934	FERRETERIA Y HERRAMIENTAS	product_cat
18936	FERRETERIA Y HERRAMIENTAS	product_cat
18937	FERRETERIA Y HERRAMIENTAS	product_cat
18938	FERRETERIA Y HERRAMIENTAS	product_cat
18941	FERRETERIA Y HERRAMIENTAS	product_cat
18946	FERRETERIA Y HERRAMIENTAS	product_cat
18947	FERRETERIA Y HERRAMIENTAS	product_cat
18948	FERRETERIA Y HERRAMIENTAS	product_cat
18950	FERRETERIA Y HERRAMIENTAS	product_cat
18951	FERRETERIA Y HERRAMIENTAS	product_cat
18952	FERRETERIA Y HERRAMIENTAS	product_cat
18953	FERRETERIA Y HERRAMIENTAS	product_cat
18954	FERRETERIA Y HERRAMIENTAS	product_cat
18955	FERRETERIA Y HERRAMIENTAS	product_cat
18956	FERRETERIA Y HERRAMIENTAS	product_cat
18957	FERRETERIA Y HERRAMIENTAS	product_cat
18958	FERRETERIA Y HERRAMIENTAS	product_cat
18959	FERRETERIA Y HERRAMIENTAS	product_cat
18960	FERRETERIA Y HERRAMIENTAS	product_cat
18961	FERRETERIA Y HERRAMIENTAS	product_cat
18962	FERRETERIA Y HERRAMIENTAS	product_cat
18963	FERRETERIA Y HERRAMIENTAS	product_cat
18964	FERRETERIA Y HERRAMIENTAS	product_cat
18965	FERRETERIA Y HERRAMIENTAS	product_cat
18966	FERRETERIA Y HERRAMIENTAS	product_cat
18967	FERRETERIA Y HERRAMIENTAS	product_cat
18968	FERRETERIA Y HERRAMIENTAS	product_cat
18969	FERRETERIA Y HERRAMIENTAS	product_cat
18970	FERRETERIA Y HERRAMIENTAS	product_cat
18971	FERRETERIA Y HERRAMIENTAS	product_cat
18972	FERRETERIA Y HERRAMIENTAS	product_cat
18973	FERRETERIA Y HERRAMIENTAS	product_cat
18976	FERRETERIA Y HERRAMIENTAS	product_cat
18982	FERRETERIA Y HERRAMIENTAS	product_cat
18983	FERRETERIA Y HERRAMIENTAS	product_cat
18991	FERRETERIA Y HERRAMIENTAS	product_cat
18992	FERRETERIA Y HERRAMIENTAS	product_cat
18993	FERRETERIA Y HERRAMIENTAS	product_cat
18994	FERRETERIA Y HERRAMIENTAS	product_cat
18995	FERRETERIA Y HERRAMIENTAS	product_cat
18996	FERRETERIA Y HERRAMIENTAS	product_cat
18997	FERRETERIA Y HERRAMIENTAS	product_cat
18998	FERRETERIA Y HERRAMIENTAS	product_cat
18999	FERRETERIA Y HERRAMIENTAS	product_cat
19000	FERRETERIA Y HERRAMIENTAS	product_cat
19001	FERRETERIA Y HERRAMIENTAS	product_cat
19002	FERRETERIA Y HERRAMIENTAS	product_cat
19003	FERRETERIA Y HERRAMIENTAS	product_cat
19004	FERRETERIA Y HERRAMIENTAS	product_cat
19006	FERRETERIA Y HERRAMIENTAS	product_cat
19008	FERRETERIA Y HERRAMIENTAS	product_cat
19009	FERRETERIA Y HERRAMIENTAS	product_cat
19010	FERRETERIA Y HERRAMIENTAS	product_cat
19012	FERRETERIA Y HERRAMIENTAS	product_cat
19013	FERRETERIA Y HERRAMIENTAS	product_cat
19014	FERRETERIA Y HERRAMIENTAS	product_cat
19015	FERRETERIA Y HERRAMIENTAS	product_cat
19016	FERRETERIA Y HERRAMIENTAS	product_cat
19017	FERRETERIA Y HERRAMIENTAS	product_cat
19018	FERRETERIA Y HERRAMIENTAS	product_cat
19019	FERRETERIA Y HERRAMIENTAS	product_cat
19020	FERRETERIA Y HERRAMIENTAS	product_cat
19021	FERRETERIA Y HERRAMIENTAS	product_cat
19022	FERRETERIA Y HERRAMIENTAS	product_cat
19024	FERRETERIA Y HERRAMIENTAS	product_cat
19025	FERRETERIA Y HERRAMIENTAS	product_cat
19026	FERRETERIA Y HERRAMIENTAS	product_cat
19028	FERRETERIA Y HERRAMIENTAS	product_cat
19029	FERRETERIA Y HERRAMIENTAS	product_cat
19030	FERRETERIA Y HERRAMIENTAS	product_cat
19039	FERRETERIA Y HERRAMIENTAS	product_cat
19040	FERRETERIA Y HERRAMIENTAS	product_cat
19041	FERRETERIA Y HERRAMIENTAS	product_cat
19054	FERRETERIA Y HERRAMIENTAS	product_cat
19055	FERRETERIA Y HERRAMIENTAS	product_cat
19056	FERRETERIA Y HERRAMIENTAS	product_cat
19057	FERRETERIA Y HERRAMIENTAS	product_cat
19058	FERRETERIA Y HERRAMIENTAS	product_cat
19059	FERRETERIA Y HERRAMIENTAS	product_cat
19060	FERRETERIA Y HERRAMIENTAS	product_cat
19061	FERRETERIA Y HERRAMIENTAS	product_cat
19071	FERRETERIA Y HERRAMIENTAS	product_cat
19072	FERRETERIA Y HERRAMIENTAS	product_cat
19074	FERRETERIA Y HERRAMIENTAS	product_cat
19078	FERRETERIA Y HERRAMIENTAS	product_cat
19081	FERRETERIA Y HERRAMIENTAS	product_cat
19082	FERRETERIA Y HERRAMIENTAS	product_cat
19084	FERRETERIA Y HERRAMIENTAS	product_cat
19085	FERRETERIA Y HERRAMIENTAS	product_cat
19086	FERRETERIA Y HERRAMIENTAS	product_cat
19094	FERRETERIA Y HERRAMIENTAS	product_cat
19098	FERRETERIA Y HERRAMIENTAS	product_cat
19100	FERRETERIA Y HERRAMIENTAS	product_cat
19103	FERRETERIA Y HERRAMIENTAS	product_cat
19104	FERRETERIA Y HERRAMIENTAS	product_cat
19105	FERRETERIA Y HERRAMIENTAS	product_cat
19106	FERRETERIA Y HERRAMIENTAS	product_cat
19109	FERRETERIA Y HERRAMIENTAS	product_cat
19113	FERRETERIA Y HERRAMIENTAS	product_cat
19114	FERRETERIA Y HERRAMIENTAS	product_cat
19119	FERRETERIA Y HERRAMIENTAS	product_cat
19130	FERRETERIA Y HERRAMIENTAS	product_cat
19131	FERRETERIA Y HERRAMIENTAS	product_cat
19133	FERRETERIA Y HERRAMIENTAS	product_cat
19134	FERRETERIA Y HERRAMIENTAS	product_cat
19135	FERRETERIA Y HERRAMIENTAS	product_cat
19136	FERRETERIA Y HERRAMIENTAS	product_cat
19137	FERRETERIA Y HERRAMIENTAS	product_cat
19140	FERRETERIA Y HERRAMIENTAS	product_cat
19141	FERRETERIA Y HERRAMIENTAS	product_cat
19144	FERRETERIA Y HERRAMIENTAS	product_cat
19145	FERRETERIA Y HERRAMIENTAS	product_cat
19157	FERRETERIA Y HERRAMIENTAS	product_cat
19158	FERRETERIA Y HERRAMIENTAS	product_cat
19159	FERRETERIA Y HERRAMIENTAS	product_cat
19163	FERRETERIA Y HERRAMIENTAS	product_cat
19166	FERRETERIA Y HERRAMIENTAS	product_cat
19168	FERRETERIA Y HERRAMIENTAS	product_cat
19169	FERRETERIA Y HERRAMIENTAS	product_cat
19170	FERRETERIA Y HERRAMIENTAS	product_cat
19171	FERRETERIA Y HERRAMIENTAS	product_cat
19172	FERRETERIA Y HERRAMIENTAS	product_cat
19173	FERRETERIA Y HERRAMIENTAS	product_cat
19174	FERRETERIA Y HERRAMIENTAS	product_cat
19175	FERRETERIA Y HERRAMIENTAS	product_cat
19176	FERRETERIA Y HERRAMIENTAS	product_cat
19177	FERRETERIA Y HERRAMIENTAS	product_cat
19179	FERRETERIA Y HERRAMIENTAS	product_cat
19180	FERRETERIA Y HERRAMIENTAS	product_cat
19181	FERRETERIA Y HERRAMIENTAS	product_cat
19182	FERRETERIA Y HERRAMIENTAS	product_cat
19183	FERRETERIA Y HERRAMIENTAS	product_cat
19185	FERRETERIA Y HERRAMIENTAS	product_cat
19186	FERRETERIA Y HERRAMIENTAS	product_cat
19187	FERRETERIA Y HERRAMIENTAS	product_cat
19188	FERRETERIA Y HERRAMIENTAS	product_cat
19189	FERRETERIA Y HERRAMIENTAS	product_cat
19190	FERRETERIA Y HERRAMIENTAS	product_cat
19191	FERRETERIA Y HERRAMIENTAS	product_cat
19192	FERRETERIA Y HERRAMIENTAS	product_cat
19193	FERRETERIA Y HERRAMIENTAS	product_cat
19194	FERRETERIA Y HERRAMIENTAS	product_cat
19195	FERRETERIA Y HERRAMIENTAS	product_cat
19197	FERRETERIA Y HERRAMIENTAS	product_cat
19198	FERRETERIA Y HERRAMIENTAS	product_cat
19203	FERRETERIA Y HERRAMIENTAS	product_cat
19207	FERRETERIA Y HERRAMIENTAS	product_cat
19208	FERRETERIA Y HERRAMIENTAS	product_cat
19209	FERRETERIA Y HERRAMIENTAS	product_cat
19210	FERRETERIA Y HERRAMIENTAS	product_cat
19211	FERRETERIA Y HERRAMIENTAS	product_cat
19212	FERRETERIA Y HERRAMIENTAS	product_cat
19213	FERRETERIA Y HERRAMIENTAS	product_cat
19214	FERRETERIA Y HERRAMIENTAS	product_cat
19215	FERRETERIA Y HERRAMIENTAS	product_cat
19216	FERRETERIA Y HERRAMIENTAS	product_cat
19217	FERRETERIA Y HERRAMIENTAS	product_cat
19218	FERRETERIA Y HERRAMIENTAS	product_cat
19219	FERRETERIA Y HERRAMIENTAS	product_cat
19220	FERRETERIA Y HERRAMIENTAS	product_cat
19229	FERRETERIA Y HERRAMIENTAS	product_cat
19230	FERRETERIA Y HERRAMIENTAS	product_cat
19234	FERRETERIA Y HERRAMIENTAS	product_cat
19235	FERRETERIA Y HERRAMIENTAS	product_cat
19236	FERRETERIA Y HERRAMIENTAS	product_cat
19237	FERRETERIA Y HERRAMIENTAS	product_cat
19238	FERRETERIA Y HERRAMIENTAS	product_cat
19239	FERRETERIA Y HERRAMIENTAS	product_cat
19240	FERRETERIA Y HERRAMIENTAS	product_cat
19241	FERRETERIA Y HERRAMIENTAS	product_cat
19242	FERRETERIA Y HERRAMIENTAS	product_cat
19243	FERRETERIA Y HERRAMIENTAS	product_cat
19244	FERRETERIA Y HERRAMIENTAS	product_cat
19245	FERRETERIA Y HERRAMIENTAS	product_cat
19246	FERRETERIA Y HERRAMIENTAS	product_cat
19247	FERRETERIA Y HERRAMIENTAS	product_cat
19248	FERRETERIA Y HERRAMIENTAS	product_cat
19249	FERRETERIA Y HERRAMIENTAS	product_cat
19250	FERRETERIA Y HERRAMIENTAS	product_cat
19252	FERRETERIA Y HERRAMIENTAS	product_cat
19254	FERRETERIA Y HERRAMIENTAS	product_cat
19255	FERRETERIA Y HERRAMIENTAS	product_cat
19258	FERRETERIA Y HERRAMIENTAS	product_cat
19259	FERRETERIA Y HERRAMIENTAS	product_cat
19260	FERRETERIA Y HERRAMIENTAS	product_cat
19261	FERRETERIA Y HERRAMIENTAS	product_cat
19262	FERRETERIA Y HERRAMIENTAS	product_cat
19263	FERRETERIA Y HERRAMIENTAS	product_cat
19264	FERRETERIA Y HERRAMIENTAS	product_cat
19265	FERRETERIA Y HERRAMIENTAS	product_cat
19266	FERRETERIA Y HERRAMIENTAS	product_cat
19267	FERRETERIA Y HERRAMIENTAS	product_cat
19268	FERRETERIA Y HERRAMIENTAS	product_cat
19269	FERRETERIA Y HERRAMIENTAS	product_cat
19270	FERRETERIA Y HERRAMIENTAS	product_cat
19272	FERRETERIA Y HERRAMIENTAS	product_cat
19275	FERRETERIA Y HERRAMIENTAS	product_cat
19276	FERRETERIA Y HERRAMIENTAS	product_cat
19285	FERRETERIA Y HERRAMIENTAS	product_cat
19286	FERRETERIA Y HERRAMIENTAS	product_cat
19287	FERRETERIA Y HERRAMIENTAS	product_cat
19288	FERRETERIA Y HERRAMIENTAS	product_cat
19289	FERRETERIA Y HERRAMIENTAS	product_cat
19291	FERRETERIA Y HERRAMIENTAS	product_cat
19292	FERRETERIA Y HERRAMIENTAS	product_cat
19294	FERRETERIA Y HERRAMIENTAS	product_cat
19295	FERRETERIA Y HERRAMIENTAS	product_cat
19296	FERRETERIA Y HERRAMIENTAS	product_cat
19297	FERRETERIA Y HERRAMIENTAS	product_cat
19298	FERRETERIA Y HERRAMIENTAS	product_cat
19299	FERRETERIA Y HERRAMIENTAS	product_cat
19300	FERRETERIA Y HERRAMIENTAS	product_cat
19301	FERRETERIA Y HERRAMIENTAS	product_cat
19302	FERRETERIA Y HERRAMIENTAS	product_cat
19305	FERRETERIA Y HERRAMIENTAS	product_cat
19306	FERRETERIA Y HERRAMIENTAS	product_cat
19307	FERRETERIA Y HERRAMIENTAS	product_cat
19309	FERRETERIA Y HERRAMIENTAS	product_cat
19310	FERRETERIA Y HERRAMIENTAS	product_cat
19311	FERRETERIA Y HERRAMIENTAS	product_cat
19312	FERRETERIA Y HERRAMIENTAS	product_cat
19313	FERRETERIA Y HERRAMIENTAS	product_cat
19315	FERRETERIA Y HERRAMIENTAS	product_cat
19316	FERRETERIA Y HERRAMIENTAS	product_cat
19317	FERRETERIA Y HERRAMIENTAS	product_cat
19324	FERRETERIA Y HERRAMIENTAS	product_cat
19325	FERRETERIA Y HERRAMIENTAS	product_cat
19326	FERRETERIA Y HERRAMIENTAS	product_cat
19327	FERRETERIA Y HERRAMIENTAS	product_cat
19328	FERRETERIA Y HERRAMIENTAS	product_cat
19329	FERRETERIA Y HERRAMIENTAS	product_cat
19330	FERRETERIA Y HERRAMIENTAS	product_cat
19331	FERRETERIA Y HERRAMIENTAS	product_cat
19332	FERRETERIA Y HERRAMIENTAS	product_cat
19333	FERRETERIA Y HERRAMIENTAS	product_cat
19334	FERRETERIA Y HERRAMIENTAS	product_cat
19335	FERRETERIA Y HERRAMIENTAS	product_cat
19336	FERRETERIA Y HERRAMIENTAS	product_cat
19337	FERRETERIA Y HERRAMIENTAS	product_cat
19338	FERRETERIA Y HERRAMIENTAS	product_cat
19339	FERRETERIA Y HERRAMIENTAS	product_cat
19340	FERRETERIA Y HERRAMIENTAS	product_cat
19341	FERRETERIA Y HERRAMIENTAS	product_cat
19342	FERRETERIA Y HERRAMIENTAS	product_cat
19344	FERRETERIA Y HERRAMIENTAS	product_cat
19345	FERRETERIA Y HERRAMIENTAS	product_cat
19346	FERRETERIA Y HERRAMIENTAS	product_cat
19347	FERRETERIA Y HERRAMIENTAS	product_cat
19348	FERRETERIA Y HERRAMIENTAS	product_cat
19354	FERRETERIA Y HERRAMIENTAS	product_cat
19355	FERRETERIA Y HERRAMIENTAS	product_cat
19356	FERRETERIA Y HERRAMIENTAS	product_cat
19357	FERRETERIA Y HERRAMIENTAS	product_cat
19360	FERRETERIA Y HERRAMIENTAS	product_cat
19361	FERRETERIA Y HERRAMIENTAS	product_cat
19362	FERRETERIA Y HERRAMIENTAS	product_cat
19363	FERRETERIA Y HERRAMIENTAS	product_cat
19364	FERRETERIA Y HERRAMIENTAS	product_cat
19365	FERRETERIA Y HERRAMIENTAS	product_cat
19366	FERRETERIA Y HERRAMIENTAS	product_cat
19367	FERRETERIA Y HERRAMIENTAS	product_cat
19368	FERRETERIA Y HERRAMIENTAS	product_cat
19369	FERRETERIA Y HERRAMIENTAS	product_cat
19371	FERRETERIA Y HERRAMIENTAS	product_cat
19372	FERRETERIA Y HERRAMIENTAS	product_cat
19373	FERRETERIA Y HERRAMIENTAS	product_cat
19375	FERRETERIA Y HERRAMIENTAS	product_cat
19376	FERRETERIA Y HERRAMIENTAS	product_cat
19378	FERRETERIA Y HERRAMIENTAS	product_cat
19381	FERRETERIA Y HERRAMIENTAS	product_cat
19383	FERRETERIA Y HERRAMIENTAS	product_cat
19385	FERRETERIA Y HERRAMIENTAS	product_cat
19386	FERRETERIA Y HERRAMIENTAS	product_cat
19387	FERRETERIA Y HERRAMIENTAS	product_cat
19388	FERRETERIA Y HERRAMIENTAS	product_cat
19389	FERRETERIA Y HERRAMIENTAS	product_cat
19390	FERRETERIA Y HERRAMIENTAS	product_cat
19391	FERRETERIA Y HERRAMIENTAS	product_cat
19392	FERRETERIA Y HERRAMIENTAS	product_cat
19393	FERRETERIA Y HERRAMIENTAS	product_cat
19394	FERRETERIA Y HERRAMIENTAS	product_cat
19395	FERRETERIA Y HERRAMIENTAS	product_cat
19396	FERRETERIA Y HERRAMIENTAS	product_cat
19397	FERRETERIA Y HERRAMIENTAS	product_cat
19401	FERRETERIA Y HERRAMIENTAS	product_cat
19402	FERRETERIA Y HERRAMIENTAS	product_cat
19403	FERRETERIA Y HERRAMIENTAS	product_cat
19406	FERRETERIA Y HERRAMIENTAS	product_cat
19407	FERRETERIA Y HERRAMIENTAS	product_cat
19408	FERRETERIA Y HERRAMIENTAS	product_cat
19409	FERRETERIA Y HERRAMIENTAS	product_cat
19410	FERRETERIA Y HERRAMIENTAS	product_cat
19411	FERRETERIA Y HERRAMIENTAS	product_cat
19412	FERRETERIA Y HERRAMIENTAS	product_cat
19413	FERRETERIA Y HERRAMIENTAS	product_cat
19414	FERRETERIA Y HERRAMIENTAS	product_cat
19415	FERRETERIA Y HERRAMIENTAS	product_cat
19416	FERRETERIA Y HERRAMIENTAS	product_cat
19417	FERRETERIA Y HERRAMIENTAS	product_cat
19418	FERRETERIA Y HERRAMIENTAS	product_cat
19422	FERRETERIA Y HERRAMIENTAS	product_cat
19423	FERRETERIA Y HERRAMIENTAS	product_cat
19424	FERRETERIA Y HERRAMIENTAS	product_cat
19425	FERRETERIA Y HERRAMIENTAS	product_cat
19426	FERRETERIA Y HERRAMIENTAS	product_cat
19427	FERRETERIA Y HERRAMIENTAS	product_cat
19428	FERRETERIA Y HERRAMIENTAS	product_cat
19429	FERRETERIA Y HERRAMIENTAS	product_cat
19430	FERRETERIA Y HERRAMIENTAS	product_cat
19431	FERRETERIA Y HERRAMIENTAS	product_cat
19432	FERRETERIA Y HERRAMIENTAS	product_cat
19434	FERRETERIA Y HERRAMIENTAS	product_cat
19436	FERRETERIA Y HERRAMIENTAS	product_cat
19441	FERRETERIA Y HERRAMIENTAS	product_cat
19442	FERRETERIA Y HERRAMIENTAS	product_cat
19443	FERRETERIA Y HERRAMIENTAS	product_cat
19445	FERRETERIA Y HERRAMIENTAS	product_cat
19446	FERRETERIA Y HERRAMIENTAS	product_cat
19447	FERRETERIA Y HERRAMIENTAS	product_cat
19448	FERRETERIA Y HERRAMIENTAS	product_cat
19449	FERRETERIA Y HERRAMIENTAS	product_cat
19451	FERRETERIA Y HERRAMIENTAS	product_cat
19453	FERRETERIA Y HERRAMIENTAS	product_cat
19454	FERRETERIA Y HERRAMIENTAS	product_cat
19455	FERRETERIA Y HERRAMIENTAS	product_cat
19456	FERRETERIA Y HERRAMIENTAS	product_cat
19457	FERRETERIA Y HERRAMIENTAS	product_cat
19458	FERRETERIA Y HERRAMIENTAS	product_cat
19459	FERRETERIA Y HERRAMIENTAS	product_cat
19460	FERRETERIA Y HERRAMIENTAS	product_cat
19461	FERRETERIA Y HERRAMIENTAS	product_cat
19462	FERRETERIA Y HERRAMIENTAS	product_cat
19463	FERRETERIA Y HERRAMIENTAS	product_cat
19464	FERRETERIA Y HERRAMIENTAS	product_cat
19465	FERRETERIA Y HERRAMIENTAS	product_cat
19466	FERRETERIA Y HERRAMIENTAS	product_cat
19473	FERRETERIA Y HERRAMIENTAS	product_cat
19475	FERRETERIA Y HERRAMIENTAS	product_cat
19481	FERRETERIA Y HERRAMIENTAS	product_cat
19503	FERRETERIA Y HERRAMIENTAS	product_cat
19504	FERRETERIA Y HERRAMIENTAS	product_cat
19528	FERRETERIA Y HERRAMIENTAS	product_cat
19529	FERRETERIA Y HERRAMIENTAS	product_cat
19530	FERRETERIA Y HERRAMIENTAS	product_cat
19531	FERRETERIA Y HERRAMIENTAS	product_cat
19532	FERRETERIA Y HERRAMIENTAS	product_cat
19533	FERRETERIA Y HERRAMIENTAS	product_cat
19534	FERRETERIA Y HERRAMIENTAS	product_cat
19535	FERRETERIA Y HERRAMIENTAS	product_cat
19536	FERRETERIA Y HERRAMIENTAS	product_cat
19537	FERRETERIA Y HERRAMIENTAS	product_cat
19538	FERRETERIA Y HERRAMIENTAS	product_cat
19540	FERRETERIA Y HERRAMIENTAS	product_cat
19541	FERRETERIA Y HERRAMIENTAS	product_cat
19542	FERRETERIA Y HERRAMIENTAS	product_cat
19554	FERRETERIA Y HERRAMIENTAS	product_cat
19557	FERRETERIA Y HERRAMIENTAS	product_cat
19558	FERRETERIA Y HERRAMIENTAS	product_cat
19581	FERRETERIA Y HERRAMIENTAS	product_cat
19582	FERRETERIA Y HERRAMIENTAS	product_cat
19583	FERRETERIA Y HERRAMIENTAS	product_cat
19584	FERRETERIA Y HERRAMIENTAS	product_cat
19585	FERRETERIA Y HERRAMIENTAS	product_cat
19586	FERRETERIA Y HERRAMIENTAS	product_cat
19587	FERRETERIA Y HERRAMIENTAS	product_cat
19588	FERRETERIA Y HERRAMIENTAS	product_cat
19589	FERRETERIA Y HERRAMIENTAS	product_cat
19607	FERRETERIA Y HERRAMIENTAS	product_cat
19608	FERRETERIA Y HERRAMIENTAS	product_cat
19611	FERRETERIA Y HERRAMIENTAS	product_cat
19618	FERRETERIA Y HERRAMIENTAS	product_cat
19619	FERRETERIA Y HERRAMIENTAS	product_cat
19620	FERRETERIA Y HERRAMIENTAS	product_cat
19621	FERRETERIA Y HERRAMIENTAS	product_cat
19625	FERRETERIA Y HERRAMIENTAS	product_cat
19627	FERRETERIA Y HERRAMIENTAS	product_cat
19628	FERRETERIA Y HERRAMIENTAS	product_cat
19633	FERRETERIA Y HERRAMIENTAS	product_cat
19637	FERRETERIA Y HERRAMIENTAS	product_cat
19638	FERRETERIA Y HERRAMIENTAS	product_cat
19639	FERRETERIA Y HERRAMIENTAS	product_cat
19641	FERRETERIA Y HERRAMIENTAS	product_cat
19651	FERRETERIA Y HERRAMIENTAS	product_cat
19652	FERRETERIA Y HERRAMIENTAS	product_cat
19653	FERRETERIA Y HERRAMIENTAS	product_cat
19654	FERRETERIA Y HERRAMIENTAS	product_cat
19655	FERRETERIA Y HERRAMIENTAS	product_cat
19656	FERRETERIA Y HERRAMIENTAS	product_cat
19657	FERRETERIA Y HERRAMIENTAS	product_cat
19658	FERRETERIA Y HERRAMIENTAS	product_cat
19659	FERRETERIA Y HERRAMIENTAS	product_cat
19660	FERRETERIA Y HERRAMIENTAS	product_cat
19661	FERRETERIA Y HERRAMIENTAS	product_cat
19663	FERRETERIA Y HERRAMIENTAS	product_cat
5453	Pintura y Accesorios	product_cat
5551	Pintura y Accesorios	product_cat
5528	Pintura y Accesorios	product_cat
7339	Pintura y Accesorios	product_cat
4877	Pintura y Accesorios	product_cat
4883	Pintura y Accesorios	product_cat
4894	Pintura y Accesorios	product_cat
5910	Pintura y Accesorios	product_cat
5940	Pintura y Accesorios	product_cat
5998	Pintura y Accesorios	product_cat
5990	Pintura y Accesorios	product_cat
6008	Pintura y Accesorios	product_cat
6013	Pintura y Accesorios	product_cat
6174	Pintura y Accesorios	product_cat
6334	Pintura y Accesorios	product_cat
6345	Pintura y Accesorios	product_cat
6360	Pintura y Accesorios	product_cat
6380	Pintura y Accesorios	product_cat
7293	Pintura y Accesorios	product_cat
7328	Pintura y Accesorios	product_cat
7330	Pintura y Accesorios	product_cat
7342	Pintura y Accesorios	product_cat
7346	Pintura y Accesorios	product_cat
7341	Pintura y Accesorios	product_cat
7348	Pintura y Accesorios	product_cat
7455	Pintura y Accesorios	product_cat
7447	Pintura y Accesorios	product_cat
7472	Pintura y Accesorios	product_cat
7481	Pintura y Accesorios	product_cat
7496	Pintura y Accesorios	product_cat
7503	Pintura y Accesorios	product_cat
7546	Pintura y Accesorios	product_cat
7848	Pintura y Accesorios	product_cat
7885	Pintura y Accesorios	product_cat
8028	Pintura y Accesorios	product_cat
8150	Pintura y Accesorios	product_cat
8189	Pintura y Accesorios	product_cat
8191	Pintura y Accesorios	product_cat
15492	Pintura y Accesorios	product_cat
8321	Pintura y Accesorios	product_cat
12415	Pintura y Accesorios	product_cat
14525	Pintura y Accesorios	product_cat
12211	Pintura y Accesorios	product_cat
9530	Pintura y Accesorios	product_cat
8158	Pintura y Accesorios	product_cat
13184	Pintura y Accesorios	product_cat
13177	Pintura y Accesorios	product_cat
9676	Pintura y Accesorios	product_cat
10395	Pintura y Accesorios	product_cat
10414	Pintura y Accesorios	product_cat
10562	Pintura y Accesorios	product_cat
10650	Pintura y Accesorios	product_cat
10656	Pintura y Accesorios	product_cat
10707	Pintura y Accesorios	product_cat
11026	Pintura y Accesorios	product_cat
10790	Pintura y Accesorios	product_cat
12416	Pintura y Accesorios	product_cat
10880	Pintura y Accesorios	product_cat
10906	Pintura y Accesorios	product_cat
10902	Pintura y Accesorios	product_cat
9327	Pintura y Accesorios	product_cat
5457	Pintura y Accesorios	product_cat
11524	Pintura y Accesorios	product_cat
11558	Pintura y Accesorios	product_cat
11560	Pintura y Accesorios	product_cat
11616	Pintura y Accesorios	product_cat
12011	Pintura y Accesorios	product_cat
12214	Pintura y Accesorios	product_cat
12461	Pintura y Accesorios	product_cat
12464	Pintura y Accesorios	product_cat
12514	Pintura y Accesorios	product_cat
12525	Pintura y Accesorios	product_cat
12817	Pintura y Accesorios	product_cat
13324	Pintura y Accesorios	product_cat
13344	Pintura y Accesorios	product_cat
13350	Pintura y Accesorios	product_cat
13377	Pintura y Accesorios	product_cat
13454	Pintura y Accesorios	product_cat
13937	Pintura y Accesorios	product_cat
13949	Pintura y Accesorios	product_cat
14011	Pintura y Accesorios	product_cat
14215	Pintura y Accesorios	product_cat
14217	Pintura y Accesorios	product_cat
14219	Pintura y Accesorios	product_cat
14381	Pintura y Accesorios	product_cat
14526	Pintura y Accesorios	product_cat
14537	Pintura y Accesorios	product_cat
14563	Pintura y Accesorios	product_cat
14627	Pintura y Accesorios	product_cat
14971	Pintura y Accesorios	product_cat
15044	Pintura y Accesorios	product_cat
15126	Pintura y Accesorios	product_cat
16050	Pintura y Accesorios	product_cat
16242	Pintura y Accesorios	product_cat
16692	Pintura y Accesorios	product_cat
16954	Pintura y Accesorios	product_cat
16973	Pintura y Accesorios	product_cat
17066	Pintura y Accesorios	product_cat
17091	Pintura y Accesorios	product_cat
17092	Pintura y Accesorios	product_cat
17262	Pintura y Accesorios	product_cat
17406	Pintura y Accesorios	product_cat
17422	Pintura y Accesorios	product_cat
17423	Pintura y Accesorios	product_cat
17542	Pintura y Accesorios	product_cat
17543	Pintura y Accesorios	product_cat
17712	Pintura y Accesorios	product_cat
17860	Pintura y Accesorios	product_cat
18650	Pintura y Accesorios	product_cat
18727	Pintura y Accesorios	product_cat
18732	Pintura y Accesorios	product_cat
18840	Pintura y Accesorios	product_cat
18842	Pintura y Accesorios	product_cat
18845	Pintura y Accesorios	product_cat
18847	Pintura y Accesorios	product_cat
18849	Pintura y Accesorios	product_cat
18853	Pintura y Accesorios	product_cat
18894	Pintura y Accesorios	product_cat
18895	Pintura y Accesorios	product_cat
18900	Pintura y Accesorios	product_cat
19063	Pintura y Accesorios	product_cat
19092	Pintura y Accesorios	product_cat
19199	Pintura y Accesorios	product_cat
19200	Pintura y Accesorios	product_cat
19201	Pintura y Accesorios	product_cat
19202	Pintura y Accesorios	product_cat
19350	Pintura y Accesorios	product_cat
19351	Pintura y Accesorios	product_cat
19352	Pintura y Accesorios	product_cat
4318	TOTAL	product_brand
15539	TOTAL	product_brand
15476	TOTAL	product_brand
15541	TOTAL	product_brand
15551	TOTAL	product_brand
15439	TOTAL	product_brand
15521	TOTAL	product_brand
15445	TOTAL	product_brand
15533	TOTAL	product_brand
15531	TOTAL	product_brand
11446	TOTAL	product_brand
15527	TOTAL	product_brand
15487	TOTAL	product_brand
15553	TOTAL	product_brand
15558	TOTAL	product_brand
10317	TOTAL	product_brand
10335	TOTAL	product_brand
10342	TOTAL	product_brand
11069	TOTAL	product_brand
11072	TOTAL	product_brand
11076	TOTAL	product_brand
11082	TOTAL	product_brand
11454	TOTAL	product_brand
11456	TOTAL	product_brand
11468	TOTAL	product_brand
11471	TOTAL	product_brand
11579	TOTAL	product_brand
11582	TOTAL	product_brand
15523	TOTAL	product_brand
15563	TOTAL	product_brand
12796	TOTAL	product_brand
12800	TOTAL	product_brand
12802	TOTAL	product_brand
12804	TOTAL	product_brand
12806	TOTAL	product_brand
12820	TOTAL	product_brand
12835	TOTAL	product_brand
15431	TOTAL	product_brand
12960	TOTAL	product_brand
13397	TOTAL	product_brand
13399	TOTAL	product_brand
13403	TOTAL	product_brand
13406	TOTAL	product_brand
13412	TOTAL	product_brand
13908	TOTAL	product_brand
15519	TOTAL	product_brand
15518	TOTAL	product_brand
14321	TOTAL	product_brand
14354	TOTAL	product_brand
14362	TOTAL	product_brand
14366	TOTAL	product_brand
14371	TOTAL	product_brand
14420	TOTAL	product_brand
14423	TOTAL	product_brand
14428	TOTAL	product_brand
14430	TOTAL	product_brand
14436	TOTAL	product_brand
14438	TOTAL	product_brand
14440	TOTAL	product_brand
14585	TOTAL	product_brand
14591	TOTAL	product_brand
14598	TOTAL	product_brand
14603	TOTAL	product_brand
14608	TOTAL	product_brand
14610	TOTAL	product_brand
14618	TOTAL	product_brand
14627	TOTAL	product_brand
15504	TOTAL	product_brand
15502	TOTAL	product_brand
15498	TOTAL	product_brand
15495	TOTAL	product_brand
15492	TOTAL	product_brand
15482	TOTAL	product_brand
15565	TOTAL	product_brand
15567	TOTAL	product_brand
15824	TOTAL	product_brand
15828	TOTAL	product_brand
16513	TOTAL	product_brand
16012	TOTAL	product_brand
16014	TOTAL	product_brand
16016	TOTAL	product_brand
16028	TOTAL	product_brand
16035	TOTAL	product_brand
16558	TOTAL	product_brand
16566	TOTAL	product_brand
19685	TOTAL	product_brand
4325	Steelman	product_brand
7446	Steelman	product_brand
7707	Steelman	product_brand
7717	Steelman	product_brand
10312	Steelman	product_brand
10856	Steelman	product_brand
10850	Steelman	product_brand
10847	Steelman	product_brand
10862	Steelman	product_brand
14266	Steelman	product_brand
4329	GRV	product_brand
4327	GRV	product_brand
8082	GRV	product_brand
4338	Tramontina	product_brand
4341	Tramontina	product_brand
4343	Tramontina	product_brand
4345	Tramontina	product_brand
4347	Tramontina	product_brand
4351	Tramontina	product_brand
4353	Tramontina	product_brand
8012	Tramontina	product_brand
8014	Tramontina	product_brand
8230	Tramontina	product_brand
8329	Tramontina	product_brand
8396	Tramontina	product_brand
8401	Tramontina	product_brand
8403	Tramontina	product_brand
8768	Tramontina	product_brand
8848	Tramontina	product_brand
9750	Tramontina	product_brand
9780	Tramontina	product_brand
6650	Tramontina	product_brand
10163	Tramontina	product_brand
10167	Tramontina	product_brand
10171	Tramontina	product_brand
10177	Tramontina	product_brand
10181	Tramontina	product_brand
10183	Tramontina	product_brand
10185	Tramontina	product_brand
10186	Tramontina	product_brand
10192	Tramontina	product_brand
10717	Tramontina	product_brand
10725	Tramontina	product_brand
10731	Tramontina	product_brand
10735	Tramontina	product_brand
10749	Tramontina	product_brand
10756	Tramontina	product_brand
10765	Tramontina	product_brand
10768	Tramontina	product_brand
10769	Tramontina	product_brand
10770	Tramontina	product_brand
10775	Tramontina	product_brand
10787	Tramontina	product_brand
6444	Tramontina	product_brand
10792	Tramontina	product_brand
10799	Tramontina	product_brand
11296	Tramontina	product_brand
11331	Tramontina	product_brand
5310	Tramontina	product_brand
11817	Tramontina	product_brand
11818	Tramontina	product_brand
11821	Tramontina	product_brand
11828	Tramontina	product_brand
11924	Tramontina	product_brand
11932	Tramontina	product_brand
12291	Tramontina	product_brand
12381	Tramontina	product_brand
12387	Tramontina	product_brand
12391	Tramontina	product_brand
12393	Tramontina	product_brand
12395	Tramontina	product_brand
5829	Tramontina	product_brand
12502	Tramontina	product_brand
10154	Tramontina	product_brand
13642	Tramontina	product_brand
14227	Tramontina	product_brand
14377	Tramontina	product_brand
14555	Tramontina	product_brand
15042	Tramontina	product_brand
14724	Tramontina	product_brand
15601	Tramontina	product_brand
15617	Tramontina	product_brand
16055	Tramontina	product_brand
6914	FL	product_brand
6705	FL	product_brand
7036	FL	product_brand
7056	FL	product_brand
7057	FL	product_brand
7058	FL	product_brand
7077	FL	product_brand
5453	FL	product_brand
7137	FL	product_brand
7055	FL	product_brand
6998	FL	product_brand
4355	FL	product_brand
4359	FL	product_brand
4361	FL	product_brand
4604	FL	product_brand
4962	FL	product_brand
6655	FL	product_brand
6694	FL	product_brand
7269	FL	product_brand
7120	FL	product_brand
7160	FL	product_brand
12686	FL	product_brand
4967	FL	product_brand
16266	FL	product_brand
14857	NAF	product_brand
8073	NAF	product_brand
9336	NAF	product_brand
9361	NAF	product_brand
9382	NAF	product_brand
9415	NAF	product_brand
9712	NAF	product_brand
9704	NAF	product_brand
9949	NAF	product_brand
10030	NAF	product_brand
6109	NAF	product_brand
10131	NAF	product_brand
10150	NAF	product_brand
10152	NAF	product_brand
9366	NAF	product_brand
11165	NAF	product_brand
11633	NAF	product_brand
11851	NAF	product_brand
13379	NAF	product_brand
13478	NAF	product_brand
13930	NAF	product_brand
11174	NAF	product_brand
14788	NAF	product_brand
14786	NAF	product_brand
14790	NAF	product_brand
14806	NAF	product_brand
4653	NAF	product_brand
10149	NAF	product_brand
15344	NAF	product_brand
15882	NAF	product_brand
15888	NAF	product_brand
16493	NAF	product_brand
16496	NAF	product_brand
16498	NAF	product_brand
6013	SIN CATEGORIZAR	product_cat
14525	SIN CATEGORIZAR	product_cat
14526	SIN CATEGORIZAR	product_cat
16085	SIN CATEGORIZAR	product_cat
16090	SIN CATEGORIZAR	product_cat
4974	CINTAS	product_cat
5796	CINTAS	product_cat
9071	CINTAS	product_cat
7546	CINTAS	product_cat
8865	CINTAS	product_cat
8879	CINTAS	product_cat
8887	CINTAS	product_cat
8889	CINTAS	product_cat
8893	CINTAS	product_cat
9077	CINTAS	product_cat
9078	CINTAS	product_cat
9670	CINTAS	product_cat
10434	CINTAS	product_cat
10802	CINTAS	product_cat
10807	CINTAS	product_cat
11303	CINTAS	product_cat
12493	CINTAS	product_cat
13576	CINTAS	product_cat
15351	CINTAS	product_cat
16050	CINTAS	product_cat
16228	CINTAS	product_cat
16737	CINTAS	product_cat
16762	CINTAS	product_cat
17520	CINTAS	product_cat
17946	CINTAS	product_cat
18184	CINTAS	product_cat
18389	CINTAS	product_cat
18390	CINTAS	product_cat
18393	CINTAS	product_cat
18442	CINTAS	product_cat
18443	CINTAS	product_cat
18444	CINTAS	product_cat
18445	CINTAS	product_cat
18446	CINTAS	product_cat
18830	CINTAS	product_cat
19256	CINTAS	product_cat
19521	CINTAS	product_cat
9647	CUERDAS E HILOS	product_cat
5907	CUERDAS E HILOS	product_cat
5909	CUERDAS E HILOS	product_cat
5914	CUERDAS E HILOS	product_cat
5917	CUERDAS E HILOS	product_cat
5919	CUERDAS E HILOS	product_cat
5921	CUERDAS E HILOS	product_cat
5923	CUERDAS E HILOS	product_cat
4677	CUERDAS E HILOS	product_cat
8303	CUERDAS E HILOS	product_cat
13158	CUERDAS E HILOS	product_cat
10010	CUERDAS E HILOS	product_cat
9649	CUERDAS E HILOS	product_cat
11894	CUERDAS E HILOS	product_cat
12363	CUERDAS E HILOS	product_cat
13661	CUERDAS E HILOS	product_cat
13666	CUERDAS E HILOS	product_cat
13668	CUERDAS E HILOS	product_cat
13688	CUERDAS E HILOS	product_cat
14763	CUERDAS E HILOS	product_cat
15002	CUERDAS E HILOS	product_cat
16121	CUERDAS E HILOS	product_cat
16749	CUERDAS E HILOS	product_cat
16965	CUERDAS E HILOS	product_cat
17031	CUERDAS E HILOS	product_cat
17330	CUERDAS E HILOS	product_cat
17333	CUERDAS E HILOS	product_cat
17334	CUERDAS E HILOS	product_cat
17336	CUERDAS E HILOS	product_cat
17555	CUERDAS E HILOS	product_cat
18194	CUERDAS E HILOS	product_cat
18195	CUERDAS E HILOS	product_cat
18627	CUERDAS E HILOS	product_cat
19221	CUERDAS E HILOS	product_cat
19222	CUERDAS E HILOS	product_cat
19223	CUERDAS E HILOS	product_cat
19224	CUERDAS E HILOS	product_cat
19225	CUERDAS E HILOS	product_cat
19227	CUERDAS E HILOS	product_cat
19228	CUERDAS E HILOS	product_cat
19626	CUERDAS E HILOS	product_cat
6219	ACCESORIOS DE BAÑO	product_cat
6227	ACCESORIOS DE BAÑO	product_cat
6249	ACCESORIOS DE BAÑO	product_cat
6252	ACCESORIOS DE BAÑO	product_cat
6256	ACCESORIOS DE BAÑO	product_cat
6264	ACCESORIOS DE BAÑO	product_cat
6295	ACCESORIOS DE BAÑO	product_cat
6305	ACCESORIOS DE BAÑO	product_cat
6379	ACCESORIOS DE BAÑO	product_cat
6446	ACCESORIOS DE BAÑO	product_cat
6448	ACCESORIOS DE BAÑO	product_cat
6475	ACCESORIOS DE BAÑO	product_cat
6483	ACCESORIOS DE BAÑO	product_cat
6486	ACCESORIOS DE BAÑO	product_cat
6487	ACCESORIOS DE BAÑO	product_cat
6490	ACCESORIOS DE BAÑO	product_cat
6489	ACCESORIOS DE BAÑO	product_cat
6493	ACCESORIOS DE BAÑO	product_cat
6495	ACCESORIOS DE BAÑO	product_cat
6537	ACCESORIOS DE BAÑO	product_cat
6562	ACCESORIOS DE BAÑO	product_cat
6612	ACCESORIOS DE BAÑO	product_cat
7524	ACCESORIOS DE BAÑO	product_cat
7679	ACCESORIOS DE BAÑO	product_cat
7688	ACCESORIOS DE BAÑO	product_cat
12188	ACCESORIOS DE BAÑO	product_cat
8373	ACCESORIOS DE BAÑO	product_cat
8507	ACCESORIOS DE BAÑO	product_cat
8528	ACCESORIOS DE BAÑO	product_cat
8655	ACCESORIOS DE BAÑO	product_cat
14921	ACCESORIOS DE BAÑO	product_cat
13147	ACCESORIOS DE BAÑO	product_cat
9691	ACCESORIOS DE BAÑO	product_cat
10098	ACCESORIOS DE BAÑO	product_cat
10243	ACCESORIOS DE BAÑO	product_cat
9674	ACCESORIOS DE BAÑO	product_cat
16547	ACCESORIOS DE BAÑO	product_cat
11039	ACCESORIOS DE BAÑO	product_cat
11176	ACCESORIOS DE BAÑO	product_cat
11790	ACCESORIOS DE BAÑO	product_cat
11797	ACCESORIOS DE BAÑO	product_cat
11799	ACCESORIOS DE BAÑO	product_cat
11909	ACCESORIOS DE BAÑO	product_cat
12632	ACCESORIOS DE BAÑO	product_cat
12637	ACCESORIOS DE BAÑO	product_cat
12683	ACCESORIOS DE BAÑO	product_cat
12686	ACCESORIOS DE BAÑO	product_cat
12693	ACCESORIOS DE BAÑO	product_cat
12701	ACCESORIOS DE BAÑO	product_cat
12861	ACCESORIOS DE BAÑO	product_cat
12863	ACCESORIOS DE BAÑO	product_cat
12866	ACCESORIOS DE BAÑO	product_cat
12871	ACCESORIOS DE BAÑO	product_cat
12971	ACCESORIOS DE BAÑO	product_cat
13664	ACCESORIOS DE BAÑO	product_cat
13721	ACCESORIOS DE BAÑO	product_cat
13729	ACCESORIOS DE BAÑO	product_cat
13860	ACCESORIOS DE BAÑO	product_cat
13983	ACCESORIOS DE BAÑO	product_cat
14262	ACCESORIOS DE BAÑO	product_cat
14475	ACCESORIOS DE BAÑO	product_cat
14476	ACCESORIOS DE BAÑO	product_cat
14514	ACCESORIOS DE BAÑO	product_cat
14559	ACCESORIOS DE BAÑO	product_cat
14667	ACCESORIOS DE BAÑO	product_cat
14666	ACCESORIOS DE BAÑO	product_cat
14680	ACCESORIOS DE BAÑO	product_cat
14690	ACCESORIOS DE BAÑO	product_cat
14693	ACCESORIOS DE BAÑO	product_cat
14809	ACCESORIOS DE BAÑO	product_cat
14813	ACCESORIOS DE BAÑO	product_cat
15005	ACCESORIOS DE BAÑO	product_cat
15236	ACCESORIOS DE BAÑO	product_cat
15226	ACCESORIOS DE BAÑO	product_cat
15576	ACCESORIOS DE BAÑO	product_cat
15581	ACCESORIOS DE BAÑO	product_cat
15648	ACCESORIOS DE BAÑO	product_cat
15718	ACCESORIOS DE BAÑO	product_cat
15723	ACCESORIOS DE BAÑO	product_cat
15746	ACCESORIOS DE BAÑO	product_cat
15750	ACCESORIOS DE BAÑO	product_cat
15840	ACCESORIOS DE BAÑO	product_cat
16466	ACCESORIOS DE BAÑO	product_cat
16476	ACCESORIOS DE BAÑO	product_cat
16479	ACCESORIOS DE BAÑO	product_cat
16529	ACCESORIOS DE BAÑO	product_cat
16584	ACCESORIOS DE BAÑO	product_cat
16589	ACCESORIOS DE BAÑO	product_cat
16804	ACCESORIOS DE BAÑO	product_cat
16819	ACCESORIOS DE BAÑO	product_cat
16825	ACCESORIOS DE BAÑO	product_cat
16830	ACCESORIOS DE BAÑO	product_cat
16831	ACCESORIOS DE BAÑO	product_cat
16842	ACCESORIOS DE BAÑO	product_cat
16854	ACCESORIOS DE BAÑO	product_cat
16855	ACCESORIOS DE BAÑO	product_cat
16915	ACCESORIOS DE BAÑO	product_cat
16916	ACCESORIOS DE BAÑO	product_cat
16964	ACCESORIOS DE BAÑO	product_cat
16988	ACCESORIOS DE BAÑO	product_cat
17017	ACCESORIOS DE BAÑO	product_cat
17018	ACCESORIOS DE BAÑO	product_cat
17049	ACCESORIOS DE BAÑO	product_cat
17050	ACCESORIOS DE BAÑO	product_cat
17052	ACCESORIOS DE BAÑO	product_cat
17057	ACCESORIOS DE BAÑO	product_cat
17058	ACCESORIOS DE BAÑO	product_cat
17084	ACCESORIOS DE BAÑO	product_cat
17093	ACCESORIOS DE BAÑO	product_cat
17104	ACCESORIOS DE BAÑO	product_cat
17105	ACCESORIOS DE BAÑO	product_cat
17167	ACCESORIOS DE BAÑO	product_cat
17249	ACCESORIOS DE BAÑO	product_cat
17289	ACCESORIOS DE BAÑO	product_cat
17317	ACCESORIOS DE BAÑO	product_cat
17319	ACCESORIOS DE BAÑO	product_cat
17335	ACCESORIOS DE BAÑO	product_cat
17428	ACCESORIOS DE BAÑO	product_cat
17439	ACCESORIOS DE BAÑO	product_cat
17461	ACCESORIOS DE BAÑO	product_cat
17462	ACCESORIOS DE BAÑO	product_cat
17463	ACCESORIOS DE BAÑO	product_cat
17464	ACCESORIOS DE BAÑO	product_cat
17492	ACCESORIOS DE BAÑO	product_cat
17493	ACCESORIOS DE BAÑO	product_cat
17494	ACCESORIOS DE BAÑO	product_cat
17495	ACCESORIOS DE BAÑO	product_cat
17497	ACCESORIOS DE BAÑO	product_cat
17498	ACCESORIOS DE BAÑO	product_cat
17590	ACCESORIOS DE BAÑO	product_cat
17645	ACCESORIOS DE BAÑO	product_cat
17669	ACCESORIOS DE BAÑO	product_cat
17670	ACCESORIOS DE BAÑO	product_cat
17671	ACCESORIOS DE BAÑO	product_cat
17783	ACCESORIOS DE BAÑO	product_cat
17810	ACCESORIOS DE BAÑO	product_cat
17981	ACCESORIOS DE BAÑO	product_cat
18023	ACCESORIOS DE BAÑO	product_cat
18176	ACCESORIOS DE BAÑO	product_cat
18183	ACCESORIOS DE BAÑO	product_cat
18489	ACCESORIOS DE BAÑO	product_cat
18541	ACCESORIOS DE BAÑO	product_cat
18542	ACCESORIOS DE BAÑO	product_cat
18603	ACCESORIOS DE BAÑO	product_cat
18789	ACCESORIOS DE BAÑO	product_cat
18791	ACCESORIOS DE BAÑO	product_cat
18836	ACCESORIOS DE BAÑO	product_cat
18985	ACCESORIOS DE BAÑO	product_cat
18990	ACCESORIOS DE BAÑO	product_cat
19011	ACCESORIOS DE BAÑO	product_cat
19031	ACCESORIOS DE BAÑO	product_cat
19032	ACCESORIOS DE BAÑO	product_cat
19033	ACCESORIOS DE BAÑO	product_cat
19034	ACCESORIOS DE BAÑO	product_cat
19035	ACCESORIOS DE BAÑO	product_cat
19036	ACCESORIOS DE BAÑO	product_cat
19037	ACCESORIOS DE BAÑO	product_cat
19038	ACCESORIOS DE BAÑO	product_cat
19047	ACCESORIOS DE BAÑO	product_cat
19050	ACCESORIOS DE BAÑO	product_cat
19079	ACCESORIOS DE BAÑO	product_cat
19107	ACCESORIOS DE BAÑO	product_cat
19108	ACCESORIOS DE BAÑO	product_cat
19124	ACCESORIOS DE BAÑO	product_cat
19127	ACCESORIOS DE BAÑO	product_cat
19128	ACCESORIOS DE BAÑO	product_cat
19129	ACCESORIOS DE BAÑO	product_cat
19132	ACCESORIOS DE BAÑO	product_cat
19142	ACCESORIOS DE BAÑO	product_cat
6355	LUBRICANTES	product_cat
6359	LUBRICANTES	product_cat
7416	LUBRICANTES	product_cat
7414	LUBRICANTES	product_cat
7784	LUBRICANTES	product_cat
8041	LUBRICANTES	product_cat
10000	LUBRICANTES	product_cat
4641	LUBRICANTES	product_cat
5027	LUBRICANTES	product_cat
10375	LUBRICANTES	product_cat
11379	LUBRICANTES	product_cat
11600	LUBRICANTES	product_cat
12560	LUBRICANTES	product_cat
14259	LUBRICANTES	product_cat
15335	LUBRICANTES	product_cat
16904	LUBRICANTES	product_cat
17168	LUBRICANTES	product_cat
17512	LUBRICANTES	product_cat
17721	LUBRICANTES	product_cat
17758	LUBRICANTES	product_cat
17955	LUBRICANTES	product_cat
18866	LUBRICANTES	product_cat
19087	LUBRICANTES	product_cat
19089	LUBRICANTES	product_cat
7312	ORBI	product_brand
7315	ORBI	product_brand
7356	ORBI	product_brand
7373	ORBI	product_brand
15755	ORBI	product_brand
7312	ESTETICA AUTOMOTRIZ	product_cat
7349	ESTETICA AUTOMOTRIZ	product_cat
7360	ESTETICA AUTOMOTRIZ	product_cat
7362	ESTETICA AUTOMOTRIZ	product_cat
7367	ESTETICA AUTOMOTRIZ	product_cat
7373	ESTETICA AUTOMOTRIZ	product_cat
7382	ESTETICA AUTOMOTRIZ	product_cat
7392	ESTETICA AUTOMOTRIZ	product_cat
7394	ESTETICA AUTOMOTRIZ	product_cat
7422	ESTETICA AUTOMOTRIZ	product_cat
7574	ESTETICA AUTOMOTRIZ	product_cat
7595	ESTETICA AUTOMOTRIZ	product_cat
7599	ESTETICA AUTOMOTRIZ	product_cat
7604	ESTETICA AUTOMOTRIZ	product_cat
7644	ESTETICA AUTOMOTRIZ	product_cat
7682	ESTETICA AUTOMOTRIZ	product_cat
8007	ESTETICA AUTOMOTRIZ	product_cat
8010	ESTETICA AUTOMOTRIZ	product_cat
8356	ESTETICA AUTOMOTRIZ	product_cat
8686	ESTETICA AUTOMOTRIZ	product_cat
9687	ESTETICA AUTOMOTRIZ	product_cat
10553	ESTETICA AUTOMOTRIZ	product_cat
10884	ESTETICA AUTOMOTRIZ	product_cat
11303	ESTETICA AUTOMOTRIZ	product_cat
11594	ESTETICA AUTOMOTRIZ	product_cat
11821	ESTETICA AUTOMOTRIZ	product_cat
12565	ESTETICA AUTOMOTRIZ	product_cat
12831	ESTETICA AUTOMOTRIZ	product_cat
12878	ESTETICA AUTOMOTRIZ	product_cat
13576	ESTETICA AUTOMOTRIZ	product_cat
13664	ESTETICA AUTOMOTRIZ	product_cat
13746	ESTETICA AUTOMOTRIZ	product_cat
14011	ESTETICA AUTOMOTRIZ	product_cat
14019	ESTETICA AUTOMOTRIZ	product_cat
14335	ESTETICA AUTOMOTRIZ	product_cat
15746	ESTETICA AUTOMOTRIZ	product_cat
15894	ESTETICA AUTOMOTRIZ	product_cat
15940	ESTETICA AUTOMOTRIZ	product_cat
16174	ESTETICA AUTOMOTRIZ	product_cat
16363	ESTETICA AUTOMOTRIZ	product_cat
16718	ESTETICA AUTOMOTRIZ	product_cat
16741	ESTETICA AUTOMOTRIZ	product_cat
16780	ESTETICA AUTOMOTRIZ	product_cat
16789	ESTETICA AUTOMOTRIZ	product_cat
17150	ESTETICA AUTOMOTRIZ	product_cat
17235	ESTETICA AUTOMOTRIZ	product_cat
17237	ESTETICA AUTOMOTRIZ	product_cat
17315	ESTETICA AUTOMOTRIZ	product_cat
17460	ESTETICA AUTOMOTRIZ	product_cat
17474	ESTETICA AUTOMOTRIZ	product_cat
17511	ESTETICA AUTOMOTRIZ	product_cat
17663	ESTETICA AUTOMOTRIZ	product_cat
17722	ESTETICA AUTOMOTRIZ	product_cat
17843	ESTETICA AUTOMOTRIZ	product_cat
17915	ESTETICA AUTOMOTRIZ	product_cat
18178	ESTETICA AUTOMOTRIZ	product_cat
18477	ESTETICA AUTOMOTRIZ	product_cat
18607	ESTETICA AUTOMOTRIZ	product_cat
18704	ESTETICA AUTOMOTRIZ	product_cat
18705	ESTETICA AUTOMOTRIZ	product_cat
18817	ESTETICA AUTOMOTRIZ	product_cat
18818	ESTETICA AUTOMOTRIZ	product_cat
18823	ESTETICA AUTOMOTRIZ	product_cat
18863	ESTETICA AUTOMOTRIZ	product_cat
18874	ESTETICA AUTOMOTRIZ	product_cat
18876	ESTETICA AUTOMOTRIZ	product_cat
18878	ESTETICA AUTOMOTRIZ	product_cat
18881	ESTETICA AUTOMOTRIZ	product_cat
18882	ESTETICA AUTOMOTRIZ	product_cat
18883	ESTETICA AUTOMOTRIZ	product_cat
18884	ESTETICA AUTOMOTRIZ	product_cat
18889	ESTETICA AUTOMOTRIZ	product_cat
7328	RODEX	product_brand
7330	RODEX	product_brand
7346	RODEX	product_brand
7455	RODEX	product_brand
7472	RODEX	product_brand
12514	RODEX	product_brand
12792	RODEX	product_brand
7496	RODEX	product_brand
6380	RODEX	product_brand
7503	RODEX	product_brand
7481	RODEX	product_brand
12525	RODEX	product_brand
15044	RODEX	product_brand
10375	Jimo	product_brand
7349	Jimo	product_brand
7351	Jimo	product_brand
7354	Jimo	product_brand
7408	Jimo	product_brand
7412	Jimo	product_brand
10373	Jimo	product_brand
10880	Jimo	product_brand
10884	Jimo	product_brand
11441	Jimo	product_brand
12560	Jimo	product_brand
12565	Jimo	product_brand
12974	Jimo	product_brand
12976	Jimo	product_brand
7358	UNIPEGA	product_brand
7360	UNIPEGA	product_brand
7348	ERBER	product_brand
8278	ERBER	product_brand
8305	ERBER	product_brand
11718	ERBER	product_brand
13836	ERBER	product_brand
7367	ZEOCAR	product_brand
13937	ZEOCAR	product_brand
9438	UNISIL	product_brand
7377	UNISIL	product_brand
7380	UNISIL	product_brand
7961	UNISIL	product_brand
7973	UNISIL	product_brand
7981	UNISIL	product_brand
7984	UNISIL	product_brand
11616	UNISIL	product_brand
11625	UNISIL	product_brand
12062	UNISIL	product_brand
5092	UNISIL	product_brand
14208	UNISIL	product_brand
14217	UNISIL	product_brand
15934	UNISIL	product_brand
15948	UNISIL	product_brand
7382	3 en UNO	product_brand
7390	FULMOLINE	product_brand
7392	WURTH	product_brand
8144	WURTH	product_brand
8435	WURTH	product_brand
6368	WURTH	product_brand
11584	WURTH	product_brand
12089	WURTH	product_brand
12372	WURTH	product_brand
16485	WURTH	product_brand
7394	SAPOLIO	product_brand
8356	SAPOLIO	product_brand
7399	TERMINATOR	product_brand
7405	TERMINATOR	product_brand
7402	DR JARDIN	product_brand
7410	PULGARPIOJ	product_brand
7414	TRES	product_brand
7784	TRES	product_brand
7416	PENETRIT	product_brand
7420	CASTOR	product_brand
7437	ENERGY	product_brand
10476	ENERGY	product_brand
11234	ENERGY	product_brand
11244	ENERGY	product_brand
7439	FUBRAL	product_brand
8480	FUBRAL	product_brand
7454	FERRAWYY	product_brand
8081	FERRAWYY	product_brand
8464	FERRAWYY	product_brand
8686	FERRAWYY	product_brand
10565	FERRAWYY	product_brand
10577	FERRAWYY	product_brand
11563	FERRAWYY	product_brand
11697	FERRAWYY	product_brand
12937	FERRAWYY	product_brand
14834	FERRAWYY	product_brand
15936	FERRAWYY	product_brand
9440	UYUSTOOLS	product_brand
7460	UYUSTOOLS	product_brand
7613	UYUSTOOLS	product_brand
7628	UYUSTOOLS	product_brand
7630	UYUSTOOLS	product_brand
7633	UYUSTOOLS	product_brand
7709	UYUSTOOLS	product_brand
7711	UYUSTOOLS	product_brand
7723	UYUSTOOLS	product_brand
7841	UYUSTOOLS	product_brand
7889	UYUSTOOLS	product_brand
7951	UYUSTOOLS	product_brand
8059	UYUSTOOLS	product_brand
8107	UYUSTOOLS	product_brand
8146	UYUSTOOLS	product_brand
8148	UYUSTOOLS	product_brand
8151	UYUSTOOLS	product_brand
8157	UYUSTOOLS	product_brand
8160	UYUSTOOLS	product_brand
8166	UYUSTOOLS	product_brand
8167	UYUSTOOLS	product_brand
8171	UYUSTOOLS	product_brand
8318	UYUSTOOLS	product_brand
8321	UYUSTOOLS	product_brand
8361	UYUSTOOLS	product_brand
8465	UYUSTOOLS	product_brand
8549	UYUSTOOLS	product_brand
8545	UYUSTOOLS	product_brand
8557	UYUSTOOLS	product_brand
8624	UYUSTOOLS	product_brand
8643	UYUSTOOLS	product_brand
8694	UYUSTOOLS	product_brand
8766	UYUSTOOLS	product_brand
9098	UYUSTOOLS	product_brand
9446	UYUSTOOLS	product_brand
9693	UYUSTOOLS	product_brand
10709	UYUSTOOLS	product_brand
10715	UYUSTOOLS	product_brand
10931	UYUSTOOLS	product_brand
10950	UYUSTOOLS	product_brand
10953	UYUSTOOLS	product_brand
12080	UYUSTOOLS	product_brand
5883	UYUSTOOLS	product_brand
12921	UYUSTOOLS	product_brand
13832	UYUSTOOLS	product_brand
14284	UYUSTOOLS	product_brand
14575	UYUSTOOLS	product_brand
14704	UYUSTOOLS	product_brand
14824	UYUSTOOLS	product_brand
14829	UYUSTOOLS	product_brand
15128	UYUSTOOLS	product_brand
5741	UYUSTOOLS	product_brand
15469	UYUSTOOLS	product_brand
15759	UYUSTOOLS	product_brand
15815	UYUSTOOLS	product_brand
15941	UYUSTOOLS	product_brand
16121	UYUSTOOLS	product_brand
16151	UYUSTOOLS	product_brand
16211	UYUSTOOLS	product_brand
16672	UYUSTOOLS	product_brand
16692	UYUSTOOLS	product_brand
7487	INTEX	product_brand
7509	INTEX	product_brand
7490	BESTWAY	product_brand
7515	ROSWELL	product_brand
7524	ROSWELL	product_brand
13721	ROSWELL	product_brand
13739	ROSWELL	product_brand
13746	ROSWELL	product_brand
14414	ROSWELL	product_brand
14505	ROSWELL	product_brand
14512	ROSWELL	product_brand
14981	ROSWELL	product_brand
15194	ROSWELL	product_brand
15199	ROSWELL	product_brand
15417	ROSWELL	product_brand
15718	ROSWELL	product_brand
15723	ROSWELL	product_brand
15729	ROSWELL	product_brand
16580	ROSWELL	product_brand
7537	BEST VALUE	product_brand
7540	BEST VALUE	product_brand
7715	BEST VALUE	product_brand
7722	BEST VALUE	product_brand
7728	BEST VALUE	product_brand
7734	BEST VALUE	product_brand
7768	BEST VALUE	product_brand
8221	BEST VALUE	product_brand
8691	BEST VALUE	product_brand
9871	BEST VALUE	product_brand
9873	BEST VALUE	product_brand
9875	BEST VALUE	product_brand
9877	BEST VALUE	product_brand
11686	BEST VALUE	product_brand
12053	BEST VALUE	product_brand
13510	BEST VALUE	product_brand
14215	BEST VALUE	product_brand
14228	BEST VALUE	product_brand
14932	BEST VALUE	product_brand
14934	BEST VALUE	product_brand
14936	BEST VALUE	product_brand
15898	BEST VALUE	product_brand
7546	TOP POWER	product_brand
6285	CAMPING	product_cat
6279	CAMPING	product_cat
6281	CAMPING	product_cat
6283	CAMPING	product_cat
11050	CAMPING	product_cat
7550	CAMPING	product_cat
6299	CAMPING	product_cat
7558	CAMPING	product_cat
7561	CAMPING	product_cat
7568	CAMPING	product_cat
7638	CAMPING	product_cat
7648	CAMPING	product_cat
8056	CAMPING	product_cat
8135	CAMPING	product_cat
8433	CAMPING	product_cat
13158	CAMPING	product_cat
13140	CAMPING	product_cat
10010	CAMPING	product_cat
16395	CAMPING	product_cat
10963	CAMPING	product_cat
10971	CAMPING	product_cat
11090	CAMPING	product_cat
11393	CAMPING	product_cat
11443	CAMPING	product_cat
11894	CAMPING	product_cat
11972	CAMPING	product_cat
12262	CAMPING	product_cat
12328	CAMPING	product_cat
13393	CAMPING	product_cat
13439	CAMPING	product_cat
14423	CAMPING	product_cat
14879	CAMPING	product_cat
14973	CAMPING	product_cat
14980	CAMPING	product_cat
14981	CAMPING	product_cat
15209	CAMPING	product_cat
15269	CAMPING	product_cat
15718	CAMPING	product_cat
16546	CAMPING	product_cat
16626	CAMPING	product_cat
16630	CAMPING	product_cat
16714	CAMPING	product_cat
16908	CAMPING	product_cat
16920	CAMPING	product_cat
16970	CAMPING	product_cat
16971	CAMPING	product_cat
16972	CAMPING	product_cat
16995	CAMPING	product_cat
17120	CAMPING	product_cat
17378	CAMPING	product_cat
17427	CAMPING	product_cat
17429	CAMPING	product_cat
17563	CAMPING	product_cat
17579	CAMPING	product_cat
17629	CAMPING	product_cat
17648	CAMPING	product_cat
17750	CAMPING	product_cat
17757	CAMPING	product_cat
17801	CAMPING	product_cat
17827	CAMPING	product_cat
17828	CAMPING	product_cat
18054	CAMPING	product_cat
18581	CAMPING	product_cat
18667	CAMPING	product_cat
18691	CAMPING	product_cat
18797	CAMPING	product_cat
18800	CAMPING	product_cat
18824	CAMPING	product_cat
18825	CAMPING	product_cat
18826	CAMPING	product_cat
18829	CAMPING	product_cat
19110	CAMPING	product_cat
19115	CAMPING	product_cat
19116	CAMPING	product_cat
19117	CAMPING	product_cat
19118	CAMPING	product_cat
7550	LINTERNAS	product_cat
6299	LINTERNAS	product_cat
6283	LINTERNAS	product_cat
6281	LINTERNAS	product_cat
6279	LINTERNAS	product_cat
6285	LINTERNAS	product_cat
7561	LINTERNAS	product_cat
7568	LINTERNAS	product_cat
8433	LINTERNAS	product_cat
10323	LINTERNAS	product_cat
10963	LINTERNAS	product_cat
10971	LINTERNAS	product_cat
12262	LINTERNAS	product_cat
12328	LINTERNAS	product_cat
14505	LINTERNAS	product_cat
14702	LINTERNAS	product_cat
14973	LINTERNAS	product_cat
14980	LINTERNAS	product_cat
14981	LINTERNAS	product_cat
15269	LINTERNAS	product_cat
7615	CUERVO	product_brand
7733	CUERVO	product_brand
11861	CUERVO	product_brand
11866	CUERVO	product_brand
12254	CUERVO	product_brand
13966	CUERVO	product_brand
13969	CUERVO	product_brand
14165	CUERVO	product_brand
14175	CUERVO	product_brand
14639	CUERVO	product_brand
14646	CUERVO	product_brand
15098	CUERVO	product_brand
14244	CUERVO	product_brand
15757	CUERVO	product_brand
14484	BULIT	product_brand
4961	BULIT	product_brand
7619	BULIT	product_brand
7747	BULIT	product_brand
7812	BULIT	product_brand
8162	BULIT	product_brand
8402	BULIT	product_brand
8410	BULIT	product_brand
6230	BULIT	product_brand
11312	BULIT	product_brand
5816	BULIT	product_brand
11324	BULIT	product_brand
6027	BULIT	product_brand
5842	BULIT	product_brand
11351	BULIT	product_brand
4970	BULIT	product_brand
11867	BULIT	product_brand
12450	BULIT	product_brand
6334	BULIT	product_brand
5859	BULIT	product_brand
4978	BULIT	product_brand
14061	BULIT	product_brand
14078	BULIT	product_brand
14081	BULIT	product_brand
11319	BULIT	product_brand
14114	BULIT	product_brand
14115	BULIT	product_brand
14113	BULIT	product_brand
14122	BULIT	product_brand
14123	BULIT	product_brand
14125	BULIT	product_brand
14128	BULIT	product_brand
14130	BULIT	product_brand
14131	BULIT	product_brand
14133	BULIT	product_brand
14137	BULIT	product_brand
14134	BULIT	product_brand
14138	BULIT	product_brand
14141	BULIT	product_brand
5012	BULIT	product_brand
14309	BULIT	product_brand
14480	BULIT	product_brand
14483	BULIT	product_brand
14174	BULIT	product_brand
14917	BULIT	product_brand
8971	BULIT	product_brand
15278	BULIT	product_brand
16349	BULIT	product_brand
16356	BULIT	product_brand
16357	BULIT	product_brand
7623	CARBO FORCE	product_brand
7626	CORTA MAS	product_brand
7641	CORTA MAS	product_brand
7705	CORTA MAS	product_brand
7792	CORTA MAS	product_brand
7799	CORTA MAS	product_brand
7797	CORTA MAS	product_brand
7801	CORTA MAS	product_brand
7837	CORTA MAS	product_brand
7839	CORTA MAS	product_brand
7844	CORTA MAS	product_brand
7644	MAKAWA	product_brand
8326	MAKAWA	product_brand
9096	MAKAWA	product_brand
10535	MAKAWA	product_brand
10553	MAKAWA	product_brand
10927	MAKAWA	product_brand
11937	MAKAWA	product_brand
12211	MAKAWA	product_brand
12476	MAKAWA	product_brand
12930	MAKAWA	product_brand
14235	MAKAWA	product_brand
14563	MAKAWA	product_brand
14580	MAKAWA	product_brand
15811	MAKAWA	product_brand
16409	MAKAWA	product_brand
7656	MENSULAS	product_cat
9175	MENSULAS	product_cat
9197	MENSULAS	product_cat
9203	MENSULAS	product_cat
9217	MENSULAS	product_cat
9222	MENSULAS	product_cat
9224	MENSULAS	product_cat
9239	MENSULAS	product_cat
9231	MENSULAS	product_cat
9248	MENSULAS	product_cat
9245	MENSULAS	product_cat
9253	MENSULAS	product_cat
12141	MENSULAS	product_cat
16580	MENSULAS	product_cat
17599	MENSULAS	product_cat
18339	MENSULAS	product_cat
18340	MENSULAS	product_cat
18341	MENSULAS	product_cat
18342	MENSULAS	product_cat
18343	MENSULAS	product_cat
18344	MENSULAS	product_cat
18345	MENSULAS	product_cat
18348	MENSULAS	product_cat
7679	EXTRACTORES	product_cat
7688	EXTRACTORES	product_cat
7692	EXTRACTORES	product_cat
11039	EXTRACTORES	product_cat
14514	EXTRACTORES	product_cat
16529	EXTRACTORES	product_cat
7682	KUPA	product_brand
7689	Osborn	product_brand
7744	Osborn	product_brand
7887	Osborn	product_brand
7693	Vorel	product_brand
7727	TRUPER	product_brand
8359	TRUPER	product_brand
8385	TRUPER	product_brand
9340	TRUPER	product_brand
9342	TRUPER	product_brand
10188	TRUPER	product_brand
10190	TRUPER	product_brand
7736	NORTON	product_brand
7740	NORTON	product_brand
7806	NORTON	product_brand
7867	NORTON	product_brand
8630	NORTON	product_brand
13991	NORTON	product_brand
7742	DRONCO	product_brand
7887	DRONCO	product_brand
7776	SMARTER	product_brand
7779	SMARTER	product_brand
8634	SMARTER	product_brand
9879	SMARTER	product_brand
11624	SMARTER	product_brand
14930	SMARTER	product_brand
15380	SMARTER	product_brand
15377	SMARTER	product_brand
15925	SMARTER	product_brand
7790	DeWALT	product_brand
8441	DeWALT	product_brand
15565	SEGURIDAD Y PROTECCION	product_cat
7789	SEGURIDAD Y PROTECCION	product_cat
7816	SEGURIDAD Y PROTECCION	product_cat
7317	SEGURIDAD Y PROTECCION	product_cat
6438	SEGURIDAD Y PROTECCION	product_cat
6436	SEGURIDAD Y PROTECCION	product_cat
6434	SEGURIDAD Y PROTECCION	product_cat
6404	SEGURIDAD Y PROTECCION	product_cat
6374	SEGURIDAD Y PROTECCION	product_cat
6368	SEGURIDAD Y PROTECCION	product_cat
6366	SEGURIDAD Y PROTECCION	product_cat
5888	SEGURIDAD Y PROTECCION	product_cat
4813	SEGURIDAD Y PROTECCION	product_cat
4810	SEGURIDAD Y PROTECCION	product_cat
4807	SEGURIDAD Y PROTECCION	product_cat
8032	SEGURIDAD Y PROTECCION	product_cat
8388	SEGURIDAD Y PROTECCION	product_cat
15558	SEGURIDAD Y PROTECCION	product_cat
10398	SEGURIDAD Y PROTECCION	product_cat
10430	SEGURIDAD Y PROTECCION	product_cat
11648	SEGURIDAD Y PROTECCION	product_cat
11922	SEGURIDAD Y PROTECCION	product_cat
12002	SEGURIDAD Y PROTECCION	product_cat
12921	SEGURIDAD Y PROTECCION	product_cat
14072	SEGURIDAD Y PROTECCION	product_cat
14237	SEGURIDAD Y PROTECCION	product_cat
14239	SEGURIDAD Y PROTECCION	product_cat
14430	SEGURIDAD Y PROTECCION	product_cat
14436	SEGURIDAD Y PROTECCION	product_cat
14440	SEGURIDAD Y PROTECCION	product_cat
14709	SEGURIDAD Y PROTECCION	product_cat
14733	SEGURIDAD Y PROTECCION	product_cat
15176	SEGURIDAD Y PROTECCION	product_cat
15397	SEGURIDAD Y PROTECCION	product_cat
15742	SEGURIDAD Y PROTECCION	product_cat
16228	SEGURIDAD Y PROTECCION	product_cat
16891	SEGURIDAD Y PROTECCION	product_cat
17043	SEGURIDAD Y PROTECCION	product_cat
17114	SEGURIDAD Y PROTECCION	product_cat
17116	SEGURIDAD Y PROTECCION	product_cat
17704	SEGURIDAD Y PROTECCION	product_cat
18599	SEGURIDAD Y PROTECCION	product_cat
18742	SEGURIDAD Y PROTECCION	product_cat
18749	SEGURIDAD Y PROTECCION	product_cat
19671	SEGURIDAD Y PROTECCION	product_cat
6159	SOLTIS	product_brand
8263	SOLTIS	product_brand
8266	SOLTIS	product_brand
8270	SOLTIS	product_brand
8272	SOLTIS	product_brand
8273	SOLTIS	product_brand
8277	SOLTIS	product_brand
13338	SOLTIS	product_brand
14495	SOLTIS	product_brand
14667	SOLTIS	product_brand
14851	SOLTIS	product_brand
14858	SOLTIS	product_brand
15030	SOLTIS	product_brand
15805	SOLTIS	product_brand
7900	ATLAS	product_brand
7937	BIBER	product_brand
11725	ASAKI	product_brand
7966	ASAKI	product_brand
7993	ASAKI	product_brand
8033	ASAKI	product_brand
8041	ASAKI	product_brand
8045	ASAKI	product_brand
8056	ASAKI	product_brand
8380	ASAKI	product_brand
8462	ASAKI	product_brand
11746	ASAKI	product_brand
7987	Pennsylvania	product_brand
8229	Pennsylvania	product_brand
9530	Pennsylvania	product_brand
12434	Pennsylvania	product_brand
15861	Pennsylvania	product_brand
15863	Pennsylvania	product_brand
8242	Pennsylvania	product_brand
16299	Pennsylvania	product_brand
16306	Pennsylvania	product_brand
16316	Pennsylvania	product_brand
16482	Pennsylvania	product_brand
16489	Pennsylvania	product_brand
7989	DEN BRAVEN	product_brand
7995	SILOC	product_brand
7997	JOV	product_brand
10095	JOV	product_brand
9329	JOV	product_brand
9706	JOV	product_brand
9739	JOV	product_brand
9883	JOV	product_brand
9885	JOV	product_brand
9965	JOV	product_brand
9973	JOV	product_brand
9975	JOV	product_brand
10045	JOV	product_brand
10046	JOV	product_brand
10051	JOV	product_brand
10097	JOV	product_brand
11540	JOV	product_brand
11549	JOV	product_brand
12280	JOV	product_brand
13952	JOV	product_brand
7999	ELECTRALINE	product_brand
8002	ELECTRALINE	product_brand
8005	ELECTRALINE	product_brand
9003	ELECTRALINE	product_brand
9718	ELECTRALINE	product_brand
9895	ELECTRALINE	product_brand
9970	ELECTRALINE	product_brand
9977	ELECTRALINE	product_brand
10132	ELECTRALINE	product_brand
12376	ELECTRALINE	product_brand
15352	ELECTRALINE	product_brand
8007	FARBEN	product_brand
8085	KAMASA	product_brand
8354	KAMASA	product_brand
8606	KAMASA	product_brand
9094	KAMASA	product_brand
11577	KAMASA	product_brand
11743	KAMASA	product_brand
5862	KAMASA	product_brand
12926	KAMASA	product_brand
13815	KAMASA	product_brand
14145	KAMASA	product_brand
14144	KAMASA	product_brand
15786	KAMASA	product_brand
8091	MPT	product_brand
8103	HESSEN	product_brand
8105	HESSEN	product_brand
8111	HESSEN	product_brand
8113	HESSEN	product_brand
8115	HESSEN	product_brand
8121	HESSEN	product_brand
8109	NEO	product_brand
10339	NEO	product_brand
8117	HYUNDAI	product_brand
8135	HYUNDAI	product_brand
8351	HYUNDAI	product_brand
4638	HYUNDAI	product_brand
15572	HYUNDAI	product_brand
9436	CONDOR	product_brand
8189	CONDOR	product_brand
8191	CONDOR	product_brand
9327	CONDOR	product_brand
9470	CONDOR	product_brand
9474	CONDOR	product_brand
9480	CONDOR	product_brand
9484	CONDOR	product_brand
9676	CONDOR	product_brand
7293	CONDOR	product_brand
10902	CONDOR	product_brand
12276	CONDOR	product_brand
7447	CONDOR	product_brand
13945	CONDOR	product_brand
15746	CONDOR	product_brand
8202	STERRATT	product_brand
8027	MAMUT	product_brand
8217	FIERO	product_brand
8635	FIERO	product_brand
8242	RETRACUA	product_brand
13177	RETRACUA	product_brand
8263	RUEDAS	product_cat
8266	RUEDAS	product_cat
8270	RUEDAS	product_cat
8272	RUEDAS	product_cat
8273	RUEDAS	product_cat
8277	RUEDAS	product_cat
8559	RUEDAS	product_cat
8562	RUEDAS	product_cat
8566	RUEDAS	product_cat
9100	RUEDAS	product_cat
9105	RUEDAS	product_cat
9102	RUEDAS	product_cat
9106	RUEDAS	product_cat
10478	RUEDAS	product_cat
10496	RUEDAS	product_cat
11056	RUEDAS	product_cat
11061	RUEDAS	product_cat
13326	RUEDAS	product_cat
13338	RUEDAS	product_cat
14413	RUEDAS	product_cat
16271	RUEDAS	product_cat
16729	RUEDAS	product_cat
18378	RUEDAS	product_cat
18379	RUEDAS	product_cat
18380	RUEDAS	product_cat
18381	RUEDAS	product_cat
18527	RUEDAS	product_cat
18529	RUEDAS	product_cat
18530	RUEDAS	product_cat
8290	BIRO	product_brand
8323	STAPLES	product_brand
8325	STAPLES	product_brand
8328	AMC	product_brand
8631	AMC	product_brand
8645	AMC	product_brand
8666	AMC	product_brand
16450	AMC	product_brand
8335	X-1	product_brand
8337	X-1	product_brand
8347	X-1	product_brand
8370	X-1	product_brand
8375	X-1	product_brand
8363	STANLEY	product_brand
8646	STANLEY	product_brand
14300	STANLEY	product_brand
14303	STANLEY	product_brand
8373	BERTA	product_brand
8561	BERTA	product_brand
8570	BERTA	product_brand
8650	BERTA	product_brand
8655	BERTA	product_brand
12632	BERTA	product_brand
12683	BERTA	product_brand
12766	BERTA	product_brand
12771	BERTA	product_brand
12861	BERTA	product_brand
12863	BERTA	product_brand
12866	BERTA	product_brand
13729	BERTA	product_brand
13979	BERTA	product_brand
13981	BERTA	product_brand
13983	BERTA	product_brand
8383	FOREMAN	product_brand
6675	FOREMAN	product_brand
8382	IXEC	product_brand
9366	IXEC	product_brand
9369	IXEC	product_brand
9371	IXEC	product_brand
13472	IXEC	product_brand
8382	IXEC	product_brand
8435	PILAS Y BATERIAS	product_cat
10323	PILAS Y BATERIAS	product_cat
11003	PILAS Y BATERIAS	product_cat
12427	PILAS Y BATERIAS	product_cat
17537	PILAS Y BATERIAS	product_cat
17819	PILAS Y BATERIAS	product_cat
18580	PILAS Y BATERIAS	product_cat
8437	ECEF	product_brand
8439	KRINO	product_brand
8451	KRINO	product_brand
8458	KRINO	product_brand
8440	KEIL	product_brand
8442	KEIL	product_brand
8452	DAEWOO	product_brand
8456	MAKITA	product_brand
8461	MAKITA	product_brand
9995	MAKITA	product_brand
8505	HERMEX	product_brand
8503	HERMEX	product_brand
8513	HERMEX	product_brand
8530	HERMEX	product_brand
8506	4K	product_brand
8509	4K	product_brand
8511	4K	product_brand
9182	4K	product_brand
10478	4K	product_brand
11694	4K	product_brand
11915	4K	product_brand
12159	4K	product_brand
12432	4K	product_brand
15766	4K	product_brand
8514	FORTUN	product_brand
8517	AARP	product_brand
8520	AARP	product_brand
8523	PAPAIZ	product_brand
8507	Arthi	product_brand
8528	Arthi	product_brand
8533	GLOBE	product_brand
8555	RED SUN	product_brand
8559	RED SUN	product_brand
8562	RED SUN	product_brand
8566	RED SUN	product_brand
11050	ACCESORIOS DE COCINA	product_cat
8561	ACCESORIOS DE COCINA	product_cat
8570	ACCESORIOS DE COCINA	product_cat
9668	ACCESORIOS DE COCINA	product_cat
11039	ACCESORIOS DE COCINA	product_cat
11635	ACCESORIOS DE COCINA	product_cat
4686	ACCESORIOS DE COCINA	product_cat
4722	ACCESORIOS DE COCINA	product_cat
4724	ACCESORIOS DE COCINA	product_cat
11839	ACCESORIOS DE COCINA	product_cat
11770	ACCESORIOS DE COCINA	product_cat
11790	ACCESORIOS DE COCINA	product_cat
11797	ACCESORIOS DE COCINA	product_cat
11799	ACCESORIOS DE COCINA	product_cat
11848	ACCESORIOS DE COCINA	product_cat
12174	ACCESORIOS DE COCINA	product_cat
12176	ACCESORIOS DE COCINA	product_cat
12605	ACCESORIOS DE COCINA	product_cat
12871	ACCESORIOS DE COCINA	product_cat
13286	ACCESORIOS DE COCINA	product_cat
13295	ACCESORIOS DE COCINA	product_cat
13330	ACCESORIOS DE COCINA	product_cat
13739	ACCESORIOS DE COCINA	product_cat
13664	ACCESORIOS DE COCINA	product_cat
13698	ACCESORIOS DE COCINA	product_cat
13702	ACCESORIOS DE COCINA	product_cat
15226	ACCESORIOS DE COCINA	product_cat
14414	ACCESORIOS DE COCINA	product_cat
16463	ACCESORIOS DE COCINA	product_cat
14514	ACCESORIOS DE COCINA	product_cat
14549	ACCESORIOS DE COCINA	product_cat
15752	ACCESORIOS DE COCINA	product_cat
14671	ACCESORIOS DE COCINA	product_cat
14888	ACCESORIOS DE COCINA	product_cat
15361	ACCESORIOS DE COCINA	product_cat
15513	ACCESORIOS DE COCINA	product_cat
15641	ACCESORIOS DE COCINA	product_cat
15715	ACCESORIOS DE COCINA	product_cat
15718	ACCESORIOS DE COCINA	product_cat
15746	ACCESORIOS DE COCINA	product_cat
15805	ACCESORIOS DE COCINA	product_cat
16529	ACCESORIOS DE COCINA	product_cat
16589	ACCESORIOS DE COCINA	product_cat
16811	ACCESORIOS DE COCINA	product_cat
16823	ACCESORIOS DE COCINA	product_cat
16832	ACCESORIOS DE COCINA	product_cat
16845	ACCESORIOS DE COCINA	product_cat
16846	ACCESORIOS DE COCINA	product_cat
16900	ACCESORIOS DE COCINA	product_cat
16993	ACCESORIOS DE COCINA	product_cat
17054	ACCESORIOS DE COCINA	product_cat
17088	ACCESORIOS DE COCINA	product_cat
17122	ACCESORIOS DE COCINA	product_cat
17316	ACCESORIOS DE COCINA	product_cat
17327	ACCESORIOS DE COCINA	product_cat
17328	ACCESORIOS DE COCINA	product_cat
17404	ACCESORIOS DE COCINA	product_cat
17413	ACCESORIOS DE COCINA	product_cat
17414	ACCESORIOS DE COCINA	product_cat
17502	ACCESORIOS DE COCINA	product_cat
17591	ACCESORIOS DE COCINA	product_cat
17592	ACCESORIOS DE COCINA	product_cat
17659	ACCESORIOS DE COCINA	product_cat
17660	ACCESORIOS DE COCINA	product_cat
17673	ACCESORIOS DE COCINA	product_cat
17706	ACCESORIOS DE COCINA	product_cat
17809	ACCESORIOS DE COCINA	product_cat
18185	ACCESORIOS DE COCINA	product_cat
18525	ACCESORIOS DE COCINA	product_cat
18528	ACCESORIOS DE COCINA	product_cat
19615	ACCESORIOS DE COCINA	product_cat
19616	ACCESORIOS DE COCINA	product_cat
19622	ACCESORIOS DE COCINA	product_cat
8538	FUBANG	product_brand
8616	IRWIN	product_brand
13433	IRWIN	product_brand
8710	TRANCA MAS	product_brand
8719	AMERICA	product_brand
8732	IMPORTA MAS+	product_brand
4944	IMPORTA MAS+	product_brand
4946	IMPORTA MAS+	product_brand
10074	IMPORTA MAS+	product_brand
8727	ROMA	product_brand
9653	ROMA	product_brand
10650	ROMA	product_brand
10657	ROMA	product_brand
10707	ROMA	product_brand
12011	ROMA	product_brand
15146	ROMA	product_brand
15152	ROMA	product_brand
15813	ROMA	product_brand
15900	ROMA	product_brand
16601	ROMA	product_brand
16607	ROMA	product_brand
12765	ROMA	product_brand
16611	ROMA	product_brand
8910	ELISIL	product_brand
8916	ELISIL	product_brand
8920	ELISIL	product_brand
14775	ELISIL	product_brand
8951	SICA	product_brand
8954	SICA	product_brand
8958	SICA	product_brand
8962	SICA	product_brand
8967	SICA	product_brand
8976	SICA	product_brand
8980	SICA	product_brand
8983	SICA	product_brand
9790	SICA	product_brand
9792	SICA	product_brand
9796	SICA	product_brand
9799	SICA	product_brand
9802	SICA	product_brand
9804	SICA	product_brand
9806	SICA	product_brand
9808	SICA	product_brand
9811	SICA	product_brand
9813	SICA	product_brand
9816	SICA	product_brand
9818	SICA	product_brand
9823	SICA	product_brand
9824	SICA	product_brand
9826	SICA	product_brand
9828	SICA	product_brand
9830	SICA	product_brand
9832	SICA	product_brand
9834	SICA	product_brand
12840	SICA	product_brand
12848	SICA	product_brand
13986	SICA	product_brand
8992	CARFIL	product_brand
11510	CARFIL	product_brand
10146	CARFIL	product_brand
14496	CARFIL	product_brand
9007	INPLAST	product_brand
13702	INPLAST	product_brand
6635	INPLAST	product_brand
14968	INPLAST	product_brand
11979	SC	product_brand
9279	SC	product_brand
9281	SC	product_brand
9284	SC	product_brand
9287	SC	product_brand
9289	SC	product_brand
9291	SC	product_brand
9293	SC	product_brand
11981	SC	product_brand
11982	SC	product_brand
9224	SC	product_brand
15076	SC	product_brand
9376	SELTIR	product_brand
10462	SELTIR	product_brand
9402	SELTIR	product_brand
12424	SELTIR	product_brand
9414	SELTIR	product_brand
16044	SELTIR	product_brand
9387	alic	product_brand
9390	alic	product_brand
9393	alic	product_brand
9399	VIVION	product_brand
9710	VIVION	product_brand
9727	VIVION	product_brand
9773	VIVION	product_brand
9776	VIVION	product_brand
9867	VIVION	product_brand
9953	VIVION	product_brand
9964	VIVION	product_brand
9968	VIVION	product_brand
10041	VIVION	product_brand
10053	VIVION	product_brand
10059	VIVION	product_brand
9450	PRETUL	product_brand
10004	PRETUL	product_brand
13228	RUBINETTI TREEMME	product_brand
13305	RUBINETTI TREEMME	product_brand
11981	HERRAJES Y ACCESORIOS PARA MUEBLES	product_cat
9616	HERRAJES Y ACCESORIOS PARA MUEBLES	product_cat
9505	HERRAJES Y ACCESORIOS PARA MUEBLES	product_cat
9507	HERRAJES Y ACCESORIOS PARA MUEBLES	product_cat
9508	HERRAJES Y ACCESORIOS PARA MUEBLES	product_cat
9511	HERRAJES Y ACCESORIOS PARA MUEBLES	product_cat
9512	HERRAJES Y ACCESORIOS PARA MUEBLES	product_cat
9514	HERRAJES Y ACCESORIOS PARA MUEBLES	product_cat
9516	HERRAJES Y ACCESORIOS PARA MUEBLES	product_cat
9518	HERRAJES Y ACCESORIOS PARA MUEBLES	product_cat
9520	HERRAJES Y ACCESORIOS PARA MUEBLES	product_cat
9521	HERRAJES Y ACCESORIOS PARA MUEBLES	product_cat
9522	HERRAJES Y ACCESORIOS PARA MUEBLES	product_cat
9528	HERRAJES Y ACCESORIOS PARA MUEBLES	product_cat
9619	HERRAJES Y ACCESORIOS PARA MUEBLES	product_cat
9531	HERRAJES Y ACCESORIOS PARA MUEBLES	product_cat
9533	HERRAJES Y ACCESORIOS PARA MUEBLES	product_cat
9538	HERRAJES Y ACCESORIOS PARA MUEBLES	product_cat
9540	HERRAJES Y ACCESORIOS PARA MUEBLES	product_cat
9543	HERRAJES Y ACCESORIOS PARA MUEBLES	product_cat
9544	HERRAJES Y ACCESORIOS PARA MUEBLES	product_cat
9546	HERRAJES Y ACCESORIOS PARA MUEBLES	product_cat
9548	HERRAJES Y ACCESORIOS PARA MUEBLES	product_cat
9550	HERRAJES Y ACCESORIOS PARA MUEBLES	product_cat
9634	HERRAJES Y ACCESORIOS PARA MUEBLES	product_cat
9552	HERRAJES Y ACCESORIOS PARA MUEBLES	product_cat
9553	HERRAJES Y ACCESORIOS PARA MUEBLES	product_cat
9556	HERRAJES Y ACCESORIOS PARA MUEBLES	product_cat
9559	HERRAJES Y ACCESORIOS PARA MUEBLES	product_cat
9635	HERRAJES Y ACCESORIOS PARA MUEBLES	product_cat
9561	HERRAJES Y ACCESORIOS PARA MUEBLES	product_cat
9567	HERRAJES Y ACCESORIOS PARA MUEBLES	product_cat
9568	HERRAJES Y ACCESORIOS PARA MUEBLES	product_cat
9637	HERRAJES Y ACCESORIOS PARA MUEBLES	product_cat
9569	HERRAJES Y ACCESORIOS PARA MUEBLES	product_cat
9570	HERRAJES Y ACCESORIOS PARA MUEBLES	product_cat
9571	HERRAJES Y ACCESORIOS PARA MUEBLES	product_cat
9638	HERRAJES Y ACCESORIOS PARA MUEBLES	product_cat
9579	HERRAJES Y ACCESORIOS PARA MUEBLES	product_cat
9583	HERRAJES Y ACCESORIOS PARA MUEBLES	product_cat
9587	HERRAJES Y ACCESORIOS PARA MUEBLES	product_cat
9585	HERRAJES Y ACCESORIOS PARA MUEBLES	product_cat
9639	HERRAJES Y ACCESORIOS PARA MUEBLES	product_cat
9591	HERRAJES Y ACCESORIOS PARA MUEBLES	product_cat
9592	HERRAJES Y ACCESORIOS PARA MUEBLES	product_cat
9640	HERRAJES Y ACCESORIOS PARA MUEBLES	product_cat
9595	HERRAJES Y ACCESORIOS PARA MUEBLES	product_cat
9602	HERRAJES Y ACCESORIOS PARA MUEBLES	product_cat
9604	HERRAJES Y ACCESORIOS PARA MUEBLES	product_cat
9613	HERRAJES Y ACCESORIOS PARA MUEBLES	product_cat
9614	HERRAJES Y ACCESORIOS PARA MUEBLES	product_cat
9641	HERRAJES Y ACCESORIOS PARA MUEBLES	product_cat
9610	HERRAJES Y ACCESORIOS PARA MUEBLES	product_cat
9612	HERRAJES Y ACCESORIOS PARA MUEBLES	product_cat
9642	HERRAJES Y ACCESORIOS PARA MUEBLES	product_cat
9643	HERRAJES Y ACCESORIOS PARA MUEBLES	product_cat
9644	HERRAJES Y ACCESORIOS PARA MUEBLES	product_cat
9646	HERRAJES Y ACCESORIOS PARA MUEBLES	product_cat
11979	HERRAJES Y ACCESORIOS PARA MUEBLES	product_cat
10478	HERRAJES Y ACCESORIOS PARA MUEBLES	product_cat
11669	HERRAJES Y ACCESORIOS PARA MUEBLES	product_cat
11982	HERRAJES Y ACCESORIOS PARA MUEBLES	product_cat
12053	HERRAJES Y ACCESORIOS PARA MUEBLES	product_cat
13851	HERRAJES Y ACCESORIOS PARA MUEBLES	product_cat
14403	HERRAJES Y ACCESORIOS PARA MUEBLES	product_cat
14834	HERRAJES Y ACCESORIOS PARA MUEBLES	product_cat
15107	HERRAJES Y ACCESORIOS PARA MUEBLES	product_cat
15688	HERRAJES Y ACCESORIOS PARA MUEBLES	product_cat
15707	HERRAJES Y ACCESORIOS PARA MUEBLES	product_cat
4918	HERRAJES Y ACCESORIOS PARA MUEBLES	product_cat
15713	HERRAJES Y ACCESORIOS PARA MUEBLES	product_cat
16834	HERRAJES Y ACCESORIOS PARA MUEBLES	product_cat
16837	HERRAJES Y ACCESORIOS PARA MUEBLES	product_cat
16941	HERRAJES Y ACCESORIOS PARA MUEBLES	product_cat
17012	HERRAJES Y ACCESORIOS PARA MUEBLES	product_cat
17127	HERRAJES Y ACCESORIOS PARA MUEBLES	product_cat
17290	HERRAJES Y ACCESORIOS PARA MUEBLES	product_cat
17624	HERRAJES Y ACCESORIOS PARA MUEBLES	product_cat
17625	HERRAJES Y ACCESORIOS PARA MUEBLES	product_cat
17626	HERRAJES Y ACCESORIOS PARA MUEBLES	product_cat
18196	HERRAJES Y ACCESORIOS PARA MUEBLES	product_cat
18197	HERRAJES Y ACCESORIOS PARA MUEBLES	product_cat
18198	HERRAJES Y ACCESORIOS PARA MUEBLES	product_cat
18199	HERRAJES Y ACCESORIOS PARA MUEBLES	product_cat
18200	HERRAJES Y ACCESORIOS PARA MUEBLES	product_cat
18201	HERRAJES Y ACCESORIOS PARA MUEBLES	product_cat
18202	HERRAJES Y ACCESORIOS PARA MUEBLES	product_cat
18203	HERRAJES Y ACCESORIOS PARA MUEBLES	product_cat
18204	HERRAJES Y ACCESORIOS PARA MUEBLES	product_cat
18205	HERRAJES Y ACCESORIOS PARA MUEBLES	product_cat
18206	HERRAJES Y ACCESORIOS PARA MUEBLES	product_cat
18207	HERRAJES Y ACCESORIOS PARA MUEBLES	product_cat
18208	HERRAJES Y ACCESORIOS PARA MUEBLES	product_cat
18209	HERRAJES Y ACCESORIOS PARA MUEBLES	product_cat
18210	HERRAJES Y ACCESORIOS PARA MUEBLES	product_cat
18211	HERRAJES Y ACCESORIOS PARA MUEBLES	product_cat
18212	HERRAJES Y ACCESORIOS PARA MUEBLES	product_cat
18213	HERRAJES Y ACCESORIOS PARA MUEBLES	product_cat
18214	HERRAJES Y ACCESORIOS PARA MUEBLES	product_cat
18215	HERRAJES Y ACCESORIOS PARA MUEBLES	product_cat
18216	HERRAJES Y ACCESORIOS PARA MUEBLES	product_cat
18217	HERRAJES Y ACCESORIOS PARA MUEBLES	product_cat
18218	HERRAJES Y ACCESORIOS PARA MUEBLES	product_cat
18219	HERRAJES Y ACCESORIOS PARA MUEBLES	product_cat
18220	HERRAJES Y ACCESORIOS PARA MUEBLES	product_cat
18221	HERRAJES Y ACCESORIOS PARA MUEBLES	product_cat
18222	HERRAJES Y ACCESORIOS PARA MUEBLES	product_cat
18223	HERRAJES Y ACCESORIOS PARA MUEBLES	product_cat
18224	HERRAJES Y ACCESORIOS PARA MUEBLES	product_cat
18225	HERRAJES Y ACCESORIOS PARA MUEBLES	product_cat
18226	HERRAJES Y ACCESORIOS PARA MUEBLES	product_cat
18227	HERRAJES Y ACCESORIOS PARA MUEBLES	product_cat
18228	HERRAJES Y ACCESORIOS PARA MUEBLES	product_cat
18229	HERRAJES Y ACCESORIOS PARA MUEBLES	product_cat
18230	HERRAJES Y ACCESORIOS PARA MUEBLES	product_cat
18231	HERRAJES Y ACCESORIOS PARA MUEBLES	product_cat
18232	HERRAJES Y ACCESORIOS PARA MUEBLES	product_cat
18233	HERRAJES Y ACCESORIOS PARA MUEBLES	product_cat
18234	HERRAJES Y ACCESORIOS PARA MUEBLES	product_cat
18235	HERRAJES Y ACCESORIOS PARA MUEBLES	product_cat
18236	HERRAJES Y ACCESORIOS PARA MUEBLES	product_cat
18237	HERRAJES Y ACCESORIOS PARA MUEBLES	product_cat
18238	HERRAJES Y ACCESORIOS PARA MUEBLES	product_cat
18240	HERRAJES Y ACCESORIOS PARA MUEBLES	product_cat
18241	HERRAJES Y ACCESORIOS PARA MUEBLES	product_cat
18242	HERRAJES Y ACCESORIOS PARA MUEBLES	product_cat
18243	HERRAJES Y ACCESORIOS PARA MUEBLES	product_cat
18244	HERRAJES Y ACCESORIOS PARA MUEBLES	product_cat
18245	HERRAJES Y ACCESORIOS PARA MUEBLES	product_cat
18246	HERRAJES Y ACCESORIOS PARA MUEBLES	product_cat
18247	HERRAJES Y ACCESORIOS PARA MUEBLES	product_cat
18248	HERRAJES Y ACCESORIOS PARA MUEBLES	product_cat
18249	HERRAJES Y ACCESORIOS PARA MUEBLES	product_cat
18250	HERRAJES Y ACCESORIOS PARA MUEBLES	product_cat
18251	HERRAJES Y ACCESORIOS PARA MUEBLES	product_cat
18252	HERRAJES Y ACCESORIOS PARA MUEBLES	product_cat
18253	HERRAJES Y ACCESORIOS PARA MUEBLES	product_cat
19543	HERRAJES Y ACCESORIOS PARA MUEBLES	product_cat
10010	NITANYL	product_brand
9748	Max	product_brand
11104	Max	product_brand
11117	Max	product_brand
14697	Max	product_brand
14700	Max	product_brand
4821	Max	product_brand
15238	Max	product_brand
16407	Max	product_brand
16454	Max	product_brand
9767	BENCA	product_brand
9769	BENCA	product_brand
11143	BENCA	product_brand
11963	BENCA	product_brand
11969	BENCA	product_brand
11972	BENCA	product_brand
11974	BENCA	product_brand
11977	BENCA	product_brand
12193	BENCA	product_brand
12300	BENCA	product_brand
12335	BENCA	product_brand
12966	BENCA	product_brand
12968	BENCA	product_brand
13334	BENCA	product_brand
13934	BENCA	product_brand
14991	BENCA	product_brand
15052	BENCA	product_brand
15057	BENCA	product_brand
15361	BENCA	product_brand
16535	BENCA	product_brand
16540	BENCA	product_brand
16546	BENCA	product_brand
19663	BENCA	product_brand
19665	BENCA	product_brand
9947	Vulcano	product_brand
10093	Vulcano	product_brand
9954	Richi	product_brand
9931	Richi	product_brand
9960	KALOP	product_brand
9962	KALOP	product_brand
9912	KALOP	product_brand
10033	KALOP	product_brand
10039	KALOP	product_brand
10117	KALOP	product_brand
10125	KALOP	product_brand
10127	KALOP	product_brand
9908	REGGIO	product_brand
10086	REGGIO	product_brand
10087	REGGIO	product_brand
10089	REGGIO	product_brand
10091	REGGIO	product_brand
9897	REGGIO	product_brand
10111	REGGIO	product_brand
10118	REGGIO	product_brand
10120	REGGIO	product_brand
10123	REGGIO	product_brand
10063	MIG	product_brand
10116	MIG	product_brand
10026	FUPESA	product_brand
10157	FUPESA	product_brand
10159	FUPESA	product_brand
10161	FUPESA	product_brand
10098	NICE	product_brand
10113	TRANCA+	product_brand
12956	TRANCA+	product_brand
14393	TRANCA+	product_brand
5175	OMIO	product_brand
5174	OMIO	product_brand
5172	OMIO	product_brand
10196	EPOXI UNO	product_brand
10209	PIRAMIDE	product_brand
10243	DUDA	product_brand
9674	DUDA	product_brand
6249	DUDA	product_brand
14476	DUDA	product_brand
6200	DUDA	product_brand
4641	WD-40	product_brand
5027	WD-40	product_brand
5029	WD-40	product_brand
13162	NOVO	product_brand
13159	NOVO	product_brand
10264	NOVO	product_brand
10272	NOVO	product_brand
12043	NOVO	product_brand
10288	NOVO	product_brand
14546	NOVO	product_brand
15551	HERRAMIENTAS A BATERIA	product_cat
15553	HERRAMIENTAS A BATERIA	product_cat
15523	HERRAMIENTAS A BATERIA	product_cat
10335	HERRAMIENTAS A BATERIA	product_cat
15539	HERRAMIENTAS A BATERIA	product_cat
11589	HERRAMIENTAS A BATERIA	product_cat
15527	HERRAMIENTAS A BATERIA	product_cat
12439	HERRAMIENTAS A BATERIA	product_cat
12441	HERRAMIENTAS A BATERIA	product_cat
12587	HERRAMIENTAS A BATERIA	product_cat
15563	HERRAMIENTAS A BATERIA	product_cat
12802	HERRAMIENTAS A BATERIA	product_cat
13908	HERRAMIENTAS A BATERIA	product_cat
13917	HERRAMIENTAS A BATERIA	product_cat
13919	HERRAMIENTAS A BATERIA	product_cat
13989	HERRAMIENTAS A BATERIA	product_cat
14070	HERRAMIENTAS A BATERIA	product_cat
14321	HERRAMIENTAS A BATERIA	product_cat
14438	HERRAMIENTAS A BATERIA	product_cat
14585	HERRAMIENTAS A BATERIA	product_cat
14618	HERRAMIENTAS A BATERIA	product_cat
14936	HERRAMIENTAS A BATERIA	product_cat
15824	HERRAMIENTAS A BATERIA	product_cat
16012	HERRAMIENTAS A BATERIA	product_cat
16014	HERRAMIENTAS A BATERIA	product_cat
16028	HERRAMIENTAS A BATERIA	product_cat
16035	HERRAMIENTAS A BATERIA	product_cat
16218	HERRAMIENTAS A BATERIA	product_cat
16566	HERRAMIENTAS A BATERIA	product_cat
16683	HERRAMIENTAS A BATERIA	product_cat
16765	HERRAMIENTAS A BATERIA	product_cat
16766	HERRAMIENTAS A BATERIA	product_cat
16769	HERRAMIENTAS A BATERIA	product_cat
16770	HERRAMIENTAS A BATERIA	product_cat
16807	HERRAMIENTAS A BATERIA	product_cat
16866	HERRAMIENTAS A BATERIA	product_cat
16869	HERRAMIENTAS A BATERIA	product_cat
17115	HERRAMIENTAS A BATERIA	product_cat
17508	HERRAMIENTAS A BATERIA	product_cat
19685	HERRAMIENTAS A BATERIA	product_cat
6669	FAMASTIL	product_brand
6668	CORTA+	product_brand
10398	LIBUS	product_brand
10505	WOKIN	product_brand
10922	WOKIN	product_brand
11373	WOKIN	product_brand
5874	WOKIN	product_brand
12461	WOKIN	product_brand
12938	WOKIN	product_brand
13454	WOKIN	product_brand
13469	WOKIN	product_brand
13813	WOKIN	product_brand
15767	WOKIN	product_brand
15797	WOKIN	product_brand
15800	WOKIN	product_brand
15802	WOKIN	product_brand
16398	WOKIN	product_brand
16688	WOKIN	product_brand
16699	WOKIN	product_brand
10532	NEVA	product_brand
10533	NEVA	product_brand
10872	NEVA	product_brand
14142	NEVA	product_brand
11623	NEVA	product_brand
10562	GERPLAST	product_brand
10594	WHEAT	product_brand
11127	WHEAT	product_brand
10609	JAMES	product_brand
10637	METASUL	product_brand
10641	METASUL	product_brand
13921	METASUL	product_brand
14183	METASUL	product_brand
13962	VIQUA	product_brand
10666	VIQUA	product_brand
14471	VIQUA	product_brand
16452	VIQUA	product_brand
9924	BETA	product_brand
9843	BETA	product_brand
8915	DELTA	product_brand
4878	DIDA	product_brand
4842	DIDA	product_brand
4839	DIDA	product_brand
4829	DIDA	product_brand
4826	DIDA	product_brand
10679	GRILON	product_brand
10693	INDEX	product_brand
10699	INDEX	product_brand
10701	INDEX	product_brand
10701	BULONES DE EXPANSION	product_cat
10771	SHANGRILA	product_brand
10790	CEM	product_brand
10802	VIYILANT	product_brand
14883	VIYILANT	product_brand
15311	VIYILANT	product_brand
5563	PLASTCOR	product_brand
6277	MECHAS	product_cat
8609	MECHAS	product_cat
10821	MECHAS	product_cat
10770	MECHAS	product_cat
10769	MECHAS	product_cat
10768	MECHAS	product_cat
10765	MECHAS	product_cat
10702	MECHAS	product_cat
9879	MECHAS	product_cat
9877	MECHAS	product_cat
9780	MECHAS	product_cat
8631	MECHAS	product_cat
8616	MECHAS	product_cat
8467	MECHAS	product_cat
8464	MECHAS	product_cat
8462	MECHAS	product_cat
8459	MECHAS	product_cat
8458	MECHAS	product_cat
8456	MECHAS	product_cat
8454	MECHAS	product_cat
8453	MECHAS	product_cat
8451	MECHAS	product_cat
8450	MECHAS	product_cat
8452	MECHAS	product_cat
8445	MECHAS	product_cat
8442	MECHAS	product_cat
8441	MECHAS	product_cat
8440	MECHAS	product_cat
8439	MECHAS	product_cat
8437	MECHAS	product_cat
8418	MECHAS	product_cat
8409	MECHAS	product_cat
8404	MECHAS	product_cat
8403	MECHAS	product_cat
8401	MECHAS	product_cat
8399	MECHAS	product_cat
8396	MECHAS	product_cat
7295	MECHAS	product_cat
5871	MECHAS	product_cat
5685	MECHAS	product_cat
5683	MECHAS	product_cat
5234	MECHAS	product_cat
4952	MECHAS	product_cat
5209	MECHAS	product_cat
5208	MECHAS	product_cat
5206	MECHAS	product_cat
5201	MECHAS	product_cat
5199	MECHAS	product_cat
5194	MECHAS	product_cat
5190	MECHAS	product_cat
4954	MECHAS	product_cat
4950	MECHAS	product_cat
7779	MECHAS	product_cat
8465	MECHAS	product_cat
8461	MECHAS	product_cat
10931	MECHAS	product_cat
10953	MECHAS	product_cat
11000	MECHAS	product_cat
11255	MECHAS	product_cat
11430	MECHAS	product_cat
11624	MECHAS	product_cat
11743	MECHAS	product_cat
11767	MECHAS	product_cat
12269	MECHAS	product_cat
12391	MECHAS	product_cat
12393	MECHAS	product_cat
12395	MECHAS	product_cat
12846	MECHAS	product_cat
13821	MECHAS	product_cat
13824	MECHAS	product_cat
13849	MECHAS	product_cat
14359	MECHAS	product_cat
15498	MECHAS	product_cat
15157	MECHAS	product_cat
15199	MECHAS	product_cat
15365	MECHAS	product_cat
15364	MECHAS	product_cat
15786	MECHAS	product_cat
16055	MECHAS	product_cat
16062	MECHAS	product_cat
16081	MECHAS	product_cat
16112	MECHAS	product_cat
16113	MECHAS	product_cat
16535	MECHAS	product_cat
10944	CONATEL	product_brand
13791	CONATEL	product_brand
10913	CONATEL	product_brand
10946	CONATEL	product_brand
13796	CONATEL	product_brand
9910	MOLVENO	product_brand
11833	MOLVENO	product_brand
9892	MOLVENO	product_brand
12376	MOLVENO	product_brand
9922	MOLVENO	product_brand
15265	MOLVENO	product_brand
10971	YANUO	product_brand
10977	CORTA MAS +	product_brand
11000	CORTA MAS +	product_brand
11877	CORTA MAS +	product_brand
11879	CORTA MAS +	product_brand
12272	CORTA MAS +	product_brand
7703	CORTA MAS +	product_brand
13537	CORTA MAS +	product_brand
13567	CORTA MAS +	product_brand
7695	CORTA MAS +	product_brand
14865	CORTA MAS +	product_brand
15157	CORTA MAS +	product_brand
15837	CORTA MAS +	product_brand
16007	CORTA MAS +	product_brand
8715	CORTA MAS +	product_brand
12950	TRANCA MAS+	product_brand
8708	TRANCA MAS+	product_brand
8712	TRANCA MAS+	product_brand
10981	TRANCA MAS+	product_brand
10996	TRANCA MAS+	product_brand
10999	TRANCA MAS+	product_brand
10998	TRANCA MAS+	product_brand
8713	TRANCA MAS+	product_brand
12956	TRANCA MAS+	product_brand
13529	TRANCA MAS+	product_brand
13538	TRANCA MAS+	product_brand
13539	TRANCA MAS+	product_brand
13541	TRANCA MAS+	product_brand
13544	TRANCA MAS+	product_brand
13548	TRANCA MAS+	product_brand
13562	TRANCA MAS+	product_brand
13564	TRANCA MAS+	product_brand
11003	PHILIPS	product_brand
12427	PHILIPS	product_brand
11011	CARGADORES Y ACCESORIOS PARA TELEFONO	product_cat
11007	CARGADORES Y ACCESORIOS PARA TELEFONO	product_cat
9430	CARGADORES Y ACCESORIOS PARA TELEFONO	product_cat
11018	CARGADORES Y ACCESORIOS PARA TELEFONO	product_cat
11021	CARGADORES Y ACCESORIOS PARA TELEFONO	product_cat
12593	CARGADORES Y ACCESORIOS PARA TELEFONO	product_cat
12594	CARGADORES Y ACCESORIOS PARA TELEFONO	product_cat
17504	CARGADORES Y ACCESORIOS PARA TELEFONO	product_cat
17505	CARGADORES Y ACCESORIOS PARA TELEFONO	product_cat
17814	CARGADORES Y ACCESORIOS PARA TELEFONO	product_cat
17815	CARGADORES Y ACCESORIOS PARA TELEFONO	product_cat
17816	CARGADORES Y ACCESORIOS PARA TELEFONO	product_cat
17818	CARGADORES Y ACCESORIOS PARA TELEFONO	product_cat
18287	CARGADORES Y ACCESORIOS PARA TELEFONO	product_cat
11018	TECNOLOGIA	product_cat
11021	TECNOLOGIA	product_cat
12167	TECNOLOGIA	product_cat
12587	TECNOLOGIA	product_cat
11026	PAINT ZOOM	product_brand
11050	LA HOGAREÑA	product_brand
13140	LA HOGAREÑA	product_brand
11196	SAO BERNARDO	product_brand
11344	UHU	product_brand
10222	UHU	product_brand
14408	STARRETT	product_brand
8208	STARRETT	product_brand
11379	STARRETT	product_brand
8392	STARRETT	product_brand
8214	STARRETT	product_brand
15370	TOLSEN	product_brand
15368	TOLSEN	product_brand
15366	TOLSEN	product_brand
15364	TOLSEN	product_brand
15365	TOLSEN	product_brand
11430	TOLSEN	product_brand
11443	MAS LIBRE R	product_brand
11443	MAS LIBRE	product_brand
11480	TORBELLINO	product_brand
8889	ABRO	product_brand
13377	ABRO	product_brand
8893	TACSA	product_brand
11516	NORTESUR	product_brand
12312	NORTESUR	product_brand
6328	ALARGUES	product_cat
6330	ALARGUES	product_cat
8002	ALARGUES	product_cat
13302	ALARGUES	product_cat
10944	ALARGUES	product_cat
10946	ALARGUES	product_cat
11540	ALARGUES	product_cat
11358	ALARGUES	product_cat
10152	ALARGUES	product_cat
10150	ALARGUES	product_cat
8005	ALARGUES	product_cat
10149	ALARGUES	product_cat
7999	ALARGUES	product_cat
7997	ALARGUES	product_cat
6332	ALARGUES	product_cat
11543	ALARGUES	product_cat
11549	ALARGUES	product_cat
11574	ALARGUES	product_cat
11633	ALARGUES	product_cat
12279	ALARGUES	product_cat
12280	ALARGUES	product_cat
13379	ALARGUES	product_cat
13930	ALARGUES	product_cat
13952	ALARGUES	product_cat
14142	ALARGUES	product_cat
14854	ALARGUES	product_cat
14856	ALARGUES	product_cat
14857	ALARGUES	product_cat
15759	ALARGUES	product_cat
11550	SPIT	product_brand
11558	ROMBO	product_brand
11560	ROMBO	product_brand
12474	ALE-MAN	product_brand
11616	REMOVEDOR DE PINTURAS	product_cat
13286	VALVULAS Y REGULADORES DE SUPER GAS	product_cat
13295	VALVULAS Y REGULADORES DE SUPER GAS	product_cat
15052	VALVULAS Y REGULADORES DE SUPER GAS	product_cat
4686	VALVULAS Y REGULADORES DE SUPER GAS	product_cat
11635	VALVULAS Y REGULADORES DE SUPER GAS	product_cat
4722	VALVULAS Y REGULADORES DE SUPER GAS	product_cat
4720	VALVULAS Y REGULADORES DE SUPER GAS	product_cat
4724	VALVULAS Y REGULADORES DE SUPER GAS	product_cat
12174	VALVULAS Y REGULADORES DE SUPER GAS	product_cat
12176	VALVULAS Y REGULADORES DE SUPER GAS	product_cat
12337	VALVULAS Y REGULADORES DE SUPER GAS	product_cat
13284	VALVULAS Y REGULADORES DE SUPER GAS	product_cat
13286	VALVULAS Y REGULADORES DE SUPER GAS	product_cat
13295	VALVULAS Y REGULADORES DE SUPER GAS	product_cat
15361	VALVULAS Y REGULADORES DE SUPER GAS	product_cat
5186	LEAOTOOLS	product_brand
12188	EGERY	product_brand
15423	EGERY	product_brand
11770	EGERY	product_brand
11779	EGERY	product_brand
11790	EGERY	product_brand
11797	EGERY	product_brand
12328	EGERY	product_brand
12878	EGERY	product_brand
12915	EGERY	product_brand
13726	EGERY	product_brand
13330	EGERY	product_brand
14026	EGERY	product_brand
14039	EGERY	product_brand
11203	EGERY	product_brand
14054	EGERY	product_brand
14709	EGERY	product_brand
14723	EGERY	product_brand
14731	EGERY	product_brand
14737	EGERY	product_brand
14973	EGERY	product_brand
14984	EGERY	product_brand
15181	EGERY	product_brand
15188	EGERY	product_brand
15209	EGERY	product_brand
15211	EGERY	product_brand
15410	EGERY	product_brand
16584	EGERY	product_brand
16589	EGERY	product_brand
7815	W-MAX	product_brand
11807	W-MAX	product_brand
12679	W-MAX	product_brand
15335	W-MAX	product_brand
14219	W-MAX	product_brand
12592	Norstar	product_brand
12924	Norstar	product_brand
11812	SOLDA BEST	product_brand
8928	SOLDA BEST	product_brand
11874	MELDUN	product_brand
11900	ALST	product_brand
5328	YIFENG	product_brand
11943	HERMETIC	product_brand
11947	HERMETIC	product_brand
11953	HERMETIC	product_brand
11950	HERMETIC	product_brand
8337	HERMETIC	product_brand
8335	HERMETIC	product_brand
11983	EDISEL	product_brand
11988	YACOLOR	product_brand
11993	YACOLOR	product_brand
9146	GREEN FOREST	product_brand
5099	POXIPOL	product_brand
12986	POXIPOL	product_brand
5088	POXIPOL	product_brand
5090	POXIPOL	product_brand
5075	POXIPOL	product_brand
5073	POXIPOL	product_brand
6091	WFENG	product_brand
12078	WFENG	product_brand
12082	WFENG	product_brand
12174	BLUKIT	product_brand
14647	BLUKIT	product_brand
14655	BLUKIT	product_brand
14960	BLUKIT	product_brand
15513	BLUKIT	product_brand
12216	PATTA	product_brand
12236	PEGATANKE	product_brand
14552	PEGATANKE	product_brand
12269	ImportaMas+	product_brand
13571	ImportaMas+	product_brand
12314	HIGHPOWER	product_brand
12341	SOMOSTEL	product_brand
12347	PY	product_brand
12405	FISCHER	product_brand
14293	FISCHER	product_brand
14297	FISCHER	product_brand
12415	ARCAL	product_brand
13782	ARCAL	product_brand
14971	ARCAL	product_brand
12459	PEGASUS	product_brand
13456	PEGASUS	product_brand
14567	PEGASUS	product_brand
14574	PEGASUS	product_brand
12466	SUMAS	product_brand
12511	MILEVA	product_brand
12539	ALPHA	product_brand
13996	ALPHA	product_brand
14328	ALPHA	product_brand
12550	DT	product_brand
12583	HOTECHE	product_brand
13819	HOTECHE	product_brand
16154	HOTECHE	product_brand
12587	CROWN	product_brand
12946	CROWN	product_brand
12605	OKS	product_brand
12612	TAFIREL	product_brand
12616	NICOLL	product_brand
14660	NICOLL	product_brand
14921	NICOLL	product_brand
16466	NICOLL	product_brand
16554	ACCESORIOS Y CAÑOS DE PVC	product_cat
12616	ACCESORIOS Y CAÑOS DE PVC	product_cat
12853	ACCESORIOS Y CAÑOS DE PVC	product_cat
13393	ACCESORIOS Y CAÑOS DE PVC	product_cat
13830	ACCESORIOS Y CAÑOS DE PVC	product_cat
14246	ACCESORIOS Y CAÑOS DE PVC	product_cat
14492	ACCESORIOS Y CAÑOS DE PVC	product_cat
14647	ACCESORIOS Y CAÑOS DE PVC	product_cat
14869	ACCESORIOS Y CAÑOS DE PVC	product_cat
14871	ACCESORIOS Y CAÑOS DE PVC	product_cat
14873	ACCESORIOS Y CAÑOS DE PVC	product_cat
14876	ACCESORIOS Y CAÑOS DE PVC	product_cat
14921	ACCESORIOS Y CAÑOS DE PVC	product_cat
15019	ACCESORIOS Y CAÑOS DE PVC	product_cat
15934	ACCESORIOS Y CAÑOS DE PVC	product_cat
16549	ACCESORIOS Y CAÑOS DE PVC	product_cat
16422	ACCESORIOS Y CAÑOS DE PVC	product_cat
14453	ACCESORIOS Y CAÑOS DE PVC	product_cat
16529	ACCESORIOS Y CAÑOS DE PVC	product_cat
16782	ACCESORIOS Y CAÑOS DE PVC	product_cat
16960	ACCESORIOS Y CAÑOS DE PVC	product_cat
16996	ACCESORIOS Y CAÑOS DE PVC	product_cat
16997	ACCESORIOS Y CAÑOS DE PVC	product_cat
16998	ACCESORIOS Y CAÑOS DE PVC	product_cat
16999	ACCESORIOS Y CAÑOS DE PVC	product_cat
17062	ACCESORIOS Y CAÑOS DE PVC	product_cat
17100	ACCESORIOS Y CAÑOS DE PVC	product_cat
17170	ACCESORIOS Y CAÑOS DE PVC	product_cat
17295	ACCESORIOS Y CAÑOS DE PVC	product_cat
17392	ACCESORIOS Y CAÑOS DE PVC	product_cat
17467	ACCESORIOS Y CAÑOS DE PVC	product_cat
17500	ACCESORIOS Y CAÑOS DE PVC	product_cat
12619	ACCESORIOS Y PIEZAS PPL	product_cat
13883	ACCESORIOS Y PIEZAS PPL	product_cat
13885	ACCESORIOS Y PIEZAS PPL	product_cat
13888	ACCESORIOS Y PIEZAS PPL	product_cat
13894	ACCESORIOS Y PIEZAS PPL	product_cat
14345	ACCESORIOS Y PIEZAS PPL	product_cat
14344	ACCESORIOS Y PIEZAS PPL	product_cat
14346	ACCESORIOS Y PIEZAS PPL	product_cat
14347	ACCESORIOS Y PIEZAS PPL	product_cat
14350	ACCESORIOS Y PIEZAS PPL	product_cat
15847	ACCESORIOS Y PIEZAS PPL	product_cat
16800	ACCESORIOS Y PIEZAS PPL	product_cat
17144	ACCESORIOS Y PIEZAS PPL	product_cat
17145	ACCESORIOS Y PIEZAS PPL	product_cat
17146	ACCESORIOS Y PIEZAS PPL	product_cat
17147	ACCESORIOS Y PIEZAS PPL	product_cat
17148	ACCESORIOS Y PIEZAS PPL	product_cat
17279	ACCESORIOS Y PIEZAS PPL	product_cat
17282	ACCESORIOS Y PIEZAS PPL	product_cat
17283	ACCESORIOS Y PIEZAS PPL	product_cat
17284	ACCESORIOS Y PIEZAS PPL	product_cat
17499	ACCESORIOS Y PIEZAS PPL	product_cat
12619	PPL	product_cat
13894	PPL	product_cat
13899	PPL	product_cat
17277	PPL	product_cat
5772	DMC	product_brand
13862	DMC	product_brand
13868	DMC	product_brand
13873	DMC	product_brand
13877	DMC	product_brand
10523	DMC	product_brand
10526	DMC	product_brand
15079	DMC	product_brand
15648	DMC	product_brand
15840	DMC	product_brand
15849	DMC	product_brand
16254	DMC	product_brand
16257	DMC	product_brand
16262	DMC	product_brand
12550	DECORACION DEL HOGAR	product_cat
12736	DECORACION DEL HOGAR	product_cat
13439	DECORACION DEL HOGAR	product_cat
13576	DECORACION DEL HOGAR	product_cat
14395	DECORACION DEL HOGAR	product_cat
14405	DECORACION DEL HOGAR	product_cat
14414	DECORACION DEL HOGAR	product_cat
14552	DECORACION DEL HOGAR	product_cat
15226	DECORACION DEL HOGAR	product_cat
15851	DECORACION DEL HOGAR	product_cat
16584	DECORACION DEL HOGAR	product_cat
16798	DECORACION DEL HOGAR	product_cat
17126	DECORACION DEL HOGAR	product_cat
17129	DECORACION DEL HOGAR	product_cat
17491	DECORACION DEL HOGAR	product_cat
17513	DECORACION DEL HOGAR	product_cat
12780	PLASNEW	product_brand
12783	PLASNEW	product_brand
12810	Lüsqtoff	product_brand
12817	Lüsqtoff	product_brand
13491	Lüsqtoff	product_brand
12844	FUSGER	product_brand
12853	PLAMET	product_brand
13524	FUSTIX	product_brand
12856	FUSTIX	product_brand
13516	FUSTIX	product_brand
13521	FUSTIX	product_brand
13520	FUSTIX	product_brand
13800	FUSTIX	product_brand
12884	TOX	product_brand
12899	TOX	product_brand
12971	PLASTILIT	product_brand
13261	DAK	product_brand
13344	KALISAY	product_brand
13350	KALISAY	product_brand
14011	KALISAY	product_brand
13353	SUPRABOND	product_brand
13357	SUPRABOND	product_brand
14492	SUPRABOND	product_brand
5110	SUPRABOND	product_brand
16363	SUPRABOND	product_brand
13421	BOSCH	product_brand
13423	LAVORO	product_brand
4816	LAVORO	product_brand
15171	LAVORO	product_brand
15174	LAVORO	product_brand
13462	PLASTIBAND	product_brand
13488	Diler	product_brand
5164	Diler	product_brand
13503	CORTAG	product_brand
14213	CORTAG	product_brand
14924	CORTAG	product_brand
15917	CORTAG	product_brand
13653	ARQPLAST	product_brand
13656	ARQPLAST	product_brand
13664	DURÍN	product_brand
13688	BZ	product_brand
13690	FORMINOX	product_brand
13709	NICOLLFUSION	product_brand
13711	NICOLLFUSION	product_brand
13892	NICOLLFUSION	product_brand
13903	NICOLLFUSION	product_brand
15644	NICOLLFUSION	product_brand
15744	NICOLLFUSION	product_brand
13711	TERMOFUSION	product_cat
13709	TERMOFUSION	product_cat
13713	TERMOFUSION	product_cat
13714	TERMOFUSION	product_cat
13716	TERMOFUSION	product_cat
13717	TERMOFUSION	product_cat
13719	TERMOFUSION	product_cat
13890	TERMOFUSION	product_cat
13892	TERMOFUSION	product_cat
13896	TERMOFUSION	product_cat
13901	TERMOFUSION	product_cat
13903	TERMOFUSION	product_cat
13905	TERMOFUSION	product_cat
15644	TERMOFUSION	product_cat
15646	TERMOFUSION	product_cat
15744	TERMOFUSION	product_cat
16826	TERMOFUSION	product_cat
16843	TERMOFUSION	product_cat
16844	TERMOFUSION	product_cat
13713	SANITARIA	product_cat
13709	SANITARIA	product_cat
13711	SANITARIA	product_cat
13714	SANITARIA	product_cat
13716	SANITARIA	product_cat
13717	SANITARIA	product_cat
13719	SANITARIA	product_cat
13780	SANITARIA	product_cat
13890	SANITARIA	product_cat
13892	SANITARIA	product_cat
13896	SANITARIA	product_cat
13899	SANITARIA	product_cat
13901	SANITARIA	product_cat
13903	SANITARIA	product_cat
13905	SANITARIA	product_cat
15842	SANITARIA	product_cat
14956	SANITARIA	product_cat
14959	SANITARIA	product_cat
15079	SANITARIA	product_cat
15083	SANITARIA	product_cat
15144	SANITARIA	product_cat
15840	SANITARIA	product_cat
15844	SANITARIA	product_cat
15849	SANITARIA	product_cat
14453	SANITARIA	product_cat
16466	SANITARIA	product_cat
16479	SANITARIA	product_cat
16799	SANITARIA	product_cat
16802	SANITARIA	product_cat
16803	SANITARIA	product_cat
16936	SANITARIA	product_cat
16944	SANITARIA	product_cat
16945	SANITARIA	product_cat
17274	SANITARIA	product_cat
17275	SANITARIA	product_cat
17276	SANITARIA	product_cat
17278	SANITARIA	product_cat
17280	SANITARIA	product_cat
17281	SANITARIA	product_cat
17310	SANITARIA	product_cat
17320	SANITARIA	product_cat
17321	SANITARIA	product_cat
17322	SANITARIA	product_cat
17323	SANITARIA	product_cat
17324	SANITARIA	product_cat
17325	SANITARIA	product_cat
17326	SANITARIA	product_cat
13756	TEORIA+	product_brand
13769	NITOR	product_brand
19678	NITOR	product_brand
9027	LEGRAND	product_brand
13811	GRAP	product_brand
13821	FRESAS	product_cat
13824	FRESAS	product_cat
13883	JORMAR	product_brand
13894	JORMAR	product_brand
13899	JORMAR	product_brand
14350	JORMAR	product_brand
15847	JORMAR	product_brand
13890	PRACTO	product_brand
13925	ACE SUPER IMPEX	product_brand
13927	ACE SUPER IMPEX	product_brand
13973	JUPITER	product_brand
14001	PACETTA	product_brand
14005	DRIKO	product_brand
14294	DRIKO	product_brand
14009	RAMADA	product_brand
16395	RAMADA	product_brand
14019	MOTORBIKE	product_brand
14065	JUN HUA	product_brand
14162	PARSECS	product_brand
11635	S.R.G GERMANY	product_brand
11635	SRG	product_brand
4883	CONSTRUTECH	product_brand
14256	CONSTRUTECH	product_brand
14525	CONSTRUTECH	product_brand
14537	CONSTRUTECH	product_brand
14259	MUNDIAL PRIME	product_brand
14287	NUBA	product_brand
14333	MAGYA	product_brand
14352	MAGYA	product_brand
14383	XIN BAO TOOLS	product_brand
4918	UNISUR	product_brand
14403	UNISUR	product_brand
15107	UNISUR	product_brand
15118	UNISUR	product_brand
15680	UNISUR	product_brand
15688	UNISUR	product_brand
15690	UNISUR	product_brand
15707	UNISUR	product_brand
4920	UNISUR	product_brand
4916	UNISUR	product_brand
15713	UNISUR	product_brand
16366	UNISUR	product_brand
14405	CHALIMEX	product_brand
16654	CHALIMEX	product_brand
16666	CHALIMEX	product_brand
14453	FORTLEV	product_brand
14461	PLAST LEO	product_brand
14469	PLAST LEO	product_brand
13965	SKILFUL	product_brand
14549	ZENGAZ	product_brand
14650	SIFONES Y VALVULAS	product_cat
14647	SIFONES Y VALVULAS	product_cat
13702	SIFONES Y VALVULAS	product_cat
6635	SIFONES Y VALVULAS	product_cat
6599	SIFONES Y VALVULAS	product_cat
4714	SIFONES Y VALVULAS	product_cat
4967	SIFONES Y VALVULAS	product_cat
4962	SIFONES Y VALVULAS	product_cat
14655	SIFONES Y VALVULAS	product_cat
16254	SIFONES Y VALVULAS	product_cat
16450	SIFONES Y VALVULAS	product_cat
16733	SIFONES Y VALVULAS	product_cat
17061	SIFONES Y VALVULAS	product_cat
14650	BONOMINI	product_brand
14888	BONOMINI	product_brand
15641	BONOMINI	product_brand
14671	MULTIVISAO	product_brand
14686	MOTA	product_brand
14702	TRY ME	product_brand
14750	VIGORE	product_brand
14800	EXATRON	product_brand
14839	MAITE	product_brand
14869	TIGRE	product_brand
14871	TIGRE	product_brand
14873	TIGRE	product_brand
14899	DEALER	product_brand
14956	DEALER	product_brand
15842	DEALER	product_brand
15844	DEALER	product_brand
14938	KAPAZI	product_brand
14954	ARAR	product_brand
15000	STOLF	product_brand
12102	UNI.LOCK	product_brand
4833	UNI.LOCK	product_brand
15653	UNI.LOCK	product_brand
15664	UNI.LOCK	product_brand
15668	UNI.LOCK	product_brand
15126	DACRO	product_brand
15944	DACRO	product_brand
15946	DACRO	product_brand
15136	SANMU	product_brand
15144	PLASBOHN	product_brand
15166	Trébol	product_brand
15176	Titan	product_brand
15273	HIPV	product_brand
15586	LINGA DE ACERO GALVANIZADO	product_cat
16853	LINGA DE ACERO GALVANIZADO	product_cat
15715	FERE/GRAP	product_brand
15735	HAFELE	product_brand
15750	AGLA	product_brand
15851	WOODFACTORY	product_brand
15876	HILTI	product_brand
15932	ADELBRAS	product_brand
15992	ALAMBRES DE ESTE	product_brand
16002	ALAMBRES DE ESTE	product_brand
16005	ALAMBRES DE ESTE	product_brand
16147	ALAMBRES DE ESTE	product_brand
16055	TRAMONTINA MASTER	product_brand
16081	TRAMONTINA MASTER	product_brand
16082	TRAMONTINA MASTER	product_brand
10821	TRAMONTINA MASTER	product_brand
16112	TRAMONTINA MASTER	product_brand
16558	CAJAS Y ORGANIZADORES	product_cat
16085	LINDE AGA	product_brand
16114	TRAMONTINA PRO	product_brand
6275	CARMANIA	product_brand
16174	PX7	product_brand
16228	BOS-KD	product_brand
16306	MEMBRANAS	product_cat
16316	MEMBRANAS	product_cat
16724	MEMBRANAS	product_cat
16725	MEMBRANAS	product_cat
16320	POLY-SF	product_brand
16402	STANDER	product_brand
16634	SOPRANO	product_brand
16647	SOPRANO	product_brand
16457	COTHERM	product_brand
16520	GENEBRE	product_brand
16517	GENEBRE	product_brand
16529	SICFLUX	product_brand
16547	LUCONI	product_brand
16713	COCINA	product_cat
16953	COCINA	product_cat
17254	COCINA	product_cat
17329	COCINA	product_cat
17409	COCINA	product_cat
17829	COCINA	product_cat
18058	COCINA	product_cat
18366	COCINA	product_cat
18411	COCINA	product_cat
18517	COCINA	product_cat
18518	COCINA	product_cat
18519	COCINA	product_cat
18520	COCINA	product_cat
18521	COCINA	product_cat
18522	COCINA	product_cat
18523	COCINA	product_cat
18653	COCINA	product_cat
18680	COCINA	product_cat
18787	COCINA	product_cat
18855	COCINA	product_cat
18865	COCINA	product_cat
18921	COCINA	product_cat
18923	COCINA	product_cat
18925	COCINA	product_cat
18935	COCINA	product_cat
18939	COCINA	product_cat
18942	COCINA	product_cat
18943	COCINA	product_cat
18944	COCINA	product_cat
18945	COCINA	product_cat
18949	COCINA	product_cat
18975	COCINA	product_cat
19075	COCINA	product_cat
19083	COCINA	product_cat
19121	COCINA	product_cat
19282	COCINA	product_cat
19283	COCINA	product_cat
19284	COCINA	product_cat
19293	COCINA	product_cat
19303	COCINA	product_cat
19304	COCINA	product_cat
19318	COCINA	product_cat
19319	COCINA	product_cat
19322	COCINA	product_cat
19323	COCINA	product_cat
19343	COCINA	product_cat
19497	COCINA	product_cat
19498	COCINA	product_cat
19549	COCINA	product_cat
19550	COCINA	product_cat
19551	COCINA	product_cat
19560	COCINA	product_cat
19609	COCINA	product_cat
19614	COCINA	product_cat
19617	COCINA	product_cat
19623	COCINA	product_cat
19624	COCINA	product_cat
16716	MATERIALES DOMESTICOS	product_cat
16925	MATERIALES DOMESTICOS	product_cat
16967	MATERIALES DOMESTICOS	product_cat
16968	MATERIALES DOMESTICOS	product_cat
16980	MATERIALES DOMESTICOS	product_cat
16981	MATERIALES DOMESTICOS	product_cat
16982	MATERIALES DOMESTICOS	product_cat
17035	MATERIALES DOMESTICOS	product_cat
17038	MATERIALES DOMESTICOS	product_cat
17065	MATERIALES DOMESTICOS	product_cat
17095	MATERIALES DOMESTICOS	product_cat
17136	MATERIALES DOMESTICOS	product_cat
17137	MATERIALES DOMESTICOS	product_cat
17172	MATERIALES DOMESTICOS	product_cat
17173	MATERIALES DOMESTICOS	product_cat
17178	MATERIALES DOMESTICOS	product_cat
17179	MATERIALES DOMESTICOS	product_cat
17236	MATERIALES DOMESTICOS	product_cat
17264	MATERIALES DOMESTICOS	product_cat
17395	MATERIALES DOMESTICOS	product_cat
17430	MATERIALES DOMESTICOS	product_cat
17456	MATERIALES DOMESTICOS	product_cat
17756	MATERIALES DOMESTICOS	product_cat
17896	MATERIALES DOMESTICOS	product_cat
17951	MATERIALES DOMESTICOS	product_cat
17973	MATERIALES DOMESTICOS	product_cat
18490	MATERIALES DOMESTICOS	product_cat
18507	MATERIALES DOMESTICOS	product_cat
19370	MATERIALES DOMESTICOS	product_cat
19665	MATERIALES DOMESTICOS	product_cat
16717	TORNILLOS Y BULONES	product_cat
16835	TORNILLOS Y BULONES	product_cat
16836	TORNILLOS Y BULONES	product_cat
16940	TORNILLOS Y BULONES	product_cat
17160	TORNILLOS Y BULONES	product_cat
17311	TORNILLOS Y BULONES	product_cat
17557	TORNILLOS Y BULONES	product_cat
17558	TORNILLOS Y BULONES	product_cat
17608	TORNILLOS Y BULONES	product_cat
17609	TORNILLOS Y BULONES	product_cat
17708	TORNILLOS Y BULONES	product_cat
17709	TORNILLOS Y BULONES	product_cat
17882	TORNILLOS Y BULONES	product_cat
17883	TORNILLOS Y BULONES	product_cat
19678	TORNILLOS Y BULONES	product_cat
16719	CERRADURAS TRANCAS Y CANDADOS	product_cat
16721	CERRADURAS TRANCAS Y CANDADOS	product_cat
16738	CERRADURAS TRANCAS Y CANDADOS	product_cat
16829	CERRADURAS TRANCAS Y CANDADOS	product_cat
16833	CERRADURAS TRANCAS Y CANDADOS	product_cat
16839	CERRADURAS TRANCAS Y CANDADOS	product_cat
16840	CERRADURAS TRANCAS Y CANDADOS	product_cat
16841	CERRADURAS TRANCAS Y CANDADOS	product_cat
16906	CERRADURAS TRANCAS Y CANDADOS	product_cat
16942	CERRADURAS TRANCAS Y CANDADOS	product_cat
16990	CERRADURAS TRANCAS Y CANDADOS	product_cat
17008	CERRADURAS TRANCAS Y CANDADOS	product_cat
17009	CERRADURAS TRANCAS Y CANDADOS	product_cat
17025	CERRADURAS TRANCAS Y CANDADOS	product_cat
17026	CERRADURAS TRANCAS Y CANDADOS	product_cat
17063	CERRADURAS TRANCAS Y CANDADOS	product_cat
17064	CERRADURAS TRANCAS Y CANDADOS	product_cat
17079	CERRADURAS TRANCAS Y CANDADOS	product_cat
17130	CERRADURAS TRANCAS Y CANDADOS	product_cat
17161	CERRADURAS TRANCAS Y CANDADOS	product_cat
17162	CERRADURAS TRANCAS Y CANDADOS	product_cat
17171	CERRADURAS TRANCAS Y CANDADOS	product_cat
17184	CERRADURAS TRANCAS Y CANDADOS	product_cat
17185	CERRADURAS TRANCAS Y CANDADOS	product_cat
17186	CERRADURAS TRANCAS Y CANDADOS	product_cat
17217	CERRADURAS TRANCAS Y CANDADOS	product_cat
17218	CERRADURAS TRANCAS Y CANDADOS	product_cat
17219	CERRADURAS TRANCAS Y CANDADOS	product_cat
17220	CERRADURAS TRANCAS Y CANDADOS	product_cat
17266	CERRADURAS TRANCAS Y CANDADOS	product_cat
17318	CERRADURAS TRANCAS Y CANDADOS	product_cat
17346	CERRADURAS TRANCAS Y CANDADOS	product_cat
17347	CERRADURAS TRANCAS Y CANDADOS	product_cat
17349	CERRADURAS TRANCAS Y CANDADOS	product_cat
17350	CERRADURAS TRANCAS Y CANDADOS	product_cat
17351	CERRADURAS TRANCAS Y CANDADOS	product_cat
17352	CERRADURAS TRANCAS Y CANDADOS	product_cat
17353	CERRADURAS TRANCAS Y CANDADOS	product_cat
17354	CERRADURAS TRANCAS Y CANDADOS	product_cat
17355	CERRADURAS TRANCAS Y CANDADOS	product_cat
17356	CERRADURAS TRANCAS Y CANDADOS	product_cat
17419	CERRADURAS TRANCAS Y CANDADOS	product_cat
17431	CERRADURAS TRANCAS Y CANDADOS	product_cat
17443	CERRADURAS TRANCAS Y CANDADOS	product_cat
17444	CERRADURAS TRANCAS Y CANDADOS	product_cat
17523	CERRADURAS TRANCAS Y CANDADOS	product_cat
17529	CERRADURAS TRANCAS Y CANDADOS	product_cat
17530	CERRADURAS TRANCAS Y CANDADOS	product_cat
17562	CERRADURAS TRANCAS Y CANDADOS	product_cat
17581	CERRADURAS TRANCAS Y CANDADOS	product_cat
17586	CERRADURAS TRANCAS Y CANDADOS	product_cat
17587	CERRADURAS TRANCAS Y CANDADOS	product_cat
17600	CERRADURAS TRANCAS Y CANDADOS	product_cat
17610	CERRADURAS TRANCAS Y CANDADOS	product_cat
17655	CERRADURAS TRANCAS Y CANDADOS	product_cat
17656	CERRADURAS TRANCAS Y CANDADOS	product_cat
17657	CERRADURAS TRANCAS Y CANDADOS	product_cat
17672	CERRADURAS TRANCAS Y CANDADOS	product_cat
17699	CERRADURAS TRANCAS Y CANDADOS	product_cat
17700	CERRADURAS TRANCAS Y CANDADOS	product_cat
17711	CERRADURAS TRANCAS Y CANDADOS	product_cat
17753	CERRADURAS TRANCAS Y CANDADOS	product_cat
17762	CERRADURAS TRANCAS Y CANDADOS	product_cat
17821	CERRADURAS TRANCAS Y CANDADOS	product_cat
17822	CERRADURAS TRANCAS Y CANDADOS	product_cat
17823	CERRADURAS TRANCAS Y CANDADOS	product_cat
17824	CERRADURAS TRANCAS Y CANDADOS	product_cat
17825	CERRADURAS TRANCAS Y CANDADOS	product_cat
17918	CERRADURAS TRANCAS Y CANDADOS	product_cat
17919	CERRADURAS TRANCAS Y CANDADOS	product_cat
18382	CERRADURAS TRANCAS Y CANDADOS	product_cat
18399	CERRADURAS TRANCAS Y CANDADOS	product_cat
18400	CERRADURAS TRANCAS Y CANDADOS	product_cat
18402	CERRADURAS TRANCAS Y CANDADOS	product_cat
18407	CERRADURAS TRANCAS Y CANDADOS	product_cat
18408	CERRADURAS TRANCAS Y CANDADOS	product_cat
18409	CERRADURAS TRANCAS Y CANDADOS	product_cat
18436	CERRADURAS TRANCAS Y CANDADOS	product_cat
18437	CERRADURAS TRANCAS Y CANDADOS	product_cat
18438	CERRADURAS TRANCAS Y CANDADOS	product_cat
18439	CERRADURAS TRANCAS Y CANDADOS	product_cat
18440	CERRADURAS TRANCAS Y CANDADOS	product_cat
18441	CERRADURAS TRANCAS Y CANDADOS	product_cat
18464	CERRADURAS TRANCAS Y CANDADOS	product_cat
18465	CERRADURAS TRANCAS Y CANDADOS	product_cat
18466	CERRADURAS TRANCAS Y CANDADOS	product_cat
18467	CERRADURAS TRANCAS Y CANDADOS	product_cat
18538	CERRADURAS TRANCAS Y CANDADOS	product_cat
18539	CERRADURAS TRANCAS Y CANDADOS	product_cat
18540	CERRADURAS TRANCAS Y CANDADOS	product_cat
18543	CERRADURAS TRANCAS Y CANDADOS	product_cat
18544	CERRADURAS TRANCAS Y CANDADOS	product_cat
18545	CERRADURAS TRANCAS Y CANDADOS	product_cat
18546	CERRADURAS TRANCAS Y CANDADOS	product_cat
18547	CERRADURAS TRANCAS Y CANDADOS	product_cat
18548	CERRADURAS TRANCAS Y CANDADOS	product_cat
18549	CERRADURAS TRANCAS Y CANDADOS	product_cat
18550	CERRADURAS TRANCAS Y CANDADOS	product_cat
18551	CERRADURAS TRANCAS Y CANDADOS	product_cat
18552	CERRADURAS TRANCAS Y CANDADOS	product_cat
18553	CERRADURAS TRANCAS Y CANDADOS	product_cat
18647	CERRADURAS TRANCAS Y CANDADOS	product_cat
18649	CERRADURAS TRANCAS Y CANDADOS	product_cat
18654	CERRADURAS TRANCAS Y CANDADOS	product_cat
18656	CERRADURAS TRANCAS Y CANDADOS	product_cat
18657	CERRADURAS TRANCAS Y CANDADOS	product_cat
18660	CERRADURAS TRANCAS Y CANDADOS	product_cat
18664	CERRADURAS TRANCAS Y CANDADOS	product_cat
18665	CERRADURAS TRANCAS Y CANDADOS	product_cat
19120	CERRADURAS TRANCAS Y CANDADOS	product_cat
19122	CERRADURAS TRANCAS Y CANDADOS	product_cat
19123	CERRADURAS TRANCAS Y CANDADOS	product_cat
19125	CERRADURAS TRANCAS Y CANDADOS	product_cat
19126	CERRADURAS TRANCAS Y CANDADOS	product_cat
19138	CERRADURAS TRANCAS Y CANDADOS	product_cat
19139	CERRADURAS TRANCAS Y CANDADOS	product_cat
19143	CERRADURAS TRANCAS Y CANDADOS	product_cat
19147	CERRADURAS TRANCAS Y CANDADOS	product_cat
19148	CERRADURAS TRANCAS Y CANDADOS	product_cat
19149	CERRADURAS TRANCAS Y CANDADOS	product_cat
19150	CERRADURAS TRANCAS Y CANDADOS	product_cat
19164	CERRADURAS TRANCAS Y CANDADOS	product_cat
19165	CERRADURAS TRANCAS Y CANDADOS	product_cat
19468	CERRADURAS TRANCAS Y CANDADOS	product_cat
19472	CERRADURAS TRANCAS Y CANDADOS	product_cat
19506	CERRADURAS TRANCAS Y CANDADOS	product_cat
19507	CERRADURAS TRANCAS Y CANDADOS	product_cat
19508	CERRADURAS TRANCAS Y CANDADOS	product_cat
19509	CERRADURAS TRANCAS Y CANDADOS	product_cat
19510	CERRADURAS TRANCAS Y CANDADOS	product_cat
19511	CERRADURAS TRANCAS Y CANDADOS	product_cat
19514	CERRADURAS TRANCAS Y CANDADOS	product_cat
19515	CERRADURAS TRANCAS Y CANDADOS	product_cat
19516	CERRADURAS TRANCAS Y CANDADOS	product_cat
19519	CERRADURAS TRANCAS Y CANDADOS	product_cat
19523	CERRADURAS TRANCAS Y CANDADOS	product_cat
19526	CERRADURAS TRANCAS Y CANDADOS	product_cat
19527	CERRADURAS TRANCAS Y CANDADOS	product_cat
19539	CERRADURAS TRANCAS Y CANDADOS	product_cat
19555	CERRADURAS TRANCAS Y CANDADOS	product_cat
19556	CERRADURAS TRANCAS Y CANDADOS	product_cat
19575	CERRADURAS TRANCAS Y CANDADOS	product_cat
19576	CERRADURAS TRANCAS Y CANDADOS	product_cat
19577	CERRADURAS TRANCAS Y CANDADOS	product_cat
19578	CERRADURAS TRANCAS Y CANDADOS	product_cat
19579	CERRADURAS TRANCAS Y CANDADOS	product_cat
19580	CERRADURAS TRANCAS Y CANDADOS	product_cat
19673	ADHESIVOS Y SELLADORES	product_cat
16723	ADHESIVOS Y SELLADORES	product_cat
16776	ADHESIVOS Y SELLADORES	product_cat
16797	ADHESIVOS Y SELLADORES	product_cat
16822	ADHESIVOS Y SELLADORES	product_cat
16911	ADHESIVOS Y SELLADORES	product_cat
16937	ADHESIVOS Y SELLADORES	product_cat
17087	ADHESIVOS Y SELLADORES	product_cat
17128	ADHESIVOS Y SELLADORES	product_cat
17133	ADHESIVOS Y SELLADORES	product_cat
17159	ADHESIVOS Y SELLADORES	product_cat
17169	ADHESIVOS Y SELLADORES	product_cat
17182	ADHESIVOS Y SELLADORES	product_cat
17239	ADHESIVOS Y SELLADORES	product_cat
17258	ADHESIVOS Y SELLADORES	product_cat
17343	ADHESIVOS Y SELLADORES	product_cat
17373	ADHESIVOS Y SELLADORES	product_cat
17398	ADHESIVOS Y SELLADORES	product_cat
17399	ADHESIVOS Y SELLADORES	product_cat
17435	ADHESIVOS Y SELLADORES	product_cat
17521	ADHESIVOS Y SELLADORES	product_cat
17522	ADHESIVOS Y SELLADORES	product_cat
17535	ADHESIVOS Y SELLADORES	product_cat
17582	ADHESIVOS Y SELLADORES	product_cat
17601	ADHESIVOS Y SELLADORES	product_cat
17611	ADHESIVOS Y SELLADORES	product_cat
17643	ADHESIVOS Y SELLADORES	product_cat
17644	ADHESIVOS Y SELLADORES	product_cat
17649	ADHESIVOS Y SELLADORES	product_cat
17668	ADHESIVOS Y SELLADORES	product_cat
17725	ADHESIVOS Y SELLADORES	product_cat
17729	ADHESIVOS Y SELLADORES	product_cat
17734	ADHESIVOS Y SELLADORES	product_cat
17760	ADHESIVOS Y SELLADORES	product_cat
17763	ADHESIVOS Y SELLADORES	product_cat
17769	ADHESIVOS Y SELLADORES	product_cat
17795	ADHESIVOS Y SELLADORES	product_cat
17974	ADHESIVOS Y SELLADORES	product_cat
17975	ADHESIVOS Y SELLADORES	product_cat
17976	ADHESIVOS Y SELLADORES	product_cat
17977	ADHESIVOS Y SELLADORES	product_cat
17983	ADHESIVOS Y SELLADORES	product_cat
17987	ADHESIVOS Y SELLADORES	product_cat
18532	ADHESIVOS Y SELLADORES	product_cat
18638	ADHESIVOS Y SELLADORES	product_cat
18639	ADHESIVOS Y SELLADORES	product_cat
18710	ADHESIVOS Y SELLADORES	product_cat
18711	ADHESIVOS Y SELLADORES	product_cat
18712	ADHESIVOS Y SELLADORES	product_cat
18714	ADHESIVOS Y SELLADORES	product_cat
18715	ADHESIVOS Y SELLADORES	product_cat
18716	ADHESIVOS Y SELLADORES	product_cat
18717	ADHESIVOS Y SELLADORES	product_cat
18736	ADHESIVOS Y SELLADORES	product_cat
18898	ADHESIVOS Y SELLADORES	product_cat
19382	ADHESIVOS Y SELLADORES	product_cat
19404	ADHESIVOS Y SELLADORES	product_cat
19405	ADHESIVOS Y SELLADORES	product_cat
19450	ADHESIVOS Y SELLADORES	product_cat
19467	ADHESIVOS Y SELLADORES	product_cat
19469	ADHESIVOS Y SELLADORES	product_cat
19470	ADHESIVOS Y SELLADORES	product_cat
19471	ADHESIVOS Y SELLADORES	product_cat
19474	ADHESIVOS Y SELLADORES	product_cat
19476	ADHESIVOS Y SELLADORES	product_cat
19477	ADHESIVOS Y SELLADORES	product_cat
19478	ADHESIVOS Y SELLADORES	product_cat
19479	ADHESIVOS Y SELLADORES	product_cat
19480	ADHESIVOS Y SELLADORES	product_cat
19482	ADHESIVOS Y SELLADORES	product_cat
19483	ADHESIVOS Y SELLADORES	product_cat
19522	ADHESIVOS Y SELLADORES	product_cat
16726	Varios	product_cat
17238	Varios	product_cat
7120	ARTICULOS PARA BAÑO	product_cat
7267	ARTICULOS PARA BAÑO	product_cat
7269	ARTICULOS PARA BAÑO	product_cat
16730	ARTICULOS PARA BAÑO	product_cat
16731	ARTICULOS PARA BAÑO	product_cat
16732	ARTICULOS PARA BAÑO	product_cat
16902	ARTICULOS PARA BAÑO	product_cat
16992	ARTICULOS PARA BAÑO	product_cat
17060	ARTICULOS PARA BAÑO	product_cat
17094	ARTICULOS PARA BAÑO	product_cat
17183	ARTICULOS PARA BAÑO	product_cat
17250	ARTICULOS PARA BAÑO	product_cat
17269	ARTICULOS PARA BAÑO	product_cat
17445	ARTICULOS PARA BAÑO	product_cat
17484	ARTICULOS PARA BAÑO	product_cat
17485	ARTICULOS PARA BAÑO	product_cat
17486	ARTICULOS PARA BAÑO	product_cat
17487	ARTICULOS PARA BAÑO	product_cat
17488	ARTICULOS PARA BAÑO	product_cat
17489	ARTICULOS PARA BAÑO	product_cat
17759	ARTICULOS PARA BAÑO	product_cat
17856	ARTICULOS PARA BAÑO	product_cat
17857	ARTICULOS PARA BAÑO	product_cat
17864	ARTICULOS PARA BAÑO	product_cat
18270	ARTICULOS PARA BAÑO	product_cat
18314	ARTICULOS PARA BAÑO	product_cat
18315	ARTICULOS PARA BAÑO	product_cat
18316	ARTICULOS PARA BAÑO	product_cat
18355	ARTICULOS PARA BAÑO	product_cat
18410	ARTICULOS PARA BAÑO	product_cat
18584	ARTICULOS PARA BAÑO	product_cat
18585	ARTICULOS PARA BAÑO	product_cat
18859	ARTICULOS PARA BAÑO	product_cat
18940	ARTICULOS PARA BAÑO	product_cat
18974	ARTICULOS PARA BAÑO	product_cat
18978	ARTICULOS PARA BAÑO	product_cat
18979	ARTICULOS PARA BAÑO	product_cat
18980	ARTICULOS PARA BAÑO	product_cat
18981	ARTICULOS PARA BAÑO	product_cat
18984	ARTICULOS PARA BAÑO	product_cat
18986	ARTICULOS PARA BAÑO	product_cat
18989	ARTICULOS PARA BAÑO	product_cat
19005	ARTICULOS PARA BAÑO	product_cat
19043	ARTICULOS PARA BAÑO	product_cat
19101	ARTICULOS PARA BAÑO	product_cat
19146	ARTICULOS PARA BAÑO	product_cat
19271	ARTICULOS PARA BAÑO	product_cat
19273	ARTICULOS PARA BAÑO	product_cat
19274	ARTICULOS PARA BAÑO	product_cat
19277	ARTICULOS PARA BAÑO	product_cat
19278	ARTICULOS PARA BAÑO	product_cat
19279	ARTICULOS PARA BAÑO	product_cat
19280	ARTICULOS PARA BAÑO	product_cat
19281	ARTICULOS PARA BAÑO	product_cat
19314	ARTICULOS PARA BAÑO	product_cat
19320	ARTICULOS PARA BAÑO	product_cat
19321	ARTICULOS PARA BAÑO	product_cat
19484	ARTICULOS PARA BAÑO	product_cat
19485	ARTICULOS PARA BAÑO	product_cat
19486	ARTICULOS PARA BAÑO	product_cat
19487	ARTICULOS PARA BAÑO	product_cat
19488	ARTICULOS PARA BAÑO	product_cat
19489	ARTICULOS PARA BAÑO	product_cat
19490	ARTICULOS PARA BAÑO	product_cat
19491	ARTICULOS PARA BAÑO	product_cat
19492	ARTICULOS PARA BAÑO	product_cat
19493	ARTICULOS PARA BAÑO	product_cat
19494	ARTICULOS PARA BAÑO	product_cat
19495	ARTICULOS PARA BAÑO	product_cat
19496	ARTICULOS PARA BAÑO	product_cat
19501	ARTICULOS PARA BAÑO	product_cat
19502	ARTICULOS PARA BAÑO	product_cat
19517	ARTICULOS PARA BAÑO	product_cat
19518	ARTICULOS PARA BAÑO	product_cat
19520	ARTICULOS PARA BAÑO	product_cat
19524	ARTICULOS PARA BAÑO	product_cat
19525	ARTICULOS PARA BAÑO	product_cat
19545	ARTICULOS PARA BAÑO	product_cat
19546	ARTICULOS PARA BAÑO	product_cat
19547	ARTICULOS PARA BAÑO	product_cat
19548	ARTICULOS PARA BAÑO	product_cat
19552	ARTICULOS PARA BAÑO	product_cat
19553	ARTICULOS PARA BAÑO	product_cat
19559	ARTICULOS PARA BAÑO	product_cat
19563	ARTICULOS PARA BAÑO	product_cat
19564	ARTICULOS PARA BAÑO	product_cat
19565	ARTICULOS PARA BAÑO	product_cat
19566	ARTICULOS PARA BAÑO	product_cat
13228	ARTICULOS PARA BAÑO	product_cat
16735	Bandejas	product_cat
17260	Bandejas	product_cat
17897	Bandejas	product_cat
18890	Bandejas	product_cat
18893	Bandejas	product_cat
16740	DISCOS	product_cat
16744	DISCOS	product_cat
16779	DISCOS	product_cat
16795	DISCOS	product_cat
16806	DISCOS	product_cat
16876	DISCOS	product_cat
16884	DISCOS	product_cat
16885	DISCOS	product_cat
16886	DISCOS	product_cat
16890	DISCOS	product_cat
16956	DISCOS	product_cat
16962	DISCOS	product_cat
16986	DISCOS	product_cat
17000	DISCOS	product_cat
17001	DISCOS	product_cat
17013	DISCOS	product_cat
17101	DISCOS	product_cat
17102	DISCOS	product_cat
17103	DISCOS	product_cat
17163	DISCOS	product_cat
17191	DISCOS	product_cat
17241	DISCOS	product_cat
17242	DISCOS	product_cat
17243	DISCOS	product_cat
17244	DISCOS	product_cat
17255	DISCOS	product_cat
17256	DISCOS	product_cat
17257	DISCOS	product_cat
17344	DISCOS	product_cat
17345	DISCOS	product_cat
17496	DISCOS	product_cat
17554	DISCOS	product_cat
17652	DISCOS	product_cat
17653	DISCOS	product_cat
17654	DISCOS	product_cat
17703	DISCOS	product_cat
17755	DISCOS	product_cat
17826	DISCOS	product_cat
17909	DISCOS	product_cat
17910	DISCOS	product_cat
17923	DISCOS	product_cat
18687	DISCOS	product_cat
18688	DISCOS	product_cat
18719	DISCOS	product_cat
18720	DISCOS	product_cat
18722	DISCOS	product_cat
18729	DISCOS	product_cat
18730	DISCOS	product_cat
18731	DISCOS	product_cat
18733	DISCOS	product_cat
18734	DISCOS	product_cat
18735	DISCOS	product_cat
18737	DISCOS	product_cat
18738	DISCOS	product_cat
18739	DISCOS	product_cat
18740	DISCOS	product_cat
18741	DISCOS	product_cat
18743	DISCOS	product_cat
18744	DISCOS	product_cat
18745	DISCOS	product_cat
18746	DISCOS	product_cat
18747	DISCOS	product_cat
18748	DISCOS	product_cat
18750	DISCOS	product_cat
18751	DISCOS	product_cat
18752	DISCOS	product_cat
18753	DISCOS	product_cat
18763	DISCOS	product_cat
18764	DISCOS	product_cat
18765	DISCOS	product_cat
18766	DISCOS	product_cat
18767	DISCOS	product_cat
18769	DISCOS	product_cat
18772	DISCOS	product_cat
18774	DISCOS	product_cat
18776	DISCOS	product_cat
18780	DISCOS	product_cat
18781	DISCOS	product_cat
18782	DISCOS	product_cat
18783	DISCOS	product_cat
18784	DISCOS	product_cat
18785	DISCOS	product_cat
18786	DISCOS	product_cat
18788	DISCOS	product_cat
18790	DISCOS	product_cat
18798	DISCOS	product_cat
18799	DISCOS	product_cat
18802	DISCOS	product_cat
18803	DISCOS	product_cat
18804	DISCOS	product_cat
18805	DISCOS	product_cat
18806	DISCOS	product_cat
18807	DISCOS	product_cat
18808	DISCOS	product_cat
18809	DISCOS	product_cat
18810	DISCOS	product_cat
18811	DISCOS	product_cat
18812	DISCOS	product_cat
18813	DISCOS	product_cat
18814	DISCOS	product_cat
19251	DISCOS	product_cat
19379	DISCOS	product_cat
19380	DISCOS	product_cat
19384	DISCOS	product_cat
16742	CABLES	product_cat
16856	CABLES	product_cat
16857	CABLES	product_cat
16892	CABLES	product_cat
17246	CABLES	product_cat
17247	CABLES	product_cat
17253	CABLES	product_cat
17305	CABLES	product_cat
17306	CABLES	product_cat
17359	CABLES	product_cat
17360	CABLES	product_cat
17361	CABLES	product_cat
17362	CABLES	product_cat
17363	CABLES	product_cat
17466	CABLES	product_cat
17559	CABLES	product_cat
17560	CABLES	product_cat
18289	CABLES	product_cat
18290	CABLES	product_cat
18291	CABLES	product_cat
18292	CABLES	product_cat
18293	CABLES	product_cat
18412	CABLES	product_cat
18416	CABLES	product_cat
18417	CABLES	product_cat
18421	CABLES	product_cat
18422	CABLES	product_cat
19437	CABLES	product_cat
16746	Clavos	product_cat
16775	Clavos	product_cat
16963	Clavos	product_cat
16978	Clavos	product_cat
17701	Clavos	product_cat
16747	HERRAJES Y TIRADORES	product_cat
16748	HERRAJES Y TIRADORES	product_cat
16838	HERRAJES Y TIRADORES	product_cat
16952	HERRAJES Y TIRADORES	product_cat
16957	HERRAJES Y TIRADORES	product_cat
17027	HERRAJES Y TIRADORES	product_cat
17028	HERRAJES Y TIRADORES	product_cat
17189	HERRAJES Y TIRADORES	product_cat
17190	HERRAJES Y TIRADORES	product_cat
17411	HERRAJES Y TIRADORES	product_cat
17412	HERRAJES Y TIRADORES	product_cat
17420	HERRAJES Y TIRADORES	product_cat
17447	HERRAJES Y TIRADORES	product_cat
17510	HERRAJES Y TIRADORES	product_cat
17532	HERRAJES Y TIRADORES	product_cat
17620	HERRAJES Y TIRADORES	product_cat
17621	HERRAJES Y TIRADORES	product_cat
17622	HERRAJES Y TIRADORES	product_cat
17623	HERRAJES Y TIRADORES	product_cat
17713	HERRAJES Y TIRADORES	product_cat
17714	HERRAJES Y TIRADORES	product_cat
17715	HERRAJES Y TIRADORES	product_cat
17716	HERRAJES Y TIRADORES	product_cat
17717	HERRAJES Y TIRADORES	product_cat
17718	HERRAJES Y TIRADORES	product_cat
17719	HERRAJES Y TIRADORES	product_cat
17720	HERRAJES Y TIRADORES	product_cat
17929	HERRAJES Y TIRADORES	product_cat
17959	HERRAJES Y TIRADORES	product_cat
17960	HERRAJES Y TIRADORES	product_cat
17961	HERRAJES Y TIRADORES	product_cat
17962	HERRAJES Y TIRADORES	product_cat
17963	HERRAJES Y TIRADORES	product_cat
17964	HERRAJES Y TIRADORES	product_cat
18328	HERRAJES Y TIRADORES	product_cat
18361	HERRAJES Y TIRADORES	product_cat
18367	HERRAJES Y TIRADORES	product_cat
18368	HERRAJES Y TIRADORES	product_cat
18369	HERRAJES Y TIRADORES	product_cat
18370	HERRAJES Y TIRADORES	product_cat
18371	HERRAJES Y TIRADORES	product_cat
18372	HERRAJES Y TIRADORES	product_cat
18373	HERRAJES Y TIRADORES	product_cat
19231	HERRAJES Y TIRADORES	product_cat
19232	HERRAJES Y TIRADORES	product_cat
19233	HERRAJES Y TIRADORES	product_cat
19544	HERRAJES Y TIRADORES	product_cat
19665	HERRAJES Y TIRADORES	product_cat
16772	ALAMBRES	product_cat
17337	ALAMBRES	product_cat
16791	CAJAS Y TABLEROS	product_cat
16792	CAJAS Y TABLEROS	product_cat
16909	CAJAS Y TABLEROS	product_cat
17021	CAJAS Y TABLEROS	product_cat
17307	CAJAS Y TABLEROS	product_cat
17308	CAJAS Y TABLEROS	product_cat
17572	CAJAS Y TABLEROS	product_cat
17838	CAJAS Y TABLEROS	product_cat
17839	CAJAS Y TABLEROS	product_cat
17907	CAJAS Y TABLEROS	product_cat
18002	CAJAS Y TABLEROS	product_cat
18003	CAJAS Y TABLEROS	product_cat
18004	CAJAS Y TABLEROS	product_cat
18022	CAJAS Y TABLEROS	product_cat
18030	CAJAS Y TABLEROS	product_cat
18031	CAJAS Y TABLEROS	product_cat
18032	CAJAS Y TABLEROS	product_cat
18033	CAJAS Y TABLEROS	product_cat
18046	CAJAS Y TABLEROS	product_cat
18047	CAJAS Y TABLEROS	product_cat
18050	CAJAS Y TABLEROS	product_cat
18073	CAJAS Y TABLEROS	product_cat
18074	CAJAS Y TABLEROS	product_cat
18413	CAJAS Y TABLEROS	product_cat
18414	CAJAS Y TABLEROS	product_cat
18415	CAJAS Y TABLEROS	product_cat
18418	CAJAS Y TABLEROS	product_cat
18419	CAJAS Y TABLEROS	product_cat
18423	CAJAS Y TABLEROS	product_cat
18424	CAJAS Y TABLEROS	product_cat
18425	CAJAS Y TABLEROS	product_cat
18426	CAJAS Y TABLEROS	product_cat
18427	CAJAS Y TABLEROS	product_cat
19419	CAJAS Y TABLEROS	product_cat
19420	CAJAS Y TABLEROS	product_cat
19421	CAJAS Y TABLEROS	product_cat
16796	IMPERMEABILIZANTES	product_cat
17400	IMPERMEABILIZANTES	product_cat
17401	IMPERMEABILIZANTES	product_cat
17740	IMPERMEABILIZANTES	product_cat
18662	IMPERMEABILIZANTES	product_cat
16820	ALARGUES	product_cat
17004	ALARGUES	product_cat
17005	ALARGUES	product_cat
17006	ALARGUES	product_cat
17194	ALARGUES	product_cat
17259	ALARGUES	product_cat
17265	ALARGUES	product_cat
17394	ALARGUES	product_cat
17410	ALARGUES	product_cat
17574	ALARGUES	product_cat
17575	ALARGUES	product_cat
17707	ALARGUES	product_cat
17728	ALARGUES	product_cat
17735	ALARGUES	product_cat
17736	ALARGUES	product_cat
17737	ALARGUES	product_cat
17761	ALARGUES	product_cat
17832	ALARGUES	product_cat
17833	ALARGUES	product_cat
18006	ALARGUES	product_cat
18007	ALARGUES	product_cat
18008	ALARGUES	product_cat
18706	ALARGUES	product_cat
18707	ALARGUES	product_cat
18708	ALARGUES	product_cat
18709	ALARGUES	product_cat
19095	ALARGUES	product_cat
19096	ALARGUES	product_cat
19097	ALARGUES	product_cat
16849	HERRAMIENTAS PARA JARDIN	product_cat
16852	HERRAMIENTAS PARA JARDIN	product_cat
17085	HERRAMIENTAS PARA JARDIN	product_cat
17086	HERRAMIENTAS PARA JARDIN	product_cat
17164	HERRAMIENTAS PARA JARDIN	product_cat
17476	HERRAMIENTAS PARA JARDIN	product_cat
17697	HERRAMIENTAS PARA JARDIN	product_cat
17775	HERRAMIENTAS PARA JARDIN	product_cat
17859	HERRAMIENTAS PARA JARDIN	product_cat
17869	HERRAMIENTAS PARA JARDIN	product_cat
17870	HERRAMIENTAS PARA JARDIN	product_cat
17888	HERRAMIENTAS PARA JARDIN	product_cat
17889	HERRAMIENTAS PARA JARDIN	product_cat
17890	HERRAMIENTAS PARA JARDIN	product_cat
17891	HERRAMIENTAS PARA JARDIN	product_cat
17892	HERRAMIENTAS PARA JARDIN	product_cat
17893	HERRAMIENTAS PARA JARDIN	product_cat
19042	HERRAMIENTAS PARA JARDIN	product_cat
19044	HERRAMIENTAS PARA JARDIN	product_cat
19045	HERRAMIENTAS PARA JARDIN	product_cat
19046	HERRAMIENTAS PARA JARDIN	product_cat
19048	HERRAMIENTAS PARA JARDIN	product_cat
19049	HERRAMIENTAS PARA JARDIN	product_cat
19051	HERRAMIENTAS PARA JARDIN	product_cat
19052	HERRAMIENTAS PARA JARDIN	product_cat
19053	HERRAMIENTAS PARA JARDIN	product_cat
19257	HERRAMIENTAS PARA JARDIN	product_cat
19645	HERRAMIENTAS PARA JARDIN	product_cat
19646	HERRAMIENTAS PARA JARDIN	product_cat
19647	HERRAMIENTAS PARA JARDIN	product_cat
16862	LIMPIEZA DEL HOGAR	product_cat
16930	LIMPIEZA DEL HOGAR	product_cat
16994	LIMPIEZA DEL HOGAR	product_cat
17089	LIMPIEZA DEL HOGAR	product_cat
17517	LIMPIEZA DEL HOGAR	product_cat
17947	LIMPIEZA DEL HOGAR	product_cat
17950	LIMPIEZA DEL HOGAR	product_cat
17982	LIMPIEZA DEL HOGAR	product_cat
16875	HERRAMIENTAS DE MANO	product_cat
16895	HERRAMIENTAS DE MANO	product_cat
16919	HERRAMIENTAS DE MANO	product_cat
17132	HERRAMIENTAS DE MANO	product_cat
17180	HERRAMIENTAS DE MANO	product_cat
17229	HERRAMIENTAS DE MANO	product_cat
17391	HERRAMIENTAS DE MANO	product_cat
17646	HERRAMIENTAS DE MANO	product_cat
17730	HERRAMIENTAS DE MANO	product_cat
17749	HERRAMIENTAS DE MANO	product_cat
17765	HERRAMIENTAS DE MANO	product_cat
17781	HERRAMIENTAS DE MANO	product_cat
17790	HERRAMIENTAS DE MANO	product_cat
17791	HERRAMIENTAS DE MANO	product_cat
17840	HERRAMIENTAS DE MANO	product_cat
17841	HERRAMIENTAS DE MANO	product_cat
17873	HERRAMIENTAS DE MANO	product_cat
17874	HERRAMIENTAS DE MANO	product_cat
18323	HERRAMIENTAS DE MANO	product_cat
18623	HERRAMIENTAS DE MANO	product_cat
18891	HERRAMIENTAS DE MANO	product_cat
16877	MECHAS	product_cat
17090	LIJAS	product_cat
16882	HERRAMIENTAS ELECTRICAS	product_cat
16883	HERRAMIENTAS ELECTRICAS	product_cat
16896	HERRAMIENTAS ELECTRICAS	product_cat
16897	HERRAMIENTAS ELECTRICAS	product_cat
17117	HERRAMIENTAS ELECTRICAS	product_cat
17442	HERRAMIENTAS ELECTRICAS	product_cat
17726	HERRAMIENTAS ELECTRICAS	product_cat
17727	HERRAMIENTAS ELECTRICAS	product_cat
17774	HERRAMIENTAS ELECTRICAS	product_cat
17804	HERRAMIENTAS ELECTRICAS	product_cat
17805	HERRAMIENTAS ELECTRICAS	product_cat
17934	HERRAMIENTAS ELECTRICAS	product_cat
17968	HERRAMIENTAS ELECTRICAS	product_cat
19160	HERRAMIENTAS ELECTRICAS	product_cat
19161	HERRAMIENTAS ELECTRICAS	product_cat
16903	ILUMINACION	product_cat
17022	ILUMINACION	product_cat
17369	ILUMINACION	product_cat
17370	ILUMINACION	product_cat
17371	ILUMINACION	product_cat
19643	ILUMINACION	product_cat
16959	CANILLAS	product_cat
17053	CANILLAS	product_cat
17106	CANILLAS	product_cat
19151	CANILLAS	product_cat
19568	CANILLAS	product_cat
19569	CANILLAS	product_cat
19570	CANILLAS	product_cat
19571	CANILLAS	product_cat
19572	CANILLAS	product_cat
19573	CANILLAS	product_cat
19574	CANILLAS	product_cat
17045	LINTERNAS	product_cat
17096	LINTERNAS	product_cat
17970	LINTERNAS	product_cat
17107	LONAS	product_cat
17309	Acidos	product_cat
17426	Acidos	product_cat
19154	Acidos	product_cat
17647	ESCALERAS	product_cat
18298	ESCALERAS	product_cat
18689	ESCALERAS	product_cat
19162	ESCALERAS	product_cat
19178	ESCALERAS	product_cat
17705	INSECTICIDAS	product_cat
17844	INSECTICIDAS	product_cat
18144	INSECTICIDAS	product_cat
17732	PINTURA EN AEROSOL	product_cat
17733	PINTURA EN AEROSOL	product_cat
18239	PINTURA EN AEROSOL	product_cat
19155	PINTURA EN AEROSOL	product_cat
17741	Diluyentes	product_cat
18679	Diluyentes	product_cat
19152	Diluyentes	product_cat
17881	BULONES DE EXPANSION	product_cat
17894	Pinceles	product_cat
17895	Pinceles	product_cat
18651	Pinceles	product_cat
18652	Pinceles	product_cat
18875	Pinceles	product_cat
18988	REPUESTOS PARA MONOCOMANDOS Y CANILLAS	product_cat
19153	Alcoholes	product_cat
19349	Barnices	product_cat
19353	Protectores	product_cat
4830	LUMI	product_brand
19671	LUMI-PRO	product_brand
19673	HOMEY	product_brand

