ID	guid
374	https://drfuri-demo-images.s3-us-west-1.amazonaws.com/martfury/auto_parts/images/mr-maker-map.png
444	https://drfuri-demo-images.s3-us-west-1.amazonaws.com/martfury/auto_parts/images/p6.jpg
1878	https://drfuri-demo-images.s3-us-west-1.amazonaws.com/martfury/auto_parts/images/b10.jpg
2597	https://drfuri-demo-images.s3-us-west-1.amazonaws.com/martfury/auto_parts/images/favi.png
2618	https://drfuri-demo-images.s3-us-west-1.amazonaws.com/martfury/auto_parts/images/bn4.jpg
2865	http://chromium.themes.zone/toolshop/wp-content/uploads/sites/14/2018/05/absorber-1.jpg
2867	http://chromium.themes.zone/toolshop/wp-content/uploads/sites/14/2018/05/body-grill-1.jpg
2868	http://chromium.themes.zone/toolshop/wp-content/uploads/sites/14/2018/05/bumper-1.jpg
2874	http://chromium.themes.zone/toolshop/wp-content/uploads/sites/14/2018/05/dumper-1.jpg
2875	http://chromium.themes.zone/toolshop/wp-content/uploads/sites/14/2018/05/engine-1.jpg
2876	http://chromium.themes.zone/toolshop/wp-content/uploads/sites/14/2018/05/engine_parts-1.jpg
2877	http://chromium.themes.zone/toolshop/wp-content/uploads/sites/14/2018/05/freeimage-18353825-web-1.jpg
2878	http://chromium.themes.zone/toolshop/wp-content/uploads/sites/14/2018/05/freeimage-18876309-web-1.jpg
2879	http://chromium.themes.zone/toolshop/wp-content/uploads/sites/14/2018/05/freeimage-25530375-web-1.jpg
2881	http://chromium.themes.zone/toolshop/wp-content/uploads/sites/14/2018/05/gallery-large-01-1.jpg
2882	http://chromium.themes.zone/toolshop/wp-content/uploads/sites/14/2018/05/installation-parts-1.jpg
2884	http://chromium.themes.zone/toolshop/wp-content/uploads/sites/14/2018/05/mirrors-1.jpg
2886	http://chromium.themes.zone/toolshop/wp-content/uploads/sites/14/2018/05/stereos-1.jpg
2887	http://chromium.themes.zone/toolshop/wp-content/uploads/sites/14/2018/05/subwoofer-1.jpg
2888	http://chromium.themes.zone/toolshop/wp-content/uploads/sites/14/2018/05/suspension3-1.jpg
2889	http://chromium.themes.zone/toolshop/wp-content/uploads/sites/14/2018/05/videoplayer-1.jpg
2890	http://chromium.themes.zone/toolshop/wp-content/uploads/sites/14/2018/05/wheel-alloy-car-1.jpg
2891	http://chromium.themes.zone/toolshop/wp-content/uploads/sites/14/2018/05/wheel-2.jpg
2892	http://chromium.themes.zone/toolshop/wp-content/uploads/sites/14/2018/05/absorber2-1.jpg
2893	http://chromium.themes.zone/toolshop/wp-content/uploads/sites/14/2018/05/absorber3-1.jpg
2894	http://chromium.themes.zone/toolshop/wp-content/uploads/sites/14/2018/05/absorber4-1.jpg
2895	http://chromium.themes.zone/toolshop/wp-content/uploads/sites/14/2018/05/airfilter-1.jpg
2896	http://chromium.themes.zone/toolshop/wp-content/uploads/sites/14/2018/05/airfilter2-1.jpg
2897	http://chromium.themes.zone/toolshop/wp-content/uploads/sites/14/2018/05/airfilter3-1.jpg
2898	http://chromium.themes.zone/toolshop/wp-content/uploads/sites/14/2018/05/airfilter4-1.jpg
2899	http://chromium.themes.zone/toolshop/wp-content/uploads/sites/14/2018/05/airfilter5-1.jpg
2900	http://chromium.themes.zone/toolshop/wp-content/uploads/sites/14/2018/05/brake-1.jpg
2901	http://chromium.themes.zone/toolshop/wp-content/uploads/sites/14/2018/05/brake2-1.jpg
2902	http://chromium.themes.zone/toolshop/wp-content/uploads/sites/14/2018/05/brake3-1.jpg
2903	http://chromium.themes.zone/toolshop/wp-content/uploads/sites/14/2018/05/carlight-1.jpg
2904	http://chromium.themes.zone/toolshop/wp-content/uploads/sites/14/2018/05/carlight2-1.jpg
2905	http://chromium.themes.zone/toolshop/wp-content/uploads/sites/14/2018/05/decorative-1.jpg
2906	http://chromium.themes.zone/toolshop/wp-content/uploads/sites/14/2018/05/decorative2-1.jpg
2907	http://chromium.themes.zone/toolshop/wp-content/uploads/sites/14/2018/05/decorative3-1.jpg
2909	http://chromium.themes.zone/toolshop/wp-content/uploads/sites/14/2018/05/decorative5-1.jpg
2910	http://chromium.themes.zone/toolshop/wp-content/uploads/sites/14/2018/05/decorative6-1.jpg
2911	http://chromium.themes.zone/toolshop/wp-content/uploads/sites/14/2018/05/grm-1.jpg
2912	http://chromium.themes.zone/toolshop/wp-content/uploads/sites/14/2018/05/grm2-1.jpg
2913	http://chromium.themes.zone/toolshop/wp-content/uploads/sites/14/2018/05/grm3-1.jpg
2914	http://chromium.themes.zone/toolshop/wp-content/uploads/sites/14/2018/05/led-1.jpg
2915	http://chromium.themes.zone/toolshop/wp-content/uploads/sites/14/2018/05/led2-1.jpg
2916	http://chromium.themes.zone/toolshop/wp-content/uploads/sites/14/2018/05/led3-1.jpg
2917	http://chromium.themes.zone/toolshop/wp-content/uploads/sites/14/2018/05/light-holder-1.jpg
2918	http://chromium.themes.zone/toolshop/wp-content/uploads/sites/14/2018/05/light-holder2-1.jpg
2919	http://chromium.themes.zone/toolshop/wp-content/uploads/sites/14/2018/05/light-holder3-1.jpg
2920	http://chromium.themes.zone/toolshop/wp-content/uploads/sites/14/2018/05/mirror-1.jpg
2921	http://chromium.themes.zone/toolshop/wp-content/uploads/sites/14/2018/05/mirror2-1.jpg
2922	http://chromium.themes.zone/toolshop/wp-content/uploads/sites/14/2018/05/oilfilter-1.jpg
2923	http://chromium.themes.zone/toolshop/wp-content/uploads/sites/14/2018/05/oilfilter2-1.jpg
2924	http://chromium.themes.zone/toolshop/wp-content/uploads/sites/14/2018/05/oilfilter3-1.jpg
2925	http://chromium.themes.zone/toolshop/wp-content/uploads/sites/14/2018/05/oilfilter4-1.jpg
2926	http://chromium.themes.zone/toolshop/wp-content/uploads/sites/14/2018/05/oilfilter5-1.jpg
2927	http://chromium.themes.zone/toolshop/wp-content/uploads/sites/14/2018/05/oilled-1.jpg
2928	http://chromium.themes.zone/toolshop/wp-content/uploads/sites/14/2018/05/oilled2-1.jpg
2929	http://chromium.themes.zone/toolshop/wp-content/uploads/sites/14/2018/05/oilled3-1.jpg
2930	http://chromium.themes.zone/toolshop/wp-content/uploads/sites/14/2018/05/serviceparts-1.jpg
2931	http://chromium.themes.zone/toolshop/wp-content/uploads/sites/14/2018/05/wheel-1-1.jpg
2932	http://chromium.themes.zone/toolshop/wp-content/uploads/sites/14/2018/05/autobodyparts-1.png
2933	http://chromium.themes.zone/toolshop/wp-content/uploads/sites/14/2018/05/lighting-1.png
2934	http://chromium.themes.zone/toolshop/wp-content/uploads/sites/14/2018/05/performance-1.png
2935	http://chromium.themes.zone/toolshop/wp-content/uploads/sites/14/2018/05/repair-parts-1.png
2937	http://chromium.themes.zone/toolshop/wp-content/uploads/sites/14/2018/05/wheel-set-1.png
2938	http://chromium.themes.zone/toolshop/wp-content/uploads/sites/14/2018/05/charger-bg-1.png
2939	http://chromium.themes.zone/toolshop/wp-content/uploads/sites/14/2018/05/Chromium_Home_2-1.png
2940	http://chromium.themes.zone/toolshop/wp-content/uploads/sites/14/2018/05/replacement-3121852_1920-1.jpg
2941	http://chromium.themes.zone/toolshop/wp-content/uploads/sites/14/2018/05/sale-product-new.png
2942	http://chromium.themes.zone/toolshop/wp-content/uploads/sites/14/2018/05/lug-nuts-1-1.jpg
2943	http://chromium.themes.zone/toolshop/wp-content/uploads/sites/14/2018/05/Logotype_big-1.png
2944	http://chromium.themes.zone/toolshop/wp-content/uploads/sites/14/2018/05/cropped-Logotype_big-1.png
2953	http://chromium.themes.zone/toolshop/wp-content/uploads/sites/14/2018/05/delivery-truck-2-1.png
2954	http://chromium.themes.zone/toolshop/wp-content/uploads/sites/14/2018/05/medal-1.png
2955	http://chromium.themes.zone/toolshop/wp-content/uploads/sites/14/2018/05/shield-1.png
2962	http://chromium.themes.zone/toolshop/wp-content/uploads/sites/14/2018/05/delivery-truck-1-1.png
2963	http://chromium.themes.zone/toolshop/wp-content/uploads/sites/14/2018/05/gift-1-1.png
2964	http://chromium.themes.zone/toolshop/wp-content/uploads/sites/14/2018/05/reload-1-1.png
2965	http://chromium.themes.zone/toolshop/wp-content/uploads/sites/14/2018/05/wallet-1-1.png
2972	http://chromium.themes.zone/toolshop/wp-content/uploads/sites/14/2018/05/member1-1.jpeg
2973	http://chromium.themes.zone/toolshop/wp-content/uploads/sites/14/2018/05/member2-1.jpeg
2974	http://chromium.themes.zone/toolshop/wp-content/uploads/sites/14/2018/05/member3-1.jpeg
2975	http://chromium.themes.zone/toolshop/wp-content/uploads/sites/14/2018/05/member4-1.jpeg
2980	http://chromium.themes.zone/toolshop/wp-content/uploads/sites/14/2017/12/automobile-black-and-white-bmw-929006-1.jpg
2981	http://chromium.themes.zone/toolshop/wp-content/uploads/sites/14/2017/12/black-bmw-car-21011-1.jpg
2982	http://chromium.themes.zone/toolshop/wp-content/uploads/sites/14/2017/12/bmw-suv-all-terrain-vehicle-fog-89784-1-1.jpeg
2984	http://chromium.themes.zone/toolshop/wp-content/uploads/sites/14/2017/12/bmw-suv-all-terrain-vehicle-fog-89784-1-1.jpeg
2983	http://chromium.themes.zone/toolshop/wp-content/uploads/sites/14/2017/12/car-2176954_1920-1.jpg
2986	http://chromium.themes.zone/toolshop/wp-content/uploads/sites/14/2017/12/car-2176954_1920-1.jpg
2985	http://chromium.themes.zone/toolshop/wp-content/uploads/sites/14/2017/12/car-audi-auto-automotive-38637-1-1.jpeg
2987	http://chromium.themes.zone/toolshop/wp-content/uploads/sites/14/2017/12/car-audi-auto-automotive-38637-1-1.jpeg
2988	http://chromium.themes.zone/toolshop/wp-content/uploads/sites/14/2017/12/car-engine-motor-clean-customized-159293-1.jpeg
2990	http://chromium.themes.zone/toolshop/wp-content/uploads/sites/14/2017/12/car-engine-motor-clean-customized-159293-1.jpeg
2989	http://chromium.themes.zone/toolshop/wp-content/uploads/sites/14/2017/12/car-exhaust-1902909_1920-1.jpg
2994	http://chromium.themes.zone/toolshop/wp-content/uploads/sites/14/2017/12/car-exhaust-1902909_1920-1.jpg
2995	http://chromium.themes.zone/toolshop/wp-content/uploads/sites/14/2017/12/ford-1730889_1920-1.jpg
2991	http://chromium.themes.zone/toolshop/wp-content/uploads/sites/14/2017/12/ford-classic-car-automobile-car-47358-1.jpeg
2992	http://chromium.themes.zone/toolshop/wp-content/uploads/sites/14/2017/12/mountain-road-1556177_1920-1.jpg
2993	http://chromium.themes.zone/toolshop/wp-content/uploads/sites/14/2017/12/mustang-track-car-wallpaper-1.jpg
2997	http://chromium.themes.zone/toolshop/wp-content/uploads/sites/14/2017/12/pexels-photo-63705-1.jpeg
2996	http://chromium.themes.zone/toolshop/wp-content/uploads/sites/14/2017/12/pexels-photo-70912-1.jpeg
2999	http://chromium.themes.zone/toolshop/wp-content/uploads/sites/14/2017/12/pexels-photo-70912-1.jpeg
2998	http://chromium.themes.zone/toolshop/wp-content/uploads/sites/14/2017/12/pexels-photo-149387-1.jpeg
3000	http://chromium.themes.zone/toolshop/wp-content/uploads/sites/14/2017/12/pexels-photo-149387-1.jpeg
3001	http://chromium.themes.zone/toolshop/wp-content/uploads/sites/14/2017/12/pexels-photo-170811-1.jpeg
3002	http://chromium.themes.zone/toolshop/wp-content/uploads/sites/14/2017/12/pexels-photo-170813-1.jpeg
3003	http://chromium.themes.zone/toolshop/wp-content/uploads/sites/14/2017/12/pexels-photo-244553-1.jpeg
3004	http://chromium.themes.zone/toolshop/wp-content/uploads/sites/14/2017/12/pexels-photo-248539-1.jpeg
3005	http://chromium.themes.zone/toolshop/wp-content/uploads/sites/14/2017/12/pexels-photo-326259-1.jpeg
3006	http://chromium.themes.zone/toolshop/wp-content/uploads/sites/14/2017/12/pexels-photo-386009-1.jpeg
3007	http://chromium.themes.zone/toolshop/wp-content/uploads/sites/14/2017/12/pexels-photo-386010-1.jpeg
3008	http://chromium.themes.zone/toolshop/wp-content/uploads/sites/14/2017/12/pexels-photo-386025-1.jpeg
3009	http://chromium.themes.zone/toolshop/wp-content/uploads/sites/14/2017/12/road-people-street-smartphone-1.jpg
3010	http://chromium.themes.zone/toolshop/wp-content/uploads/sites/14/2017/12/traffic-car-vehicle-black-1.jpg
3011	http://chromium.themes.zone/toolshop/wp-content/uploads/sites/14/2017/12/vehicle-chrome-technology-automobile-65623-1.jpeg
3018	http://chromium.themes.zone/toolshop/wp-content/uploads/sites/14/2018/05/chart1-1.png
3019	http://chromium.themes.zone/toolshop/wp-content/uploads/sites/14/2018/05/chart2-1.png
3025	http://chromium.themes.zone/toolshop/wp-content/uploads/sites/14/2018/05/Logotype_white-1.png
3048	http://chromium.themes.zone/toolshop/wp-content/uploads/sites/14/2018/05/Logotype_big_yellow.png
3049	http://chromium.themes.zone/toolshop/wp-content/uploads/sites/14/2018/05/cropped-Logotype_big_yellow.png
3057	http://chromium.themes.zone/toolshop/wp-content/uploads/sites/14/2018/05/Chromium_Banner4-cr-2.jpg
3058	http://chromium.themes.zone/toolshop/wp-content/uploads/sites/14/2018/05/Chromium_Banner4-cre.jpg
3059	http://chromium.themes.zone/toolshop/wp-content/uploads/sites/14/2018/05/Chromium_Banner6.jpg
3060	http://chromium.themes.zone/toolshop/wp-content/uploads/sites/14/2018/05/Chromium_Banner7.jpg
3068	http://chromium.themes.zone/toolshop/wp-content/uploads/sites/14/2018/05/speakers-1.png
3071	http://chromium.themes.zone/toolshop/wp-content/uploads/sites/14/2018/05/chromium_slide_bg.png
3072	http://chromium.themes.zone/toolshop/wp-content/uploads/sites/14/2018/05/slide_brand4.png
3073	http://chromium.themes.zone/toolshop/wp-content/uploads/sites/14/2018/05/slide_brand3.png
3074	http://chromium.themes.zone/toolshop/wp-content/uploads/sites/14/2018/05/slide_brand2.png
3075	http://chromium.themes.zone/toolshop/wp-content/uploads/sites/14/2018/05/slide_brand1.png
3089	http://chromium.themes.zone/toolshop/wp-content/uploads/sites/14/2018/05/brand-1.png
3090	http://chromium.themes.zone/toolshop/wp-content/uploads/sites/14/2018/05/brand-2.png
3091	http://chromium.themes.zone/toolshop/wp-content/uploads/sites/14/2018/05/brand-3.png
3092	http://chromium.themes.zone/toolshop/wp-content/uploads/sites/14/2018/05/brand-4.png
3093	http://chromium.themes.zone/toolshop/wp-content/uploads/sites/14/2018/05/brand-5.png
3094	http://chromium.themes.zone/toolshop/wp-content/uploads/sites/14/2018/05/brand-6.png
3164	http://chromium.themes.zone/toolshop/wp-content/uploads/sites/14/2018/06/banner122.png
3183	http://chromium.themes.zone/toolshop/wp-content/uploads/sites/14/2018/06/chart2.png
3184	http://chromium.themes.zone/toolshop/wp-content/uploads/sites/14/2018/06/chart1.png
3185	http://chromium.themes.zone/toolshop/wp-content/uploads/sites/14/2018/06/member3.jpeg
3186	http://chromium.themes.zone/toolshop/wp-content/uploads/sites/14/2018/06/member4.jpeg
3187	http://chromium.themes.zone/toolshop/wp-content/uploads/sites/14/2018/06/member1.jpeg
3188	http://chromium.themes.zone/toolshop/wp-content/uploads/sites/14/2018/06/member1-1.jpeg
3189	http://chromium.themes.zone/toolshop/wp-content/uploads/sites/14/2018/06/member2.jpeg
3190	http://chromium.themes.zone/toolshop/wp-content/uploads/sites/14/2018/06/new_slide_2.jpg
3202	http://chromium.themes.zone/toolshop/wp-content/uploads/sites/14/2017/12/asphalt-auto-automobile-831475-1.jpg
3203	http://chromium.themes.zone/toolshop/wp-content/uploads/sites/14/2017/12/asphalt-automobile-automotive-724495.jpg
3204	http://chromium.themes.zone/toolshop/wp-content/uploads/sites/14/2017/12/auto-automobiles-automotive-337909-1.jpg
3205	http://chromium.themes.zone/toolshop/wp-content/uploads/sites/14/2017/12/automobile-automotive-car-638479.jpg
3206	http://chromium.themes.zone/toolshop/wp-content/uploads/sites/14/2017/12/automobile-automotive-car-638479.jpg
3208	http://chromium.themes.zone/toolshop/wp-content/uploads/sites/14/2017/12/automobile-car-lamborghini-39501-1.jpg
3207	http://chromium.themes.zone/toolshop/wp-content/uploads/sites/14/2017/12/automobile-cars-headlights-120049.jpg
3209	http://chromium.themes.zone/toolshop/wp-content/uploads/sites/14/2017/12/automobile-cars-headlights-120049.jpg
3212	http://chromium.themes.zone/toolshop/wp-content/uploads/sites/14/2013/01/art-lasovsky-508638-unsplash-1.jpg
3213	http://chromium.themes.zone/toolshop/wp-content/uploads/sites/14/2013/01/art-lasovsky-508638-unsplash-1.jpg
3214	http://chromium.themes.zone/toolshop/wp-content/uploads/sites/14/2013/01/asdrubal-luna-484847-unsplash.jpg
3215	http://chromium.themes.zone/toolshop/wp-content/uploads/sites/14/2013/01/asphalt-automobile-automotive-724495.jpg
3216	http://chromium.themes.zone/toolshop/wp-content/uploads/sites/14/2013/01/davidcohen-125621-unsplash-1.jpg
3217	http://chromium.themes.zone/toolshop/wp-content/uploads/sites/14/2013/01/dhiva-krishna-490776-unsplash-1.jpg
3218	http://chromium.themes.zone/toolshop/wp-content/uploads/sites/14/2013/01/emil-vilsek-377013-unsplash.jpg
3219	http://chromium.themes.zone/toolshop/wp-content/uploads/sites/14/2013/01/matt-antonioli-549554-unsplash.jpg
3221	http://chromium.themes.zone/toolshop/wp-content/uploads/sites/14/2018/06/demo2_sld_1_opt.jpg
3222	http://chromium.themes.zone/toolshop/wp-content/uploads/sites/14/2018/06/demo2_sld_2_opt.jpg
3223	http://chromium.themes.zone/toolshop/wp-content/uploads/sites/14/2018/06/demo2_sld_3_opt.png
3292	http://chromium.themes.zone/toolshop/wp-content/uploads/sites/14/2017/06/prod1_deposit_opt.jpg
3293	http://chromium.themes.zone/toolshop/wp-content/uploads/sites/14/2017/06/prod5_opt.jpg
3294	http://chromium.themes.zone/toolshop/wp-content/uploads/sites/14/2016/06/prod_2_deposit_opt.jpg
3296	http://chromium.themes.zone/toolshop/wp-content/uploads/sites/14/2016/06/prod_12_deposit_opt_.jpg
3297	http://chromium.themes.zone/toolshop/wp-content/uploads/sites/14/2013/06/prod3_deposit_opt.jpg
3298	http://chromium.themes.zone/toolshop/wp-content/uploads/sites/14/2013/06/prod7_deposit_opt.jpg
3299	http://chromium.themes.zone/toolshop/wp-content/uploads/sites/14/2013/06/prod_9_opt.jpg
3301	http://chromium.themes.zone/toolshop/wp-content/uploads/sites/14/2013/06/prod4_opt.jpg
3302	http://chromium.themes.zone/toolshop/wp-content/uploads/sites/14/2013/06/prod_8_opt.jpg
2652	https://drfuri-demo-images.s3-us-west-1.amazonaws.com/martfury/auto_parts/images/s4.jpg
2653	https://drfuri-demo-images.s3-us-west-1.amazonaws.com/martfury/auto_parts/images/s5.jpg
2656	https://drfuri-demo-images.s3-us-west-1.amazonaws.com/martfury/auto_parts/images/c2.jpg
2663	https://drfuri-demo-images.s3-us-west-1.amazonaws.com/martfury/auto_parts/images/s7.jpg
2669	https://drfuri-demo-images.s3-us-west-1.amazonaws.com/martfury/auto_parts/images/s8.jpg
2670	https://drfuri-demo-images.s3-us-west-1.amazonaws.com/martfury/market_4/images/b13-2.jpg
2702	https://drfuri-demo-images.s3-us-west-1.amazonaws.com/martfury/auto_parts/images/s9.png
2703	https://drfuri-demo-images.s3-us-west-1.amazonaws.com/martfury/auto_parts/images/1a.jpg
3330	http://chromium.themes.zone/toolshop/wp-content/uploads/sites/14/2019/03/Depositphotos_78098130_original.jpg
3331	http://chromium.themes.zone/toolshop/wp-content/uploads/sites/14/2019/03/Depositphotos_64528543_original.jpg
3332	http://chromium.themes.zone/toolshop/wp-content/uploads/sites/14/2019/03/chromium_slide_bg.png
3333	http://chromium.themes.zone/toolshop/wp-content/uploads/sites/14/2019/03/slide_brand4.png
3334	http://chromium.themes.zone/toolshop/wp-content/uploads/sites/14/2019/03/slide_brand3.png
3335	http://chromium.themes.zone/toolshop/wp-content/uploads/sites/14/2019/03/slide_brand2.png
3336	http://chromium.themes.zone/toolshop/wp-content/uploads/sites/14/2019/03/slide_brand1.png
3338	http://chromium.themes.zone/toolshop/wp-content/uploads/sites/14/2019/03/tools_logo.png
3351	http://chromium.themes.zone/toolshop/wp-content/uploads/sites/14/2019/03/menu_light_upd.png
3355	http://chromium.themes.zone/toolshop/wp-content/uploads/sites/14/2019/03/Dropdown_image.png
3360	http://chromium.themes.zone/toolshop/wp-content/uploads/sites/14/2019/03/Logotype_big.png
3365	http://chromium.themes.zone/toolshop/wp-content/uploads/sites/14/2019/03/megamenu_bg23.png
3370	http://chromium.themes.zone/toolshop/wp-content/uploads/sites/14/2019/03/wheel-set.png
3371	http://chromium.themes.zone/toolshop/wp-content/uploads/sites/14/2019/03/autobodyparts.png
3372	http://chromium.themes.zone/toolshop/wp-content/uploads/sites/14/2019/03/autobodyparts-1.png
3374	http://chromium.themes.zone/toolshop/wp-content/uploads/sites/14/2019/03/performance.png
3411	http://chromium.themes.zone/toolshop/wp-content/uploads/sites/14/2019/03/tools_banner.jpg
3429	http://chromium.themes.zone/toolshop/wp-content/uploads/sites/14/2019/03/ban_tools_top_1.jpg
3430	http://chromium.themes.zone/toolshop/wp-content/uploads/sites/14/2019/03/ban_tools_top_2.jpg
3451	http://chromium.themes.zone/toolshop/wp-content/uploads/sites/14/2019/03/tools_bn_4.jpg
3455	http://chromium.themes.zone/toolshop/wp-content/uploads/sites/14/2019/03/brand-6.png
3456	http://chromium.themes.zone/toolshop/wp-content/uploads/sites/14/2019/03/brand-4.png
3457	http://chromium.themes.zone/toolshop/wp-content/uploads/sites/14/2019/03/brand-5.png
3458	http://chromium.themes.zone/toolshop/wp-content/uploads/sites/14/2019/03/brand-3.png
3459	http://chromium.themes.zone/toolshop/wp-content/uploads/sites/14/2019/03/brand-2.png
3460	http://chromium.themes.zone/toolshop/wp-content/uploads/sites/14/2019/03/brand-1.png
3464	http://chromium.themes.zone/toolshop/wp-content/uploads/sites/14/2019/03/delivery-truck-1_opt.png
3465	http://chromium.themes.zone/toolshop/wp-content/uploads/sites/14/2019/03/reload-1_opt.png
3466	http://chromium.themes.zone/toolshop/wp-content/uploads/sites/14/2019/03/wallet-1_opt.png
3467	http://chromium.themes.zone/toolshop/wp-content/uploads/sites/14/2019/03/gift-1_opt.png
3492	http://chromium.themes.zone/toolshop/wp-content/uploads/sites/14/2019/03/member1-300x300.jpeg
3493	http://chromium.themes.zone/toolshop/wp-content/uploads/sites/14/2019/03/member1-300x300-1.jpeg
3494	http://chromium.themes.zone/toolshop/wp-content/uploads/sites/14/2019/03/member2-300x300.jpeg
3495	http://chromium.themes.zone/toolshop/wp-content/uploads/sites/14/2019/03/member2-300x300-1.jpeg
3496	http://chromium.themes.zone/toolshop/wp-content/uploads/sites/14/2019/03/member3-300x300-1.jpeg
3497	http://chromium.themes.zone/toolshop/wp-content/uploads/sites/14/2019/03/member3-300x300.jpeg
3498	http://chromium.themes.zone/toolshop/wp-content/uploads/sites/14/2019/03/ban_tools_top_1-1.jpg
3499	http://chromium.themes.zone/toolshop/wp-content/uploads/sites/14/2019/03/ban_tools_top_1-1-1.jpg
3500	http://chromium.themes.zone/toolshop/wp-content/uploads/sites/14/2019/03/ban_tools_top_2-1.jpg
3501	http://chromium.themes.zone/toolshop/wp-content/uploads/sites/14/2019/03/ban_tools_top_2-1-1.jpg
3502	http://chromium.themes.zone/toolshop/wp-content/uploads/sites/14/2019/03/tools_slide_1.jpg
3503	http://chromium.themes.zone/toolshop/wp-content/uploads/sites/14/2019/03/tools_slide_1-1.jpg
3504	http://chromium.themes.zone/toolshop/wp-content/uploads/sites/14/2019/03/tools_slide_2.jpg
3505	http://chromium.themes.zone/toolshop/wp-content/uploads/sites/14/2019/03/tools_slide_2-1.jpg
3506	http://chromium.themes.zone/toolshop/wp-content/uploads/sites/14/2017/06/prod_1.jpg
3507	http://chromium.themes.zone/toolshop/wp-content/uploads/sites/14/2017/06/prod_2.jpg
3508	http://chromium.themes.zone/toolshop/wp-content/uploads/sites/14/2017/06/prod_3.jpg
3509	http://chromium.themes.zone/toolshop/wp-content/uploads/sites/14/2017/06/prod_4.jpg
3510	http://chromium.themes.zone/toolshop/wp-content/uploads/sites/14/2017/06/prod_5.jpg
3511	http://chromium.themes.zone/toolshop/wp-content/uploads/sites/14/2017/06/prod_6.jpg
3512	http://chromium.themes.zone/toolshop/wp-content/uploads/sites/14/2013/06/prod_7.jpg
3513	http://chromium.themes.zone/toolshop/wp-content/uploads/sites/14/2013/06/prod_8.jpg
3514	http://chromium.themes.zone/toolshop/wp-content/uploads/sites/14/2013/06/prod_9.jpg
3572	http://chromium.themes.zone/toolshop/wp-content/uploads/sites/14/2019/03/cropped-tools_logo.png
3577	http://chromium.themes.zone/toolshop/wp-content/uploads/sites/14/revslider/chromium-slider-b/tools_slide_2.jpg
3578	http://chromium.themes.zone/toolshop/wp-content/uploads/sites/14/revslider/chromium-slider-b/tools_slide_1.jpg
3890	https://drfuri-demo-images.s3-us-west-1.amazonaws.com/martfury/auto_parts/images/woocommerce-placeholder.png
3891	https://drfuri-demo-images.s3-us-west-1.amazonaws.com/martfury/auto_parts/images/coming-soon.jpg
3892	https://drfuri-demo-images.s3-us-west-1.amazonaws.com/martfury/auto_parts/images/b11.jpg
3893	https://drfuri-demo-images.s3-us-west-1.amazonaws.com/martfury/auto_parts/images/b12.jpg
2959	https://drfuri-demo-images.s3-us-west-1.amazonaws.com/martfury/auto_parts/images/a1.jpg
2961	https://drfuri-demo-images.s3-us-west-1.amazonaws.com/martfury/auto_parts/images/journey1.png
2969	https://drfuri-demo-images.s3-us-west-1.amazonaws.com/martfury/auto_parts/images/partner-1.png
3894	https://drfuri-demo-images.s3-us-west-1.amazonaws.com/martfury/auto_parts/images/team-1.jpg
3895	https://drfuri-demo-images.s3-us-west-1.amazonaws.com/martfury/auto_parts/images/icon-box-1.png
3896	https://drfuri-demo-images.s3-us-west-1.amazonaws.com/martfury/auto_parts/images/process-1.png
3897	https://drfuri-demo-images.s3-us-west-1.amazonaws.com/martfury/auto_parts/images/vender2.png
4056	https://drfuri-demo-images.s3-us-west-1.amazonaws.com/martfury/auto_parts/images/a2.jpg
4094	https://drfuri-demo-images.s3-us-west-1.amazonaws.com/martfury/auto_parts/images/b18.jpg
4099	https://drfuri-demo-images.s3-us-west-1.amazonaws.com/martfury/auto_parts/images/3a-2.jpg
4100	https://drfuri-demo-images.s3-us-west-1.amazonaws.com/martfury/auto_parts/images/5a.jpg
4101	https://drfuri-demo-images.s3-us-west-1.amazonaws.com/martfury/auto_parts/images/6a.jpg
4102	https://drfuri-demo-images.s3-us-west-1.amazonaws.com/martfury/auto_parts/images/15a-1.jpg
4103	https://drfuri-demo-images.s3-us-west-1.amazonaws.com/martfury/auto_parts/images/s6.jpg
4104	https://drfuri-demo-images.s3-us-west-1.amazonaws.com/martfury/auto_parts/images/b15.jpg
4105	https://drfuri-demo-images.s3-us-west-1.amazonaws.com/martfury/auto_parts/images/b16.jpg
4106	https://drfuri-demo-images.s3-us-west-1.amazonaws.com/martfury/auto_parts/images/b17.jpg
4110	https://drfuri-demo-images.s3-us-west-1.amazonaws.com/martfury/auto_parts/images/logo.png
4111	https://drfuri-demo-images.s3-us-west-1.amazonaws.com/martfury/auto_parts/images/nl.jpg
7	https://api.ferreterialavalleja.com/wp-content/uploads/2023/04/woocommerce-placeholder.png
13	https://api.ferreterialavalleja.com/wp-content/uploads/2023/04/log_file_2023-04-27__03-45-25.txt
4122	https://api.ferreterialavalleja.com/wp-content/uploads/2023/04/logo.png
4123	https://api.ferreterialavalleja.com/wp-content/uploads/2023/04/nl.jpg
4124	https://api.ferreterialavalleja.com/wp-content/uploads/2023/04/1920x400harden2.webp
4125	https://api.ferreterialavalleja.com/wp-content/uploads/2023/04/1920x400harden2-1.webp
4129	https://api.ferreterialavalleja.com/wp-content/uploads/2023/04/1920x400herramientas2-1.jpg
4135	https://api.ferreterialavalleja.com/wp-content/uploads/2023/04/jardinyagro.webp
4136	https://api.ferreterialavalleja.com/wp-content/uploads/2023/04/pinturaaccesorios.webp
4137	https://api.ferreterialavalleja.com/wp-content/uploads/2023/04/higieneylimpieza.webp
4138	https://api.ferreterialavalleja.com/wp-content/uploads/2023/04/1160x150-2.webp
4145	https://api.ferreterialavalleja.com/wp-content/uploads/2023/04/tarjetas.webp
4156	https://api.ferreterialavalleja.com/wp-content/uploads/2023/04/sikafill-membrana-liquida-terracota-20k-sika-sikafill-membrana-liquida-terracota-20k-sika.webp
4157	https://api.ferreterialavalleja.com/wp-content/uploads/2023/04/porta-herram-cuero-7compart-adosable-cinto-truper-por-he7e-porta-herram-cuero-7compart-adosable-cinto-truper-por-he7e.webp
4160	https://api.ferreterialavalleja.com/wp-content/uploads/2023/04/taladro-percutor-560w-3-8-black-decker-tm500-taladro-percutor-560w-3-8-black-decker-tm500.webp
4162	https://api.ferreterialavalleja.com/wp-content/uploads/2023/04/p1191_R_Tejido-550x550h.png
4164	https://api.ferreterialavalleja.com/wp-content/uploads/2023/04/logo-ferreteria-demo.png
4185	https://api.ferreterialavalleja.com/wp-content/uploads/2023/04/35c77f41-6d66-4596-98c2-e539697498eb.jpg
4191	https://api.ferreterialavalleja.com/wp-content/uploads/2023/05/e96d23fe-65bb-431b-9740-e29a2235c839.jpg
4268	https://api.ferreterialavalleja.com/wp-content/uploads/2023/05/starrett-logo-0.png
4270	https://api.ferreterialavalleja.com/wp-content/uploads/2023/05/starrett-logo-0-1.png
4271	https://api.ferreterialavalleja.com/wp-content/uploads/2023/05/foto31_172.png
4272	https://api.ferreterialavalleja.com/wp-content/uploads/2023/05/11b79eda-5cb8-454c-bd7e-21e69de9a1f2.jpg
4273	https://api.ferreterialavalleja.com/wp-content/uploads/2023/05/Tramontina-Logo.svg_.png
4274	https://api.ferreterialavalleja.com/wp-content/uploads/2023/05/logo-sica-860x860-1.jpg
4275	https://api.ferreterialavalleja.com/wp-content/uploads/2023/05/images-1.png
4276	https://api.ferreterialavalleja.com/wp-content/uploads/2023/05/images-3.png
4277	https://api.ferreterialavalleja.com/wp-content/uploads/2023/05/D_NQ_NP_725692-MLU31240846834_062019-O.jpg
4278	https://api.ferreterialavalleja.com/wp-content/uploads/2023/05/download-2.png
4279	https://api.ferreterialavalleja.com/wp-content/uploads/2023/05/images-4.png
4288	https://api.ferreterialavalleja.com/wp-content/uploads/2023/05/ferreteria.jpg
4289	https://api.ferreterialavalleja.com/wp-content/uploads/2023/05/electric.jpg
4290	https://api.ferreterialavalleja.com/wp-content/uploads/2023/05/mallas.jpg
4291	https://api.ferreterialavalleja.com/wp-content/uploads/2023/05/griferia.jpg
4292	https://api.ferreterialavalleja.com/wp-content/uploads/2023/05/solventes-y-limpiadores1.jpg
4315	https://api.ferreterialavalleja.com/wp-content/uploads/2023/05/cargador-de-bateria-1.jpeg
4316	https://api.ferreterialavalleja.com/wp-content/uploads/2023/05/cargador-de-bateria-2.jpeg
4317	https://api.ferreterialavalleja.com/wp-content/uploads/2023/05/cargador-de-bateria-3.jpeg
4319	https://api.ferreterialavalleja.com/wp-content/uploads/2023/05/clavadora-1.jpeg
4320	https://api.ferreterialavalleja.com/wp-content/uploads/2023/05/clavadora-2.jpeg
4322	https://api.ferreterialavalleja.com/wp-content/uploads/2023/05/taladro-1.jpeg
4324	https://api.ferreterialavalleja.com/wp-content/uploads/2023/05/caladora-1.jpeg
4326	https://api.ferreterialavalleja.com/wp-content/uploads/2023/05/bomba-de-agua-1.jpeg
4328	https://api.ferreterialavalleja.com/wp-content/uploads/2023/05/sierra-circular-1.jpeg
4330	https://api.ferreterialavalleja.com/wp-content/uploads/2023/05/amoladora-1.jpeg
4334	https://api.ferreterialavalleja.com/wp-content/uploads/2023/05/mini-torno-1.jpeg
4336	https://api.ferreterialavalleja.com/wp-content/uploads/2023/05/martillo-secur-1.jpeg
4337	https://api.ferreterialavalleja.com/wp-content/uploads/2023/05/martillo-secur-2.png
4339	https://api.ferreterialavalleja.com/wp-content/uploads/2023/05/cuchara-de-albanil-tramontina-1.jpeg
4340	https://api.ferreterialavalleja.com/wp-content/uploads/2023/05/cuchara-de-albanil-tramontina-2.jpg
4342	https://api.ferreterialavalleja.com/wp-content/uploads/2023/05/soplete-tramontina-1.jpeg
4344	https://api.ferreterialavalleja.com/wp-content/uploads/2023/05/martillo-piqueta-tramontina.jpeg
4346	https://api.ferreterialavalleja.com/wp-content/uploads/2023/05/martillo-de-una-tramontina.jpeg
4348	https://api.ferreterialavalleja.com/wp-content/uploads/2023/05/mesada-tramontina-izquierda.png
4349	https://api.ferreterialavalleja.com/wp-content/uploads/2023/05/mesada-tramontina-2.png
4350	https://api.ferreterialavalleja.com/wp-content/uploads/2023/05/mesada-tramontina.png
4352	https://api.ferreterialavalleja.com/wp-content/uploads/2023/05/mesada-tramontina-derecha.png
4354	https://api.ferreterialavalleja.com/wp-content/uploads/2023/05/mesada-tramontina-central.png
4356	https://api.ferreterialavalleja.com/wp-content/uploads/2023/05/tanza-para-boardeadora-fl-2.0mm.png
4357	https://api.ferreterialavalleja.com/wp-content/uploads/2023/05/tanza-para-boardeadora-fl-2.5mm.png
4358	https://api.ferreterialavalleja.com/wp-content/uploads/2023/05/tanza-para-boardeadora-fl.webp
4396	https://api.ferreterialavalleja.com/wp-content/uploads/2023/05/PATA.jpg
4397	https://api.ferreterialavalleja.com/wp-content/uploads/2023/05/TRAMONTINA.jpg
4398	https://api.ferreterialavalleja.com/wp-content/uploads/2023/05/RIMONTI.jpg
4478	https://api.ferreterialavalleja.com/wp-content/uploads/2023/06/electricidad-img.jpg
4479	https://api.ferreterialavalleja.com/wp-content/uploads/2023/06/solventes-img.jpg
4480	https://api.ferreterialavalleja.com/wp-content/uploads/2023/06/jardin-img.jpg
4481	https://api.ferreterialavalleja.com/wp-content/uploads/2023/06/ferreteria-img.jpg
4482	https://api.ferreterialavalleja.com/wp-content/uploads/2023/06/griferia-img.jpg
4483	https://api.ferreterialavalleja.com/wp-content/uploads/2023/06/mallas-img.jpg
4484	https://api.ferreterialavalleja.com/wp-content/uploads/2023/06/pinturaaccesorios.jpg
4524	https://api.ferreterialavalleja.com/wp-content/uploads/2023/06/tarifas.jpg
4552	https://api.ferreterialavalleja.com/wp-content/uploads/2023/06/logo-joselo.png
4605	https://api.ferreterialavalleja.com/wp-content/uploads/2023/06/2023-06-05-11-43-40-7174007.png
4606	https://api.ferreterialavalleja.com/wp-content/uploads/2023/06/2023-06-05-11-41-52-852.png
4607	https://api.ferreterialavalleja.com/wp-content/uploads/2023/06/2023-06-05-11-41-52-852-1.png
4611	https://api.ferreterialavalleja.com/wp-content/uploads/2023/06/TUBO-DE-LUZ.png
4619	https://api.ferreterialavalleja.com/wp-content/uploads/2023/06/2023-06-05-11-53-41-251.png
4621	https://api.ferreterialavalleja.com/wp-content/uploads/2023/06/2023-06-05-11-53-41-251-1.png
4623	https://api.ferreterialavalleja.com/wp-content/uploads/2023/06/2023-06-05-11-53-41-251-1-1.png
4625	https://api.ferreterialavalleja.com/wp-content/uploads/2023/06/2023-06-05-11-47-49-002.png
4626	https://api.ferreterialavalleja.com/wp-content/uploads/2023/06/2023-06-05-11-40-10-207.png
4630	https://api.ferreterialavalleja.com/wp-content/uploads/2023/06/2023-06-05-11-45-40-274.png
4635	https://api.ferreterialavalleja.com/wp-content/uploads/2023/06/2023-06-05-11-48-31-067-1.png
4636	https://api.ferreterialavalleja.com/wp-content/uploads/2023/06/2023-06-05-11-50-53-193-1.png
4637	https://api.ferreterialavalleja.com/wp-content/uploads/2023/06/2023-06-05-11-51-47-188-1.png
4640	https://api.ferreterialavalleja.com/wp-content/uploads/2023/06/2023-06-05-11-29-47-638-1.jpg
4642	https://api.ferreterialavalleja.com/wp-content/uploads/2023/06/2023-06-05-11-39-23-790.png
4649	https://api.ferreterialavalleja.com/wp-content/uploads/2023/06/ARTEFACTO-NAF.webp
4650	https://api.ferreterialavalleja.com/wp-content/uploads/2023/06/ARTEFACTO-NAF-1.webp
4651	https://api.ferreterialavalleja.com/wp-content/uploads/2023/06/ARTEFACTO-NAF-1.20-1.webp
4652	https://api.ferreterialavalleja.com/wp-content/uploads/2023/06/ARTEFACTO-NAF-2.webp
4655	https://api.ferreterialavalleja.com/wp-content/uploads/2023/06/MAGIC-MOP-1.webp
4656	https://api.ferreterialavalleja.com/wp-content/uploads/2023/06/MAGIC-MOP-1-1.webp
4657	https://api.ferreterialavalleja.com/wp-content/uploads/2023/06/MAGIC-MOP.webp
4659	https://api.ferreterialavalleja.com/wp-content/uploads/2023/06/BALDE-15-LTS.webp
4661	https://api.ferreterialavalleja.com/wp-content/uploads/2023/06/BALDE-10-LT-REFORZADO.webp
4662	https://api.ferreterialavalleja.com/wp-content/uploads/2023/06/BALDE-REFORZADO-10-LT.webp
4664	https://api.ferreterialavalleja.com/wp-content/uploads/2023/06/balde-negro-HOGARENO.jpg
4667	https://api.ferreterialavalleja.com/wp-content/uploads/2023/06/MALLA-ELECTROSOLDADA.jpg
4669	https://api.ferreterialavalleja.com/wp-content/uploads/2023/06/SOLDADORA-SMARTER-140.webp
4670	https://api.ferreterialavalleja.com/wp-content/uploads/2023/06/SOLDADORA-SMARTER-140-1.webp
4671	https://api.ferreterialavalleja.com/wp-content/uploads/2023/06/SOLDADORA-SMARTER-140-2.webp
4674	https://api.ferreterialavalleja.com/wp-content/uploads/2023/06/SOLDADORA-SMARTER-140-3.webp
4675	https://api.ferreterialavalleja.com/wp-content/uploads/2023/06/CARGADOR-DE-BATERIAS-3.png
4676	https://api.ferreterialavalleja.com/wp-content/uploads/2023/06/CARGADOR-DE-BATERIAS-.png
4678	https://api.ferreterialavalleja.com/wp-content/uploads/2023/06/HILO-SISAL.webp
4680	https://api.ferreterialavalleja.com/wp-content/uploads/2023/06/TRAPO-TNT.webp
4681	https://api.ferreterialavalleja.com/wp-content/uploads/2023/06/TRAPO-TNT-1.webp
4684	https://api.ferreterialavalleja.com/wp-content/uploads/2023/06/401BLANCO-401-Blanco-Bajo-Mesada-2-Puertas-3-Cajones.jpg
4687	https://api.ferreterialavalleja.com/wp-content/uploads/2023/06/VALVULA-MONFA.webp
4688	https://api.ferreterialavalleja.com/wp-content/uploads/2023/06/monfa-1.jpg
4690	https://api.ferreterialavalleja.com/wp-content/uploads/2023/06/CGA38.jpg
4693	https://api.ferreterialavalleja.com/wp-content/uploads/2023/06/grampadora.png
4694	https://api.ferreterialavalleja.com/wp-content/uploads/2023/06/grampadora-1.png
4695	https://api.ferreterialavalleja.com/wp-content/uploads/2023/06/engrampadora.png
4713	https://api.ferreterialavalleja.com/wp-content/uploads/2023/06/750x354_obturador-universal-para-mecanismo-de-sada-para-ca-5ce687fb3aa95.jpg
4717	https://api.ferreterialavalleja.com/wp-content/uploads/2023/06/2023-06-08-20-54-53-464.png
4721	https://api.ferreterialavalleja.com/wp-content/uploads/2023/06/valvula-monfa-regulable.webp
4723	https://api.ferreterialavalleja.com/wp-content/uploads/2023/06/valvula-roquet.webp
4725	https://api.ferreterialavalleja.com/wp-content/uploads/2023/06/valvula-kasongas-regulable.webp
4728	https://api.ferreterialavalleja.com/wp-content/uploads/2023/06/ESTANO-BEST-1.5-MM.webp
4729	https://api.ferreterialavalleja.com/wp-content/uploads/2023/06/ESTANO-BEST.webp
4730	https://api.ferreterialavalleja.com/wp-content/uploads/2023/06/ESTANO-BEST-1.webp
4731	https://api.ferreterialavalleja.com/wp-content/uploads/2023/06/ESTANO-BEST-2.webp
4734	https://api.ferreterialavalleja.com/wp-content/uploads/2023/06/ADICIONAL-DE-GARRAFA-SOLTIS.webp
4737	https://api.ferreterialavalleja.com/wp-content/uploads/2023/06/asadptador-universal-soltis.webp
4738	https://api.ferreterialavalleja.com/wp-content/uploads/2023/06/adaptador-universal-soltis.jpg
4740	https://api.ferreterialavalleja.com/wp-content/uploads/2023/06/regleta-conexiones-16-mm.jpg
4742	https://api.ferreterialavalleja.com/wp-content/uploads/2023/06/regleta-conexiones-16-mm-1.jpg
4744	https://api.ferreterialavalleja.com/wp-content/uploads/2023/06/regleta-conexiones-16-mm-2.jpg
4746	https://api.ferreterialavalleja.com/wp-content/uploads/2023/06/adicional-de-garrafa-cromado.png
4747	https://api.ferreterialavalleja.com/wp-content/uploads/2023/06/adicional-de-garrafa-cromado.png-1.png
4750	https://api.ferreterialavalleja.com/wp-content/uploads/2023/06/panel-estufa.webp
4752	https://api.ferreterialavalleja.com/wp-content/uploads/2023/06/balde-de-chapa-10-lts-1.png
4754	https://api.ferreterialavalleja.com/wp-content/uploads/2023/06/GUANTE-NEGRO-1.png
4755	https://api.ferreterialavalleja.com/wp-content/uploads/2023/06/GUANTE-AZUL.png
4756	https://api.ferreterialavalleja.com/wp-content/uploads/2023/06/GUANTE-AZUL.png-1.png
4760	https://api.ferreterialavalleja.com/wp-content/uploads/2023/06/fewf.png
4761	https://api.ferreterialavalleja.com/wp-content/uploads/2023/06/fewf-1.png
4772	https://api.ferreterialavalleja.com/wp-content/uploads/2023/06/dwqd.png
4773	https://api.ferreterialavalleja.com/wp-content/uploads/2023/06/dwqd-1.png
4775	https://api.ferreterialavalleja.com/wp-content/uploads/2023/06/FXHM301.jpg
4795	https://api.ferreterialavalleja.com/wp-content/uploads/2023/06/SGRGR.png
4796	https://api.ferreterialavalleja.com/wp-content/uploads/2023/06/SGRGR-1.png
4798	https://api.ferreterialavalleja.com/wp-content/uploads/2023/06/CAJA-TACTICA-METASUL-CIERRE-METALICO-1.webp
4799	https://api.ferreterialavalleja.com/wp-content/uploads/2023/06/CAJA-TACTICA-METASUL-CIERRE-METALICO.webp
4801	https://api.ferreterialavalleja.com/wp-content/uploads/2023/06/CAJA-TACTICA-METASUL-CIERRE-PLASTICO.webp
4802	https://api.ferreterialavalleja.com/wp-content/uploads/2023/06/CAJA-TACTICA-METASUL-CIERRE-PLASTICO.webp-1.webp
4804	https://api.ferreterialavalleja.com/wp-content/uploads/2023/06/LENTES-1-.jpg
4806	https://api.ferreterialavalleja.com/wp-content/uploads/2023/06/ANTIPARRA-HT-8100.webp
4808	https://api.ferreterialavalleja.com/wp-content/uploads/2023/06/GUANTE-A02-1.webp
4809	https://api.ferreterialavalleja.com/wp-content/uploads/2023/06/GUANTE-A02.webp
4811	https://api.ferreterialavalleja.com/wp-content/uploads/2023/06/GUANTE-NEGRO-REFORZADO-1.png
4812	https://api.ferreterialavalleja.com/wp-content/uploads/2023/06/GUANTE-NEGRO-REFORZADO.png
4814	https://api.ferreterialavalleja.com/wp-content/uploads/2023/06/GUANTES-ROJOS-1.png
4815	https://api.ferreterialavalleja.com/wp-content/uploads/2023/06/GUANTES-ROJOS.png
4817	https://api.ferreterialavalleja.com/wp-content/uploads/2023/06/fretacho-max.jpg
4819	https://api.ferreterialavalleja.com/wp-content/uploads/2023/06/cepillo-multiuso.jpg
4820	https://api.ferreterialavalleja.com/wp-content/uploads/2023/06/espanador-multiuso-max_577.webp
4822	https://api.ferreterialavalleja.com/wp-content/uploads/2023/06/espatula-max.webp
4825	https://api.ferreterialavalleja.com/wp-content/uploads/2023/06/espatula-max-10.jpg
4827	https://api.ferreterialavalleja.com/wp-content/uploads/2023/06/DIDA-AL-604.png
4828	https://api.ferreterialavalleja.com/wp-content/uploads/2023/06/CERROJO-DIDA-AL604.png
4831	https://api.ferreterialavalleja.com/wp-content/uploads/2023/06/CERRADURA-DIDA-AL-601.webp
4832	https://api.ferreterialavalleja.com/wp-content/uploads/2023/06/CERRADURA-DIDA-AL-601.webp-1.webp
4835	https://api.ferreterialavalleja.com/wp-content/uploads/2023/06/CERRADURA-DIDA-AL-603.webp
4836	https://api.ferreterialavalleja.com/wp-content/uploads/2023/06/CERRADURA-DIDA-AL-603-1.webp
4837	https://api.ferreterialavalleja.com/wp-content/uploads/2023/06/CERRADURA-DIDA-AL-603-2.webp
4838	https://api.ferreterialavalleja.com/wp-content/uploads/2023/06/CERRADURA-DIDA-AL-603-1-1.webp
4840	https://api.ferreterialavalleja.com/wp-content/uploads/2023/06/cerradura-dida-al-612f.png
4841	https://api.ferreterialavalleja.com/wp-content/uploads/2023/06/cerradura-dida-al-612f-1.png
4843	https://api.ferreterialavalleja.com/wp-content/uploads/2023/06/cerradura-dida-al-101-s.png
4844	https://api.ferreterialavalleja.com/wp-content/uploads/2023/06/dida-al-101-s.png
4845	https://api.ferreterialavalleja.com/wp-content/uploads/2023/06/cerradura-dida-al-101-s-1.png
4846	https://api.ferreterialavalleja.com/wp-content/uploads/2023/06/elisil_cartel_de_cerraduras_5022-Cerradura-J01.jpg
4852	https://api.ferreterialavalleja.com/wp-content/uploads/2023/06/rwgRG.png
4857	https://api.ferreterialavalleja.com/wp-content/uploads/2023/06/00624445_a019be49-3001-49a5-8982-ad32a62b6975_1000x.jpg
4863	https://api.ferreterialavalleja.com/wp-content/uploads/2023/06/rheh.png
4865	https://api.ferreterialavalleja.com/wp-content/uploads/2023/06/6tjwj.png
4867	https://api.ferreterialavalleja.com/wp-content/uploads/2023/06/tyjkt.png
4870	https://api.ferreterialavalleja.com/wp-content/uploads/2023/06/web1_65006001_01.jpg
4872	https://api.ferreterialavalleja.com/wp-content/uploads/2023/06/410203-300x262-1.jpg
4874	https://api.ferreterialavalleja.com/wp-content/uploads/2023/06/Filtro-de-desag-e-de-silicona-para-fregadero-filtro-de-desag-e-para-el-suelo-tap.jpg
4876	https://api.ferreterialavalleja.com/wp-content/uploads/2023/06/51cGJm51gWL._AC_UL600_SR600600_.jpg
4879	https://api.ferreterialavalleja.com/wp-content/uploads/2023/06/FILM-1.8.png
4880	https://api.ferreterialavalleja.com/wp-content/uploads/2023/06/FILM-1.8-1.png
4881	https://api.ferreterialavalleja.com/wp-content/uploads/2023/06/FILM-1.8-2.png
4882	https://api.ferreterialavalleja.com/wp-content/uploads/2023/06/FILM-3.png
4884	https://api.ferreterialavalleja.com/wp-content/uploads/2023/06/FILM-0.55.jpg
4885	https://api.ferreterialavalleja.com/wp-content/uploads/2023/06/al-120-2.jpg
4886	https://api.ferreterialavalleja.com/wp-content/uploads/2023/06/AL-120-1.jpg
4887	https://api.ferreterialavalleja.com/wp-content/uploads/2023/06/al-120-3.png
4891	https://api.ferreterialavalleja.com/wp-content/uploads/2023/06/CERROJO-DE-GANCHO.webp
4892	https://api.ferreterialavalleja.com/wp-content/uploads/2023/06/DIDA-520H.webp
4896	https://api.ferreterialavalleja.com/wp-content/uploads/2023/06/bntrn.png
4899	https://api.ferreterialavalleja.com/wp-content/uploads/2023/06/fewf-2.png
4900	https://api.ferreterialavalleja.com/wp-content/uploads/2023/06/fewf-3.png
4902	https://api.ferreterialavalleja.com/wp-content/uploads/2023/06/thnrejn.png
4903	https://api.ferreterialavalleja.com/wp-content/uploads/2023/06/thnrejn-1.png
4905	https://api.ferreterialavalleja.com/wp-content/uploads/2023/06/tnnrtg.png
4907	https://api.ferreterialavalleja.com/wp-content/uploads/2023/06/rtyntn.png
4909	https://api.ferreterialavalleja.com/wp-content/uploads/2023/06/tnrntr.png
4912	https://api.ferreterialavalleja.com/wp-content/uploads/2023/06/rtertn.png
4917	https://api.ferreterialavalleja.com/wp-content/uploads/2023/06/BISAGRA-T.webp
4924	https://api.ferreterialavalleja.com/wp-content/uploads/2023/06/UNI-LOCK.png
4925	https://api.ferreterialavalleja.com/wp-content/uploads/2023/06/UNI-LOCK-1.png
4927	https://api.ferreterialavalleja.com/wp-content/uploads/2023/06/manija-negra.png
4930	https://api.ferreterialavalleja.com/wp-content/uploads/2023/06/UNILOCK-1.png
4932	https://api.ferreterialavalleja.com/wp-content/uploads/2023/06/bisagra-35-mm.webp
4936	https://api.ferreterialavalleja.com/wp-content/uploads/2023/06/Bisagra-Mosquitero-Fiambrera-Charolada-70mm.webp
4939	https://api.ferreterialavalleja.com/wp-content/uploads/2023/06/Bisagra-Mosquitero-Fiambrera-Charolada-70mm-1.webp
4941	https://api.ferreterialavalleja.com/wp-content/uploads/2023/06/Piston-a-gas-250mm-para-muebles.webp
4945	https://api.ferreterialavalleja.com/wp-content/uploads/2023/06/Cinta-metrica-8M.png
4947	https://api.ferreterialavalleja.com/wp-content/uploads/2023/06/Cinta-metrica-5M.jpg
4949	https://api.ferreterialavalleja.com/wp-content/uploads/2023/06/Cinta-metrica-5M-1.jpg
4951	https://api.ferreterialavalleja.com/wp-content/uploads/2023/06/mecha-importa-mas-8mm.png
4953	https://api.ferreterialavalleja.com/wp-content/uploads/2023/06/mecha-importa-mas-10-mm.png
4955	https://api.ferreterialavalleja.com/wp-content/uploads/2023/06/mecha-importa-mas-8mm-1.png
4957	https://api.ferreterialavalleja.com/wp-content/uploads/2023/06/mecha-importa-mas-6mm.png
4959	https://api.ferreterialavalleja.com/wp-content/uploads/2023/06/Tranca-moto-Tranca-mas.png
4960	https://api.ferreterialavalleja.com/wp-content/uploads/2023/06/Tranca-moto-Tranca-mas-1.png
4963	https://api.ferreterialavalleja.com/wp-content/uploads/2023/06/pack-2-candados-bulit-40mm-acero-niquelado.webp
4965	https://api.ferreterialavalleja.com/wp-content/uploads/2023/06/Untitledtratr.png
4966	https://api.ferreterialavalleja.com/wp-content/uploads/2023/06/candado-bulit-50-mm-acero-niquelado.webp
4968	https://api.ferreterialavalleja.com/wp-content/uploads/2023/06/1026.jpg
4971	https://api.ferreterialavalleja.com/wp-content/uploads/2023/06/Candado-bulit-50mm-ala-larga-acero-niquelado.webp
4972	https://api.ferreterialavalleja.com/wp-content/uploads/2023/06/1038.jpg
4976	https://api.ferreterialavalleja.com/wp-content/uploads/2023/06/trjntr.png
4977	https://api.ferreterialavalleja.com/wp-content/uploads/2023/06/candado-bulit-40mm-3-llaves.webp
4981	https://api.ferreterialavalleja.com/wp-content/uploads/2023/06/Candado-bulit-30mm.webp
4982	https://api.ferreterialavalleja.com/wp-content/uploads/2023/06/grehb.png
4985	https://api.ferreterialavalleja.com/wp-content/uploads/2023/06/tjnrtj.png
4986	https://api.ferreterialavalleja.com/wp-content/uploads/2023/06/candado-bulit-aro-largo-40mm.webp
4988	https://api.ferreterialavalleja.com/wp-content/uploads/2023/06/Candado-bulit-30mm-aro-largo.webp
4991	https://api.ferreterialavalleja.com/wp-content/uploads/2023/06/candado-bulit-1000-convinaciones.webp
4992	https://api.ferreterialavalleja.com/wp-content/uploads/2023/06/escoba-condor.webp
4996	https://api.ferreterialavalleja.com/wp-content/uploads/2023/06/candado-bulit-hierro-macizo-40mm.webp
4999	https://api.ferreterialavalleja.com/wp-content/uploads/2023/06/Candado-Bulit-30mm-acero-macizo.webp
5001	https://api.ferreterialavalleja.com/wp-content/uploads/2023/06/Candado-bulit-acero-macizo-50mm.webp
5003	https://api.ferreterialavalleja.com/wp-content/uploads/2023/06/pala-condor-1.webp
5004	https://api.ferreterialavalleja.com/wp-content/uploads/2023/06/pala-condor-2.webp
5005	https://api.ferreterialavalleja.com/wp-content/uploads/2023/06/pala-condor.webp
5007	https://api.ferreterialavalleja.com/wp-content/uploads/2023/06/Linga-seguridad-10000-convinaciones.webp
5009	https://api.ferreterialavalleja.com/wp-content/uploads/2023/06/D_NQ_NP_2X_626121-MLU46857128212_072021-F.webp
5011	https://api.ferreterialavalleja.com/wp-content/uploads/2023/06/Linga-De-Seguridad-Bulit-Amarilla-C3-Llaves.webp
5014	https://api.ferreterialavalleja.com/wp-content/uploads/2023/06/Candado-bulit-aro-largo-50l.png
5016	https://api.ferreterialavalleja.com/wp-content/uploads/2023/06/candado-bulit-super-reforzado.png
5018	https://api.ferreterialavalleja.com/wp-content/uploads/2023/06/Linga-para-moto-trnaca-mas-verde.png
5021	https://api.ferreterialavalleja.com/wp-content/uploads/2023/06/Linga-para-bicicleta-tranca-mas-fina.png
5023	https://api.ferreterialavalleja.com/wp-content/uploads/2023/06/6010_CEPILLO-ROMA.jpg
5024	https://api.ferreterialavalleja.com/wp-content/uploads/2023/06/linga-para-moto-tranca-mas.png
5028	https://api.ferreterialavalleja.com/wp-content/uploads/2023/06/wd40-191ml.webp
5030	https://api.ferreterialavalleja.com/wp-content/uploads/2023/06/Wd40-382ml.webp
5033	https://api.ferreterialavalleja.com/wp-content/uploads/2023/06/0007037_fijacion-monocomando-2-tornillos_440.png
5035	https://api.ferreterialavalleja.com/wp-content/uploads/2023/06/0007038_fijacion-monocomando-1-tornillos_440.png
5037	https://api.ferreterialavalleja.com/wp-content/uploads/2023/06/1051.png
5039	https://api.ferreterialavalleja.com/wp-content/uploads/2023/06/TUERCA_CROMADA_PARA_MEZCLADORA_X_UNIDAD_50381.jpg
5041	https://api.ferreterialavalleja.com/wp-content/uploads/2023/06/1045.png
5045	https://api.ferreterialavalleja.com/wp-content/uploads/2023/06/1043.jpg
5047	https://api.ferreterialavalleja.com/wp-content/uploads/2023/06/1040.jpg
5049	https://api.ferreterialavalleja.com/wp-content/uploads/2023/06/1055.png
5051	https://api.ferreterialavalleja.com/wp-content/uploads/2023/06/1039.png
5054	https://api.ferreterialavalleja.com/wp-content/uploads/2023/06/rehgrh.png
5056	https://api.ferreterialavalleja.com/wp-content/uploads/2023/06/7015.jpg
5059	https://api.ferreterialavalleja.com/wp-content/uploads/2023/06/1041.jpg
5061	https://api.ferreterialavalleja.com/wp-content/uploads/2023/06/srmtym.jpg
5064	https://api.ferreterialavalleja.com/wp-content/uploads/2023/06/7021.jpg
5066	https://api.ferreterialavalleja.com/wp-content/uploads/2023/06/gerger.jpg
5068	https://api.ferreterialavalleja.com/wp-content/uploads/2023/06/7018-7019.jpg
5069	https://api.ferreterialavalleja.com/wp-content/uploads/2023/06/7018-7019-1.jpg
5074	https://api.ferreterialavalleja.com/wp-content/uploads/2023/06/ecole.webp
5076	https://api.ferreterialavalleja.com/wp-content/uploads/2023/06/poxipol-chico.webp
5079	https://api.ferreterialavalleja.com/wp-content/uploads/2023/06/poxipol-grande.webp
5080	https://api.ferreterialavalleja.com/wp-content/uploads/2023/06/MOPA-CONDOR.webp
5082	https://api.ferreterialavalleja.com/wp-content/uploads/2023/06/MOPA-CONDOR-1.webp
5083	https://api.ferreterialavalleja.com/wp-content/uploads/2023/06/poxilina.webp
5084	https://api.ferreterialavalleja.com/wp-content/uploads/2023/06/MOPA-CONDOR-3.webp
5086	https://api.ferreterialavalleja.com/wp-content/uploads/2023/06/poxilina-1.webp
5089	https://api.ferreterialavalleja.com/wp-content/uploads/2023/06/La-gotita.webp
5091	https://api.ferreterialavalleja.com/wp-content/uploads/2023/06/la-gotita-gel.webp
5093	https://api.ferreterialavalleja.com/wp-content/uploads/2023/06/sellarosca-unisil-120-pesos.webp
5095	https://api.ferreterialavalleja.com/wp-content/uploads/2023/06/TIJERA-DE-PODAR-EXTENSIBLE.webp
5098	https://api.ferreterialavalleja.com/wp-content/uploads/2023/06/sella-rosca-novo.webp
5100	https://api.ferreterialavalleja.com/wp-content/uploads/2023/06/fastix.webp
5101	https://api.ferreterialavalleja.com/wp-content/uploads/2023/06/TIJERA-DE-PODAR-TRAMONTINA-MADERA.webp
5102	https://api.ferreterialavalleja.com/wp-content/uploads/2023/06/TIJERA-TRAMONTINA-MADERA-1.webp
5104	https://api.ferreterialavalleja.com/wp-content/uploads/2023/06/Fastix-alta-temperatura.webp
5105	https://api.ferreterialavalleja.com/wp-content/uploads/2023/06/Fastix-alta-temperatura-1.webp
5107	https://api.ferreterialavalleja.com/wp-content/uploads/2023/06/TRANCA-BULIT-NARANJA.jpg
5108	https://api.ferreterialavalleja.com/wp-content/uploads/2023/06/El-pulpito-grande.webp
5112	https://api.ferreterialavalleja.com/wp-content/uploads/2023/06/Suprabond.webp
5115	https://api.ferreterialavalleja.com/wp-content/uploads/2023/06/ESCARDILLO.webp
5116	https://api.ferreterialavalleja.com/wp-content/uploads/2023/06/Luces-bicicleta.webp
5119	https://api.ferreterialavalleja.com/wp-content/uploads/2023/06/tijera.webp
5121	https://api.ferreterialavalleja.com/wp-content/uploads/2023/06/MANGO-DE-PALA-TRAMONTINA.jpg
5129	https://api.ferreterialavalleja.com/wp-content/uploads/2023/06/Bateria-energizer-AA.webp
5131	https://api.ferreterialavalleja.com/wp-content/uploads/2023/06/pila-energizer-alcalina-max-aaa-x1.jpg
5135	https://api.ferreterialavalleja.com/wp-content/uploads/2023/06/Maxday-carbon-Batery.webp
5138	https://api.ferreterialavalleja.com/wp-content/uploads/2023/06/HOZ-TRAMONTINA.webp
5139	https://api.ferreterialavalleja.com/wp-content/uploads/2023/06/Lapiz-tramontina.webp
5142	https://api.ferreterialavalleja.com/wp-content/uploads/2023/06/Bateria-philis.webp
5144	https://api.ferreterialavalleja.com/wp-content/uploads/2023/06/HOZ-TRAMONTINA-DENTADA.webp
5146	https://api.ferreterialavalleja.com/wp-content/uploads/2023/06/destornillador-truper-6-puntas.webp
5147	https://api.ferreterialavalleja.com/wp-content/uploads/2023/06/lampazo-condor-rojo.webp
5148	https://api.ferreterialavalleja.com/wp-content/uploads/2023/06/El-pulpito-grande-1.webp
5150	https://api.ferreterialavalleja.com/wp-content/uploads/2023/06/Raspador-Stanley.jpg
5152	https://api.ferreterialavalleja.com/wp-content/uploads/2023/06/suprabond-adhesivo.jpg
5154	https://api.ferreterialavalleja.com/wp-content/uploads/2023/06/Bateria-energizer-ecr2016.jpg
5156	https://api.ferreterialavalleja.com/wp-content/uploads/2023/06/Bateria-philips-aa.jpg
5159	https://api.ferreterialavalleja.com/wp-content/uploads/2023/06/energizer-2032-lithium.webp
5161	https://api.ferreterialavalleja.com/wp-content/uploads/2023/06/energizer-a27.jpg
5163	https://api.ferreterialavalleja.com/wp-content/uploads/2023/06/Pila-Energizer-A23.webp
5165	https://api.ferreterialavalleja.com/wp-content/uploads/2023/06/Tapa-de-luz.jpg
5167	https://api.ferreterialavalleja.com/wp-content/uploads/2023/06/Pila-wurth-AAA.jpg
5169	https://api.ferreterialavalleja.com/wp-content/uploads/2023/06/Tijera-Costurera.webp
5171	https://api.ferreterialavalleja.com/wp-content/uploads/2023/06/Barra-de-silicona-caliente-colores.webp
5173	https://api.ferreterialavalleja.com/wp-content/uploads/2023/06/Foco-omio.webp
5178	https://api.ferreterialavalleja.com/wp-content/uploads/2023/06/Cable-cargar-bateria-de-auto-Best-Valve.webp
5181	https://api.ferreterialavalleja.com/wp-content/uploads/2023/06/caja-lapiz-de-carpintero-hammer.png
5182	https://api.ferreterialavalleja.com/wp-content/uploads/2023/06/lapiz-hammer.png
5185	https://api.ferreterialavalleja.com/wp-content/uploads/2023/06/Sensor-de-control-starlux.jpg
5187	https://api.ferreterialavalleja.com/wp-content/uploads/2023/06/Juego-de-tubos.png
5189	https://api.ferreterialavalleja.com/wp-content/uploads/2023/06/tester-de-voltaje-best-value.jpg
5191	https://api.ferreterialavalleja.com/wp-content/uploads/2023/06/mecha-para-porcelanato-6mm.webp
5193	https://api.ferreterialavalleja.com/wp-content/uploads/2023/06/mecha-conica-importa-mas.png
5195	https://api.ferreterialavalleja.com/wp-content/uploads/2023/06/Mecha-para-porcelanato-35mm.webp
5197	https://api.ferreterialavalleja.com/wp-content/uploads/2023/06/broca-madera-phoyo-pbisagra-35mm-uyustools-bcm35h.jpg
5200	https://api.ferreterialavalleja.com/wp-content/uploads/2023/06/Mechas-para-vidrio-Coro-de-25mm.webp
5202	https://api.ferreterialavalleja.com/wp-content/uploads/2023/06/Mechas-para-vidrio-Coro-de-50mm.png
5204	https://api.ferreterialavalleja.com/wp-content/uploads/2023/06/MECHA-PARA-PORCELANATO-PARA-TALADRO.jpg
5205	https://api.ferreterialavalleja.com/wp-content/uploads/2023/06/MECHA-PARA-PORCELANATO-PARA-TALADRO-1.jpg
5211	https://api.ferreterialavalleja.com/wp-content/uploads/2023/06/mecha-importa-mas-8mm-1-300x300-1.png
5212	https://api.ferreterialavalleja.com/wp-content/uploads/2023/06/BISAGRA-PARA-MOSQUITERO.webp
5215	https://api.ferreterialavalleja.com/wp-content/uploads/2023/06/CERROJO-DE-GANCHO-1.webp
5216	https://api.ferreterialavalleja.com/wp-content/uploads/2023/06/CERROJO-DE-GANCHO-2.webp
5217	https://api.ferreterialavalleja.com/wp-content/uploads/2023/06/CERROJO-DE-GANCHO.webp-1.webp
5218	https://api.ferreterialavalleja.com/wp-content/uploads/2023/06/CERROJO-DE-GANCHO-3.webp
5219	https://api.ferreterialavalleja.com/wp-content/uploads/2023/06/SIFON-CORRUGADO.webp
5220	https://api.ferreterialavalleja.com/wp-content/uploads/2023/06/SIFON-CORRUGADO.webp1_.webp
5222	https://api.ferreterialavalleja.com/wp-content/uploads/2023/06/Caja-llana-Conatel.webp
5223	https://api.ferreterialavalleja.com/wp-content/uploads/2023/06/Caja-llana-Conatel-1.webp
5225	https://api.ferreterialavalleja.com/wp-content/uploads/2023/06/Caja-para-tq.webp
5228	https://api.ferreterialavalleja.com/wp-content/uploads/2023/06/caja-para-tq-3-modulos.webp
5230	https://api.ferreterialavalleja.com/wp-content/uploads/2023/06/Cautin-multiuso-Chalimex.webp
5231	https://api.ferreterialavalleja.com/wp-content/uploads/2023/06/Cautin-multiuso-Chalimex-1.webp
5235	https://api.ferreterialavalleja.com/wp-content/uploads/2023/06/Cinta-metrica-5m-Tramontina.jpeg
5237	https://api.ferreterialavalleja.com/wp-content/uploads/2023/06/Cinta-metrica-7.5M-tramontin.jpeg
5239	https://api.ferreterialavalleja.com/wp-content/uploads/2023/06/Cinta-metrica-3M-tramontina.jpeg
5240	https://api.ferreterialavalleja.com/wp-content/uploads/2023/06/mecha-33.webp
5242	https://api.ferreterialavalleja.com/wp-content/uploads/2023/06/Tungsten-Carbide-hole-saws5.jpg
5243	https://api.ferreterialavalleja.com/wp-content/uploads/2023/06/Trincheta-best-value-roja.jpg
5245	https://api.ferreterialavalleja.com/wp-content/uploads/2023/06/Trincheta-Bulit-Verde.jpg
5247	https://api.ferreterialavalleja.com/wp-content/uploads/2023/06/Trincheta-Wfeng.webp
5251	https://api.ferreterialavalleja.com/wp-content/uploads/2023/06/Trincheta-assist-amarilla.webp
5253	https://api.ferreterialavalleja.com/wp-content/uploads/2023/06/MANDRIL-EN-ANGULO.webp
5254	https://api.ferreterialavalleja.com/wp-content/uploads/2023/06/Nivel-Forge-de-9pulgadas.jpg
5258	https://api.ferreterialavalleja.com/wp-content/uploads/2023/06/Nivel-asaki-naranja-9-pulgadas.jpg
5260	https://api.ferreterialavalleja.com/wp-content/uploads/2023/06/raspador-de-vidrio-best-raspador-de-vidrio-best.jpg
5262	https://api.ferreterialavalleja.com/wp-content/uploads/2023/06/Hojas-para-trincheta-BestValue.jpg
5264	https://api.ferreterialavalleja.com/wp-content/uploads/2023/06/Orbifix.webp
5266	https://api.ferreterialavalleja.com/wp-content/uploads/2023/06/4-Orbifix-4.jpg
5268	https://api.ferreterialavalleja.com/wp-content/uploads/2023/06/0064584_corta-cadenas-manual-cortador-oferta_600.jpeg
5270	https://api.ferreterialavalleja.com/wp-content/uploads/2023/06/cadena-de-motosierra-oregon.png
5272	https://api.ferreterialavalleja.com/wp-content/uploads/2023/06/cadena-para-motosierra-18-cadena-para-motosierra-18.jpg
5274	https://api.ferreterialavalleja.com/wp-content/uploads/2023/06/Amplificador-de-tv.jpg
5276	https://api.ferreterialavalleja.com/wp-content/uploads/2023/06/Lampara-led.jpg
5278	https://api.ferreterialavalleja.com/wp-content/uploads/2023/06/alarma-para-puerta.jpg
5280	https://api.ferreterialavalleja.com/wp-content/uploads/2023/06/Tira-lineas-truper.jpg
5282	https://api.ferreterialavalleja.com/wp-content/uploads/2023/06/Set-perchas-autoahesivas.jpg
5286	https://api.ferreterialavalleja.com/wp-content/uploads/2023/06/cuchillas-para-trincheta-kds-titanium.png
5288	https://api.ferreterialavalleja.com/wp-content/uploads/2023/06/kit-para-parchar-profecional.png
5289	https://api.ferreterialavalleja.com/wp-content/uploads/2023/06/kit-para-parchar-profecional-1.png
5291	https://api.ferreterialavalleja.com/wp-content/uploads/2023/06/parches-profecionales-king-point.png
5295	https://api.ferreterialavalleja.com/wp-content/uploads/2023/06/DISCO-OSBORN.jpg
5296	https://api.ferreterialavalleja.com/wp-content/uploads/2023/06/metro-de-madera-tramontina-2m.webp
5298	https://api.ferreterialavalleja.com/wp-content/uploads/2023/06/Cautin-Neva-profecional.webp
5302	https://api.ferreterialavalleja.com/wp-content/uploads/2023/06/pisotla-de-silicona-si-jie-long.webp
5306	https://api.ferreterialavalleja.com/wp-content/uploads/2023/06/Remachadora-mota.png
5308	https://api.ferreterialavalleja.com/wp-content/uploads/2023/06/copiador-de-contornos-amc-e-25cm.webp
5309	https://api.ferreterialavalleja.com/wp-content/uploads/2023/06/copiador-de-contornos-amc-e-25cm-1.webp
5311	https://api.ferreterialavalleja.com/wp-content/uploads/2023/06/cautin-tramontina-master.webp
5314	https://api.ferreterialavalleja.com/wp-content/uploads/2023/06/PINTURA.png
5315	https://api.ferreterialavalleja.com/wp-content/uploads/2023/06/pincho-para-pelota.png
5316	https://api.ferreterialavalleja.com/wp-content/uploads/2023/06/pincho-para-pelota-1.png
5327	https://api.ferreterialavalleja.com/wp-content/uploads/2023/06/Timer.png
5329	https://api.ferreterialavalleja.com/wp-content/uploads/2023/06/pistola-electrica-para-silicon-de-1-2-220-v-truper-171.jpg
5331	https://api.ferreterialavalleja.com/wp-content/uploads/2023/06/sacaestano.jpg
5333	https://api.ferreterialavalleja.com/wp-content/uploads/2023/06/0001435_cina-doble-faz-vhb-4910-x-33mts.jpeg
5335	https://api.ferreterialavalleja.com/wp-content/uploads/2023/06/BARNIZ-NOGAL.png
5336	https://api.ferreterialavalleja.com/wp-content/uploads/2023/06/BARNIZ-NOGAL-1.png
5337	https://api.ferreterialavalleja.com/wp-content/uploads/2023/06/PINTURA-GENERICO.png
5338	https://api.ferreterialavalleja.com/wp-content/uploads/2023/06/DISCO-OSBORN-1.jpg
5339	https://api.ferreterialavalleja.com/wp-content/uploads/2023/06/DISCO-OSBORN-230.jpg
5341	https://api.ferreterialavalleja.com/wp-content/uploads/2023/06/DISCO-OSBORN-6-MM.jpg
5342	https://api.ferreterialavalleja.com/wp-content/uploads/2023/06/BARNIZ-NOGAL.jpg
5343	https://api.ferreterialavalleja.com/wp-content/uploads/2023/06/PINTURA-GENERICO-1.png
5345	https://api.ferreterialavalleja.com/wp-content/uploads/2023/06/cinta-para-fijar-carga.png
5347	https://api.ferreterialavalleja.com/wp-content/uploads/2023/06/cinta-para-fijar-carga-1.png
5349	https://api.ferreterialavalleja.com/wp-content/uploads/2023/06/Timbre-inalambrico-iTe.png
5351	https://api.ferreterialavalleja.com/wp-content/uploads/2023/06/pinza-aros-piston-Luko-Ke.webp
5352	https://api.ferreterialavalleja.com/wp-content/uploads/2023/06/pinza-aros-piston-Luko-Ke-1.webp
5361	https://api.ferreterialavalleja.com/wp-content/uploads/2023/06/BARNIZ-CAOBA.jpg
5362	https://api.ferreterialavalleja.com/wp-content/uploads/2023/06/BARNIZ-CEDRO.jpg
5363	https://api.ferreterialavalleja.com/wp-content/uploads/2023/06/BARNIZ-EBANO.jpg
5364	https://api.ferreterialavalleja.com/wp-content/uploads/2023/06/BARNIZ-NATURAL.jpg
5365	https://api.ferreterialavalleja.com/wp-content/uploads/2023/06/cargador-de-emergencia-mighty-jumo.jpg
5366	https://api.ferreterialavalleja.com/wp-content/uploads/2023/06/BARNIZ-ROBLE-CLARO.jpg
5367	https://api.ferreterialavalleja.com/wp-content/uploads/2023/06/BARNIZ-NOGAL-2.png
5368	https://api.ferreterialavalleja.com/wp-content/uploads/2023/06/cargador-de-emergencia-mighty-jumo-1.jpg
5370	https://api.ferreterialavalleja.com/wp-content/uploads/2023/06/Cargador-de-pilas-Ecolite.jpg
5372	https://api.ferreterialavalleja.com/wp-content/uploads/2023/06/roble-oscuro.jpg
5373	https://api.ferreterialavalleja.com/wp-content/uploads/2023/06/amarillo.png
5375	https://api.ferreterialavalleja.com/wp-content/uploads/2023/06/soporte-de-tv-amc.jpg
5378	https://api.ferreterialavalleja.com/wp-content/uploads/2023/06/cinta-de-remolque.jpg
5380	https://api.ferreterialavalleja.com/wp-content/uploads/2023/06/Peine-para-perro.webp
5382	https://api.ferreterialavalleja.com/wp-content/uploads/2023/06/rodilleras-truper.webp
5384	https://api.ferreterialavalleja.com/wp-content/uploads/2023/06/pistola-de-silicona-asaki.jpeg
5386	https://api.ferreterialavalleja.com/wp-content/uploads/2023/06/pistola-silicona-profesional-ms-ap0004.jpg
5388	https://api.ferreterialavalleja.com/wp-content/uploads/2023/06/antiparras-de-seguridad-transparentes-antiparras-de-seguridad-transparentes.jpg
5390	https://api.ferreterialavalleja.com/wp-content/uploads/2023/06/Pistola-de-pintura-electrica.jpg
5392	https://api.ferreterialavalleja.com/wp-content/uploads/2023/06/remachadora.jpg
5394	https://api.ferreterialavalleja.com/wp-content/uploads/2023/06/pistola-de-silicona-gris.jpg
5396	https://api.ferreterialavalleja.com/wp-content/uploads/2023/06/pistola-de-silicona-plastica.png
5413	https://api.ferreterialavalleja.com/wp-content/uploads/2023/06/serrucho-tramontina-master.webp
5415	https://api.ferreterialavalleja.com/wp-content/uploads/2023/06/71j2tTpdxcL.jpg
5417	https://api.ferreterialavalleja.com/wp-content/uploads/2023/06/jmo-antihormiga.webp
5419	https://api.ferreterialavalleja.com/wp-content/uploads/2023/06/COLLAR-DE-PERRO-CON-LIZ-LED.jpg
5421	https://api.ferreterialavalleja.com/wp-content/uploads/2023/06/Sierra-de-pared-para-carpinter-a-herramienta-de-mano-multifunci-n-con-mango-de-pl-stico.jpg
5423	https://api.ferreterialavalleja.com/wp-content/uploads/2023/06/Serrucho-ramada.jpg
5425	https://api.ferreterialavalleja.com/wp-content/uploads/2023/06/Manguera-resorte-para-compresor.jpg
5429	https://api.ferreterialavalleja.com/wp-content/uploads/2023/06/tiralineas-shengma.jpg
5458	https://api.ferreterialavalleja.com/wp-content/uploads/2023/06/PINTURA-GENERICO-2.png
5511	https://api.ferreterialavalleja.com/wp-content/uploads/2023/06/PINTURA-GENERICO-3.png
5539	https://api.ferreterialavalleja.com/wp-content/uploads/2023/06/alambre-14.webp
5556	https://api.ferreterialavalleja.com/wp-content/uploads/2023/06/nivel-grande-rojo.webp
5558	https://api.ferreterialavalleja.com/wp-content/uploads/2023/06/Regla-aluminio.jpg
5560	https://api.ferreterialavalleja.com/wp-content/uploads/2023/06/Regla-metal-60cm.webp
5562	https://api.ferreterialavalleja.com/wp-content/uploads/2023/06/Faja-lumbar-pro-work.webp
5564	https://api.ferreterialavalleja.com/wp-content/uploads/2023/06/lentes-de-seguridad-negfros.jpg
5566	https://api.ferreterialavalleja.com/wp-content/uploads/2023/06/exprimidor-de-citricos.jpg
5569	https://api.ferreterialavalleja.com/wp-content/uploads/2023/06/cierra-de-mano-uyustools.jpg
5571	https://api.ferreterialavalleja.com/wp-content/uploads/2023/06/Calibrador-Ferrawyy.jpg
5573	https://api.ferreterialavalleja.com/wp-content/uploads/2023/06/Flexible-para-enfrasadora.jpg
5575	https://api.ferreterialavalleja.com/wp-content/uploads/2023/06/PINTURA-INT-EXT.png
5576	https://api.ferreterialavalleja.com/wp-content/uploads/2023/06/Arco-de-cierra-montarz.jpg
5578	https://api.ferreterialavalleja.com/wp-content/uploads/2023/06/nivel.png
5581	https://api.ferreterialavalleja.com/wp-content/uploads/2023/06/nivel-1.png
5582	https://api.ferreterialavalleja.com/wp-content/uploads/2023/06/PINTURA-TECHO-Y-PARED.png
5584	https://api.ferreterialavalleja.com/wp-content/uploads/2023/06/transportador-de-angulo.png
5586	https://api.ferreterialavalleja.com/wp-content/uploads/2023/06/Sierra-para-carnicero-Ramada.jpg
5588	https://api.ferreterialavalleja.com/wp-content/uploads/2023/06/sierra-de-mano.png
5590	https://api.ferreterialavalleja.com/wp-content/uploads/2023/06/plomada-de-500g.webp
5592	https://api.ferreterialavalleja.com/wp-content/uploads/2023/06/cano-de-compresorr.png
5594	https://api.ferreterialavalleja.com/wp-content/uploads/2023/06/plomada-famastil-300g.jpg
5596	https://api.ferreterialavalleja.com/wp-content/uploads/2023/06/lentes-de-proteccion-negros.webp
5599	https://api.ferreterialavalleja.com/wp-content/uploads/2023/06/lentes-norton-modern.jpg
5601	https://api.ferreterialavalleja.com/wp-content/uploads/2023/06/lentes-de-proteccion-negros-clasicos.jpg
5606	https://api.ferreterialavalleja.com/wp-content/uploads/2023/06/protector-auditivo.webp
5608	https://api.ferreterialavalleja.com/wp-content/uploads/2023/06/kit-6-destornilladores.webp
5610	https://api.ferreterialavalleja.com/wp-content/uploads/2023/06/estetoscopio-para-motor.jpg
5613	https://api.ferreterialavalleja.com/wp-content/uploads/2023/06/PINTURA-GENERICO-4.png
5614	https://api.ferreterialavalleja.com/wp-content/uploads/2023/06/pinzas-de-tubos.png
5616	https://api.ferreterialavalleja.com/wp-content/uploads/2023/06/estabilizador.png
5626	https://api.ferreterialavalleja.com/wp-content/uploads/2023/06/PINTURA-GENERICO-5.png
5630	https://api.ferreterialavalleja.com/wp-content/uploads/2023/06/BAJO-MESADA-NOCE.jpg
5631	https://api.ferreterialavalleja.com/wp-content/uploads/2023/06/BAJO-MESADA-NOCE-ABIERTO.jpg
5632	https://api.ferreterialavalleja.com/wp-content/uploads/2023/06/BAJO-MESADA-NOCE-1.jpg
5634	https://api.ferreterialavalleja.com/wp-content/uploads/2023/06/BAJO-MESADA-NEGRO-ABIERTO.jpg
5635	https://api.ferreterialavalleja.com/wp-content/uploads/2023/06/BAJO-MESADA-NEGRO.jpg
5638	https://api.ferreterialavalleja.com/wp-content/uploads/2023/06/panelero-carvallo-abierto.webp
5639	https://api.ferreterialavalleja.com/wp-content/uploads/2023/06/panelero-carvallo-con-fondo.webp
5640	https://api.ferreterialavalleja.com/wp-content/uploads/2023/06/panelero-carvalo-con-medidas.webp
5641	https://api.ferreterialavalleja.com/wp-content/uploads/2023/06/panelero-carvalo.webp
5643	https://api.ferreterialavalleja.com/wp-content/uploads/2023/06/PANELERO-BLANCO.webp
5644	https://api.ferreterialavalleja.com/wp-content/uploads/2023/06/PANELERO-BLANCO.webp-1.webp
5645	https://api.ferreterialavalleja.com/wp-content/uploads/2023/06/PANELERO-BLANCO.webp-2.webp
5646	https://api.ferreterialavalleja.com/wp-content/uploads/2023/06/PANELERO-BLANCO.webp-3.webp
5647	https://api.ferreterialavalleja.com/wp-content/uploads/2023/06/panelero-blanco-1-puerta.webp
5648	https://api.ferreterialavalleja.com/wp-content/uploads/2023/06/panelero-blanco-1-p.webp
5650	https://api.ferreterialavalleja.com/wp-content/uploads/2023/06/AEREO-NOCE.jpg
5651	https://api.ferreterialavalleja.com/wp-content/uploads/2023/06/Aereo-3-Puertas-N.jpg
5654	https://api.ferreterialavalleja.com/wp-content/uploads/2023/06/AEREO-BLANCO.jpg
5655	https://api.ferreterialavalleja.com/wp-content/uploads/2023/06/aereo-3-puertas.webp
5659	https://api.ferreterialavalleja.com/wp-content/uploads/2023/06/tramontina-brasil-3-con-8-pulgadas.jpg
5661	https://api.ferreterialavalleja.com/wp-content/uploads/2023/06/bomba-hyundai-1.webp
5662	https://api.ferreterialavalleja.com/wp-content/uploads/2023/06/bomba-hyundai.webp
5666	https://api.ferreterialavalleja.com/wp-content/uploads/2023/06/alicate-saca-seguros-makagua.webp
5669	https://api.ferreterialavalleja.com/wp-content/uploads/2023/06/juego-de-3-tactix.jpg
5678	https://api.ferreterialavalleja.com/wp-content/uploads/2023/06/Soplete-mali.webp
5680	https://api.ferreterialavalleja.com/wp-content/uploads/2023/06/Test-de-cloro-y-de-pH-para-piscina.webp
5682	https://api.ferreterialavalleja.com/wp-content/uploads/2023/06/Set-destornilladores-Kendo.jpg
5684	https://api.ferreterialavalleja.com/wp-content/uploads/2023/06/mechas-para-madera.jpg
5686	https://api.ferreterialavalleja.com/wp-content/uploads/2023/06/FireShot-Capture-018-1-Set-De-6-Mechas-Planas-Para-Madera-95_25mm-Electroimporta-_-articulo.mercadolibre.com_.uy_.png
5688	https://api.ferreterialavalleja.com/wp-content/uploads/2023/06/filtro-de-agua-piedras.png
5691	https://api.ferreterialavalleja.com/wp-content/uploads/2023/06/soporte-mantel.png
5692	https://api.ferreterialavalleja.com/wp-content/uploads/2023/06/soporte-mantel-1.png
5693	https://api.ferreterialavalleja.com/wp-content/uploads/2023/06/soporte-mantel-2.png
5697	https://api.ferreterialavalleja.com/wp-content/uploads/2023/06/destornillador-yato-estrell.jpg
5701	https://api.ferreterialavalleja.com/wp-content/uploads/2023/06/Destornillador-best-vale-torx.jpg
5704	https://api.ferreterialavalleja.com/wp-content/uploads/2023/06/destornillador-onsite.webp
5706	https://api.ferreterialavalleja.com/wp-content/uploads/2023/06/Best-Value-phillips-ph1x75mm.jpg
5708	https://api.ferreterialavalleja.com/wp-content/uploads/2023/06/destornillador-electrico-2pcs-834-dee201.png
5710	https://api.ferreterialavalleja.com/wp-content/uploads/2023/06/Kit-De-Destornillador-De-Color-De-Linea-6-Piezas-Proskits-SW9106-300x300-1.jpg
5713	https://api.ferreterialavalleja.com/wp-content/uploads/2023/06/Kit-De-Destornillador-De-Color-De-Linea-6-Piezas-Proskits-SW9106-300x300-2.jpg
5716	https://api.ferreterialavalleja.com/wp-content/uploads/2023/06/AEREO-NEGRO-ABIERTO.jpg
5717	https://api.ferreterialavalleja.com/wp-content/uploads/2023/06/AEREO-NEGRO.jpg
5718	https://api.ferreterialavalleja.com/wp-content/uploads/2023/06/destornilladores-kamasa.jpg
5720	https://api.ferreterialavalleja.com/wp-content/uploads/2023/06/AEREO-NEGRO-ABIERTO-1.jpg
5721	https://api.ferreterialavalleja.com/wp-content/uploads/2023/06/formon-kamasa.jpg
5724	https://api.ferreterialavalleja.com/wp-content/uploads/2023/06/rodillera-generica.png
5728	https://api.ferreterialavalleja.com/wp-content/uploads/2023/06/pelacable-makawa.webp
5730	https://api.ferreterialavalleja.com/wp-content/uploads/2023/06/lentes-de-soldadura.jpg
5732	https://api.ferreterialavalleja.com/wp-content/uploads/2023/06/Tansportador-de-angulos.jpg
5734	https://api.ferreterialavalleja.com/wp-content/uploads/2023/06/prensa-de-angulo.webp
5736	https://api.ferreterialavalleja.com/wp-content/uploads/2023/06/KIT-COCINA-BLANCO.jpg
5737	https://api.ferreterialavalleja.com/wp-content/uploads/2023/06/BAJO-MESADA-CON-PILETA-BLANCO.webp
5739	https://api.ferreterialavalleja.com/wp-content/uploads/2023/06/bajo-mesada-blanco-con-pileta-central.webp
5740	https://api.ferreterialavalleja.com/wp-content/uploads/2023/06/lima-para-motosierra.jpg
5742	https://api.ferreterialavalleja.com/wp-content/uploads/2023/06/mesada-tramontina-pileta-central.webp
5743	https://api.ferreterialavalleja.com/wp-content/uploads/2023/06/destornilladores.png
5745	https://api.ferreterialavalleja.com/wp-content/uploads/2023/06/bajo-mesada-blanco-con-pileta-central-1.webp
5747	https://api.ferreterialavalleja.com/wp-content/uploads/2023/06/KIT-COCINA-NOCE.jpg
5748	https://api.ferreterialavalleja.com/wp-content/uploads/2023/06/BAJO-MESADA-NOCE-2.jpg
5751	https://api.ferreterialavalleja.com/wp-content/uploads/2023/06/KIT-COCINA-NEGRO.jpg
5757	https://api.ferreterialavalleja.com/wp-content/uploads/2023/06/tapa-para-inodoro-granplast-acolchada.jpg
5759	https://api.ferreterialavalleja.com/wp-content/uploads/2023/06/asiento-krona.jpg
5760	https://api.ferreterialavalleja.com/wp-content/uploads/2023/06/tapa-krona.webp
5761	https://api.ferreterialavalleja.com/wp-content/uploads/2023/06/tapa-krona-1.webp
5763	https://api.ferreterialavalleja.com/wp-content/uploads/2023/06/asiento-gris-krona-1.webp
5764	https://api.ferreterialavalleja.com/wp-content/uploads/2023/06/asiento-krona-gris.webp
5766	https://api.ferreterialavalleja.com/wp-content/uploads/2023/06/asiento-krona-beige.png
5767	https://api.ferreterialavalleja.com/wp-content/uploads/2023/06/asiento-gris-krona-1-1.webp
5768	https://api.ferreterialavalleja.com/wp-content/uploads/2023/06/asiento-krona-beige-1.png
5770	https://api.ferreterialavalleja.com/wp-content/uploads/2023/06/DURIN-ACOLCHADA.png
5773	https://api.ferreterialavalleja.com/wp-content/uploads/2023/06/Juegos-de-punta-vonder.webp
5775	https://api.ferreterialavalleja.com/wp-content/uploads/2023/06/tapa-dmc1.webp
5776	https://api.ferreterialavalleja.com/wp-content/uploads/2023/06/tapa-dmc.webp
5777	https://api.ferreterialavalleja.com/wp-content/uploads/2023/06/Set-de-puntas-montadas.webp
5778	https://api.ferreterialavalleja.com/wp-content/uploads/2023/06/set-de-herrajes-asiento-wc.webp
5783	https://api.ferreterialavalleja.com/wp-content/uploads/2023/06/Juego-de-herramientas-tramontina.png
5785	https://api.ferreterialavalleja.com/wp-content/uploads/2023/06/ASIENTO-ASTRA.png
5786	https://api.ferreterialavalleja.com/wp-content/uploads/2023/06/Juego-de-herramientas-tramontina-2.jpg
5789	https://api.ferreterialavalleja.com/wp-content/uploads/2023/06/uyustools-naps.jpg
5791	https://api.ferreterialavalleja.com/wp-content/uploads/2023/06/TAPA-SOFT-SEAT.png
5792	https://api.ferreterialavalleja.com/wp-content/uploads/2023/06/TAPA-SOFT.png
5793	https://api.ferreterialavalleja.com/wp-content/uploads/2023/06/Pistola-de-aire-wufu.png
5794	https://api.ferreterialavalleja.com/wp-content/uploads/2023/06/TAPA-SOFT-2.png
5805	https://api.ferreterialavalleja.com/wp-content/uploads/2023/06/pinza-punta-media-tramontian.webp
5808	https://api.ferreterialavalleja.com/wp-content/uploads/2023/06/Pinza-semi-redonde-Bulit.jpg
5811	https://api.ferreterialavalleja.com/wp-content/uploads/2023/06/pinza-universal-bulit-4pulgadas.webp
5815	https://api.ferreterialavalleja.com/wp-content/uploads/2023/06/alicate-bulit.webp
5818	https://api.ferreterialavalleja.com/wp-content/uploads/2023/06/pinza-universal-bulit-8pulkgadas.jpg
5820	https://api.ferreterialavalleja.com/wp-content/uploads/2023/06/Pinza-universal-Pliers-de-8.webp
5824	https://api.ferreterialavalleja.com/wp-content/uploads/2023/06/pinza-universal-bulit-8pulkgadas-1.jpg
5825	https://api.ferreterialavalleja.com/wp-content/uploads/2023/06/Alicate-Norstar.webp
5828	https://api.ferreterialavalleja.com/wp-content/uploads/2023/06/tenaza-de-armador-gherardi.jpg
5830	https://api.ferreterialavalleja.com/wp-content/uploads/2023/06/tenaza-para-armar.webp
5835	https://api.ferreterialavalleja.com/wp-content/uploads/2023/06/alicate.webp
5836	https://api.ferreterialavalleja.com/wp-content/uploads/2023/06/tenaza-para-azulejo-truper.webp
5838	https://api.ferreterialavalleja.com/wp-content/uploads/2023/06/CINTA-UNISIL.png
5839	https://api.ferreterialavalleja.com/wp-content/uploads/2023/06/CINTA-UNISIL-1.png
5840	https://api.ferreterialavalleja.com/wp-content/uploads/2023/06/tijera-para-podar.webp
5841	https://api.ferreterialavalleja.com/wp-content/uploads/2023/06/CINTA-UNISIL.png-1.png
5843	https://api.ferreterialavalleja.com/wp-content/uploads/2023/06/llave-ajustable-bulit-6-s500-pza-aj6.jpg
5844	https://api.ferreterialavalleja.com/wp-content/uploads/2023/06/CINTA-UNISIL-1.png-1-1.png
5847	https://api.ferreterialavalleja.com/wp-content/uploads/2023/06/alicate-mini-Uyustools.webp
5850	https://api.ferreterialavalleja.com/wp-content/uploads/2023/06/tijera-electricista-145-mm-alyco.jpg
5852	https://api.ferreterialavalleja.com/wp-content/uploads/2023/06/Kit-pinzas-rapidas.jpg
5854	https://api.ferreterialavalleja.com/wp-content/uploads/2023/06/Disco-de-pulir-goma-Uyustools.webp
5856	https://api.ferreterialavalleja.com/wp-content/uploads/2023/06/navaja-multifuncion-12-en-1.webp
5858	https://api.ferreterialavalleja.com/wp-content/uploads/2023/06/llave-de-fuerza-bulit-10.webp
5861	https://api.ferreterialavalleja.com/wp-content/uploads/2023/06/conector-a-tierra-para-soldar.webp
5863	https://api.ferreterialavalleja.com/wp-content/uploads/2023/06/valvula-para-inflar-neumaticos.webp
5865	https://api.ferreterialavalleja.com/wp-content/uploads/2023/06/LLANA-BEST-VALUE.png
5866	https://api.ferreterialavalleja.com/wp-content/uploads/2023/06/porta-lipices-k150.jpg
5868	https://api.ferreterialavalleja.com/wp-content/uploads/2023/06/cople-universal.jpg
5870	https://api.ferreterialavalleja.com/wp-content/uploads/2023/06/juego-de-cupler-apra-compresora.webp
5872	https://api.ferreterialavalleja.com/wp-content/uploads/2023/06/broca-para-cortar-ceramica.jpg
5875	https://api.ferreterialavalleja.com/wp-content/uploads/2023/06/aFireShot-Capture-460-5-Escuadra-Carpintero-Acero-Mango-Aluminio-12-Electroimporta-14_-articulo.mercadolibre.com_.uy_.jpg
5877	https://api.ferreterialavalleja.com/wp-content/uploads/2023/06/descarga.jpg
5879	https://api.ferreterialavalleja.com/wp-content/uploads/2023/06/0027061_prensa-carpintero-tipo-g-de-2-truper-pnt-2_625.jpeg
5882	https://api.ferreterialavalleja.com/wp-content/uploads/2023/06/prensa.jpg
5884	https://api.ferreterialavalleja.com/wp-content/uploads/2023/06/Galgas.webp
5886	https://api.ferreterialavalleja.com/wp-content/uploads/2023/06/pistola-para-sopletear.jpg
5889	https://api.ferreterialavalleja.com/wp-content/uploads/2023/06/GUANTES-UNISIL.png
5890	https://api.ferreterialavalleja.com/wp-content/uploads/2023/06/GUANTES-UNISIL.png-1.jpg
5892	https://api.ferreterialavalleja.com/wp-content/uploads/2023/06/manija-para-puerta.png
5895	https://api.ferreterialavalleja.com/wp-content/uploads/2023/06/manija-fija.png
5898	https://api.ferreterialavalleja.com/wp-content/uploads/2023/06/cinta-de-cortina-1.webp
5899	https://api.ferreterialavalleja.com/wp-content/uploads/2023/06/cinta-de-cortina.webp
5902	https://api.ferreterialavalleja.com/wp-content/uploads/2023/06/cinta-de-cortina-1-1.webp
5905	https://api.ferreterialavalleja.com/wp-content/uploads/2023/06/cinta-catalana.png
5906	https://api.ferreterialavalleja.com/wp-content/uploads/2023/06/cinta-catalana-1.png
5908	https://api.ferreterialavalleja.com/wp-content/uploads/2023/06/CHAURA.webp
5911	https://api.ferreterialavalleja.com/wp-content/uploads/2023/06/ESTOPA.png
5916	https://api.ferreterialavalleja.com/wp-content/uploads/2023/06/cuerda.png
5927	https://api.ferreterialavalleja.com/wp-content/uploads/2023/06/HILO-COMETA-1.webp
5928	https://api.ferreterialavalleja.com/wp-content/uploads/2023/06/HILO-COMETA-1-1.webp
5930	https://api.ferreterialavalleja.com/wp-content/uploads/2023/06/llave-allen.png
5931	https://api.ferreterialavalleja.com/wp-content/uploads/2023/06/yato.jpg
5934	https://api.ferreterialavalleja.com/wp-content/uploads/2023/06/HOJA-DE-SIERRA.jpg
5935	https://api.ferreterialavalleja.com/wp-content/uploads/2023/06/SIERRA-.png
5942	https://api.ferreterialavalleja.com/wp-content/uploads/2023/06/trapo.webp
5945	https://api.ferreterialavalleja.com/wp-content/uploads/2023/06/pinza-nivelador.webp
5946	https://api.ferreterialavalleja.com/wp-content/uploads/2023/06/pinza-nivelador-1.webp
5948	https://api.ferreterialavalleja.com/wp-content/uploads/2023/06/tenaza-rusa-de-9-super-ego.jpg
5950	https://api.ferreterialavalleja.com/wp-content/uploads/2023/06/PINZA-KSEIBI.png
5952	https://api.ferreterialavalleja.com/wp-content/uploads/2023/06/REMACHADORA.png
5954	https://api.ferreterialavalleja.com/wp-content/uploads/2023/06/lija-de-banda.webp
5957	https://api.ferreterialavalleja.com/wp-content/uploads/2023/06/ZOCALO-SUPRABOND.webp
5958	https://api.ferreterialavalleja.com/wp-content/uploads/2023/06/ZOCALO-SUPRABOND.webp-1.web2_.webp
5959	https://api.ferreterialavalleja.com/wp-content/uploads/2023/06/ZOCALO-SUPRABOND.webp-1.web2_.webp-3.webp
5960	https://api.ferreterialavalleja.com/wp-content/uploads/2023/06/ZOCALO-SUPRABOND.webp-1.webp
5963	https://api.ferreterialavalleja.com/wp-content/uploads/2023/06/BUELETE-5X10.webp
5965	https://api.ferreterialavalleja.com/wp-content/uploads/2023/06/BURLETE-10X10.webp
5967	https://api.ferreterialavalleja.com/wp-content/uploads/2023/06/BURLETE-20X10.webp
5968	https://api.ferreterialavalleja.com/wp-content/uploads/2023/06/BURLETE-ESPUMA.webp
5971	https://api.ferreterialavalleja.com/wp-content/uploads/2023/06/ZOCALO-ALUMINIO-Y-GOMA.webp
5974	https://api.ferreterialavalleja.com/wp-content/uploads/2023/06/ZOCALO-ALUMINIO-1.webp
5980	https://api.ferreterialavalleja.com/wp-content/uploads/2023/06/ZOCALO-AUTOMATICO.webp
5981	https://api.ferreterialavalleja.com/wp-content/uploads/2023/06/ZOCALO-AUTOMATICO.webp-1.webp
5982	https://api.ferreterialavalleja.com/wp-content/uploads/2023/06/ZOCALO-AUTOMATICO-FOTO-1.jpg
5983	https://api.ferreterialavalleja.com/wp-content/uploads/2023/06/ZOCALO-AUTOMATICO-FOTO-1-1.jpg
5985	https://api.ferreterialavalleja.com/wp-content/uploads/2023/06/ZOCALO-AUTOADHESIVO.png
5989	https://api.ferreterialavalleja.com/wp-content/uploads/2023/06/FUNGICIDA.png
5994	https://api.ferreterialavalleja.com/wp-content/uploads/2023/06/MASILLA-7.webp
5995	https://api.ferreterialavalleja.com/wp-content/uploads/2023/06/MASILLA-1.5.webp
5997	https://api.ferreterialavalleja.com/wp-content/uploads/2023/06/MASILLA.jpg
6000	https://api.ferreterialavalleja.com/wp-content/uploads/2023/06/ENDUIDO.webp
6010	https://api.ferreterialavalleja.com/wp-content/uploads/2023/06/ENDUIDO-EXT-1.png
6015	https://api.ferreterialavalleja.com/wp-content/uploads/2023/06/CINTA-PARA-YESO-CHICA.webp
6017	https://api.ferreterialavalleja.com/wp-content/uploads/2023/06/CINTA-PARA-YESO-FIBRA.webp
6018	https://api.ferreterialavalleja.com/wp-content/uploads/2023/06/CINTA-PARA-YESO-1.webp
6020	https://api.ferreterialavalleja.com/wp-content/uploads/2023/06/CINTA-PARA-YESO-PAPEL.webp
6024	https://api.ferreterialavalleja.com/wp-content/uploads/2023/06/tester-digital-buscapolos-Changlu.jpg
6026	https://api.ferreterialavalleja.com/wp-content/uploads/2023/06/pinza-universal-bulit-economy-7-s200-pza-e-pu7.jpg
6029	https://api.ferreterialavalleja.com/wp-content/uploads/2023/06/alicate-de-6-tramontina.jpg
6031	https://api.ferreterialavalleja.com/wp-content/uploads/2023/06/bulit-pinza-de-punta-redonda-serie-600-45-pulgadas-pza-s6-epr-4-51-001e316a0f4cfd1c7415887952738313-640-0.jpg
6032	https://api.ferreterialavalleja.com/wp-content/uploads/2023/06/bulit-pinza-de-punta-redonda-serie-600-45-pulgadas-pza-s6-epr-4-51-001e316a0f4cfd1c7415887952738313-640-0-1.jpg
6033	https://api.ferreterialavalleja.com/wp-content/uploads/2023/06/bulit-pinza-de-punta-redonda-serie-600-45-pulgadas-pza-s6-epr-4-51-001e316a0f4cfd1c7415887952738313-640-0-2.jpg
6034	https://api.ferreterialavalleja.com/wp-content/uploads/2023/06/pinza-de-punta.jpg
6036	https://api.ferreterialavalleja.com/wp-content/uploads/2023/06/llave-ajustable-steelma.jpg
6041	https://api.ferreterialavalleja.com/wp-content/uploads/2023/06/llave-ajustable-benca.jpg
6046	https://api.ferreterialavalleja.com/wp-content/uploads/2023/06/engranpadora.jpg
6049	https://api.ferreterialavalleja.com/wp-content/uploads/2023/06/Grapadora-T-50-Trupper-cod.-7501206671214-570x570-1.jpg
6052	https://api.ferreterialavalleja.com/wp-content/uploads/2023/06/engrampadora-stanley.webp
6054	https://api.ferreterialavalleja.com/wp-content/uploads/2023/06/Tijera-multiusos.jpg
6056	https://api.ferreterialavalleja.com/wp-content/uploads/2023/06/Alicate-para-electricista.webp
6058	https://api.ferreterialavalleja.com/wp-content/uploads/2023/06/Tijera-tipo-aviacion.jpg
6060	https://api.ferreterialavalleja.com/wp-content/uploads/2023/06/to-104c-destornillador-2-puntas.jpg
6062	https://api.ferreterialavalleja.com/wp-content/uploads/2023/06/escalera_SECUR_3-PORTADA.pdf
6065	https://api.ferreterialavalleja.com/wp-content/uploads/2023/06/llave-bujia-7199000200.jpg
6067	https://api.ferreterialavalleja.com/wp-content/uploads/2023/06/0007484_llave-ajustable-8-acero-templado.png
6069	https://api.ferreterialavalleja.com/wp-content/uploads/2023/06/ESCALERA-SECUR-1.jpg
6070	https://api.ferreterialavalleja.com/wp-content/uploads/2023/06/juego-de-puntas-de-bola.jpg
6071	https://api.ferreterialavalleja.com/wp-content/uploads/2023/06/escalera_SECUR_3-PORTADA-1.pdf
6072	https://api.ferreterialavalleja.com/wp-content/uploads/2023/06/ESCALERA-SECUR-TABLA.jpg
6073	https://api.ferreterialavalleja.com/wp-content/uploads/2023/06/ESCALERAS-SECUR.jpg
6076	https://api.ferreterialavalleja.com/wp-content/uploads/2023/06/BANQUETA.webp
6079	https://api.ferreterialavalleja.com/wp-content/uploads/2023/06/cuchilla-de-afeitar-stanley.png
6085	https://api.ferreterialavalleja.com/wp-content/uploads/2023/06/terraja.jpg
6087	https://api.ferreterialavalleja.com/wp-content/uploads/2023/06/Mandril-De-12-Con-Adaptador-Sds-Plus-Para-Taladros-Sds-1-324x324-1.jpg
6090	https://api.ferreterialavalleja.com/wp-content/uploads/2023/06/TramontinaLlaves.jpg
6092	https://api.ferreterialavalleja.com/wp-content/uploads/2023/06/criket.jpg
6094	https://api.ferreterialavalleja.com/wp-content/uploads/2023/06/llaves-allen-truper.jpeg
6096	https://api.ferreterialavalleja.com/wp-content/uploads/2023/06/llaves-allen-redondas-makawa.png
6098	https://api.ferreterialavalleja.com/wp-content/uploads/2023/06/portamachosa.jpg
6101	https://api.ferreterialavalleja.com/wp-content/uploads/2023/06/sacabujia.webp
6104	https://api.ferreterialavalleja.com/wp-content/uploads/2023/06/llave-para-chuk.jpg
6106	https://api.ferreterialavalleja.com/wp-content/uploads/2023/06/TIMER-NAF-3.webp
6107	https://api.ferreterialavalleja.com/wp-content/uploads/2023/06/metro-de-carpintero.webp
6110	https://api.ferreterialavalleja.com/wp-content/uploads/2023/06/TIMER-SCHUKO.webp
6112	https://api.ferreterialavalleja.com/wp-content/uploads/2023/06/llave-para-amoladora.webp
6114	https://api.ferreterialavalleja.com/wp-content/uploads/2023/06/candado-master-lock.jpg
6116	https://api.ferreterialavalleja.com/wp-content/uploads/2023/06/candado.jpg
6123	https://api.ferreterialavalleja.com/wp-content/uploads/2023/06/PRENSA-ROJA.webp
6124	https://api.ferreterialavalleja.com/wp-content/uploads/2023/06/PRENSAS-PORTADA-1.jpg
6125	https://api.ferreterialavalleja.com/wp-content/uploads/2023/06/PRENSAS-3.jpg
6128	https://api.ferreterialavalleja.com/wp-content/uploads/2023/06/MALLA-SOMBRA-1.webp
6129	https://api.ferreterialavalleja.com/wp-content/uploads/2023/06/MALLA-SOMBRA-2.webp
6130	https://api.ferreterialavalleja.com/wp-content/uploads/2023/06/MALLA-SOMBRA.webp
6131	https://api.ferreterialavalleja.com/wp-content/uploads/2023/06/malla-sombra-3.png
6132	https://api.ferreterialavalleja.com/wp-content/uploads/2023/06/malla-sombra-4.jpg
6134	https://api.ferreterialavalleja.com/wp-content/uploads/2023/06/ESCALERA-MULTIFUNCION.webp
6135	https://api.ferreterialavalleja.com/wp-content/uploads/2023/06/ESCALERA-MULTIFUNCION.webp-1.webp
6136	https://api.ferreterialavalleja.com/wp-content/uploads/2023/06/ESCALERA-MULTIFUNCION.webp2_.webp
6137	https://api.ferreterialavalleja.com/wp-content/uploads/2023/06/ESCALERA-MULTIFUNCION.webp3_.webp
6140	https://api.ferreterialavalleja.com/wp-content/uploads/2023/06/hidrolavadora-1.webp
6141	https://api.ferreterialavalleja.com/wp-content/uploads/2023/06/hidrolavadora-1.webp2_.webp
6142	https://api.ferreterialavalleja.com/wp-content/uploads/2023/06/hidrolavadora.webp
6144	https://api.ferreterialavalleja.com/wp-content/uploads/2023/06/HIDROLAVADORA-S.webp
6146	https://api.ferreterialavalleja.com/wp-content/uploads/2023/06/CAJA-ESTANCO-NAF.png
6147	https://api.ferreterialavalleja.com/wp-content/uploads/2023/06/CAJA-ESTANCO-NAF.png-1.png
6150	https://api.ferreterialavalleja.com/wp-content/uploads/2023/06/PORTAHERRAMIENTA.png
6152	https://api.ferreterialavalleja.com/wp-content/uploads/2023/06/DELANTAL.webp
6154	https://api.ferreterialavalleja.com/wp-content/uploads/2023/06/DESLIZADOR.webp
6155	https://api.ferreterialavalleja.com/wp-content/uploads/2023/06/DESLIZADOR.webp1_.webp
6156	https://api.ferreterialavalleja.com/wp-content/uploads/2023/06/DESLIZADOR.webp1_.webp-2.webp
6158	https://api.ferreterialavalleja.com/wp-content/uploads/2023/06/pulverizador.png
6160	https://api.ferreterialavalleja.com/wp-content/uploads/2023/06/lona.webp
6161	https://api.ferreterialavalleja.com/wp-content/uploads/2023/06/lona-1.webp
6162	https://api.ferreterialavalleja.com/wp-content/uploads/2023/06/lona-2.webp
6163	https://api.ferreterialavalleja.com/wp-content/uploads/2023/06/lona-3.webp
6164	https://api.ferreterialavalleja.com/wp-content/uploads/2023/06/lona-3-1.webp
6192	https://api.ferreterialavalleja.com/wp-content/uploads/2023/06/PINTURA-EN-AEROSOL.webp
6194	https://api.ferreterialavalleja.com/wp-content/uploads/2023/06/ACIDO.webp
6196	https://api.ferreterialavalleja.com/wp-content/uploads/2023/06/alcohol.webp
6198	https://api.ferreterialavalleja.com/wp-content/uploads/2023/06/querosol-1-l-querosol-1-l.jpg
6203	https://api.ferreterialavalleja.com/wp-content/uploads/2023/06/grifo-negro-duda.webp
6204	https://api.ferreterialavalleja.com/wp-content/uploads/2023/06/tranca-bici.jpg
6205	https://api.ferreterialavalleja.com/wp-content/uploads/2023/06/tranca-bici-1.jpg
6210	https://api.ferreterialavalleja.com/wp-content/uploads/2023/06/candado-master-lock-codigo.jpg
6213	https://api.ferreterialavalleja.com/wp-content/uploads/2023/06/ESQUINERO-3.jpg
6215	https://api.ferreterialavalleja.com/wp-content/uploads/2023/06/esqui.png
6216	https://api.ferreterialavalleja.com/wp-content/uploads/2023/06/esquinero-111.png
6217	https://api.ferreterialavalleja.com/wp-content/uploads/2023/06/llavesa-llen.webp
6222	https://api.ferreterialavalleja.com/wp-content/uploads/2023/06/ratchet-tie-down.jpg
6224	https://api.ferreterialavalleja.com/wp-content/uploads/2023/06/PORTA.png
6225	https://api.ferreterialavalleja.com/wp-content/uploads/2023/06/linga-seguridad-master-lock.jpg
6228	https://api.ferreterialavalleja.com/wp-content/uploads/2023/06/cable-cutter.jpg
6231	https://api.ferreterialavalleja.com/wp-content/uploads/2023/06/kit-4-candados-bulit.webp
6233	https://api.ferreterialavalleja.com/wp-content/uploads/2023/06/linga-de-segfuridad.jpg
6236	https://api.ferreterialavalleja.com/wp-content/uploads/2023/06/o-ring-pitbull.jpg
6242	https://api.ferreterialavalleja.com/wp-content/uploads/2023/06/caja-clasificadora-de-componentes.jpg
6243	https://api.ferreterialavalleja.com/wp-content/uploads/2023/06/PERCHA.png
6246	https://api.ferreterialavalleja.com/wp-content/uploads/2023/06/RASPADOR_JUNTAS_CERAMICA_CORTAG_2_5_MM__2.jpg
6248	https://api.ferreterialavalleja.com/wp-content/uploads/2023/06/iman.webp
6250	https://api.ferreterialavalleja.com/wp-content/uploads/2023/06/PORTA-1.png
6251	https://api.ferreterialavalleja.com/wp-content/uploads/2023/06/PORTARROLLO-DUDA.png
6253	https://api.ferreterialavalleja.com/wp-content/uploads/2023/06/CORTINA-BERTA.png
6258	https://api.ferreterialavalleja.com/wp-content/uploads/2023/06/Linga-de-seguridad-para-bicicletas-Kihuu-Lock.jpg
6260	https://api.ferreterialavalleja.com/wp-content/uploads/2023/06/ARGOLLAS-BERTA-BCO.png
6262	https://api.ferreterialavalleja.com/wp-content/uploads/2023/06/ARGOLLAS-BERTA-BCO.png1_.png
6263	https://api.ferreterialavalleja.com/wp-content/uploads/2023/06/ARGOLLAS-BCO.webp
6265	https://api.ferreterialavalleja.com/wp-content/uploads/2023/06/Linga-de-seguridad-para-bicicletas-Kihuu-Loc.jpg
6267	https://api.ferreterialavalleja.com/wp-content/uploads/2023/06/SET-DE-ARGOLLAS.png
6271	https://api.ferreterialavalleja.com/wp-content/uploads/2023/06/Linga-de-seguridad-para-bicicletas-Cable-Lock.webp
6272	https://api.ferreterialavalleja.com/wp-content/uploads/2023/06/FILTRO-MALVAR.png
6276	https://api.ferreterialavalleja.com/wp-content/uploads/2023/06/Candado-reforzado-con-alarma-Alarm-Lock.webp
6278	https://api.ferreterialavalleja.com/wp-content/uploads/2023/06/0005181_juego-de-mechas-planas-6pz.png
6280	https://api.ferreterialavalleja.com/wp-content/uploads/2023/06/linterna-china.webp
6282	https://api.ferreterialavalleja.com/wp-content/uploads/2023/06/linterna-ewtto.webp
6284	https://api.ferreterialavalleja.com/wp-content/uploads/2023/06/linterna-dong-chen.webp
6286	https://api.ferreterialavalleja.com/wp-content/uploads/2023/06/linterna-outao.jpg
6288	https://api.ferreterialavalleja.com/wp-content/uploads/2023/06/luz-bicicleta.jpg
6291	https://api.ferreterialavalleja.com/wp-content/uploads/2023/06/Cargador-universal-para-bateria.webp
6292	https://api.ferreterialavalleja.com/wp-content/uploads/2023/06/LAMPAZO-1.webp
6294	https://api.ferreterialavalleja.com/wp-content/uploads/2023/06/sensor-inflarrojo.webp
6298	https://api.ferreterialavalleja.com/wp-content/uploads/2023/06/linterna-tactica.webp
6300	https://api.ferreterialavalleja.com/wp-content/uploads/2023/06/ESTUFA-CUARZO1.webp
6301	https://api.ferreterialavalleja.com/wp-content/uploads/2023/06/ESTUFA-CUARZO1-1.webp
6302	https://api.ferreterialavalleja.com/wp-content/uploads/2023/06/ESTUFA-CUARZO.webp
6303	https://api.ferreterialavalleja.com/wp-content/uploads/2023/06/Llave-sacafiltro.png
6307	https://api.ferreterialavalleja.com/wp-content/uploads/2023/06/prensa-rapida-p.webp
6310	https://api.ferreterialavalleja.com/wp-content/uploads/2023/06/caloventilador.webp
6311	https://api.ferreterialavalleja.com/wp-content/uploads/2023/06/caloventilador.webp1_.webp
6312	https://api.ferreterialavalleja.com/wp-content/uploads/2023/06/caloventilador.webp1_.webp2_.webp
6314	https://api.ferreterialavalleja.com/wp-content/uploads/2023/06/prensa-de-cuadro.webp
6317	https://api.ferreterialavalleja.com/wp-content/uploads/2023/06/odometro.jpg
6318	https://api.ferreterialavalleja.com/wp-content/uploads/2023/06/PERCHERO-DE-MADERA.webp
6320	https://api.ferreterialavalleja.com/wp-content/uploads/2023/06/ARGOLLAS-TRANSPARENTE.webp
6321	https://api.ferreterialavalleja.com/wp-content/uploads/2023/06/ARGOLLAS-TRANSPARENTE.webp1_.webp
6323	https://api.ferreterialavalleja.com/wp-content/uploads/2023/06/set-de-cepillos.webp
6325	https://api.ferreterialavalleja.com/wp-content/uploads/2023/06/porta-herramientas.webp
6327	https://api.ferreterialavalleja.com/wp-content/uploads/2023/06/RASQUETA.png
6329	https://api.ferreterialavalleja.com/wp-content/uploads/2023/06/ALARGUE-2-SCHUKOS.webp
6331	https://api.ferreterialavalleja.com/wp-content/uploads/2023/06/ALARGUE-3-SCHUKOS.png
6333	https://api.ferreterialavalleja.com/wp-content/uploads/2023/06/ALARGUE-1-SCHUKO.webp
6335	https://api.ferreterialavalleja.com/wp-content/uploads/2023/06/ESPATULA-BULIT-1.webp
6336	https://api.ferreterialavalleja.com/wp-content/uploads/2023/06/ESPATULA-BULIT-2.jpg
6337	https://api.ferreterialavalleja.com/wp-content/uploads/2023/06/BULIT.webp
6343	https://api.ferreterialavalleja.com/wp-content/uploads/2023/06/LIMPIAVIDRIOS-ROMA.webp
6346	https://api.ferreterialavalleja.com/wp-content/uploads/2023/06/ESPATULA-PLASTICA.jpg
6348	https://api.ferreterialavalleja.com/wp-content/uploads/2023/06/CEPILLO-DE-MADERA.webp-CONDOR.webp
6349	https://api.ferreterialavalleja.com/wp-content/uploads/2023/06/CEPILLO-DE-MADERA.webp
6351	https://api.ferreterialavalleja.com/wp-content/uploads/2023/06/CEPILLO-PLASTICO-CONDOR.webp
6354	https://api.ferreterialavalleja.com/wp-content/uploads/2023/06/BOTELLA-DE-ALUMINIO.webp
6356	https://api.ferreterialavalleja.com/wp-content/uploads/2023/06/3-EN-1.jpg
6358	https://api.ferreterialavalleja.com/wp-content/uploads/2023/06/terminator.webp
6361	https://api.ferreterialavalleja.com/wp-content/uploads/2023/06/espatula-200-mm.webp
6362	https://api.ferreterialavalleja.com/wp-content/uploads/2023/06/ORBI.webp
6367	https://api.ferreterialavalleja.com/wp-content/uploads/2023/06/guante-pvc-14-35-cm-rojo-pvc-14.jpg
6369	https://api.ferreterialavalleja.com/wp-content/uploads/2023/06/Guantes-de-proteccion-para-mecanicos-Wurth.jpg
6371	https://api.ferreterialavalleja.com/wp-content/uploads/2023/06/graserit.png
6373	https://api.ferreterialavalleja.com/wp-content/uploads/2023/06/guantes-crivea.webp
6375	https://api.ferreterialavalleja.com/wp-content/uploads/2023/06/PINZA-BULIT.webp
6376	https://api.ferreterialavalleja.com/wp-content/uploads/2023/06/guatnes-de-nitrilo-wurth.jpg
6383	https://api.ferreterialavalleja.com/wp-content/uploads/2023/06/Rollo-de-espuma-para-pintar.jpg
6385	https://api.ferreterialavalleja.com/wp-content/uploads/2023/06/no-estacione-cartel.jpg
6387	https://api.ferreterialavalleja.com/wp-content/uploads/2023/06/PORTA-ROLLO.jpg
6389	https://api.ferreterialavalleja.com/wp-content/uploads/2023/06/tijera-de-podar-tramontina.jpg
6391	https://api.ferreterialavalleja.com/wp-content/uploads/2023/06/antipolillas-crivea.webp
6393	https://api.ferreterialavalleja.com/wp-content/uploads/2023/06/BARRAL-DE-COCINA.webp
6394	https://api.ferreterialavalleja.com/wp-content/uploads/2023/06/barral-ganchera.jpg
6396	https://api.ferreterialavalleja.com/wp-content/uploads/2023/06/Antipolillas-pradicloro-puro-Crivea.jpg
6400	https://api.ferreterialavalleja.com/wp-content/uploads/2023/06/177001_1.jpg
6402	https://api.ferreterialavalleja.com/wp-content/uploads/2023/06/CE-approved-working-light-Portable-Electric-Hand-900x800-1.jpg
6405	https://api.ferreterialavalleja.com/wp-content/uploads/2023/06/guante-de-solador.webp
6406	https://api.ferreterialavalleja.com/wp-content/uploads/2023/06/gatillo-de-plastico.jpg
6408	https://api.ferreterialavalleja.com/wp-content/uploads/2023/06/acople-para-manguera-triple.jpg
6410	https://api.ferreterialavalleja.com/wp-content/uploads/2023/06/regulable.webp
6412	https://api.ferreterialavalleja.com/wp-content/uploads/2023/06/cabezal-de-reparacion-astra.jpg
6413	https://api.ferreterialavalleja.com/wp-content/uploads/2023/06/cabezal-de-reparacion-astra.jpg-1.jpg
6414	https://api.ferreterialavalleja.com/wp-content/uploads/2023/06/0080753_conector-macho-pcanilla-tramontina_360.jpeg
6416	https://api.ferreterialavalleja.com/wp-content/uploads/2023/06/acople-hembra.jpg
6418	https://api.ferreterialavalleja.com/wp-content/uploads/2023/06/union-2-acoples.jpg
6420	https://api.ferreterialavalleja.com/wp-content/uploads/2023/06/cabezal-para-regador-de-bronce.webp
6422	https://api.ferreterialavalleja.com/wp-content/uploads/2023/06/rodillo.png
6423	https://api.ferreterialavalleja.com/wp-content/uploads/2023/06/rodillo-1.png
6424	https://api.ferreterialavalleja.com/wp-content/uploads/2023/06/escobilla-conmdor.png
6426	https://api.ferreterialavalleja.com/wp-content/uploads/2023/06/eescobilla-de-acero-con-mango.jpg
6427	https://api.ferreterialavalleja.com/wp-content/uploads/2023/06/escobilla-de-acero-con-mango-de-plastico.webp
6430	https://api.ferreterialavalleja.com/wp-content/uploads/2023/06/soplete-para-membrana.webp
6433	https://api.ferreterialavalleja.com/wp-content/uploads/2023/06/machete-mango-remachado-naranja-profesional-14-36cm-truper.jpg
6435	https://api.ferreterialavalleja.com/wp-content/uploads/2023/06/guantes-ligeros-wurth.webp
6437	https://api.ferreterialavalleja.com/wp-content/uploads/2023/06/guante-benca-cuero-y-lona.jpg
6439	https://api.ferreterialavalleja.com/wp-content/uploads/2023/06/guantes-especiales-anticorte.jpg
6441	https://api.ferreterialavalleja.com/wp-content/uploads/2023/06/pala-tramontina-fina.webp
6443	https://api.ferreterialavalleja.com/wp-content/uploads/2023/06/pala-tramontina.jpg
6445	https://api.ferreterialavalleja.com/wp-content/uploads/2023/06/kit-tramontina-para-kardineria.jpeg
6447	https://api.ferreterialavalleja.com/wp-content/uploads/2023/06/tendedero-metalico.webp
6449	https://api.ferreterialavalleja.com/wp-content/uploads/2023/06/0081115_cultivador-para-jadrin-29cm-tramontina_360.jpeg
6454	https://api.ferreterialavalleja.com/wp-content/uploads/2023/06/images.jpg
6455	https://api.ferreterialavalleja.com/wp-content/uploads/2023/06/barraote-80x80-1.webp
6456	https://api.ferreterialavalleja.com/wp-content/uploads/2023/06/barraote-80x80.webp-1.webp
6460	https://api.ferreterialavalleja.com/wp-content/uploads/2023/06/51MqIQKT8JS._AC_SY355_.jpg
6462	https://api.ferreterialavalleja.com/wp-content/uploads/2023/06/serrote-para-podar.webp
6464	https://api.ferreterialavalleja.com/wp-content/uploads/2023/06/perchero-ratan.webp
6465	https://api.ferreterialavalleja.com/wp-content/uploads/2023/06/rastrrillo-jardinerai.webp
6468	https://api.ferreterialavalleja.com/wp-content/uploads/2023/06/tijera-de-poda-punta-fina.webp
6469	https://api.ferreterialavalleja.com/wp-content/uploads/2023/06/tijera-de-poda-punta-fina-1.webp
6471	https://api.ferreterialavalleja.com/wp-content/uploads/2023/06/Gatillo-pulverizador-peluqueria.webp
6476	https://api.ferreterialavalleja.com/wp-content/uploads/2023/06/Gatillo-pulverizador-para-peluqueria.webp
6477	https://api.ferreterialavalleja.com/wp-content/uploads/2023/06/barrote-extensible.webp
6480	https://api.ferreterialavalleja.com/wp-content/uploads/2023/06/barrote-de-cortina-ext.webp
6481	https://api.ferreterialavalleja.com/wp-content/uploads/2023/06/Gatillo-pulverizapara-jardin.jpg
6484	https://api.ferreterialavalleja.com/wp-content/uploads/2023/06/BARROTE-BCO.webp
6485	https://api.ferreterialavalleja.com/wp-content/uploads/2023/06/BARROTE-BCO.webp-1.webp
6488	https://api.ferreterialavalleja.com/wp-content/uploads/2023/06/toallero-duda.jpg
6491	https://api.ferreterialavalleja.com/wp-content/uploads/2023/06/ESPEJO.jpg
6492	https://api.ferreterialavalleja.com/wp-content/uploads/2023/06/PALITO-PORTA-ROLLO.png
6494	https://api.ferreterialavalleja.com/wp-content/uploads/2023/06/PERCHERO-PLASTICO-AUTU.png
6496	https://api.ferreterialavalleja.com/wp-content/uploads/2023/06/PERCHERO-BRONCEADO.jpg
6500	https://api.ferreterialavalleja.com/wp-content/uploads/2023/06/PORTA-SHAMPOO.webp
6502	https://api.ferreterialavalleja.com/wp-content/uploads/2023/06/PORTA-SHAMPOO-1.webp
6504	https://api.ferreterialavalleja.com/wp-content/uploads/2023/06/PORTA-SHAMPOO-2.webp
6505	https://api.ferreterialavalleja.com/wp-content/uploads/2023/06/PORTA-SHAMPOO-CHICO.png
6507	https://api.ferreterialavalleja.com/wp-content/uploads/2023/06/kit-3-cepillos.webp
6509	https://api.ferreterialavalleja.com/wp-content/uploads/2023/06/manguyera.jpg
6511	https://api.ferreterialavalleja.com/wp-content/uploads/2023/06/bolsa-para-herramientas.webp
6513	https://api.ferreterialavalleja.com/wp-content/uploads/2023/06/cortafierra.png
6515	https://api.ferreterialavalleja.com/wp-content/uploads/2023/06/cortafierros-con-proteccion.jpg
6517	https://api.ferreterialavalleja.com/wp-content/uploads/2023/06/alfombra-felpudo-bienvenido-53x33-cm.jpg
6519	https://api.ferreterialavalleja.com/wp-content/uploads/2023/06/cuchara-albanil-8-77354-085-tramontina-cuchara-albanil-8-77354-085-tramontina.jpg
6520	https://api.ferreterialavalleja.com/wp-content/uploads/2023/06/cuchara-albanil-8-77354-085-tramontina-cuchara-albanil-8-77354-085-tramontina-1.jpg
6523	https://api.ferreterialavalleja.com/wp-content/uploads/2023/06/cuchara-de-albanil.webp
6525	https://api.ferreterialavalleja.com/wp-content/uploads/2023/06/espatula-castor.jpg
6527	https://api.ferreterialavalleja.com/wp-content/uploads/2023/06/espatula-larga.jpg
6529	https://api.ferreterialavalleja.com/wp-content/uploads/2023/06/espatula-40cm.jpg
6531	https://api.ferreterialavalleja.com/wp-content/uploads/2023/06/martillo.jpg
6534	https://api.ferreterialavalleja.com/wp-content/uploads/2023/06/martillo-de-pena-famastil.webp
6536	https://api.ferreterialavalleja.com/wp-content/uploads/2023/06/picture_59ee66e034234.jpg
6540	https://api.ferreterialavalleja.com/wp-content/uploads/2023/06/martillo-de-pena-azul.png
6543	https://api.ferreterialavalleja.com/wp-content/uploads/2023/06/martillo-de-bola.jpg
6545	https://api.ferreterialavalleja.com/wp-content/uploads/2023/06/reparacion.jpg
6546	https://api.ferreterialavalleja.com/wp-content/uploads/2023/06/perchero-cromado.webp
6550	https://api.ferreterialavalleja.com/wp-content/uploads/2023/06/maceta-de-goma-tramontina.webp
6552	https://api.ferreterialavalleja.com/wp-content/uploads/2023/06/maceta-goma-naranja.jpg
6554	https://api.ferreterialavalleja.com/wp-content/uploads/2023/06/martillo-de-una-8oz.jpg
6557	https://api.ferreterialavalleja.com/wp-content/uploads/2023/06/maceta-tramontina-1kg.jpg
6560	https://api.ferreterialavalleja.com/wp-content/uploads/2023/06/GRIFO.png
6564	https://api.ferreterialavalleja.com/wp-content/uploads/2023/06/cuchara-de-albanil-kseidi-crown.jpg
6571	https://api.ferreterialavalleja.com/wp-content/uploads/2023/06/grinfa.jpeg
6574	https://api.ferreterialavalleja.com/wp-content/uploads/2023/06/grinfa-de-8.png
6575	https://api.ferreterialavalleja.com/wp-content/uploads/2023/06/grinfa-de-8-1.png
6578	https://api.ferreterialavalleja.com/wp-content/uploads/2023/06/llana.webp
6581	https://api.ferreterialavalleja.com/wp-content/uploads/2023/06/Serrucho-de-rama-12.png
6583	https://api.ferreterialavalleja.com/wp-content/uploads/2023/06/hacha.jpg
6585	https://api.ferreterialavalleja.com/wp-content/uploads/2023/06/llave-inglesa.webp
6586	https://api.ferreterialavalleja.com/wp-content/uploads/2023/06/llave-inglesa-1.webp
6589	https://api.ferreterialavalleja.com/wp-content/uploads/2023/06/cabeza-de-azada.jpg
6591	https://api.ferreterialavalleja.com/wp-content/uploads/2023/06/caebza-de-azada-doble.jpg
6596	https://api.ferreterialavalleja.com/wp-content/uploads/2023/06/espatula-de-rincon.png
6597	https://api.ferreterialavalleja.com/wp-content/uploads/2023/06/CINTA-5-M.webp
6600	https://api.ferreterialavalleja.com/wp-content/uploads/2023/06/SIFON-GOMA.jpg
6603	https://api.ferreterialavalleja.com/wp-content/uploads/2023/06/BOTON-DEALER.webp
6604	https://api.ferreterialavalleja.com/wp-content/uploads/2023/06/BOTON-DEALER.webp-1.webp
6606	https://api.ferreterialavalleja.com/wp-content/uploads/2023/06/BOTON-SUPERIOR-ASTRA.webp
6607	https://api.ferreterialavalleja.com/wp-content/uploads/2023/06/2023-06-27-15-04-10-411.png
6613	https://api.ferreterialavalleja.com/wp-content/uploads/2023/06/boton-superior-astra-simple.webp
6614	https://api.ferreterialavalleja.com/wp-content/uploads/2023/06/D_NQ_NP_2X_685520-MLU69891694991_062023-F.webp
6618	https://api.ferreterialavalleja.com/wp-content/uploads/2023/06/D_NQ_NP_2X_702092-MLU50952362906_082022-F.webp
6620	https://api.ferreterialavalleja.com/wp-content/uploads/2023/06/hacha.webp
6622	https://api.ferreterialavalleja.com/wp-content/uploads/2023/06/obturador_universal_rigido_para_saida_de_agua_ksou_as_astra_923_1_30e00f61def198ca3b71719eaac63c6d.webp
6623	https://api.ferreterialavalleja.com/wp-content/uploads/2023/06/palanca-dealer.webp
6627	https://api.ferreterialavalleja.com/wp-content/uploads/2023/06/KIT-DEALER.webp
6630	https://api.ferreterialavalleja.com/wp-content/uploads/2023/06/D_NQ_NP_2X_625556-MLU41766481926_052020-F.webp
6631	https://api.ferreterialavalleja.com/wp-content/uploads/2023/06/kit-de-sisterna-r.jpg
6633	https://api.ferreterialavalleja.com/wp-content/uploads/2023/06/D_NQ_NP_2X_817172-MLU54450664963_032023-F.webp
6636	https://api.ferreterialavalleja.com/wp-content/uploads/2023/06/D_NQ_NP_2X_945912-MLU48011190268_102021-F.webp
6637	https://api.ferreterialavalleja.com/wp-content/uploads/2023/06/SIFON-IND.png
6643	https://api.ferreterialavalleja.com/wp-content/uploads/2023/06/martillo-de-goma.jpg
6649	https://api.ferreterialavalleja.com/wp-content/uploads/2023/06/martillo-tramontina.jpg
6651	https://api.ferreterialavalleja.com/wp-content/uploads/2023/06/cabeza-pico-y-azada.jpg
6652	https://api.ferreterialavalleja.com/wp-content/uploads/2023/06/cabeza-pico-y-azada-1.jpg
6654	https://api.ferreterialavalleja.com/wp-content/uploads/2023/06/pico-y-pala.jpg
6658	https://api.ferreterialavalleja.com/wp-content/uploads/2023/06/llave-t.png
6659	https://api.ferreterialavalleja.com/wp-content/uploads/2023/06/llave-t-1.png
6662	https://api.ferreterialavalleja.com/wp-content/uploads/2023/06/llave-l.png
6672	https://api.ferreterialavalleja.com/wp-content/uploads/2023/06/MONOCOMANDO-JOY-617.png
6674	https://api.ferreterialavalleja.com/wp-content/uploads/2023/06/cortafierrro-chato.webp
6677	https://api.ferreterialavalleja.com/wp-content/uploads/2023/06/saca-tu9bos.png
6680	https://api.ferreterialavalleja.com/wp-content/uploads/2023/06/ACCESORIOS-617.png
6682	https://api.ferreterialavalleja.com/wp-content/uploads/2023/06/soplete.jpg
6684	https://api.ferreterialavalleja.com/wp-content/uploads/2023/06/corta-pernos.webp
6686	https://api.ferreterialavalleja.com/wp-content/uploads/2023/06/martillo-de-pena-tramontina.webp
6690	https://api.ferreterialavalleja.com/wp-content/uploads/2023/06/mango-de-escoba-en-angulo-recto.jpg
6695	https://api.ferreterialavalleja.com/wp-content/uploads/2023/06/MONOCOMANDO-JOY-617-1.png
6696	https://api.ferreterialavalleja.com/wp-content/uploads/2023/06/MONOCOMANDO-JOY-615.png
6698	https://api.ferreterialavalleja.com/wp-content/uploads/2023/06/MONOCOMANDO-EXTENSIBLE.png
6703	https://api.ferreterialavalleja.com/wp-content/uploads/2023/06/9006.png
6707	https://api.ferreterialavalleja.com/wp-content/uploads/2023/06/tijera-24.webp
6708	https://api.ferreterialavalleja.com/wp-content/uploads/2023/06/tijera-24-1.webp
6711	https://api.ferreterialavalleja.com/wp-content/uploads/2023/06/llave-uyustools-14.webp
6713	https://api.ferreterialavalleja.com/wp-content/uploads/2023/06/saca-tu9bos-1.png
6714	https://api.ferreterialavalleja.com/wp-content/uploads/2023/06/llave-stilson.webp
6717	https://api.ferreterialavalleja.com/wp-content/uploads/2023/06/soplete.webp
6719	https://api.ferreterialavalleja.com/wp-content/uploads/2023/06/llave-stanford.webp
6733	https://api.ferreterialavalleja.com/wp-content/uploads/2023/06/Martillo-de-goma-y-plastico.webp
6756	https://api.ferreterialavalleja.com/wp-content/uploads/2023/06/CABINA-DE-DUCHA-90.webp
6758	https://api.ferreterialavalleja.com/wp-content/uploads/2023/06/CABINA-DE-DUCHA-90.webp-1.webp
6759	https://api.ferreterialavalleja.com/wp-content/uploads/2023/06/CABINA-DE-DUCHA-90-1.webp-1-1.webp
6761	https://api.ferreterialavalleja.com/wp-content/uploads/2023/06/CABINA-DE-DUCHA-90.webp-2.webp
6762	https://api.ferreterialavalleja.com/wp-content/uploads/2023/06/CABINA-DE-DUCHA-90.webp-4.webp
6763	https://api.ferreterialavalleja.com/wp-content/uploads/2023/06/CABINA-DE-DUCHA-90.webp-3.webp
6771	https://api.ferreterialavalleja.com/wp-content/uploads/2023/06/HOME-GRANDE-MUEBLES.jpg
6772	https://api.ferreterialavalleja.com/wp-content/uploads/2023/06/PARA-FERRETERIA-HOME-1-demo.jpg
6861	https://api.ferreterialavalleja.com/wp-content/uploads/2023/06/pico-verde.png
6862	https://api.ferreterialavalleja.com/wp-content/uploads/2023/06/pico-negro.png
6863	https://api.ferreterialavalleja.com/wp-content/uploads/2023/06/pico-naranja.png
6864	https://api.ferreterialavalleja.com/wp-content/uploads/2023/06/pico-celeste.png
6865	https://api.ferreterialavalleja.com/wp-content/uploads/2023/06/pico-rojo.png
6866	https://api.ferreterialavalleja.com/wp-content/uploads/2023/06/pico-gris.png
6867	https://api.ferreterialavalleja.com/wp-content/uploads/2023/06/8002.png
6883	https://api.ferreterialavalleja.com/wp-content/uploads/2023/06/GRIFERIA-1.jpg
6885	https://api.ferreterialavalleja.com/wp-content/uploads/2023/06/MUEBLES.jpg
6889	https://api.ferreterialavalleja.com/wp-content/uploads/2023/06/taladro.png
6890	https://api.ferreterialavalleja.com/wp-content/uploads/2023/06/clavadora-neumatica.jpg
6891	https://api.ferreterialavalleja.com/wp-content/uploads/2023/06/caladora.png
6892	https://api.ferreterialavalleja.com/wp-content/uploads/2023/06/bomba-de-agua.png
6907	https://api.ferreterialavalleja.com/wp-content/uploads/2023/06/llave-bujia-con-destornillador.webp
6953	https://api.ferreterialavalleja.com/wp-content/uploads/2023/05/2023-07-01-22-36-33-618.png
6989	https://api.ferreterialavalleja.com/wp-content/uploads/2023/07/MOTOSIERRA.webp
6999	https://api.ferreterialavalleja.com/wp-content/uploads/2023/07/SET-DE-ACCESORIOS.png
7021	https://api.ferreterialavalleja.com/wp-content/uploads/2023/07/set-accesorios-6-piezas-animado.mp4
7022	https://api.ferreterialavalleja.com/wp-content/uploads/2023/07/set-accesorios-6-piezas-animado-1.mp4
7024	https://api.ferreterialavalleja.com/wp-content/uploads/2023/07/set-accesorios-6-piezas-animado-2.mp4
7028	https://api.ferreterialavalleja.com/wp-content/uploads/2023/07/set-accesorios-6-piezas-animado.1.png
7029	https://api.ferreterialavalleja.com/wp-content/uploads/2023/07/set-accesorios-6-piezas-animado.1-1.png
7035	https://api.ferreterialavalleja.com/wp-content/uploads/2023/07/MONOCOMANDO-BANERA-TENTACION.jpg
7037	https://api.ferreterialavalleja.com/wp-content/uploads/2023/07/8004-09.jpg
7038	https://api.ferreterialavalleja.com/wp-content/uploads/2023/06/9002.jpg
7039	https://api.ferreterialavalleja.com/wp-content/uploads/2023/06/5022.jpg
7040	https://api.ferreterialavalleja.com/wp-content/uploads/2023/06/9004-1.jpg
7041	https://api.ferreterialavalleja.com/wp-content/uploads/2023/06/9004-2.jpg
7042	https://api.ferreterialavalleja.com/wp-content/uploads/2023/06/9005.jpg
7043	https://api.ferreterialavalleja.com/wp-content/uploads/2023/06/JOY-617.jpg
7044	https://api.ferreterialavalleja.com/wp-content/uploads/2023/06/800-09.jpg
7045	https://api.ferreterialavalleja.com/wp-content/uploads/2023/06/2019-05.jpg
7046	https://api.ferreterialavalleja.com/wp-content/uploads/2023/06/JOY-615.jpg
7052	https://api.ferreterialavalleja.com/wp-content/uploads/2023/06/8002.jpg
7064	https://api.ferreterialavalleja.com/wp-content/uploads/2023/07/9004-1.jpg
7089	https://api.ferreterialavalleja.com/wp-content/uploads/2023/07/set-de-anclaje-9004.png
7092	https://api.ferreterialavalleja.com/wp-content/uploads/2023/07/set-de-anclaje-9004-1.png
7105	https://api.ferreterialavalleja.com/wp-content/uploads/2023/07/2019-03-1.png
7106	https://api.ferreterialavalleja.com/wp-content/uploads/2023/07/2019-03-CON-DTO.jpg
7107	https://api.ferreterialavalleja.com/wp-content/uploads/2023/07/2019-03-IMAGEN-NUEVA.jpg
7108	https://api.ferreterialavalleja.com/wp-content/uploads/2023/07/2019-03-PUNTA-COLILLAS.png
7109	https://api.ferreterialavalleja.com/wp-content/uploads/2023/07/2019-03-P-COLILLAS.png
7110	https://api.ferreterialavalleja.com/wp-content/uploads/2023/07/2019-03-1-1.png
7111	https://api.ferreterialavalleja.com/wp-content/uploads/2023/07/2019-03.png
7112	https://api.ferreterialavalleja.com/wp-content/uploads/2023/07/804-01-CON-FONDO.jpg
7113	https://api.ferreterialavalleja.com/wp-content/uploads/2023/07/804-01-.png
7114	https://api.ferreterialavalleja.com/wp-content/uploads/2023/07/804-01-1.png
7115	https://api.ferreterialavalleja.com/wp-content/uploads/2023/07/SET-DE-DUCHA.webp
7116	https://api.ferreterialavalleja.com/wp-content/uploads/2023/07/JA-010.png
7117	https://api.ferreterialavalleja.com/wp-content/uploads/2023/07/JA-010.jpg
7118	https://api.ferreterialavalleja.com/wp-content/uploads/2023/07/COLILLAS-MONOCOMANDO-45.png
7119	https://api.ferreterialavalleja.com/wp-content/uploads/2023/07/SET-ANCLAJE.png
7121	https://api.ferreterialavalleja.com/wp-content/uploads/2023/07/JA-011.jpg
7134	https://api.ferreterialavalleja.com/wp-content/uploads/2023/06/7002-con-fondo.jpg
7135	https://api.ferreterialavalleja.com/wp-content/uploads/2023/06/7002.png
7136	https://api.ferreterialavalleja.com/wp-content/uploads/2023/06/SET-ANCLAJE.png
7152	https://api.ferreterialavalleja.com/wp-content/uploads/2023/07/815-11-CON-FONDO.jpg
7154	https://api.ferreterialavalleja.com/wp-content/uploads/2023/07/SET-DE-EXENTRICAS.webp
7156	https://api.ferreterialavalleja.com/wp-content/uploads/2023/07/815-11.webp
7168	https://api.ferreterialavalleja.com/wp-content/uploads/2023/07/9003-con-fondo.jpg
7169	https://api.ferreterialavalleja.com/wp-content/uploads/2023/07/9003-.png
7170	https://api.ferreterialavalleja.com/wp-content/uploads/2023/07/criquet-uyustoos.jpg
7172	https://api.ferreterialavalleja.com/wp-content/uploads/2023/07/barra-de-fuerza.webp
7175	https://api.ferreterialavalleja.com/wp-content/uploads/2023/07/machete-niquelado-sin-funda-rula-24-ref-tc9048.png
7177	https://api.ferreterialavalleja.com/wp-content/uploads/2023/07/Machete-tramontina.webp
7179	https://api.ferreterialavalleja.com/wp-content/uploads/2023/07/prensa-f.webp
7182	https://api.ferreterialavalleja.com/wp-content/uploads/2023/07/una-para-clavos.webp
7184	https://api.ferreterialavalleja.com/wp-content/uploads/2023/07/barretagrande.jpg
7186	https://api.ferreterialavalleja.com/wp-content/uploads/2023/07/destapacanos.jpg
7188	https://api.ferreterialavalleja.com/wp-content/uploads/2023/07/Batidor-de-pintura-rojo.webp
7198	https://api.ferreterialavalleja.com/wp-content/uploads/2023/07/Mezclador-batidor-pintura-o-enduido-para-taladro.webp
7200	https://api.ferreterialavalleja.com/wp-content/uploads/2023/07/Tijera-Para-Chapa-Hojalatero.webp
7202	https://api.ferreterialavalleja.com/wp-content/uploads/2023/07/9004-pared-con-fondo.jpg
7203	https://api.ferreterialavalleja.com/wp-content/uploads/2023/07/9004-pared-1.png
7204	https://api.ferreterialavalleja.com/wp-content/uploads/2023/07/9004-pared.png
7205	https://api.ferreterialavalleja.com/wp-content/uploads/2023/07/SET-DE-EXENTRICAS-1.webp
7207	https://api.ferreterialavalleja.com/wp-content/uploads/2023/07/wico-salida-alta.jpg
7208	https://api.ferreterialavalleja.com/wp-content/uploads/2023/07/wico-salida-alta-sin-fondo.jpg
7209	https://api.ferreterialavalleja.com/wp-content/uploads/2023/07/wico-cocina-.png
7211	https://api.ferreterialavalleja.com/wp-content/uploads/2023/07/WICO-50112.jpg
7212	https://api.ferreterialavalleja.com/wp-content/uploads/2023/07/BANERA-50112.jpg
7234	https://api.ferreterialavalleja.com/wp-content/uploads/2023/07/sacabujias.webp
7236	https://api.ferreterialavalleja.com/wp-content/uploads/2023/07/cortapernos-de-24.webp
7238	https://api.ferreterialavalleja.com/wp-content/uploads/2023/07/MASCARA-DE-SOLADR.webp
7240	https://api.ferreterialavalleja.com/wp-content/uploads/2023/07/careta.webp
7242	https://api.ferreterialavalleja.com/wp-content/uploads/2023/07/monocomando-calefon-con-fondo.jpg
7243	https://api.ferreterialavalleja.com/wp-content/uploads/2023/07/monocomando-calefon.png
7244	https://api.ferreterialavalleja.com/wp-content/uploads/2023/07/Llana-de-albanil-125x275mm-Best-Value.webp
7246	https://api.ferreterialavalleja.com/wp-content/uploads/2023/07/llana-de-albanil-generica.webp
7248	https://api.ferreterialavalleja.com/wp-content/uploads/2023/07/colilla-h-h.webp
7251	https://api.ferreterialavalleja.com/wp-content/uploads/2023/07/espatula-de-plastico.jpg
7254	https://api.ferreterialavalleja.com/wp-content/uploads/2023/07/separador-d-episo.webp
7257	https://api.ferreterialavalleja.com/wp-content/uploads/2023/07/Porta-Herramientas-Doble-T96.webp
7259	https://api.ferreterialavalleja.com/wp-content/uploads/2023/07/espatulas-plastica.png
7260	https://api.ferreterialavalleja.com/wp-content/uploads/2023/07/roceta-lluvia-para-bidet.webp
7261	https://api.ferreterialavalleja.com/wp-content/uploads/2023/07/8007-con-fondo.jpg
7262	https://api.ferreterialavalleja.com/wp-content/uploads/2023/07/8007-sin-fondo.png
7264	https://api.ferreterialavalleja.com/wp-content/uploads/2023/07/espatulas-plastica-1.png
7265	https://api.ferreterialavalleja.com/wp-content/uploads/2023/07/aplicador_de_rejunte_em_eva_13_5x9_5x1_2cm_castor_273_1_d9fb5125f20a789a9f378062123eed11.webp
7270	https://api.ferreterialavalleja.com/wp-content/uploads/2023/07/9007-sin-fondo.png
7273	https://api.ferreterialavalleja.com/wp-content/uploads/2023/07/9007-con-fondo.jpg
7274	https://api.ferreterialavalleja.com/wp-content/uploads/2023/07/nivelador-de-piso-metasul.webp
7277	https://api.ferreterialavalleja.com/wp-content/uploads/2023/07/Plato-Comida-Perro-Gato.webp
7279	https://api.ferreterialavalleja.com/wp-content/uploads/2023/07/Nivelador-separadores-para-piso-Metasul.webp
7280	https://api.ferreterialavalleja.com/wp-content/uploads/2023/07/Cepillo-Alambre-Acero-3-Hileras-Con-Mango-30x2.5-Cm.jpg
7283	https://api.ferreterialavalleja.com/wp-content/uploads/2023/07/Cepillo-Alambre-Acero-27-Cm-Limpieza-Oferta-Delsur.webp
7285	https://api.ferreterialavalleja.com/wp-content/uploads/2023/07/lijadora-8x21-530-mercantilleon.jpg
7288	https://api.ferreterialavalleja.com/wp-content/uploads/2023/07/Llana-Lisa-Mango-Plastico-28cm-Albanil-Oferta-Delsur.webp
7289	https://api.ferreterialavalleja.com/wp-content/uploads/2023/07/Manguera-Para-Hidrolavadora-6-Metros-Y-Tuerca-Ajustable.webp
7291	https://api.ferreterialavalleja.com/wp-content/uploads/2023/07/porta-taladros.png
7292	https://api.ferreterialavalleja.com/wp-content/uploads/2023/07/porta-taladro2.png
7294	https://api.ferreterialavalleja.com/wp-content/uploads/2023/07/ref.png
7296	https://api.ferreterialavalleja.com/wp-content/uploads/2023/07/MECHA-CON-VASTAGO.webp
7297	https://api.ferreterialavalleja.com/wp-content/uploads/2023/07/MECHA-COPA-PARA-MAMPOSTERIA.webp
7298	https://api.ferreterialavalleja.com/wp-content/uploads/2023/07/VASTAGO-PARA-MECHA-SDS.jpg
7300	https://api.ferreterialavalleja.com/wp-content/uploads/2023/07/mecha-30mm.jpg
7302	https://api.ferreterialavalleja.com/wp-content/uploads/2023/07/mecha-40-mm.jpg
7305	https://api.ferreterialavalleja.com/wp-content/uploads/2023/07/mecha-60-mm.jpg
7309	https://api.ferreterialavalleja.com/wp-content/uploads/2023/07/mecha-110.jpg
7314	https://api.ferreterialavalleja.com/wp-content/uploads/2023/07/orbi-clean.png
7316	https://api.ferreterialavalleja.com/wp-content/uploads/2023/07/SILICONA-ORBI.jpg
7319	https://api.ferreterialavalleja.com/wp-content/uploads/2023/07/GUANTES-CRIVEA-AFELPADO.webp
7321	https://api.ferreterialavalleja.com/wp-content/uploads/2023/07/GUANTE-CRIVEA-XG.jpg
7322	https://api.ferreterialavalleja.com/wp-content/uploads/2023/07/GUANTES-CRIVEA-G.webp
7324	https://api.ferreterialavalleja.com/wp-content/uploads/2023/07/AGUJS-DESTAPA-OIDOS.webp
7325	https://api.ferreterialavalleja.com/wp-content/uploads/2023/07/AGUJAS-DESTAPA-OIDO.webp-1.webp
7326	https://api.ferreterialavalleja.com/wp-content/uploads/2023/07/AGUJAS-DESTAPA-OIDO-2.webp
7327	https://api.ferreterialavalleja.com/wp-content/uploads/2023/07/AGUJAS-DESTAPA-OIDO.webp
7329	https://api.ferreterialavalleja.com/wp-content/uploads/2023/07/RODILLO-ANTIGOTEO-23-CM.webp
7332	https://api.ferreterialavalleja.com/wp-content/uploads/2023/07/RODILLO-ESPUMA-5-CM.webp
7334	https://api.ferreterialavalleja.com/wp-content/uploads/2023/07/RODILLO-ESPUMA-5-CM-1.webp
7336	https://api.ferreterialavalleja.com/wp-content/uploads/2023/07/RODILLO-ESPUMA-10-CM.webp
7338	https://api.ferreterialavalleja.com/wp-content/uploads/2023/07/RODILLOS-ALTA-DENSIDAD.png
7340	https://api.ferreterialavalleja.com/wp-content/uploads/2023/07/budinera.jpg
7343	https://api.ferreterialavalleja.com/wp-content/uploads/2023/07/kit-de-pintura.jpg
7344	https://api.ferreterialavalleja.com/wp-content/uploads/2023/07/kit-de-pintura-1.jpg
7345	https://api.ferreterialavalleja.com/wp-content/uploads/2023/07/PINCELETA-3X10.png
7347	https://api.ferreterialavalleja.com/wp-content/uploads/2023/07/PINCELETA-3X12.png
7350	https://api.ferreterialavalleja.com/wp-content/uploads/2023/07/jimo-desengrasante.webp
7352	https://api.ferreterialavalleja.com/wp-content/uploads/2023/07/jimo-limpia-vidrio.webp
7355	https://api.ferreterialavalleja.com/wp-content/uploads/2023/07/jimo-multi-superficies.jpg
7357	https://api.ferreterialavalleja.com/wp-content/uploads/2023/07/Orbi-limpiacontactos.webp
7359	https://api.ferreterialavalleja.com/wp-content/uploads/2023/07/removedor-limpa-contato-em-spray-unipega-300ml.jpg
7361	https://api.ferreterialavalleja.com/wp-content/uploads/2023/07/silicone-spray-unipega.webp
7363	https://api.ferreterialavalleja.com/wp-content/uploads/2023/07/shampoo-con-cera-wurt.webp
7364	https://api.ferreterialavalleja.com/wp-content/uploads/2023/07/PINCELES-ERBER.png
7365	https://api.ferreterialavalleja.com/wp-content/uploads/2023/07/PINCELES-ERBER.png-1.png
7366	https://api.ferreterialavalleja.com/wp-content/uploads/2023/07/PINCELES-ERBER.png-2.jpg
7369	https://api.ferreterialavalleja.com/wp-content/uploads/2023/07/pasta-fina-para-pulir.webp
7370	https://api.ferreterialavalleja.com/wp-content/uploads/2023/07/PINCEL-ERBER-4.png
7371	https://api.ferreterialavalleja.com/wp-content/uploads/2023/07/PINCELES-ERBER-1.png-1-1.png
7372	https://api.ferreterialavalleja.com/wp-content/uploads/2023/07/PINCELES-ERBER.png-2-1.jpg
7374	https://api.ferreterialavalleja.com/wp-content/uploads/2023/07/PINCELES-ERBER-1.png
7375	https://api.ferreterialavalleja.com/wp-content/uploads/2023/07/limpia-parabrisas.webp
7378	https://api.ferreterialavalleja.com/wp-content/uploads/2023/07/adesivo-silicona-liquida.webp
7381	https://api.ferreterialavalleja.com/wp-content/uploads/2023/07/Silicona-Liquida-Transparente-30-Ml-Unisil-Ideal-Artesanias.webp
7383	https://api.ferreterialavalleja.com/wp-content/uploads/2023/07/pincel-1.png
7385	https://api.ferreterialavalleja.com/wp-content/uploads/2023/07/pincel-38.png
7387	https://api.ferreterialavalleja.com/wp-content/uploads/2023/07/pincel-2.png
7389	https://api.ferreterialavalleja.com/wp-content/uploads/2023/07/3-en-1.webp
7391	https://api.ferreterialavalleja.com/wp-content/uploads/2023/07/fulmoline-jeringa.webp
7393	https://api.ferreterialavalleja.com/wp-content/uploads/2023/07/cera-limpiadora-wurth.webp
7395	https://api.ferreterialavalleja.com/wp-content/uploads/2023/07/pincel-63.png
7396	https://api.ferreterialavalleja.com/wp-content/uploads/2023/07/pincel-75.png
7398	https://api.ferreterialavalleja.com/wp-content/uploads/2023/07/sapolio-auto.png
7401	https://api.ferreterialavalleja.com/wp-content/uploads/2023/07/terminator-mata-cucarachas.jpg
7403	https://api.ferreterialavalleja.com/wp-content/uploads/2023/07/D_NQ_NP_844794-MLU48120340317_112021-O.webp
7406	https://api.ferreterialavalleja.com/wp-content/uploads/2023/07/Terminator-Mata-Todo-400cm3.webp
7409	https://api.ferreterialavalleja.com/wp-content/uploads/2023/07/jimo-insecticida.webp
7411	https://api.ferreterialavalleja.com/wp-content/uploads/2023/07/D_NQ_NP_900734-MLU51669025576_092022-O.webp
7413	https://api.ferreterialavalleja.com/wp-content/uploads/2023/07/jimo-gas.webp
7415	https://api.ferreterialavalleja.com/wp-content/uploads/2023/07/grasa.webp
7417	https://api.ferreterialavalleja.com/wp-content/uploads/2023/07/lubricante-multiuso-penetrit.webp
7419	https://api.ferreterialavalleja.com/wp-content/uploads/2023/07/dispensador-de-agu.webp
7421	https://api.ferreterialavalleja.com/wp-content/uploads/2023/07/lijadora-manual.webp
7423	https://api.ferreterialavalleja.com/wp-content/uploads/2023/07/Parasol-Plegable-Auto-Vehiculo-Metalizado-Cubre-Parabrisas.webp
7427	https://api.ferreterialavalleja.com/wp-content/uploads/2023/07/panel-de-stufa.webp
7429	https://api.ferreterialavalleja.com/wp-content/uploads/2023/07/regador-8-partes.webp
7431	https://api.ferreterialavalleja.com/wp-content/uploads/2023/07/Descripcion.webp
7433	https://api.ferreterialavalleja.com/wp-content/uploads/2023/07/Descripcion-1.webp
7434	https://api.ferreterialavalleja.com/wp-content/uploads/2023/07/D_NQ_NP_888845-MLU32031902599_082019-O.webp
7436	https://api.ferreterialavalleja.com/wp-content/uploads/2023/07/caja-para-herramientas.webp
7438	https://api.ferreterialavalleja.com/wp-content/uploads/2023/07/soldador-energy.webp
7440	https://api.ferreterialavalleja.com/wp-content/uploads/2023/07/bomba-sumergible.jpg
7442	https://api.ferreterialavalleja.com/wp-content/uploads/2023/07/garrafa.webp
7444	https://api.ferreterialavalleja.com/wp-content/uploads/2023/07/garrafa-ceelste.webp
7445	https://api.ferreterialavalleja.com/wp-content/uploads/2023/07/garrafa-1.webp
7448	https://api.ferreterialavalleja.com/wp-content/uploads/2023/07/amoladora-de-banco-2.webp
7449	https://api.ferreterialavalleja.com/wp-content/uploads/2023/07/amoladora-dde-banco.webp
7451	https://api.ferreterialavalleja.com/wp-content/uploads/2023/07/rodillo-antigote-7-10.png
7458	https://api.ferreterialavalleja.com/wp-content/uploads/2023/07/mano-acoplna-remolque.webp
7461	https://api.ferreterialavalleja.com/wp-content/uploads/2023/07/caja-uyustools.webp
7462	https://api.ferreterialavalleja.com/wp-content/uploads/2023/07/rodillo-de-velour-15cm-alpha.jpg
7465	https://api.ferreterialavalleja.com/wp-content/uploads/2023/07/RODILLO-VELOUR.webp
7467	https://api.ferreterialavalleja.com/wp-content/uploads/2023/07/termofusora.webp
7468	https://api.ferreterialavalleja.com/wp-content/uploads/2023/07/segunda-termofusora.webp
7473	https://api.ferreterialavalleja.com/wp-content/uploads/2023/07/caja.jpg
7474	https://api.ferreterialavalleja.com/wp-content/uploads/2023/07/REPUESTOS-VELOUR.jpg
7480	https://api.ferreterialavalleja.com/wp-content/uploads/2023/07/mochila-fumigadora.webp
7486	https://api.ferreterialavalleja.com/wp-content/uploads/2023/07/REPUESTOS-DE-ALTA-DENSIDAD.jpg
7488	https://api.ferreterialavalleja.com/wp-content/uploads/2023/07/filtro.webp
7492	https://api.ferreterialavalleja.com/wp-content/uploads/2023/07/D_NQ_NP_805270-MLU31243371800_062019-O.webp
7497	https://api.ferreterialavalleja.com/wp-content/uploads/2023/07/RODILLO-FOAM-25.png
7498	https://api.ferreterialavalleja.com/wp-content/uploads/2023/07/morza.webp
7499	https://api.ferreterialavalleja.com/wp-content/uploads/2023/07/REPUESTO-FOAM.jpg
7501	https://api.ferreterialavalleja.com/wp-content/uploads/2023/07/RODILLO-FOAM-25-1.png
7508	https://api.ferreterialavalleja.com/wp-content/uploads/2023/07/Caja-para-herramienta.webp
7510	https://api.ferreterialavalleja.com/wp-content/uploads/2023/07/cepillo.webp
7513	https://api.ferreterialavalleja.com/wp-content/uploads/2023/07/pistola.jpg
7514	https://api.ferreterialavalleja.com/wp-content/uploads/2023/07/REPUESTO-FOAM-1.jpg
7516	https://api.ferreterialavalleja.com/wp-content/uploads/2023/07/SOPORTE-LCD-ARTICULADO.webp
7517	https://api.ferreterialavalleja.com/wp-content/uploads/2023/07/soporte-articulado-tv-led-plasma-lcd-de-14-a-55-50-kg-D_NQ_NP_605930-MLU32397125011_102019-F.jpg.webp
7518	https://api.ferreterialavalleja.com/wp-content/uploads/2023/07/SOPORTE-ARTICULADO.webp
7519	https://api.ferreterialavalleja.com/wp-content/uploads/2023/07/SOPORTE-ARTICULADO-2.webp
7520	https://api.ferreterialavalleja.com/wp-content/uploads/2023/07/SOPORTE-ARTICULADO-1.webp
7521	https://api.ferreterialavalleja.com/wp-content/uploads/2023/07/SOPORTE-CON-CAJA.jpeg
7525	https://api.ferreterialavalleja.com/wp-content/uploads/2023/07/barrote-en-u.webp
7526	https://api.ferreterialavalleja.com/wp-content/uploads/2023/07/barrote-en-u-1.webp
7529	https://api.ferreterialavalleja.com/wp-content/uploads/2023/07/llaves-tork.webp
7530	https://api.ferreterialavalleja.com/wp-content/uploads/2023/07/llaves-tork.webp-1.webp
7531	https://api.ferreterialavalleja.com/wp-content/uploads/2023/07/llaves-tork-2.webp
7532	https://api.ferreterialavalleja.com/wp-content/uploads/2023/07/llaves-tork3.webp
7534	https://api.ferreterialavalleja.com/wp-content/uploads/2023/07/EG0637.jpg
7536	https://api.ferreterialavalleja.com/wp-content/uploads/2023/07/LLAVE-DE-IMPACTO-NEUMATICA.jpg
7538	https://api.ferreterialavalleja.com/wp-content/uploads/2023/07/NIVEL-PLASTICO-24.webp
7541	https://api.ferreterialavalleja.com/wp-content/uploads/2023/07/nivel-aluminio-best-value.png
7542	https://api.ferreterialavalleja.com/wp-content/uploads/2023/07/nivel-aluminio-best-value-1.png
7543	https://api.ferreterialavalleja.com/wp-content/uploads/2023/07/nivel-best-value-aluminio.webp
7544	https://api.ferreterialavalleja.com/wp-content/uploads/2023/07/nivel-aluminio-best-value-2.png
7545	https://api.ferreterialavalleja.com/wp-content/uploads/2023/07/images.jpg
7547	https://api.ferreterialavalleja.com/wp-content/uploads/2023/07/TOP-POWER.jpg
7548	https://api.ferreterialavalleja.com/wp-content/uploads/2023/07/TOP-POWER-1.jpg
7549	https://api.ferreterialavalleja.com/wp-content/uploads/2023/07/TOP-POWER-2.jpg
7551	https://api.ferreterialavalleja.com/wp-content/uploads/2023/07/LINTERNA-DE-CABEZA.webp
7552	https://api.ferreterialavalleja.com/wp-content/uploads/2023/07/LINTERNA-DE-CABEZA1.webp
7553	https://api.ferreterialavalleja.com/wp-content/uploads/2023/07/LINTERNA-DE-CABEZA-2.webp
7555	https://api.ferreterialavalleja.com/wp-content/uploads/2023/07/maceta-de-1-kg.png
7556	https://api.ferreterialavalleja.com/wp-content/uploads/2023/07/maceta-1-kg-2.png
7559	https://api.ferreterialavalleja.com/wp-content/uploads/2023/07/hacha-de-mano.png
7560	https://api.ferreterialavalleja.com/wp-content/uploads/2023/07/hacha-de-mano1.png
7562	https://api.ferreterialavalleja.com/wp-content/uploads/2023/07/linterna-1159-5.webp
7563	https://api.ferreterialavalleja.com/wp-content/uploads/2023/07/linterna-1159-4.webp
7564	https://api.ferreterialavalleja.com/wp-content/uploads/2023/07/linterna-1159-2.webp
7565	https://api.ferreterialavalleja.com/wp-content/uploads/2023/07/linterna-1159-1.webp
7566	https://api.ferreterialavalleja.com/wp-content/uploads/2023/07/linterna-1159.webp
7567	https://api.ferreterialavalleja.com/wp-content/uploads/2023/07/linterna-1159-3.webp
7570	https://api.ferreterialavalleja.com/wp-content/uploads/2023/07/linterna-.png
7571	https://api.ferreterialavalleja.com/wp-content/uploads/2023/07/linterna-1.png
7572	https://api.ferreterialavalleja.com/wp-content/uploads/2023/07/linterna-2.png
7573	https://api.ferreterialavalleja.com/wp-content/uploads/2023/07/linterna-3.jpg
7575	https://api.ferreterialavalleja.com/wp-content/uploads/2023/07/soporte-telefono.jpg
7576	https://api.ferreterialavalleja.com/wp-content/uploads/2023/07/soporte-telefono-1.jpg
7577	https://api.ferreterialavalleja.com/wp-content/uploads/2023/07/soporte-telefono-2.jpg
7578	https://api.ferreterialavalleja.com/wp-content/uploads/2023/07/soporte-telefono-1-1.jpg
7579	https://api.ferreterialavalleja.com/wp-content/uploads/2023/07/soporte-telefono-3.jpg
7580	https://api.ferreterialavalleja.com/wp-content/uploads/2023/07/soporte-t.webp
7581	https://api.ferreterialavalleja.com/wp-content/uploads/2023/07/soporte-2.webp
7582	https://api.ferreterialavalleja.com/wp-content/uploads/2023/07/soporte-4.webp
7583	https://api.ferreterialavalleja.com/wp-content/uploads/2023/07/soporte-5.webp
7584	https://api.ferreterialavalleja.com/wp-content/uploads/2023/07/soporte-4-1.webp
7585	https://api.ferreterialavalleja.com/wp-content/uploads/2023/07/soporte-3.webp
7588	https://api.ferreterialavalleja.com/wp-content/uploads/2023/07/Tolva-Pistola-Para-Pinturas-Texturadas.webp
7590	https://api.ferreterialavalleja.com/wp-content/uploads/2023/07/Porta-Lampara-Con-Enchufe-Y-Llave-De-Encendido.webp
7592	https://api.ferreterialavalleja.com/wp-content/uploads/2023/07/Cable-De-Poder-Tipo-8-Ocho-A-Ficha-De-2-Patas-Redondas.webp
7594	https://api.ferreterialavalleja.com/wp-content/uploads/2023/07/portalampara_percan_plast_poliamida_e27_con_floron_blanco.jpg
7596	https://api.ferreterialavalleja.com/wp-content/uploads/2023/07/1-COSTADO.png
7597	https://api.ferreterialavalleja.com/wp-content/uploads/2023/07/1-COSTADO-1.png
7598	https://api.ferreterialavalleja.com/wp-content/uploads/2023/07/1-ARRIBA.png
7600	https://api.ferreterialavalleja.com/wp-content/uploads/2023/07/2-costado.png
7601	https://api.ferreterialavalleja.com/wp-content/uploads/2023/07/2-arriba.png
7603	https://api.ferreterialavalleja.com/wp-content/uploads/2023/07/2-arriba-1.png
7605	https://api.ferreterialavalleja.com/wp-content/uploads/2023/07/Bornes-Bateria.webp
7606	https://api.ferreterialavalleja.com/wp-content/uploads/2023/07/pata-cabra.png
7608	https://api.ferreterialavalleja.com/wp-content/uploads/2023/07/pata-cabra-1.png
7609	https://api.ferreterialavalleja.com/wp-content/uploads/2023/07/pata-cabra-1-1.png
7610	https://api.ferreterialavalleja.com/wp-content/uploads/2023/07/Disco-De-Corte-Madera-Sierra-180mm.jpg
7612	https://api.ferreterialavalleja.com/wp-content/uploads/2023/07/0014018_hoja-de-sierra-circular-4-12-40-dientes-secur-ynter-industrial_360.jpeg
7614	https://api.ferreterialavalleja.com/wp-content/uploads/2023/07/Disco-madera-Uyustools.webp
7616	https://api.ferreterialavalleja.com/wp-content/uploads/2023/07/DISCO_TUNGSTENO_115_MM_MADERA__MDF__CLAVOS_1_mini.jpg
7618	https://api.ferreterialavalleja.com/wp-content/uploads/2023/07/disco-secur.jpg
7620	https://api.ferreterialavalleja.com/wp-content/uploads/2023/07/disco-bulit.webp
7622	https://api.ferreterialavalleja.com/wp-content/uploads/2023/07/disco-stanford.jpg
7625	https://api.ferreterialavalleja.com/wp-content/uploads/2023/07/disco-turbo-corbo-force.jpg
7627	https://api.ferreterialavalleja.com/wp-content/uploads/2023/07/disco-porcelanato-cortamas.webp
7629	https://api.ferreterialavalleja.com/wp-content/uploads/2023/07/escobilla-redonda.jpg
7632	https://api.ferreterialavalleja.com/wp-content/uploads/2023/07/escobilla-redonda-uyustools-de-5.webp
7635	https://api.ferreterialavalleja.com/wp-content/uploads/2023/07/LIMA-8.png
7636	https://api.ferreterialavalleja.com/wp-content/uploads/2023/07/cepillo_pincel_0.jpg
7639	https://api.ferreterialavalleja.com/wp-content/uploads/2023/07/PIEDRAV-DE-AFILAR.png
7640	https://api.ferreterialavalleja.com/wp-content/uploads/2023/07/PIEDRA-AFILAR.png
7642	https://api.ferreterialavalleja.com/wp-content/uploads/2023/07/0014018_hoja-de-sierra-circular-4-12-40-dientes-secur-ynter-industrial_360-1.jpeg
7643	https://api.ferreterialavalleja.com/wp-content/uploads/2023/07/Caracteristicas-principales.png
7647	https://api.ferreterialavalleja.com/wp-content/uploads/2023/07/d.webp
7649	https://api.ferreterialavalleja.com/wp-content/uploads/2023/07/cinta-atrapa-moscas-1.webp
7650	https://api.ferreterialavalleja.com/wp-content/uploads/2023/07/cinta-atrapa-moscas.webp
7651	https://api.ferreterialavalleja.com/wp-content/uploads/2023/07/cinta-atrapa-moscas-3.webp
7652	https://api.ferreterialavalleja.com/wp-content/uploads/2023/07/cinta-atrapa-moscas-4.webp
7654	https://api.ferreterialavalleja.com/wp-content/uploads/2023/07/cinta-atrapa-moscas-5.webp
7655	https://api.ferreterialavalleja.com/wp-content/uploads/2023/07/manguera-resorte-1.webp
7658	https://api.ferreterialavalleja.com/wp-content/uploads/2023/07/set-de-herrajes-asiento-wc.webp
7659	https://api.ferreterialavalleja.com/wp-content/uploads/2023/07/bisagras.webp
7662	https://api.ferreterialavalleja.com/wp-content/uploads/2023/07/escuadras-con-refuerzo.webp
7666	https://api.ferreterialavalleja.com/wp-content/uploads/2023/07/escuadras-con-refuerzo-2.webp
7668	https://api.ferreterialavalleja.com/wp-content/uploads/2023/07/MENSULA-NEGRA.webp
7672	https://api.ferreterialavalleja.com/wp-content/uploads/2023/07/encendedor-recargable.png
7673	https://api.ferreterialavalleja.com/wp-content/uploads/2023/07/encendedor-recargable.png-1.png
7676	https://api.ferreterialavalleja.com/wp-content/uploads/2023/07/llave-francesa.webp
7677	https://api.ferreterialavalleja.com/wp-content/uploads/2023/07/llave-francesa-2.jpg
7678	https://api.ferreterialavalleja.com/wp-content/uploads/2023/07/TERRAJA-DE-12.webp
7680	https://api.ferreterialavalleja.com/wp-content/uploads/2023/07/EXTRACTOR.png
7681	https://api.ferreterialavalleja.com/wp-content/uploads/2023/07/EXTRACTOR-1.png
7684	https://api.ferreterialavalleja.com/wp-content/uploads/2023/07/lijadora-kupa.jpg
7687	https://api.ferreterialavalleja.com/wp-content/uploads/2023/07/lija-508.jpg
7690	https://api.ferreterialavalleja.com/wp-content/uploads/2023/07/disco-de-corrte-osborn.png
7694	https://api.ferreterialavalleja.com/wp-content/uploads/2023/07/disco-de-corte-vorel.jpg
7696	https://api.ferreterialavalleja.com/wp-content/uploads/2023/07/extractor-de-cocina.png
7697	https://api.ferreterialavalleja.com/wp-content/uploads/2023/07/D_NQ_NP_692849-MLC49075453289_022022-O.webp
7699	https://api.ferreterialavalleja.com/wp-content/uploads/2023/07/extractor-de-cocina.png-1.png
7700	https://api.ferreterialavalleja.com/wp-content/uploads/2023/07/extractor-de-cocina.png-2.png
7701	https://api.ferreterialavalleja.com/wp-content/uploads/2023/07/disco-de-corte-shuanglu.jpg
7704	https://api.ferreterialavalleja.com/wp-content/uploads/2023/07/5872d1d792d7c.jpg
7706	https://api.ferreterialavalleja.com/wp-content/uploads/2023/07/sujetador-magnetico.webp
7708	https://api.ferreterialavalleja.com/wp-content/uploads/2023/07/escuadra.jpg
7710	https://api.ferreterialavalleja.com/wp-content/uploads/2023/07/D_NQ_NP_932575-MLU40054638952_122019-O.webp
7712	https://api.ferreterialavalleja.com/wp-content/uploads/2023/07/PDB501.jpg
7716	https://api.ferreterialavalleja.com/wp-content/uploads/2023/07/D_NQ_NP_747494-MLU45730960792_042021-O.webp
7719	https://api.ferreterialavalleja.com/wp-content/uploads/2023/07/REPUESTO-PARA-TRINCHETA.webp
7720	https://api.ferreterialavalleja.com/wp-content/uploads/2023/07/HOJAS-PARA-TRINCHETA.jpg
7721	https://api.ferreterialavalleja.com/wp-content/uploads/2023/07/D_NQ_NP_988755-MLU32838901395_112019-O.webp
7724	https://api.ferreterialavalleja.com/wp-content/uploads/2023/07/DISCO_GOMA_5_PARA_TALADRO_UYUSTOOLS_2.jpg
7725	https://api.ferreterialavalleja.com/wp-content/uploads/2023/07/HOJA-PARA-TRINCHETA-9-MM.webp
7731	https://api.ferreterialavalleja.com/wp-content/uploads/2023/07/TRINCHETA-BEST-VALUE.webp
7732	https://api.ferreterialavalleja.com/wp-content/uploads/2023/07/descarga-1.jpg
7735	https://api.ferreterialavalleja.com/wp-content/uploads/2023/07/D_NQ_NP_979198-MLU54964988539_042023-O.webp
7737	https://api.ferreterialavalleja.com/wp-content/uploads/2023/07/222224-800-auto.webp
7741	https://api.ferreterialavalleja.com/wp-content/uploads/2023/07/disco-norton.jpg
7743	https://api.ferreterialavalleja.com/wp-content/uploads/2023/07/productos34_3794.jpg
7748	https://api.ferreterialavalleja.com/wp-content/uploads/2023/07/67890.jpg
7749	https://api.ferreterialavalleja.com/wp-content/uploads/2023/07/DISCO-CORTE-115X3MM-NICHOLSON.jpg
7750	https://api.ferreterialavalleja.com/wp-content/uploads/2023/07/D_NQ_NP_622796-MLU54981537570_042023-O-1.webp
7752	https://api.ferreterialavalleja.com/wp-content/uploads/2023/07/DESTORNILLADOR-BEST-VALUE.png-1.jpg10png.png
7753	https://api.ferreterialavalleja.com/wp-content/uploads/2023/07/DESTORNILLADOR-BEST-VALUE.png-1.jpg9png.png
7754	https://api.ferreterialavalleja.com/wp-content/uploads/2023/07/DESTORNILLADOR-BEST-VALUE-1.png-1.jpg9png-1.png
7755	https://api.ferreterialavalleja.com/wp-content/uploads/2023/07/DESTORNILLADOR-BEST-VALUE.png-1.jpg8png.png
7756	https://api.ferreterialavalleja.com/wp-content/uploads/2023/07/DESTORNILLADOR-BEST-VALUE.png-1.jpg6png.png
7757	https://api.ferreterialavalleja.com/wp-content/uploads/2023/07/DESTORNILLADOR-BEST-VALUE.png-1.jpg5png.png
7758	https://api.ferreterialavalleja.com/wp-content/uploads/2023/07/DESTORNILLADOR-BEST-VALUE.png-1.jpg4png.png
7759	https://api.ferreterialavalleja.com/wp-content/uploads/2023/07/DESTORNILLADOR-BEST-VALUE.png-1.jpg3_.png
7760	https://api.ferreterialavalleja.com/wp-content/uploads/2023/07/DESTORNILLADOR-BEST-VALUE.png-1.jpg0png.png
7761	https://api.ferreterialavalleja.com/wp-content/uploads/2023/07/DESTORNILLADOR-BEST-VALUE.png-1.jpg
7762	https://api.ferreterialavalleja.com/wp-content/uploads/2023/07/DESTORNILLADOR-BEST-VALUE-AISLADO.png3_.png
7763	https://api.ferreterialavalleja.com/wp-content/uploads/2023/07/DESTORNILLADOR-BEST-VALUE-AISLADO.png-1.png
7764	https://api.ferreterialavalleja.com/wp-content/uploads/2023/07/DESTORNILLADOR-BEST-VALUE-AISLADO.png
7765	https://api.ferreterialavalleja.com/wp-content/uploads/2023/07/DESTORNILLADOR-B.png
7766	https://api.ferreterialavalleja.com/wp-content/uploads/2023/07/DESTORNILLADOR-B-1.png
7767	https://api.ferreterialavalleja.com/wp-content/uploads/2023/07/DESTORNILLADOR-BB.png
7777	https://api.ferreterialavalleja.com/wp-content/uploads/2023/07/ADAPTADOR-MAGNETICO.webp
7778	https://api.ferreterialavalleja.com/wp-content/uploads/2023/07/ADAPTADOR-MAGNETICO-1.webp
7780	https://api.ferreterialavalleja.com/wp-content/uploads/2023/07/MECHA-COPA.png
7781	https://api.ferreterialavalleja.com/wp-content/uploads/2023/07/MECHA-COPA-1.png
7785	https://api.ferreterialavalleja.com/wp-content/uploads/2023/07/GRASA-120-GRS.png
7788	https://api.ferreterialavalleja.com/wp-content/uploads/2023/07/piedra-esmeril-shall.jpg
7791	https://api.ferreterialavalleja.com/wp-content/uploads/2023/07/disco-dewalt.webp
7793	https://api.ferreterialavalleja.com/wp-content/uploads/2023/07/disco-dioamantado-porcelanato.png
7794	https://api.ferreterialavalleja.com/wp-content/uploads/2023/07/PROTECTOR-AUDITIVO-LIBUS.webp
7795	https://api.ferreterialavalleja.com/wp-content/uploads/2023/07/PROTECTOR-AUDITIVO-LIBUS-1.webp
7796	https://api.ferreterialavalleja.com/wp-content/uploads/2023/07/PROTECTOR-AUDITIVO-LIBUS-3.webp
7800	https://api.ferreterialavalleja.com/wp-content/uploads/2023/07/disco-abrasivo-estandar.png
7803	https://api.ferreterialavalleja.com/wp-content/uploads/2023/07/disco-especial-para-construccion-en-seco.png
7804	https://api.ferreterialavalleja.com/wp-content/uploads/2023/07/cora-mas-premium.png
7805	https://api.ferreterialavalleja.com/wp-content/uploads/2023/07/disco-diamantado-corta-mas.png
7807	https://api.ferreterialavalleja.com/wp-content/uploads/2023/07/DISCO-DESBASTE-SECUR.png
7808	https://api.ferreterialavalleja.com/wp-content/uploads/2023/07/DISCO-SECUR-DESBASTE.png
7809	https://api.ferreterialavalleja.com/wp-content/uploads/2023/07/DISCO-DESBASTE-SECUR-1.png
7810	https://api.ferreterialavalleja.com/wp-content/uploads/2023/07/DISCO-DESBASTE-SECUR-1-1.png
7811	https://api.ferreterialavalleja.com/wp-content/uploads/2023/07/Disco-clipper.webp
7814	https://api.ferreterialavalleja.com/wp-content/uploads/2023/07/disco-de-corte-bulit.jpg
7817	https://api.ferreterialavalleja.com/wp-content/uploads/2023/07/CASCO.webp
7818	https://api.ferreterialavalleja.com/wp-content/uploads/2023/07/disco-flap.jpg
7821	https://api.ferreterialavalleja.com/wp-content/uploads/2023/07/Lijas-CVelcro-Para-Roto-Orbital-125mm.webp
7825	https://api.ferreterialavalleja.com/wp-content/uploads/2023/07/Lijas-CVelcro-Para-Roto-Orbital-125mm-1.webp
7826	https://api.ferreterialavalleja.com/wp-content/uploads/2023/07/disco-flap-secur.webp
7835	https://api.ferreterialavalleja.com/wp-content/uploads/2023/07/disco-de-corte-de-metal-secur.webp
7836	https://api.ferreterialavalleja.com/wp-content/uploads/2023/07/SILICONA-ALTA-TEMPERATURA.webp
7838	https://api.ferreterialavalleja.com/wp-content/uploads/2023/07/0016171_disco-diamantado-segmentado-115mm-cortamas-ynter_580.jpeg
7840	https://api.ferreterialavalleja.com/wp-content/uploads/2023/07/disco-para-amoladora.webp
7845	https://api.ferreterialavalleja.com/wp-content/uploads/2023/06/LONA-VERDE.webp
7847	https://api.ferreterialavalleja.com/wp-content/uploads/2023/07/disco-para-amoladora-1.webp
7852	https://api.ferreterialavalleja.com/wp-content/uploads/2023/07/D_NQ_NP_745445-MLU46911988215_072021-O.webp
7853	https://api.ferreterialavalleja.com/wp-content/uploads/2023/07/D_NQ_NP_745445-MLU46911988215_072021-O-1.webp
7886	https://api.ferreterialavalleja.com/wp-content/uploads/2023/07/disco-classic.webp
7888	https://api.ferreterialavalleja.com/wp-content/uploads/2023/07/disco-osborn.jpg
7890	https://api.ferreterialavalleja.com/wp-content/uploads/2023/07/cepillo-uyustools.webp
7902	https://api.ferreterialavalleja.com/wp-content/uploads/2023/07/PINCEL-1.jpg
7904	https://api.ferreterialavalleja.com/wp-content/uploads/2023/07/PINCEL2.jpg
7906	https://api.ferreterialavalleja.com/wp-content/uploads/2023/07/PINCEL3.jpg
7908	https://api.ferreterialavalleja.com/wp-content/uploads/2023/07/PINCEL4.jpg
7910	https://api.ferreterialavalleja.com/wp-content/uploads/2023/07/PINCEL5.jpg
7912	https://api.ferreterialavalleja.com/wp-content/uploads/2023/07/PINCEL6.jpg
7914	https://api.ferreterialavalleja.com/wp-content/uploads/2023/07/PINCEL6-1.jpg
7916	https://api.ferreterialavalleja.com/wp-content/uploads/2023/07/PINCEL8.jpg
7917	https://api.ferreterialavalleja.com/wp-content/uploads/2023/07/PINCEL6-2.jpg
7918	https://api.ferreterialavalleja.com/wp-content/uploads/2023/07/PINCELES-ATLAS-1.jpg
7919	https://api.ferreterialavalleja.com/wp-content/uploads/2023/07/PINCELES-ATLAS.jpg
7931	https://api.ferreterialavalleja.com/wp-content/uploads/2023/07/PINCEL-BULIT-2.jpg
7932	https://api.ferreterialavalleja.com/wp-content/uploads/2023/07/PINCEL-BULIT-1.webp
7933	https://api.ferreterialavalleja.com/wp-content/uploads/2023/07/LENTES.png
7934	https://api.ferreterialavalleja.com/wp-content/uploads/2023/07/PINCEL-BULIT-2-1.jpg
7935	https://api.ferreterialavalleja.com/wp-content/uploads/2023/07/PINCEL-BULIT-3.jpg
7943	https://api.ferreterialavalleja.com/wp-content/uploads/2023/07/BIBER1.png
7944	https://api.ferreterialavalleja.com/wp-content/uploads/2023/07/BIBER-1.5.png
7945	https://api.ferreterialavalleja.com/wp-content/uploads/2023/07/BIBER3.png
7946	https://api.ferreterialavalleja.com/wp-content/uploads/2023/07/BIBER2.png
7947	https://api.ferreterialavalleja.com/wp-content/uploads/2023/07/BIBER4.png
7952	https://api.ferreterialavalleja.com/wp-content/uploads/2023/07/disco-de-pulir-de-diamante.jpg
7954	https://api.ferreterialavalleja.com/wp-content/uploads/2023/07/disco-de-nylon.jpg
7959	https://api.ferreterialavalleja.com/wp-content/uploads/2023/07/juego-dados-asaki-chico.webp
7960	https://api.ferreterialavalleja.com/wp-content/uploads/2023/07/disco-flap-pam.webp
7964	https://api.ferreterialavalleja.com/wp-content/uploads/2023/07/silicona-neutra-unisil.webp
7968	https://api.ferreterialavalleja.com/wp-content/uploads/2023/07/silicona-neutra-unisil-1.webp
7969	https://api.ferreterialavalleja.com/wp-content/uploads/2023/07/DADOS-ASAKI.webp
7970	https://api.ferreterialavalleja.com/wp-content/uploads/2023/07/DADOS-ASAKI.webp1_.webp
7971	https://api.ferreterialavalleja.com/wp-content/uploads/2023/07/DADOS-ASAKI.webp-2.webp
7972	https://api.ferreterialavalleja.com/wp-content/uploads/2023/07/DADOS-ASAKI.webp-3.webp
7974	https://api.ferreterialavalleja.com/wp-content/uploads/2023/07/DADOS-ASAKI.webp-4.webp
7975	https://api.ferreterialavalleja.com/wp-content/uploads/2023/07/silicona-acida-unisil.webp
7977	https://api.ferreterialavalleja.com/wp-content/uploads/2023/07/silicona-acida-unisil-1.webp
7982	https://api.ferreterialavalleja.com/wp-content/uploads/2023/07/acrilico-pintable-unisil.webp
7983	https://api.ferreterialavalleja.com/wp-content/uploads/2023/07/DADOS-ASAKI-1.webp
7985	https://api.ferreterialavalleja.com/wp-content/uploads/2023/07/DADOS-ASAKI.png
7986	https://api.ferreterialavalleja.com/wp-content/uploads/2023/07/sin-clavo.webp
7988	https://api.ferreterialavalleja.com/wp-content/uploads/2023/07/clavo-rapido-pennsilvania.webp
7990	https://api.ferreterialavalleja.com/wp-content/uploads/2023/07/montagefix.webp
7992	https://api.ferreterialavalleja.com/wp-content/uploads/2023/07/anclaje-liquido.webp
7996	https://api.ferreterialavalleja.com/wp-content/uploads/2023/07/silicona-siloc.webp
7998	https://api.ferreterialavalleja.com/wp-content/uploads/2023/07/alargue.webp
8000	https://api.ferreterialavalleja.com/wp-content/uploads/2023/07/alargue-6.webp
8003	https://api.ferreterialavalleja.com/wp-content/uploads/2023/07/ALARGUE-9.webp
8006	https://api.ferreterialavalleja.com/wp-content/uploads/2023/07/alargue-4.webp
8008	https://api.ferreterialavalleja.com/wp-content/uploads/2023/07/cola-plastica-tintas-farben.webp
8009	https://api.ferreterialavalleja.com/wp-content/uploads/2023/07/MINI-DESTORNILLADOR.png
8011	https://api.ferreterialavalleja.com/wp-content/uploads/2023/07/Cinta-Reflectiva-Adhesiva-Seguridad.webp
8013	https://api.ferreterialavalleja.com/wp-content/uploads/2023/07/0085125_plomada-500gr-tramontina_600.jpeg
8015	https://api.ferreterialavalleja.com/wp-content/uploads/2023/07/0081147_espatula-metalica-rigida-4cm-tramontina_600.jpeg
8017	https://api.ferreterialavalleja.com/wp-content/uploads/2023/07/71881981.jpg
8020	https://api.ferreterialavalleja.com/wp-content/uploads/2023/07/MINI-DESTORNILLADOR-1.png
8021	https://api.ferreterialavalleja.com/wp-content/uploads/2023/07/MINI-DESTORNILLADOR.png-1.png
8022	https://api.ferreterialavalleja.com/wp-content/uploads/2023/07/MINI-DESTORNILLADOR.png-2.png
8023	https://api.ferreterialavalleja.com/wp-content/uploads/2023/07/Aceite-lubricante-multiuso.webp
8029	https://api.ferreterialavalleja.com/wp-content/uploads/2023/07/pistola-de-pintar.webp
8031	https://api.ferreterialavalleja.com/wp-content/uploads/2023/07/mini-spray-gun.jpg
8035	https://api.ferreterialavalleja.com/wp-content/uploads/2023/07/chaleco-amarillo.webp
8037	https://api.ferreterialavalleja.com/wp-content/uploads/2023/07/naranja.webp
8038	https://api.ferreterialavalleja.com/wp-content/uploads/2023/07/los-2.webp
8039	https://api.ferreterialavalleja.com/wp-content/uploads/2023/07/CRIQUET-ASAKI.png
8040	https://api.ferreterialavalleja.com/wp-content/uploads/2023/07/CRICKET-ASAKI.webp
8042	https://api.ferreterialavalleja.com/wp-content/uploads/2023/07/ACEITERA.png
8043	https://api.ferreterialavalleja.com/wp-content/uploads/2023/07/ACEITERA-1.png
8046	https://api.ferreterialavalleja.com/wp-content/uploads/2023/07/JUEGO-DESTORNILLADORES-ASAKI.png
8047	https://api.ferreterialavalleja.com/wp-content/uploads/2023/07/JUEGO-DESTORNILLADORES-ASAKI-1.png
8048	https://api.ferreterialavalleja.com/wp-content/uploads/2023/07/JUEGO-DE-DESTORNILLADORES-ASAKI.webp
8049	https://api.ferreterialavalleja.com/wp-content/uploads/2023/07/JUEGO-DE-DESTORNILLADORES-ASAKI.webp-1.webp
8052	https://api.ferreterialavalleja.com/wp-content/uploads/2023/07/TRINCHETA.webp
8053	https://api.ferreterialavalleja.com/wp-content/uploads/2023/07/TRINCHETA-1.webp
8054	https://api.ferreterialavalleja.com/wp-content/uploads/2023/07/TRINCHETA.png
8057	https://api.ferreterialavalleja.com/wp-content/uploads/2023/07/PIEDRA-ASAKI.png
8058	https://api.ferreterialavalleja.com/wp-content/uploads/2023/07/PIEDRA-ASAKI-1.png
8060	https://api.ferreterialavalleja.com/wp-content/uploads/2023/07/EXTRACTOR-TORNILLOS.png
8061	https://api.ferreterialavalleja.com/wp-content/uploads/2023/07/EXTRACTOR-1-1.png
8062	https://api.ferreterialavalleja.com/wp-content/uploads/2023/07/EXTRACTOR-2.png
8063	https://api.ferreterialavalleja.com/wp-content/uploads/2023/07/EXTRACTOR-3.png
8064	https://api.ferreterialavalleja.com/wp-content/uploads/2023/07/EXTRACTOR-4.png
8067	https://api.ferreterialavalleja.com/wp-content/uploads/2023/07/Cepillo-de-acero-para-taladro.webp
8070	https://api.ferreterialavalleja.com/wp-content/uploads/2023/07/Cepillo-Chato-P-Taladro-75mm.webp
8072	https://api.ferreterialavalleja.com/wp-content/uploads/2023/07/flap-vastago.webp
8074	https://api.ferreterialavalleja.com/wp-content/uploads/2023/07/FLEXIBLE.png
8075	https://api.ferreterialavalleja.com/wp-content/uploads/2023/07/flexible.webp
8076	https://api.ferreterialavalleja.com/wp-content/uploads/2023/07/flexible-1.webp
8077	https://api.ferreterialavalleja.com/wp-content/uploads/2023/07/flexible-2.webp
8078	https://api.ferreterialavalleja.com/wp-content/uploads/2023/07/flexible-3.webp
8079	https://api.ferreterialavalleja.com/wp-content/uploads/2023/07/flexible-4.webp
8080	https://api.ferreterialavalleja.com/wp-content/uploads/2023/07/led.jpg
8083	https://api.ferreterialavalleja.com/wp-content/uploads/2023/07/UNA.png
8084	https://api.ferreterialavalleja.com/wp-content/uploads/2023/07/UNA-1.png
8086	https://api.ferreterialavalleja.com/wp-content/uploads/2023/07/amoladora-grv.jpg
8087	https://api.ferreterialavalleja.com/wp-content/uploads/2023/07/manguera-7.5.webp
8088	https://api.ferreterialavalleja.com/wp-content/uploads/2023/07/CANO-AIRE-7.5.png
8089	https://api.ferreterialavalleja.com/wp-content/uploads/2023/07/minitorno.webp
8092	https://api.ferreterialavalleja.com/wp-content/uploads/2023/07/TALADRO_BATERIA_MPT_12_VOLT_2_BATERIAS_mini.jpg
8094	https://api.ferreterialavalleja.com/wp-content/uploads/2023/07/soporte-microondas.webp
8095	https://api.ferreterialavalleja.com/wp-content/uploads/2023/07/soporte-microondas-2.webp
8096	https://api.ferreterialavalleja.com/wp-content/uploads/2023/07/THINNER.webp
8100	https://api.ferreterialavalleja.com/wp-content/uploads/2023/07/destornillador-de-impacto.webp
8102	https://api.ferreterialavalleja.com/wp-content/uploads/2023/07/malacate.webp
8104	https://api.ferreterialavalleja.com/wp-content/uploads/2023/07/D_NQ_NP_925742-MLU29864238472_042019-O.webp
8106	https://api.ferreterialavalleja.com/wp-content/uploads/2023/07/cierra-circular-heesem.webp
8108	https://api.ferreterialavalleja.com/wp-content/uploads/2023/07/extractor-de-3-patas.webp
8110	https://api.ferreterialavalleja.com/wp-content/uploads/2023/07/cierra.webp
8112	https://api.ferreterialavalleja.com/wp-content/uploads/2023/07/Bx1-B-AC-Hand-Electrode-Welder-BX1-150B-.jpg
8114	https://api.ferreterialavalleja.com/wp-content/uploads/2023/07/amoladora.webp
8116	https://api.ferreterialavalleja.com/wp-content/uploads/2023/07/lijadora-de-banda.webp
8118	https://api.ferreterialavalleja.com/wp-content/uploads/2023/07/lijadora-roto-orbital.webp
8120	https://api.ferreterialavalleja.com/wp-content/uploads/2023/07/rotomartillo.webp
8122	https://api.ferreterialavalleja.com/wp-content/uploads/2023/07/taladro-con-percutor.jpeg
8137	https://api.ferreterialavalleja.com/wp-content/uploads/2023/07/MOTOSIERRA-16.webp
8139	https://api.ferreterialavalleja.com/wp-content/uploads/2023/07/MOTOSIERRA-1.webp
8141	https://api.ferreterialavalleja.com/wp-content/uploads/2023/07/MOTOSIERRA-2.webp
8142	https://api.ferreterialavalleja.com/wp-content/uploads/2023/07/PROMO-MOTOSIERRA.png
8145	https://api.ferreterialavalleja.com/wp-content/uploads/2023/07/puntas-wurth-50.webp
8147	https://api.ferreterialavalleja.com/wp-content/uploads/2023/07/pasador_mauser_uyustols.jpg
8149	https://api.ferreterialavalleja.com/wp-content/uploads/2023/07/pasacandado-uyustools.jpg
8152	https://api.ferreterialavalleja.com/wp-content/uploads/2023/07/Destorcedor-uyustools.jpg
8155	https://api.ferreterialavalleja.com/wp-content/uploads/2023/07/asfalkote.webp
8156	https://api.ferreterialavalleja.com/wp-content/uploads/2023/07/fusibles.webp
8159	https://api.ferreterialavalleja.com/wp-content/uploads/2023/07/cadena-de-puerta.webp
8161	https://api.ferreterialavalleja.com/wp-content/uploads/2023/07/grillete.webp
8163	https://api.ferreterialavalleja.com/wp-content/uploads/2023/07/repuesto-trincheta.webp
8168	https://api.ferreterialavalleja.com/wp-content/uploads/2023/07/pintura-pisos.png
8170	https://api.ferreterialavalleja.com/wp-content/uploads/2023/07/destorcedor-45.jpg
8188	https://api.ferreterialavalleja.com/wp-content/uploads/2023/07/destapador-onko.webp
8190	https://api.ferreterialavalleja.com/wp-content/uploads/2023/07/pincel-condor.webp
8193	https://api.ferreterialavalleja.com/wp-content/uploads/2023/07/0086899_candado-combinacion-bronce-s151-40mm-4-diales_360.png
8195	https://api.ferreterialavalleja.com/wp-content/uploads/2023/07/sierrita.webp
8200	https://api.ferreterialavalleja.com/wp-content/uploads/2023/07/ADHESIVO-IMPERMEABLE.webp
8201	https://api.ferreterialavalleja.com/wp-content/uploads/2023/07/hoja-starrett-bu36.webp
8204	https://api.ferreterialavalleja.com/wp-content/uploads/2023/07/BURLETE-MAMUT.webp
8205	https://api.ferreterialavalleja.com/wp-content/uploads/2023/07/BURLETE-MAMUT.webp-1.webp
8206	https://api.ferreterialavalleja.com/wp-content/uploads/2023/07/BURLETE-MAMUT.webp-2.webp
8207	https://api.ferreterialavalleja.com/wp-content/uploads/2023/07/BURLETE-MAMUT-4.png
8210	https://api.ferreterialavalleja.com/wp-content/uploads/2023/07/hoja-para-sierra-de-calar.webp
8211	https://api.ferreterialavalleja.com/wp-content/uploads/2023/07/BURLETE-MAMUT-1.webp
8213	https://api.ferreterialavalleja.com/wp-content/uploads/2023/07/BURLETE-E.webp
8215	https://api.ferreterialavalleja.com/wp-content/uploads/2023/07/HOJA_SIERRA_CALAR_STARRETT_X_UN_BU424.jpg
8216	https://api.ferreterialavalleja.com/wp-content/uploads/2023/07/BURLETE-E-1.webp
8218	https://api.ferreterialavalleja.com/wp-content/uploads/2023/07/BURLETE-E-2.webp
8219	https://api.ferreterialavalleja.com/wp-content/uploads/2023/07/BURLETE-E-1.png
8220	https://api.ferreterialavalleja.com/wp-content/uploads/2023/07/bandla-con-seguirop.webp
8222	https://api.ferreterialavalleja.com/wp-content/uploads/2023/07/Gancho-Para-Hamaca-Best-Value.webp
8227	https://api.ferreterialavalleja.com/wp-content/uploads/2023/07/Repuesto-hojas-de-trincheta-18mm.webp
8228	https://api.ferreterialavalleja.com/wp-content/uploads/2023/07/gancho-para-hamaca-cerrado.webp
8231	https://api.ferreterialavalleja.com/wp-content/uploads/2023/07/CEMENTO-PORTLAND.webp
8232	https://api.ferreterialavalleja.com/wp-content/uploads/2023/07/llaves-tramontina-master.jpg
8252	https://api.ferreterialavalleja.com/wp-content/uploads/2023/07/llave-tramontina.webp
8253	https://api.ferreterialavalleja.com/wp-content/uploads/2023/07/hidrofugo-retracua.webp
8259	https://api.ferreterialavalleja.com/wp-content/uploads/2023/07/Dado-Hexagonal-Hyundai-30-Mm.jpg
8262	https://api.ferreterialavalleja.com/wp-content/uploads/2023/07/LLAVE-30.webp
8264	https://api.ferreterialavalleja.com/wp-content/uploads/2023/07/rueda-fija-100-mm.webp
8265	https://api.ferreterialavalleja.com/wp-content/uploads/2023/07/rueda-100-mm.webp
8267	https://api.ferreterialavalleja.com/wp-content/uploads/2023/07/rueda-giratoria-100.webp
8268	https://api.ferreterialavalleja.com/wp-content/uploads/2023/07/rueda-giratoria-100-1.webp
8269	https://api.ferreterialavalleja.com/wp-content/uploads/2023/07/rueda-giratoria-100-2.webp
8275	https://api.ferreterialavalleja.com/wp-content/uploads/2023/07/reuda-40-mm-set.webp
8276	https://api.ferreterialavalleja.com/wp-content/uploads/2023/07/rueda-de-40-mm.webp
8279	https://api.ferreterialavalleja.com/wp-content/uploads/2023/07/regla-multifuncion.webp
8280	https://api.ferreterialavalleja.com/wp-content/uploads/2023/07/regla-multifuncion.webp-1.webp
8281	https://api.ferreterialavalleja.com/wp-content/uploads/2023/07/regla-multifuncion.webp-1.webp-2.webp
8282	https://api.ferreterialavalleja.com/wp-content/uploads/2023/07/regla-mltifuncion-3.webp
8283	https://api.ferreterialavalleja.com/wp-content/uploads/2023/07/regla-multifuncion.webp-4.webp
8284	https://api.ferreterialavalleja.com/wp-content/uploads/2023/07/regla-.png
8285	https://api.ferreterialavalleja.com/wp-content/uploads/2023/07/regla-1.png
8286	https://api.ferreterialavalleja.com/wp-content/uploads/2023/07/regla-2.png
8287	https://api.ferreterialavalleja.com/wp-content/uploads/2023/07/regla-2-1.png
8288	https://api.ferreterialavalleja.com/wp-content/uploads/2023/07/regla-3.png
8289	https://api.ferreterialavalleja.com/wp-content/uploads/2023/07/regla-4.png
8291	https://api.ferreterialavalleja.com/wp-content/uploads/2023/07/topes-para-puerta-biro.jpg
8292	https://api.ferreterialavalleja.com/wp-content/uploads/2023/07/topes-para-puerta-biro.jpg-1.jpg
8293	https://api.ferreterialavalleja.com/wp-content/uploads/2023/07/topes-biro.png
8294	https://api.ferreterialavalleja.com/wp-content/uploads/2023/07/topes-biro-2.png
8295	https://api.ferreterialavalleja.com/wp-content/uploads/2023/07/topes-biro-1.png
8296	https://api.ferreterialavalleja.com/wp-content/uploads/2023/07/topes-para-puerta-biro-1.jpg
8297	https://api.ferreterialavalleja.com/wp-content/uploads/2023/07/topes-para-puerta-biro-1.jpg-1-1.jpg
8298	https://api.ferreterialavalleja.com/wp-content/uploads/2023/07/topes-para-puerta-biro.jpg-2.png
8301	https://api.ferreterialavalleja.com/wp-content/uploads/2023/07/ABRASADERA-CON-MARIPOSA.jpg
8304	https://api.ferreterialavalleja.com/wp-content/uploads/2023/07/sisal-ovillo.webp
8306	https://api.ferreterialavalleja.com/wp-content/uploads/2023/07/REGLA-AMARILLA.webp
8307	https://api.ferreterialavalleja.com/wp-content/uploads/2023/07/REGLA-AMARILLA-1.webp
8308	https://api.ferreterialavalleja.com/wp-content/uploads/2023/07/REGLA-AMARILLA-3.webp
8309	https://api.ferreterialavalleja.com/wp-content/uploads/2023/07/REGLA-AMARILLA-4.webp
8310	https://api.ferreterialavalleja.com/wp-content/uploads/2023/07/REGLA-AMARILLA.-5.webp
8311	https://api.ferreterialavalleja.com/wp-content/uploads/2023/07/REGLA-AMARILLA-2.webp
8312	https://api.ferreterialavalleja.com/wp-content/uploads/2023/07/REGLA-AMARILLA-6.webp
8315	https://api.ferreterialavalleja.com/wp-content/uploads/2023/07/TIJERA-CORTA-TUBO.png
8316	https://api.ferreterialavalleja.com/wp-content/uploads/2023/07/TIJERA-CORTA-TUBO.png-1.png
8317	https://api.ferreterialavalleja.com/wp-content/uploads/2023/07/TIJERA-CORTA-TUBO.png-2.png
8319	https://api.ferreterialavalleja.com/wp-content/uploads/2023/07/TESTER-UYUSTOOLS.webp
8320	https://api.ferreterialavalleja.com/wp-content/uploads/2023/07/TESTER-UYUSTOOLS-1.jpg
8322	https://api.ferreterialavalleja.com/wp-content/uploads/2023/07/LLANA-ROMA-DE-ACERO.jpg
8324	https://api.ferreterialavalleja.com/wp-content/uploads/2023/07/Grampas-staples.jpg
8327	https://api.ferreterialavalleja.com/wp-content/uploads/2023/07/grapa-8mm.jpg
8330	https://api.ferreterialavalleja.com/wp-content/uploads/2023/07/dado-tramontina-21.jpg
8336	https://api.ferreterialavalleja.com/wp-content/uploads/2023/07/topes-autoadesivo-redondo.webp
8339	https://api.ferreterialavalleja.com/wp-content/uploads/2023/07/tope.jpg
8341	https://api.ferreterialavalleja.com/wp-content/uploads/2023/07/tope-autoadhesivo-madera.webp
8344	https://api.ferreterialavalleja.com/wp-content/uploads/2023/07/Almohadilla-redonda-de-goma-autoadhesiva-para-puerta-Protector-de-pared-para-manija-de-puerta-parachoques-tope.jpg
8346	https://api.ferreterialavalleja.com/wp-content/uploads/2023/07/51RXnQ69v8L._AC_UF8941000_QL80_.jpg
8348	https://api.ferreterialavalleja.com/wp-content/uploads/2023/07/fuektrio.jpg
8350	https://api.ferreterialavalleja.com/wp-content/uploads/2023/07/collar-verde.jpg
8353	https://api.ferreterialavalleja.com/wp-content/uploads/2023/07/pistola-de-calor.webp
8355	https://api.ferreterialavalleja.com/wp-content/uploads/2023/07/grapas-kamasa.jpg
8360	https://api.ferreterialavalleja.com/wp-content/uploads/2023/07/Dado-Truper-Hexagonal-17mm-12-Pulgada-D-5317-M.webp
8362	https://api.ferreterialavalleja.com/wp-content/uploads/2023/07/dado-uyustools.jpg
8364	https://api.ferreterialavalleja.com/wp-content/uploads/2023/07/sapolio-silicona.webp
8366	https://api.ferreterialavalleja.com/wp-content/uploads/2023/07/adaptador-stanley.jpg
8368	https://api.ferreterialavalleja.com/wp-content/uploads/2023/07/topes-autoadesivo-rectangulares-madera.webp
8372	https://api.ferreterialavalleja.com/wp-content/uploads/2023/07/Topes-autoadhesivos.jpg
8377	https://api.ferreterialavalleja.com/wp-content/uploads/2023/07/fieltros.jpg
8378	https://api.ferreterialavalleja.com/wp-content/uploads/2023/07/fieltros-1.jpg
8379	https://api.ferreterialavalleja.com/wp-content/uploads/2023/07/cortina-para-bano-ducha-rayada-en-poliester-blanco.jpg
8381	https://api.ferreterialavalleja.com/wp-content/uploads/2023/07/llavew.jpg
8384	https://api.ferreterialavalleja.com/wp-content/uploads/2023/07/D_NQ_NP_979459-MLU44122258328_112020-O.webp
8386	https://api.ferreterialavalleja.com/wp-content/uploads/2023/07/puntas-desarmador-5-piezas.webp
8387	https://api.ferreterialavalleja.com/wp-content/uploads/2023/07/LAMOARA-LED-IXEC.webp
8389	https://api.ferreterialavalleja.com/wp-content/uploads/2023/07/nanoprotector.jpg
8391	https://api.ferreterialavalleja.com/wp-content/uploads/2023/07/hoja-nicholson.webp
8393	https://api.ferreterialavalleja.com/wp-content/uploads/2023/07/D_NQ_NP_845480-MLU31243246060_062019-O.webp
8397	https://api.ferreterialavalleja.com/wp-content/uploads/2023/07/metro_madera.jpg
8398	https://api.ferreterialavalleja.com/wp-content/uploads/2023/07/mecha-tramontima.webp
8406	https://api.ferreterialavalleja.com/wp-content/uploads/2023/07/grampas-bulit-s8.webp
8407	https://api.ferreterialavalleja.com/wp-content/uploads/2023/07/grampas-bulit-s8-2.webp
8408	https://api.ferreterialavalleja.com/wp-content/uploads/2023/07/bulit.webp
8411	https://api.ferreterialavalleja.com/wp-content/uploads/2023/07/grampas-s6.webp
8412	https://api.ferreterialavalleja.com/wp-content/uploads/2023/07/grampas-s6-bulit.webp
8413	https://api.ferreterialavalleja.com/wp-content/uploads/2023/07/grampas-s6-1.webp
8414	https://api.ferreterialavalleja.com/wp-content/uploads/2023/07/grampas-s6-2.webp
8416	https://api.ferreterialavalleja.com/wp-content/uploads/2023/07/BATERIA-A-23.webp
8417	https://api.ferreterialavalleja.com/wp-content/uploads/2023/07/BATERIA-A-23-1.webp
8420	https://api.ferreterialavalleja.com/wp-content/uploads/2023/07/panelero-carvalho.webp-2.webp
8421	https://api.ferreterialavalleja.com/wp-content/uploads/2023/07/panelero-carvalho.webp-3.webp
8422	https://api.ferreterialavalleja.com/wp-content/uploads/2023/07/panelero-carvalho.webp-1.webp
8423	https://api.ferreterialavalleja.com/wp-content/uploads/2023/07/panelero-carvalho.webp
8425	https://api.ferreterialavalleja.com/wp-content/uploads/2023/07/panelero-blanco.webp-1.webp
8426	https://api.ferreterialavalleja.com/wp-content/uploads/2023/07/panelero-blanco.webp-2.webp
8427	https://api.ferreterialavalleja.com/wp-content/uploads/2023/07/panelero-blanco.webp
8428	https://api.ferreterialavalleja.com/wp-content/uploads/2023/07/panelero-blanco.webp-3.webp
8430	https://api.ferreterialavalleja.com/wp-content/uploads/2023/07/BATERIA-A-23-1-1.webp
8432	https://api.ferreterialavalleja.com/wp-content/uploads/2023/07/Energizer-A27.jpg.webp
8434	https://api.ferreterialavalleja.com/wp-content/uploads/2023/07/BATERIAS-PHILLIPS.webp
8436	https://api.ferreterialavalleja.com/wp-content/uploads/2023/07/BATERIAS-WURTH.jpg
8448	https://api.ferreterialavalleja.com/wp-content/uploads/2023/07/mercha-sds.webp
8463	https://api.ferreterialavalleja.com/wp-content/uploads/2023/07/D_NQ_NP_628856-MLC50247875798_062022-O.webp
8466	https://api.ferreterialavalleja.com/wp-content/uploads/2023/07/mecha_madera_3puntas.jpg
8470	https://api.ferreterialavalleja.com/wp-content/uploads/2023/07/hoja-de-sierra-caladora.png
8474	https://api.ferreterialavalleja.com/wp-content/uploads/2023/07/hoja-de-sierra-usa.jpg
8477	https://api.ferreterialavalleja.com/wp-content/uploads/2023/07/nivel-laser.png
8479	https://api.ferreterialavalleja.com/wp-content/uploads/2023/07/Mosqueton-Porta-Materiales-Plastico-Negro-Oem-1.jpg
8481	https://api.ferreterialavalleja.com/wp-content/uploads/2023/07/sacabocado-n.webp
8484	https://api.ferreterialavalleja.com/wp-content/uploads/2023/07/Adaptador-Vaso-Magnetico-Atornillador-60mm-5pcs-.webp
8487	https://api.ferreterialavalleja.com/wp-content/uploads/2023/07/hoja-de-sierra-india.jpg
8502	https://api.ferreterialavalleja.com/wp-content/uploads/2023/07/candado-de-hierro-32-mm-gancho-largo-hermex-862054.webp
8504	https://api.ferreterialavalleja.com/wp-content/uploads/2023/07/candado-hermex-30mm.webp
8508	https://api.ferreterialavalleja.com/wp-content/uploads/2023/07/candado-25mm-4k.jpg
8510	https://api.ferreterialavalleja.com/wp-content/uploads/2023/07/candado-4k-38.jpg
8516	https://api.ferreterialavalleja.com/wp-content/uploads/2023/07/fortun-38mm.jpg
8519	https://api.ferreterialavalleja.com/wp-content/uploads/2023/07/candado_hierro_plateado.jpg
8521	https://api.ferreterialavalleja.com/wp-content/uploads/2023/07/candado-aarp-32.jpg
8524	https://api.ferreterialavalleja.com/wp-content/uploads/2023/07/jabonera-fixa.png
8525	https://api.ferreterialavalleja.com/wp-content/uploads/2023/07/jabonera-fixa.png-1.png
8526	https://api.ferreterialavalleja.com/wp-content/uploads/2023/07/65-Candado-Papaiz-20mm_preview-600x387-1.jpeg
8527	https://api.ferreterialavalleja.com/wp-content/uploads/2023/07/jabonera-fixa-3.png
8534	https://api.ferreterialavalleja.com/wp-content/uploads/2023/07/candado-globe-30mm.webp
8535	https://api.ferreterialavalleja.com/wp-content/uploads/2023/07/JABONERA-3M.png
8536	https://api.ferreterialavalleja.com/wp-content/uploads/2023/07/JABONERA-3M-1.png
8537	https://api.ferreterialavalleja.com/wp-content/uploads/2023/07/JABONERA-3M-2.png
8540	https://api.ferreterialavalleja.com/wp-content/uploads/2023/07/candado-aro-largo.webp
8542	https://api.ferreterialavalleja.com/wp-content/uploads/2023/07/llave-sacabujia.webp
8544	https://api.ferreterialavalleja.com/wp-content/uploads/2023/07/cortavidrios.webp
8546	https://api.ferreterialavalleja.com/wp-content/uploads/2023/07/foto-galeria-2.webp
8547	https://api.ferreterialavalleja.com/wp-content/uploads/2023/07/foto-galeria.webp
8548	https://api.ferreterialavalleja.com/wp-content/uploads/2023/07/D_NQ_NP_681358-MLA69498073968_052023-O.webp
8550	https://api.ferreterialavalleja.com/wp-content/uploads/2023/07/juego-de-fresa.webp
8551	https://api.ferreterialavalleja.com/wp-content/uploads/2023/07/foto-galeria-4.webp
8552	https://api.ferreterialavalleja.com/wp-content/uploads/2023/07/foto-galeria-3.webp
8554	https://api.ferreterialavalleja.com/wp-content/uploads/2023/07/alambre-tendedero.webp
8556	https://api.ferreterialavalleja.com/wp-content/uploads/2023/07/red-sun.webp
8558	https://api.ferreterialavalleja.com/wp-content/uploads/2023/07/Uyustools.webp
8560	https://api.ferreterialavalleja.com/wp-content/uploads/2023/07/parche.webp
8563	https://api.ferreterialavalleja.com/wp-content/uploads/2023/07/escurre-platos.webp
8565	https://api.ferreterialavalleja.com/wp-content/uploads/2023/07/parche-bici.webp
8568	https://api.ferreterialavalleja.com/wp-content/uploads/2023/07/parche-para-moto-y-bicicleta-rectangular-oval-grande-50-x-30-mm-x-24-unidades.webp
8571	https://api.ferreterialavalleja.com/wp-content/uploads/2023/07/mirirlla-para-puierta.webp
8573	https://api.ferreterialavalleja.com/wp-content/uploads/2023/07/escurre-platos-2.webp
8574	https://api.ferreterialavalleja.com/wp-content/uploads/2023/07/mango-para-lima.jpg
8576	https://api.ferreterialavalleja.com/wp-content/uploads/2023/07/tapa-de-cocina-james.webp
8580	https://api.ferreterialavalleja.com/wp-content/uploads/2023/07/tapa-cocina-thompson.webp
8583	https://api.ferreterialavalleja.com/wp-content/uploads/2023/07/tapa-hornalla-2.webp
8585	https://api.ferreterialavalleja.com/wp-content/uploads/2023/07/CANDADO.jpg
8588	https://api.ferreterialavalleja.com/wp-content/uploads/2023/07/Calibre-150mm-Acero-Inoxidable-Digital.webp
8591	https://api.ferreterialavalleja.com/wp-content/uploads/2023/07/Instantaneo-Unigota-Blister-2g-Unisil.jpg
8593	https://api.ferreterialavalleja.com/wp-content/uploads/2023/07/45752.webp
8595	https://api.ferreterialavalleja.com/wp-content/uploads/2023/07/pz2.webp
8598	https://api.ferreterialavalleja.com/wp-content/uploads/2023/07/pz3.jpg
8599	https://api.ferreterialavalleja.com/wp-content/uploads/2023/07/PLUMERO.webp
8600	https://api.ferreterialavalleja.com/wp-content/uploads/2023/07/PLUMERO-1.webp
8602	https://api.ferreterialavalleja.com/wp-content/uploads/2023/07/sl6.jpg
8604	https://api.ferreterialavalleja.com/wp-content/uploads/2023/07/PLUMERO-2.webp
8605	https://api.ferreterialavalleja.com/wp-content/uploads/2023/07/PLUMERO-3.webp
8607	https://api.ferreterialavalleja.com/wp-content/uploads/2023/07/kamasa-galeria.jpg
8608	https://api.ferreterialavalleja.com/wp-content/uploads/2023/07/llave-kamasa.jpg
8612	https://api.ferreterialavalleja.com/wp-content/uploads/2023/07/alfombra-multicolor-40x60-cm.jpg
8613	https://api.ferreterialavalleja.com/wp-content/uploads/2023/07/Trincheta-fina.png
8615	https://api.ferreterialavalleja.com/wp-content/uploads/2023/07/trincheta-ancha.webp
8617	https://api.ferreterialavalleja.com/wp-content/uploads/2023/07/Mecha-Irwin-Para-Concreto-Punta-Metal-Duro-6mm-X-100mm.webp
8625	https://api.ferreterialavalleja.com/wp-content/uploads/2023/07/D_NQ_NP_969107-MCO51232541235_082022-O.webp
8627	https://api.ferreterialavalleja.com/wp-content/uploads/2023/07/Pinza-Alicate-De-Corte-6-Electricista-1000v-Lh361.webp
8629	https://api.ferreterialavalleja.com/wp-content/uploads/2023/07/calibre.webp
8633	https://api.ferreterialavalleja.com/wp-content/uploads/2023/07/piedra-de-afilar.jpg
8636	https://api.ferreterialavalleja.com/wp-content/uploads/2023/07/mosqueton.webp
8637	https://api.ferreterialavalleja.com/wp-content/uploads/2023/07/adaptador-magnetico-7.jpg
8642	https://api.ferreterialavalleja.com/wp-content/uploads/2023/07/Punta-Ph2-Con-Tope-Para-Yeso-25mm.webp
8649	https://api.ferreterialavalleja.com/wp-content/uploads/2023/07/719BNDbenML._AC_UF8941000_QL80_.jpg
8651	https://api.ferreterialavalleja.com/wp-content/uploads/2023/07/felpudo.webp
8652	https://api.ferreterialavalleja.com/wp-content/uploads/2023/07/D_NQ_NP_611961-MLU48098151418_112021-O.webp
8653	https://api.ferreterialavalleja.com/wp-content/uploads/2023/07/D_NQ_NP_847049-MLU48098175177_112021-O.webp
8654	https://api.ferreterialavalleja.com/wp-content/uploads/2023/07/D_NQ_NP_691757-MLU48098056929_112021-O.webp
8656	https://api.ferreterialavalleja.com/wp-content/uploads/2023/07/alfombra-microfibra-40x60-cm-.jpg
8657	https://api.ferreterialavalleja.com/wp-content/uploads/2023/07/alfombra-microfibra-40x60-cm-1-1.jpg
8658	https://api.ferreterialavalleja.com/wp-content/uploads/2023/07/ALFOMBRA-MICROFIBRA-1.jpg
8659	https://api.ferreterialavalleja.com/wp-content/uploads/2023/07/ALFOMBRA-MICROFIBRA-2.png
8660	https://api.ferreterialavalleja.com/wp-content/uploads/2023/07/ALFOMBRA-MICROFIBRA.jpg
8661	https://api.ferreterialavalleja.com/wp-content/uploads/2023/07/ALFOMBRA-60X40-1.jpg
8662	https://api.ferreterialavalleja.com/wp-content/uploads/2023/07/ALFOMBRA-60X40.jpg
8669	https://api.ferreterialavalleja.com/wp-content/uploads/2023/07/productos31_2802.jpg
8670	https://api.ferreterialavalleja.com/wp-content/uploads/2023/07/D_NQ_NP_931595-MLU43701286224_102020-O.webp
8672	https://api.ferreterialavalleja.com/wp-content/uploads/2023/07/ruda.webp
8675	https://api.ferreterialavalleja.com/wp-content/uploads/2023/07/lupa.webp
8678	https://api.ferreterialavalleja.com/wp-content/uploads/2023/07/vidrio-lenmte-soldar.jpg
8681	https://api.ferreterialavalleja.com/wp-content/uploads/2023/07/bisagra-para-escalera.webp
8683	https://api.ferreterialavalleja.com/wp-content/uploads/2023/07/filt4rp.webp
8685	https://api.ferreterialavalleja.com/wp-content/uploads/2023/07/bisagra-poenla.webp
8687	https://api.ferreterialavalleja.com/wp-content/uploads/2023/07/D_NQ_NP_690775-MLU49295840171_032022-O.webp
8689	https://api.ferreterialavalleja.com/wp-content/uploads/2023/07/mosquetonnn.webp
8693	https://api.ferreterialavalleja.com/wp-content/uploads/2023/07/ferreteria-bestvalue.jpg
8701	https://api.ferreterialavalleja.com/wp-content/uploads/2023/07/n.webp
8704	https://api.ferreterialavalleja.com/wp-content/uploads/2023/07/n-1.webp
8705	https://api.ferreterialavalleja.com/wp-content/uploads/2023/07/caja.webp
8707	https://api.ferreterialavalleja.com/wp-content/uploads/2023/07/products-rueda-en-u-para-port_n-corredizo-3-rumr-350-master_rail-carrito-ferretero.png
8709	https://api.ferreterialavalleja.com/wp-content/uploads/2023/07/candado-1.jpg
8711	https://api.ferreterialavalleja.com/wp-content/uploads/2023/07/images-1.jpg
8714	https://api.ferreterialavalleja.com/wp-content/uploads/2023/07/0016176_candado-de-acero-niquelado-40mm-trancamas-ynter_580.jpeg
8716	https://api.ferreterialavalleja.com/wp-content/uploads/2023/07/corta-mas.webp
8721	https://api.ferreterialavalleja.com/wp-content/uploads/2023/07/mosquitero.webp
8725	https://api.ferreterialavalleja.com/wp-content/uploads/2023/07/mosquitero-1.webp
8729	https://api.ferreterialavalleja.com/wp-content/uploads/2023/07/MALLA-SOMBRA-NEGRA.webp
8730	https://api.ferreterialavalleja.com/wp-content/uploads/2023/07/MALLA-SOMBRA-NEGRA-1.webp
8734	https://api.ferreterialavalleja.com/wp-content/uploads/2023/07/PINCEL-TIGRE-AMARILLO-PLANO-815.2-min.jpg
8738	https://api.ferreterialavalleja.com/wp-content/uploads/2023/07/pincel-plano-de-cerda-para-textil-n-16-acrilex-06.jpg
8747	https://api.ferreterialavalleja.com/wp-content/uploads/2023/07/pincel-punta-redonda-varios.webp
8750	https://api.ferreterialavalleja.com/wp-content/uploads/2023/07/azul-redondo-1.webp
8756	https://api.ferreterialavalleja.com/wp-content/uploads/2023/07/gotticlub-pinceles-planos-tigre.webp
8758	https://api.ferreterialavalleja.com/wp-content/uploads/2023/07/rojo-de-1.png
8759	https://api.ferreterialavalleja.com/wp-content/uploads/2023/07/cinta-metrica.webp
8761	https://api.ferreterialavalleja.com/wp-content/uploads/2023/07/cinta-naranja.png
8763	https://api.ferreterialavalleja.com/wp-content/uploads/2023/07/D_NQ_NP_735795-MLA31593858658_072019-O.webp
8765	https://api.ferreterialavalleja.com/wp-content/uploads/2023/07/cinta-huanan.webp
8767	https://api.ferreterialavalleja.com/wp-content/uploads/2023/07/agrimensor.webp
8794	https://api.ferreterialavalleja.com/wp-content/uploads/2023/07/paleta-plano-largo.jpg
8795	https://api.ferreterialavalleja.com/wp-content/uploads/2023/07/plano-normal.jpeg
8796	https://api.ferreterialavalleja.com/wp-content/uploads/2023/07/destornillador-tramontina-plano-enano.jpeg
8847	https://api.ferreterialavalleja.com/wp-content/uploads/2023/07/destornilladores-tramontina.webp
8862	https://api.ferreterialavalleja.com/wp-content/uploads/2023/07/destornillador-estrella-largo.jpg
8863	https://api.ferreterialavalleja.com/wp-content/uploads/2023/07/destornillador-estrella-tramontina-corto.jpg
8866	https://api.ferreterialavalleja.com/wp-content/uploads/2023/07/cinta-3-m.webp
8873	https://api.ferreterialavalleja.com/wp-content/uploads/2023/07/Cinta-Aisladora-3m-negra-1500.jpg
8874	https://api.ferreterialavalleja.com/wp-content/uploads/2023/07/Cinta-Aisladora-3m-blanca-1500.jpg
8875	https://api.ferreterialavalleja.com/wp-content/uploads/2023/07/Cinta-Aisladora-3m-azul-1500.jpg
8876	https://api.ferreterialavalleja.com/wp-content/uploads/2023/07/Cinta-Aisladora-3m-amarilla-1500.jpg
8877	https://api.ferreterialavalleja.com/wp-content/uploads/2023/07/Cinta-Aisladora-3m-rojo1500.jpg
8878	https://api.ferreterialavalleja.com/wp-content/uploads/2023/07/Cinta-Aisladora-3m-verde-1500.jpg
8886	https://api.ferreterialavalleja.com/wp-content/uploads/2023/07/cinta-globe.webp
8888	https://api.ferreterialavalleja.com/wp-content/uploads/2023/07/CINTA-PATO-DUCK-TAPE-AISLADORA-NEGRA-8MTS.jpg
8890	https://api.ferreterialavalleja.com/wp-content/uploads/2023/07/cinta-abro.webp
8892	https://api.ferreterialavalleja.com/wp-content/uploads/2023/07/Cinta-aisladora-Tacsa-exrta-10.jpg
8900	https://api.ferreterialavalleja.com/wp-content/uploads/2023/07/cinta-15-plus.jpg
8902	https://api.ferreterialavalleja.com/wp-content/uploads/2023/07/Cinta-aisladora-Tacsa-15-plus-negra.jpg
8903	https://api.ferreterialavalleja.com/wp-content/uploads/2023/07/cinta-15plus.png
8904	https://api.ferreterialavalleja.com/wp-content/uploads/2023/07/cinta-aisladora-15-plus-azus.png
8905	https://api.ferreterialavalleja.com/wp-content/uploads/2023/07/Cinta-aisladora-Tacsa-15-plus-amarilla.jpeg
8906	https://api.ferreterialavalleja.com/wp-content/uploads/2023/07/cinta-ailadora-roja.webp
8907	https://api.ferreterialavalleja.com/wp-content/uploads/2023/07/Cinta-aisladora-Tacsa-15-plus-verde.jpg
8908	https://api.ferreterialavalleja.com/wp-content/uploads/2023/07/Cinta-aisladora-Tacsa-15-plus-gris.jpeg
8911	https://api.ferreterialavalleja.com/wp-content/uploads/2023/07/cerrojo-elisil.webp
8912	https://api.ferreterialavalleja.com/wp-content/uploads/2023/07/cerrojo-elisil-9001.jpg
8914	https://api.ferreterialavalleja.com/wp-content/uploads/2023/07/hcomlida.jpg
8917	https://api.ferreterialavalleja.com/wp-content/uploads/2023/07/cerradura-elisil.webp
8918	https://api.ferreterialavalleja.com/wp-content/uploads/2023/07/elisil-galeria.webp
8921	https://api.ferreterialavalleja.com/wp-content/uploads/2023/07/Cerrojo-Elisil-5012-galeria.webp
8922	https://api.ferreterialavalleja.com/wp-content/uploads/2023/07/Cerrojo-Elisil-5012.webp
8924	https://api.ferreterialavalleja.com/wp-content/uploads/2023/07/cilindro-de-seguridad.jpeg
8926	https://api.ferreterialavalleja.com/wp-content/uploads/2023/07/cilindro-de-seguridad-1.jpeg
8927	https://api.ferreterialavalleja.com/wp-content/uploads/2023/07/Fusible-Cilindrico-Ceramico-25a-10x38mm.webp
8929	https://api.ferreterialavalleja.com/wp-content/uploads/2023/07/estanho-para-solda-fio-15mm-3565-500g-best.jpg
8931	https://api.ferreterialavalleja.com/wp-content/uploads/2023/07/cable-de-union-coaccioal.png
8933	https://api.ferreterialavalleja.com/wp-content/uploads/2023/07/18050E-0.jpg
8935	https://api.ferreterialavalleja.com/wp-content/uploads/2023/07/Resistencia-Para-Calefon-5-Piedras-Fabricacion-Uruguaya.webp
8937	https://api.ferreterialavalleja.com/wp-content/uploads/2023/07/4-piedras.webp
8940	https://api.ferreterialavalleja.com/wp-content/uploads/2023/07/Dado-De-Porcelana-2-Polos-Para-Cables-Electricos-Hasta-2mm.webp
8943	https://api.ferreterialavalleja.com/wp-content/uploads/2023/07/splitter-2-vias-900mhz-lumistar-spl01.jpg
8947	https://api.ferreterialavalleja.com/wp-content/uploads/2023/07/Lumistar.webp
8949	https://api.ferreterialavalleja.com/wp-content/uploads/2023/07/en-t.png
8950	https://api.ferreterialavalleja.com/wp-content/uploads/2023/07/gancho-contraviento.webp
8952	https://api.ferreterialavalleja.com/wp-content/uploads/2023/07/caja-exterioro-1-shujkp.webp
8953	https://api.ferreterialavalleja.com/wp-content/uploads/2023/07/caja-exterior-1-shuko-galeria.webp
8955	https://api.ferreterialavalleja.com/wp-content/uploads/2023/07/Plaqueta-Sica-Armada-Con-1-Llave-Bipolar-Y-Toma-3-En-Linea.webp
8956	https://api.ferreterialavalleja.com/wp-content/uploads/2023/07/Plaqueta-Sica-Armada-Con-1-Llave-Bipolar-Y-Toma-3-En-Linea-galeria-2.webp
8957	https://api.ferreterialavalleja.com/wp-content/uploads/2023/07/Plaqueta-Sica-Armada-Con-1-Llave-Bipolar-Y-Toma-3-En-Linea-galeria.webp
8959	https://api.ferreterialavalleja.com/wp-content/uploads/2023/07/Plaqueta-Sica-Armada-Blancacon-1-Llave-Unipola3.webp
8960	https://api.ferreterialavalleja.com/wp-content/uploads/2023/07/Plaqueta-Sica-Armada-Blancacon-1-Llave-Unipola2.webp
8961	https://api.ferreterialavalleja.com/wp-content/uploads/2023/07/Plaqueta-Sica-Armada-Blancacon-1-Llave-Unipola.webp
8963	https://api.ferreterialavalleja.com/wp-content/uploads/2023/07/Plaqueta-Sica-Armada-Con-2-Tomas-3-Linea-Blanca.webp
8964	https://api.ferreterialavalleja.com/wp-content/uploads/2023/07/Plaqueta-Sica-Armada-Con-2-Tomas-3-Linea-Blanca-3.webp
8965	https://api.ferreterialavalleja.com/wp-content/uploads/2023/07/Plaqueta-Sica-Armada-Con-2-Tomas-3-Linea-Blanca-2.webp
8968	https://api.ferreterialavalleja.com/wp-content/uploads/2023/07/Plaqueta-Sica-Armada-Blanca-Con-Toma-3-En-Linea-Schuko-3.webp
8969	https://api.ferreterialavalleja.com/wp-content/uploads/2023/07/Plaqueta-Sica-Armada-Blanca-Con-Toma-3-En-Linea-Schuko-2.webp
8970	https://api.ferreterialavalleja.com/wp-content/uploads/2023/07/Plaqueta-Sica-Armada-Blanca-Con-Toma-3-En-Linea-Schuko.webp
8972	https://api.ferreterialavalleja.com/wp-content/uploads/2023/07/cable-negro.webp
8975	https://api.ferreterialavalleja.com/wp-content/uploads/2023/07/cable-verde.webp
8977	https://api.ferreterialavalleja.com/wp-content/uploads/2023/07/Plaqueta-Sica-Armada-Blanca-Con-Toma-Schuko-3.webp
8978	https://api.ferreterialavalleja.com/wp-content/uploads/2023/07/Plaqueta-Sica-Armada-Blanca-Con-Toma-Schuko-2.webp
8979	https://api.ferreterialavalleja.com/wp-content/uploads/2023/07/Plaqueta-Sica-Armada-Blanca-Con-Toma-Schuko.webp
8981	https://api.ferreterialavalleja.com/wp-content/uploads/2023/07/Caja-Externa-1-Modulo-Cinterruptor-Unipolar-Sica.webp
8982	https://api.ferreterialavalleja.com/wp-content/uploads/2023/07/Caja-Externa-1-Modulo-Cinterruptor-Unipolar-Sica-2.webp
8984	https://api.ferreterialavalleja.com/wp-content/uploads/2023/07/1.png
8986	https://api.ferreterialavalleja.com/wp-content/uploads/2023/07/cordon-gemelo-blanco.webp
8989	https://api.ferreterialavalleja.com/wp-content/uploads/2023/07/gemelo-transparente.webp
8991	https://api.ferreterialavalleja.com/wp-content/uploads/2023/07/prod_7002363_01.jpg
8993	https://api.ferreterialavalleja.com/wp-content/uploads/2023/07/carfil.webp
9001	https://api.ferreterialavalleja.com/wp-content/uploads/2023/07/galeria.webp
9004	https://api.ferreterialavalleja.com/wp-content/uploads/2023/07/interruptor.webp
9008	https://api.ferreterialavalleja.com/wp-content/uploads/2023/07/GRASERITA-INPLAST.webp1_.webp
9009	https://api.ferreterialavalleja.com/wp-content/uploads/2023/07/GRASERITA-INPLAST.webp
9011	https://api.ferreterialavalleja.com/wp-content/uploads/2023/07/0004681_kit-repuesto-cisterna-mochila-superior-alpino.jpeg
9013	https://api.ferreterialavalleja.com/wp-content/uploads/2023/07/cable-2-mm.webp
9014	https://api.ferreterialavalleja.com/wp-content/uploads/2023/07/plaqueta-doble.webp
9015	https://api.ferreterialavalleja.com/wp-content/uploads/2023/07/plaqueta-doble.webp1_.webp
9018	https://api.ferreterialavalleja.com/wp-content/uploads/2023/07/cilindro-pado.webp
9019	https://api.ferreterialavalleja.com/wp-content/uploads/2023/07/cilindro-pado-galeria.webp
9022	https://api.ferreterialavalleja.com/wp-content/uploads/2023/07/cerradura-390.jpeg
9024	https://api.ferreterialavalleja.com/wp-content/uploads/2023/07/CERRADURA-EMBUTIR-P.-METAL.jpg
9026	https://api.ferreterialavalleja.com/wp-content/uploads/2023/07/cano-corrugado-naranja-205-16mm-x-50mt.jpg
9028	https://api.ferreterialavalleja.com/wp-content/uploads/2023/07/2029286.jpg
9030	https://api.ferreterialavalleja.com/wp-content/uploads/2023/07/rueda-bp4.webp
9041	https://api.ferreterialavalleja.com/wp-content/uploads/2023/07/chumbos.webp
9043	https://api.ferreterialavalleja.com/wp-content/uploads/2023/07/unnamed-file.jpg
9044	https://api.ferreterialavalleja.com/wp-content/uploads/2023/07/62c5.jpg
9047	https://api.ferreterialavalleja.com/wp-content/uploads/2023/07/Cerrojo-de-alta-seguridad-sistema-doble-palet.jpg
9050	https://api.ferreterialavalleja.com/wp-content/uploads/2023/07/D_NQ_NP_655464-MLU41017224688_032020-O.webp
9052	https://api.ferreterialavalleja.com/wp-content/uploads/2023/07/cerrojo-de-aplicar.webp
9055	https://api.ferreterialavalleja.com/wp-content/uploads/2023/07/picaporte.webp
9057	https://api.ferreterialavalleja.com/wp-content/uploads/2023/07/cerradura-montante-angosto.webp
9058	https://api.ferreterialavalleja.com/wp-content/uploads/2023/07/cerradura.png
9059	https://api.ferreterialavalleja.com/wp-content/uploads/2023/07/cerradura-1.png
9060	https://api.ferreterialavalleja.com/wp-content/uploads/2023/07/cinta-metrica-kaida.jpg
9062	https://api.ferreterialavalleja.com/wp-content/uploads/2023/07/grampa-curva-pvc.jpg
9064	https://api.ferreterialavalleja.com/wp-content/uploads/2023/07/2023-07-27-12-00-18-2255382.png
9066	https://api.ferreterialavalleja.com/wp-content/uploads/2023/07/cinta-metrica-.png
9067	https://api.ferreterialavalleja.com/wp-content/uploads/2023/07/galeria-2.png
9070	https://api.ferreterialavalleja.com/wp-content/uploads/2023/07/cinta-metrica-fertak-toolds.jpg
9072	https://api.ferreterialavalleja.com/wp-content/uploads/2023/07/X_7-5sjsdjsd7228.jpg
9073	https://api.ferreterialavalleja.com/wp-content/uploads/2023/07/heavy-duty-electric-soldering-iron-high-power-chisel-tip-wood-handle-30cm-325cm-33cm-100-watt-150w-200w-220v-50hz1-0917315001591013389.jpg.webp
9075	https://api.ferreterialavalleja.com/wp-content/uploads/2023/07/D_NQ_NP_812709-CBT70313829502_072023-O.webp
9076	https://api.ferreterialavalleja.com/wp-content/uploads/2023/07/8800010653775.png
9079	https://api.ferreterialavalleja.com/wp-content/uploads/2023/07/2023-07-27-12-16-28-7725398.png
9080	https://api.ferreterialavalleja.com/wp-content/uploads/2023/07/2023-07-28-09-24-58-7835405.png
9083	https://api.ferreterialavalleja.com/wp-content/uploads/2023/07/soporte-para-vidrio.webp
9085	https://api.ferreterialavalleja.com/wp-content/uploads/2023/07/soporte.png
9086	https://api.ferreterialavalleja.com/wp-content/uploads/2023/07/soporte-galeria-2.png
9087	https://api.ferreterialavalleja.com/wp-content/uploads/2023/07/soporte-galeria.png
9088	https://api.ferreterialavalleja.com/wp-content/uploads/2023/07/galeria.png
9089	https://api.ferreterialavalleja.com/wp-content/uploads/2023/07/pelicanoo.jpg
9091	https://api.ferreterialavalleja.com/wp-content/uploads/2023/07/cambia-pelicano.png
9093	https://api.ferreterialavalleja.com/wp-content/uploads/2023/07/porta-martillo.webp
9095	https://api.ferreterialavalleja.com/wp-content/uploads/2023/07/Chuck-Mandril-De-Taladro-Rosca-13-Mm-20-Unf-Km-577-Kamasa.webp
9097	https://api.ferreterialavalleja.com/wp-content/uploads/2023/07/mandril.webp
9099	https://api.ferreterialavalleja.com/wp-content/uploads/2023/07/0023489_picaporte-dorada-15-blister-pid115-uyustool_600.jpeg
9101	https://api.ferreterialavalleja.com/wp-content/uploads/2023/07/ruyedas-para-tv.webp
9103	https://api.ferreterialavalleja.com/wp-content/uploads/2023/07/rueda-con-rosca.webp
9109	https://api.ferreterialavalleja.com/wp-content/uploads/2023/07/pinzas.png
9111	https://api.ferreterialavalleja.com/wp-content/uploads/2023/07/501322-d.jpg
9115	https://api.ferreterialavalleja.com/wp-content/uploads/2023/07/Asas-Dorado-para-Bolsos-y-Carteras-Grueso-6mm-300x300-1.jpg
9120	https://api.ferreterialavalleja.com/wp-content/uploads/2023/07/D_NQ_NP_919753-MLU49221153384_022022-O.webp
9121	https://api.ferreterialavalleja.com/wp-content/uploads/2023/07/12.png
9123	https://api.ferreterialavalleja.com/wp-content/uploads/2023/07/13.png
9125	https://api.ferreterialavalleja.com/wp-content/uploads/2023/07/13-1.png
9126	https://api.ferreterialavalleja.com/wp-content/uploads/2023/07/13-2.png
9127	https://api.ferreterialavalleja.com/wp-content/uploads/2023/07/14.png
9128	https://api.ferreterialavalleja.com/wp-content/uploads/2023/07/15.png
9131	https://api.ferreterialavalleja.com/wp-content/uploads/2023/07/16.png
9133	https://api.ferreterialavalleja.com/wp-content/uploads/2023/07/17-3.png
9134	https://api.ferreterialavalleja.com/wp-content/uploads/2023/07/17-2.png
9135	https://api.ferreterialavalleja.com/wp-content/uploads/2023/07/17-1.png
9137	https://api.ferreterialavalleja.com/wp-content/uploads/2023/07/18-1.png
9139	https://api.ferreterialavalleja.com/wp-content/uploads/2023/07/20645668-composicion-esponja-de-cocina-de-colores-aislados-sobre-fondo-blanco.webp
9145	https://api.ferreterialavalleja.com/wp-content/uploads/2023/07/iman.webp
9148	https://api.ferreterialavalleja.com/wp-content/uploads/2023/07/D_NQ_NP_944727-MLU70554742768_072023-O.webp
9150	https://api.ferreterialavalleja.com/wp-content/uploads/2023/07/acople-rapido.png
9151	https://api.ferreterialavalleja.com/wp-content/uploads/2023/07/acople-rapdoo.jpg
9153	https://api.ferreterialavalleja.com/wp-content/uploads/2023/07/Chinches-tipo-Tachuela-plateados-50ud.jpg
9155	https://api.ferreterialavalleja.com/wp-content/uploads/2023/07/escuadra-3.webp
9156	https://api.ferreterialavalleja.com/wp-content/uploads/2023/07/escuadra-2.webp
9157	https://api.ferreterialavalleja.com/wp-content/uploads/2023/07/escuadra.webp
9163	https://api.ferreterialavalleja.com/wp-content/uploads/2023/07/percha-doble.webp
9164	https://api.ferreterialavalleja.com/wp-content/uploads/2023/07/Plankdrager-Zwart-Metaal-200-x-300-mm_1.jpg
9166	https://api.ferreterialavalleja.com/wp-content/uploads/2023/07/gancho.png
9167	https://api.ferreterialavalleja.com/wp-content/uploads/2023/07/gancho-galeria-2.png
9168	https://api.ferreterialavalleja.com/wp-content/uploads/2023/07/gancho-galeria.png
9171	https://api.ferreterialavalleja.com/wp-content/uploads/2023/07/simple.webp
9176	https://api.ferreterialavalleja.com/wp-content/uploads/2023/07/barral.webp
9177	https://api.ferreterialavalleja.com/wp-content/uploads/2023/07/barral-1.webp
9178	https://api.ferreterialavalleja.com/wp-content/uploads/2023/07/3-barrales.webp
9183	https://api.ferreterialavalleja.com/wp-content/uploads/2023/07/soporte-para-aire.jpg
9184	https://api.ferreterialavalleja.com/wp-content/uploads/2023/07/cisterna-4.png
9185	https://api.ferreterialavalleja.com/wp-content/uploads/2023/07/cisterna-3.png
9186	https://api.ferreterialavalleja.com/wp-content/uploads/2023/07/cisterna-2.png
9187	https://api.ferreterialavalleja.com/wp-content/uploads/2023/07/Cisterna.png
9190	https://api.ferreterialavalleja.com/wp-content/uploads/2023/07/cisterna-5.png
9192	https://api.ferreterialavalleja.com/wp-content/uploads/2023/07/2-2259.jpg
9194	https://api.ferreterialavalleja.com/wp-content/uploads/2023/07/s-l1600.jpg
9196	https://api.ferreterialavalleja.com/wp-content/uploads/2023/07/mensula-decorativa.jpg
9198	https://api.ferreterialavalleja.com/wp-content/uploads/2023/07/mensula-con-curva-galeria.jpg
9199	https://api.ferreterialavalleja.com/wp-content/uploads/2023/07/mensula-con-curva.jpg
9204	https://api.ferreterialavalleja.com/wp-content/uploads/2023/08/Mensula-para-estantes.jpg
9209	https://api.ferreterialavalleja.com/wp-content/uploads/2023/08/mensula-gris-clara.jpg
9215	https://api.ferreterialavalleja.com/wp-content/uploads/2023/08/mensula-gris-oscuro.jpe
9221	https://api.ferreterialavalleja.com/wp-content/uploads/2023/08/mensula-rebatible.webp
9223	https://api.ferreterialavalleja.com/wp-content/uploads/2023/08/mensula-rebatible-con-resorte.webp
9228	https://api.ferreterialavalleja.com/wp-content/uploads/2023/08/mensula-punta-cuadrada.webp
9229	https://api.ferreterialavalleja.com/wp-content/uploads/2023/07/CANDADO-X4.png
9238	https://api.ferreterialavalleja.com/wp-content/uploads/2023/08/mensula-blanca.jpg
9242	https://api.ferreterialavalleja.com/wp-content/uploads/2023/08/mensula-reforzada.webp
9252	https://api.ferreterialavalleja.com/wp-content/uploads/2023/08/escuadra-para-refuerzo-plana.jpg
9256	https://api.ferreterialavalleja.com/wp-content/uploads/2023/08/escuadra-para-refuerzo-dorada.webp
9257	https://api.ferreterialavalleja.com/wp-content/uploads/2023/08/escuadra_de_angulo_bicromatada_mm_uds_10347155_picture.jpeg
9259	https://api.ferreterialavalleja.com/wp-content/uploads/2023/08/escuadra-para-refuerzo-gris.jpg
9275	https://api.ferreterialavalleja.com/wp-content/uploads/2023/08/escuadra-para-refuerzo-redondeada.jpg
9277	https://api.ferreterialavalleja.com/wp-content/uploads/2023/08/escuadra_de_angulo_bicromatada_mm_uds_10347155_picture-1.jpeg
9280	https://api.ferreterialavalleja.com/wp-content/uploads/2023/08/soporte-alacena-plkano.jpg
9282	https://api.ferreterialavalleja.com/wp-content/uploads/2023/08/soporte-palacena-410-sc-angulo-cromado-x12u-410-1000.jpg
9283	https://api.ferreterialavalleja.com/wp-content/uploads/2023/08/soporte-para-angulo-alacena.webp
9285	https://api.ferreterialavalleja.com/wp-content/uploads/2023/08/soporte-palacena-410-sc-angulo-cromado-x12u-410-1000-1.jpg
9286	https://api.ferreterialavalleja.com/wp-content/uploads/2023/08/D_NQ_NP_876298-MLA51839937601_102022-O.webp
9288	https://api.ferreterialavalleja.com/wp-content/uploads/2023/08/D_NQ_NP_677445-MLA52590736772_112022-O.webp
9290	https://api.ferreterialavalleja.com/wp-content/uploads/2023/08/cumbrera.webp
9292	https://api.ferreterialavalleja.com/wp-content/uploads/2023/08/main.jpg
9294	https://api.ferreterialavalleja.com/wp-content/uploads/2023/08/caja-de-fijacion-aleta-ext-sc-acero-140-mm-2x5-cod-518.jpg
9296	https://api.ferreterialavalleja.com/wp-content/uploads/2023/08/cinta-pasacable.jpg
9302	https://api.ferreterialavalleja.com/wp-content/uploads/2023/08/cinta-para-montje.webp
9303	https://api.ferreterialavalleja.com/wp-content/uploads/2023/08/cinta-para-montaje.webp
9319	https://api.ferreterialavalleja.com/wp-content/uploads/2023/08/zuncho-2.webp
9320	https://api.ferreterialavalleja.com/wp-content/uploads/2023/08/zuncho.webp
9328	https://api.ferreterialavalleja.com/wp-content/uploads/2023/08/descarga.jpg
9331	https://api.ferreterialavalleja.com/wp-content/uploads/2023/08/adaptador-schuko-1043.webp
9333	https://api.ferreterialavalleja.com/wp-content/uploads/2023/08/adaptador-1040.jpg
9335	https://api.ferreterialavalleja.com/wp-content/uploads/2023/08/lamparilla-naf-12v.jpg
9339	https://api.ferreterialavalleja.com/wp-content/uploads/2023/08/109960_1.webp
9341	https://api.ferreterialavalleja.com/wp-content/uploads/2023/08/lente-xn.jpg
9343	https://api.ferreterialavalleja.com/wp-content/uploads/2023/08/lentes-xie.webp
9345	https://api.ferreterialavalleja.com/wp-content/uploads/2023/08/Lija-rollo-x86-FANDELI.png
9348	https://api.ferreterialavalleja.com/wp-content/uploads/2023/08/cinta-destapapiletas-roja.webp
9351	https://api.ferreterialavalleja.com/wp-content/uploads/2023/08/cinta-destapapiletas-roja-1.webp
9352	https://api.ferreterialavalleja.com/wp-content/uploads/2023/08/cinta-destapapiletas-roja-2.webp
9353	https://api.ferreterialavalleja.com/wp-content/uploads/2023/08/cinta-destapapileta-blanca.jpeg
9354	https://api.ferreterialavalleja.com/wp-content/uploads/2023/08/lija-de-banda-533x75-1.jpg
9360	https://api.ferreterialavalleja.com/wp-content/uploads/2023/08/ixed-led.jpg
9363	https://api.ferreterialavalleja.com/wp-content/uploads/2023/08/naf.webp
9365	https://api.ferreterialavalleja.com/wp-content/uploads/2023/08/Maquina-de-flit.png
9367	https://api.ferreterialavalleja.com/wp-content/uploads/2023/08/Maquina-de-flit-1.png
9368	https://api.ferreterialavalleja.com/wp-content/uploads/2023/08/ixec-5w.jpg
9370	https://api.ferreterialavalleja.com/wp-content/uploads/2023/08/ixec-72.jpg
9372	https://api.ferreterialavalleja.com/wp-content/uploads/2023/08/ixec-72-1.jpg
9373	https://api.ferreterialavalleja.com/wp-content/uploads/2023/08/D_NQ_NP_792975-MLU69638337279_052023-O.webp
9377	https://api.ferreterialavalleja.com/wp-content/uploads/2023/08/lampara-led-seltir-e27.jpg
9381	https://api.ferreterialavalleja.com/wp-content/uploads/2023/08/FireShot-Capture-598-3-Lampara-Dicroica-Led-Gu10-6-W-Garantia-Electroimporta-Merca_-articulo.mercadolibre.com_.uy_.png
9384	https://api.ferreterialavalleja.com/wp-content/uploads/2023/08/halojena-e14-naf.webp
9385	https://api.ferreterialavalleja.com/wp-content/uploads/2023/08/halojena-e14-naf-1.webp
9386	https://api.ferreterialavalleja.com/wp-content/uploads/2023/08/halojena-e14-naf-2.webp
9389	https://api.ferreterialavalleja.com/wp-content/uploads/2023/08/gota-clara.webp
9394	https://api.ferreterialavalleja.com/wp-content/uploads/2023/08/escalera-multifuncion-12.webp
9395	https://api.ferreterialavalleja.com/wp-content/uploads/2023/08/escalera-multifuncion-12.webp-2.webp
9396	https://api.ferreterialavalleja.com/wp-content/uploads/2023/08/escalera-multifuncion-12.webp-3.webp
9397	https://api.ferreterialavalleja.com/wp-content/uploads/2023/08/lampara-incandecente.webp
9400	https://api.ferreterialavalleja.com/wp-content/uploads/2023/08/lampara-incandecente-vela.jpg
9401	https://api.ferreterialavalleja.com/wp-content/uploads/2023/08/seltir-lampara-led.jpg
9403	https://api.ferreterialavalleja.com/wp-content/uploads/2023/08/escalera-multifuncion-12.webp-4.webp
9404	https://api.ferreterialavalleja.com/wp-content/uploads/2023/08/escalera-multifuncion-12.webp-5.webp
9405	https://api.ferreterialavalleja.com/wp-content/uploads/2023/08/escalera-multifuncion-12.webp-6.webp
9406	https://api.ferreterialavalleja.com/wp-content/uploads/2023/08/escalera-multifuncion-12-1.webp-6-1.webp
9407	https://api.ferreterialavalleja.com/wp-content/uploads/2023/08/escalera-multifuncion-12.webp-7.webp
9408	https://api.ferreterialavalleja.com/wp-content/uploads/2023/08/escalera-multifuncion-12.webp-8.webp
9409	https://api.ferreterialavalleja.com/wp-content/uploads/2023/08/escalera-multifuncion-12.webp-9.webp
9410	https://api.ferreterialavalleja.com/wp-content/uploads/2023/08/escalera-multifuncion-12.webp-10.webp
9411	https://api.ferreterialavalleja.com/wp-content/uploads/2023/08/escalera-multifuncion-12.webp-11.webp
9412	https://api.ferreterialavalleja.com/wp-content/uploads/2023/08/escalera-multifuncion-12-1.webp-10-1.webp
9413	https://api.ferreterialavalleja.com/wp-content/uploads/2023/08/seltir-lampara-led-1.jpg
9420	https://api.ferreterialavalleja.com/wp-content/uploads/2023/08/cable-hdmi-1.5.webp
9423	https://api.ferreterialavalleja.com/wp-content/uploads/2023/08/D_NQ_NP_843264-MLA52464252760_112022-O.webp
9425	https://api.ferreterialavalleja.com/wp-content/uploads/2023/08/cable-de-datos-y-carga-usb-lightning.jpg
9427	https://api.ferreterialavalleja.com/wp-content/uploads/2023/08/51VNx-lt6mL._AC_UF10001000_QL80_.jpg
9429	https://api.ferreterialavalleja.com/wp-content/uploads/2023/08/D_NQ_NP_721664-MLU69396400639_052023-O.webp
9432	https://api.ferreterialavalleja.com/wp-content/uploads/2023/08/D_997668-MLU53352017810_012023-O-1.jpg
9435	https://api.ferreterialavalleja.com/wp-content/uploads/2023/08/D_NQ_NP_645939-MLU46363633471_062021-O.webp
9437	https://api.ferreterialavalleja.com/wp-content/uploads/2023/08/cepillo.webp
9439	https://api.ferreterialavalleja.com/wp-content/uploads/2023/08/siliconma.webp
9441	https://api.ferreterialavalleja.com/wp-content/uploads/2023/08/grampa.webp
9443	https://api.ferreterialavalleja.com/wp-content/uploads/2023/08/tijera-de-poda.jpeg
9445	https://api.ferreterialavalleja.com/wp-content/uploads/2023/08/t15.jpg
9447	https://api.ferreterialavalleja.com/wp-content/uploads/2023/08/Untitled-design-28.png
9449	https://api.ferreterialavalleja.com/wp-content/uploads/2023/08/61xRPF0m7zL._AC_UF8941000_QL80_.jpg
9451	https://api.ferreterialavalleja.com/wp-content/uploads/2023/08/pretul.jpg
9453	https://api.ferreterialavalleja.com/wp-content/uploads/2023/08/trampa-para-ratones-2.jpeg
9454	https://api.ferreterialavalleja.com/wp-content/uploads/2023/08/trampa-para-ratones.jpeg
9455	https://api.ferreterialavalleja.com/wp-content/uploads/2023/08/trampa-para-ratones-1.jpeg
9456	https://api.ferreterialavalleja.com/wp-content/uploads/2023/08/trampa-para-ratones-3.jpeg
9457	https://api.ferreterialavalleja.com/wp-content/uploads/2023/08/trampa-para-ratones-3.jpg
9460	https://api.ferreterialavalleja.com/wp-content/uploads/2023/08/Tortuga-blanca-led.webp
9462	https://api.ferreterialavalleja.com/wp-content/uploads/2023/08/beyaz-aqua-kafesli-aplik-mutlusan-38694.jpg
9465	https://api.ferreterialavalleja.com/wp-content/uploads/2023/08/Bidon-Preven-1.gif
9469	https://api.ferreterialavalleja.com/wp-content/uploads/2023/08/franela-microfibra.png
9471	https://api.ferreterialavalleja.com/wp-content/uploads/2023/08/condor.png
9473	https://api.ferreterialavalleja.com/wp-content/uploads/2023/08/Grupo-record.png
9475	https://api.ferreterialavalleja.com/wp-content/uploads/2023/08/condorr.png
9477	https://api.ferreterialavalleja.com/wp-content/uploads/2023/08/escoba.png
9479	https://api.ferreterialavalleja.com/wp-content/uploads/2023/08/escoba-nuevasol.png
9481	https://api.ferreterialavalleja.com/wp-content/uploads/2023/08/condorrrrrrrrrrrrrrrrrrrr.png
9483	https://api.ferreterialavalleja.com/wp-content/uploads/2023/08/pala-de-mano.jpg
9485	https://api.ferreterialavalleja.com/wp-content/uploads/2023/08/D_NQ_NP_703386-MLU46885249152_072021-O.webp
9487	https://api.ferreterialavalleja.com/wp-content/uploads/2023/08/trapo-de-piso.webp
9489	https://api.ferreterialavalleja.com/wp-content/uploads/2023/08/0000518_zapato-de-trabajo-u-safe_625.jpeg
9492	https://api.ferreterialavalleja.com/wp-content/uploads/2023/08/crival.jpg
9495	https://api.ferreterialavalleja.com/wp-content/uploads/2023/08/180_sapato_amarrar_vulcaflex_marluvas_bico_de_aco_preto_1033_1_40e7aef16498c723b37c346b6e692df3.webp
9497	https://api.ferreterialavalleja.com/wp-content/uploads/2023/08/protecford.webp
9498	https://api.ferreterialavalleja.com/wp-content/uploads/2023/08/D_NQ_NP_916192-MLU69985474935_062023-O.webp
9500	https://api.ferreterialavalleja.com/wp-content/uploads/2023/08/D_NQ_NP_746606-MLU54122702403_032023-O.webp
9502	https://api.ferreterialavalleja.com/wp-content/uploads/2023/08/desempenadeira_plastica_17x30_c_espuma_metasul_5237_2_80cea1abdd2255eb69cdbf7c2206b100.webp
9504	https://api.ferreterialavalleja.com/wp-content/uploads/2023/08/41wgtoD68oL.jpg
9506	https://api.ferreterialavalleja.com/wp-content/uploads/2023/08/tirador-de-madera.webp
9510	https://api.ferreterialavalleja.com/wp-content/uploads/2023/08/tirador-de-madera-negro.webp
9513	https://api.ferreterialavalleja.com/wp-content/uploads/2023/08/12.jpg
9515	https://api.ferreterialavalleja.com/wp-content/uploads/2023/08/tirador.jpg
9517	https://api.ferreterialavalleja.com/wp-content/uploads/2023/08/D_NQ_NP_849078-MLA49087359154_022022-O.webp
9524	https://api.ferreterialavalleja.com/wp-content/uploads/2023/08/tirador-dorado.jpg
9526	https://api.ferreterialavalleja.com/wp-content/uploads/2023/08/12-1.jpg
9529	https://api.ferreterialavalleja.com/wp-content/uploads/2023/08/43705504f-1.webp
9532	https://api.ferreterialavalleja.com/wp-content/uploads/2023/08/D_NQ_NP_892508-MLU32004437368_082019-O.webp
9534	https://api.ferreterialavalleja.com/wp-content/uploads/2023/08/TIRADOR-FLORENCIA.jpg
9535	https://api.ferreterialavalleja.com/wp-content/uploads/2023/08/galvanizado.png
9536	https://api.ferreterialavalleja.com/wp-content/uploads/2023/08/galvanizado.1.jpg
9537	https://api.ferreterialavalleja.com/wp-content/uploads/2023/08/galvanizado.2.jpg
9539	https://api.ferreterialavalleja.com/wp-content/uploads/2023/08/43705556f.webp
9541	https://api.ferreterialavalleja.com/wp-content/uploads/2023/08/43705600f.webp
9542	https://api.ferreterialavalleja.com/wp-content/uploads/2023/08/43705604f.webp
9545	https://api.ferreterialavalleja.com/wp-content/uploads/2023/08/43705865f.webp
9547	https://api.ferreterialavalleja.com/wp-content/uploads/2023/08/TIRADOR_MEATON_CERAMICA_MICKEY_38_MM_.jpg
9549	https://api.ferreterialavalleja.com/wp-content/uploads/2023/08/TIRADOR_MEATON_CERAMICA_MINNIE_38_MM_.jpg
9551	https://api.ferreterialavalleja.com/wp-content/uploads/2023/08/43704934f.webp
9555	https://api.ferreterialavalleja.com/wp-content/uploads/2023/08/orp.webp
9558	https://api.ferreterialavalleja.com/wp-content/uploads/2023/08/oro-plata.webp
9560	https://api.ferreterialavalleja.com/wp-content/uploads/2023/08/43706070f.webp
9562	https://api.ferreterialavalleja.com/wp-content/uploads/2023/08/puente.jpg
9563	https://api.ferreterialavalleja.com/wp-content/uploads/2023/08/con-agujero-en-el-medio.webp
9564	https://api.ferreterialavalleja.com/wp-content/uploads/2023/08/cuadrados.webp
9565	https://api.ferreterialavalleja.com/wp-content/uploads/2023/08/tirador-plastico-estrella-herrajes-renk-1-450x338-1.jpg
9566	https://api.ferreterialavalleja.com/wp-content/uploads/2023/08/43706070f-1.webp
9580	https://api.ferreterialavalleja.com/wp-content/uploads/2023/08/caoba.webp
9586	https://api.ferreterialavalleja.com/wp-content/uploads/2023/08/43702146f.webp
9589	https://api.ferreterialavalleja.com/wp-content/uploads/2023/08/pomo-para-mueble-estilo-contemporaneo-fabricado-en-zamak-acabado-en-oro-medidas-303029-mm-sistema-de-fijacion-atornillado-incluye-tornillos-m4-1-unidad-oro-P-2958398-12010102_1.webp
9590	https://api.ferreterialavalleja.com/wp-content/uploads/2023/08/tirador-tipo-boton-inox.webp
9593	https://api.ferreterialavalleja.com/wp-content/uploads/2023/08/423M2.jpg
9596	https://api.ferreterialavalleja.com/wp-content/uploads/2023/08/aaaaaa.png
9597	https://api.ferreterialavalleja.com/wp-content/uploads/2023/08/aaaaa.png
9598	https://api.ferreterialavalleja.com/wp-content/uploads/2023/08/aaaa.png
9599	https://api.ferreterialavalleja.com/wp-content/uploads/2023/08/aaa.png
9600	https://api.ferreterialavalleja.com/wp-content/uploads/2023/08/aa.png
9601	https://api.ferreterialavalleja.com/wp-content/uploads/2023/08/a.png
9605	https://api.ferreterialavalleja.com/wp-content/uploads/2023/08/aaaaaaaaaa.png
9606	https://api.ferreterialavalleja.com/wp-content/uploads/2023/08/aaaaaaaaa.png
9607	https://api.ferreterialavalleja.com/wp-content/uploads/2023/08/aaaaaaaa.png
9608	https://api.ferreterialavalleja.com/wp-content/uploads/2023/08/aaaaaaa.png
9617	https://api.ferreterialavalleja.com/wp-content/uploads/2023/08/e.png
9620	https://api.ferreterialavalleja.com/wp-content/uploads/2023/08/rrrrrr.png
9621	https://api.ferreterialavalleja.com/wp-content/uploads/2023/08/rrrrr.png
9622	https://api.ferreterialavalleja.com/wp-content/uploads/2023/08/rrrr.png
9623	https://api.ferreterialavalleja.com/wp-content/uploads/2023/08/rrr.png
9624	https://api.ferreterialavalleja.com/wp-content/uploads/2023/08/rr.png
9625	https://api.ferreterialavalleja.com/wp-content/uploads/2023/08/r.png
9626	https://api.ferreterialavalleja.com/wp-content/uploads/2023/08/bola-rosada.webp
9627	https://api.ferreterialavalleja.com/wp-content/uploads/2023/08/puente-dorado-o.webp
9628	https://api.ferreterialavalleja.com/wp-content/uploads/2023/08/rrrrrrrrrrrr.png
9629	https://api.ferreterialavalleja.com/wp-content/uploads/2023/08/rrrrrrrrrrr.png
9630	https://api.ferreterialavalleja.com/wp-content/uploads/2023/08/rrrrrrrrrr.png
9631	https://api.ferreterialavalleja.com/wp-content/uploads/2023/08/rrrrrrrrr.png
9632	https://api.ferreterialavalleja.com/wp-content/uploads/2023/08/rrrrrrrr.png
9633	https://api.ferreterialavalleja.com/wp-content/uploads/2023/08/rrrrrrr.png
9645	https://api.ferreterialavalleja.com/wp-content/uploads/2023/08/2023-08-10-12-18-17-4955776.png
9648	https://api.ferreterialavalleja.com/wp-content/uploads/2023/08/61y-UIeZm7L._AC_SL1000_.jpg
9650	https://api.ferreterialavalleja.com/wp-content/uploads/2023/08/201026-BIO-CASHMERE-WORSTED-201026-0025_1.jpg
9652	https://api.ferreterialavalleja.com/wp-content/uploads/2023/08/LLANA_TRAMONTINA_ACERO_DENTADA_REFORZADA_12_X_27_CM__1_mini.jpg
9654	https://api.ferreterialavalleja.com/wp-content/uploads/2023/08/D_NQ_NP_966272-MLU45499677188_042021-O-1.webp
9656	https://api.ferreterialavalleja.com/wp-content/uploads/2023/08/D_NQ_NP_928807-MLB47637897005_092021-O.webp
9658	https://api.ferreterialavalleja.com/wp-content/uploads/2023/08/3328271420-600x600-1.jpg
9661	https://api.ferreterialavalleja.com/wp-content/uploads/2023/08/605111.webp
9667	https://api.ferreterialavalleja.com/wp-content/uploads/2023/08/225297X.jpg
9669	https://api.ferreterialavalleja.com/wp-content/uploads/2023/08/lllll.webp
9671	https://api.ferreterialavalleja.com/wp-content/uploads/2023/08/013016.webp
9673	https://api.ferreterialavalleja.com/wp-content/uploads/2023/08/cinta-bicolor-marcaje-2-pulgadas-33-metros.jpg
9675	https://api.ferreterialavalleja.com/wp-content/uploads/2023/08/0012039_01.jpg
9678	https://api.ferreterialavalleja.com/wp-content/uploads/2023/08/lk.webp
9679	https://api.ferreterialavalleja.com/wp-content/uploads/2023/08/lkk.png
9681	https://api.ferreterialavalleja.com/wp-content/uploads/2023/08/02320180.jpg
9683	https://api.ferreterialavalleja.com/wp-content/uploads/2023/08/13b2d87f-4c4e-43f4-9bf6-968d151aea7f.jpeg
9686	https://api.ferreterialavalleja.com/wp-content/uploads/2023/08/31bfx8I8g9L._AC_UF10001000_QL80_.jpg
9688	https://api.ferreterialavalleja.com/wp-content/uploads/2023/08/esponja.jpg
9690	https://api.ferreterialavalleja.com/wp-content/uploads/2023/08/tijera-corte-derecho.webp
9692	https://api.ferreterialavalleja.com/wp-content/uploads/2023/08/D_NQ_NP_747642-MLU42713907401_072020-O.webp
9694	https://api.ferreterialavalleja.com/wp-content/uploads/2023/08/D_NQ_NP_669593-MLU43782139462_102020-O.webp
9700	https://api.ferreterialavalleja.com/wp-content/uploads/2023/08/tc0581.jpg
9702	https://api.ferreterialavalleja.com/wp-content/uploads/2023/08/caja-de-brazo.webp
9705	https://api.ferreterialavalleja.com/wp-content/uploads/2023/08/tubo-led.jpg
9707	https://api.ferreterialavalleja.com/wp-content/uploads/2023/08/hembra-modular-negro.jpg
9709	https://api.ferreterialavalleja.com/wp-content/uploads/2023/08/hembra-modular-blanco.jpg
9711	https://api.ferreterialavalleja.com/wp-content/uploads/2023/08/adaptador-toma-exterior-schuko-1-x-schuko-2x3-en-l-vivion-5529.jpg
9714	https://api.ferreterialavalleja.com/wp-content/uploads/2023/08/ficha-2-patas-tierra.jpg
9715	https://api.ferreterialavalleja.com/wp-content/uploads/2023/08/interruptor-volante.jpg
9716	https://api.ferreterialavalleja.com/wp-content/uploads/2023/08/ficha-2-patas-tierra-10a-negra-contactum-ficha-2-patas-tierra-10a-negra-contactum.jpg
9720	https://api.ferreterialavalleja.com/wp-content/uploads/2023/08/interruptor-para-portatil.webp
9725	https://api.ferreterialavalleja.com/wp-content/uploads/2023/08/interruptor-para-portatil-1.webp
9726	https://api.ferreterialavalleja.com/wp-content/uploads/2023/08/D_NQ_NP_725998-MLC51424693474_092022-O.webp
9728	https://api.ferreterialavalleja.com/wp-content/uploads/2023/08/711002-Ficha-Adaptador-enchufe-Schuko-a-3-en-linea-Blanco-Vivion-1.jpg
9731	https://api.ferreterialavalleja.com/wp-content/uploads/2023/08/D_NQ_NP_687062-MLU51453902739_092022-O.webp
9734	https://api.ferreterialavalleja.com/wp-content/uploads/2023/08/productos31_277609.jpg
9735	https://api.ferreterialavalleja.com/wp-content/uploads/2023/08/toma.png
9736	https://api.ferreterialavalleja.com/wp-content/uploads/2023/08/toma-g-2.png
9737	https://api.ferreterialavalleja.com/wp-content/uploads/2023/08/toma-g-1.png
9740	https://api.ferreterialavalleja.com/wp-content/uploads/2023/08/tomas.png
9741	https://api.ferreterialavalleja.com/wp-content/uploads/2023/08/tomas-g1.png
9743	https://api.ferreterialavalleja.com/wp-content/uploads/2023/08/descarga-1.jpg
9746	https://api.ferreterialavalleja.com/wp-content/uploads/2023/08/D_NQ_NP_626959-MLU69364368190_052023-O.webp
9749	https://api.ferreterialavalleja.com/wp-content/uploads/2023/08/55506-BROCHA-PLASTICA-MAX-180X75.jpg
9751	https://api.ferreterialavalleja.com/wp-content/uploads/2023/08/D_NQ_NP_930349-MLU32027187531_082019-O.webp
9753	https://api.ferreterialavalleja.com/wp-content/uploads/2023/08/descarga-2.jpg
9754	https://api.ferreterialavalleja.com/wp-content/uploads/2023/08/ABRAZADERA-CREMALLERA-600x600-1.jpg
9762	https://api.ferreterialavalleja.com/wp-content/uploads/2023/08/escofina-plana.jpg
9764	https://api.ferreterialavalleja.com/wp-content/uploads/2023/08/escofina-media-cana.jpg
9766	https://api.ferreterialavalleja.com/wp-content/uploads/2023/08/palo-de-escoba.jpg
9768	https://api.ferreterialavalleja.com/wp-content/uploads/2023/08/imas.png
9770	https://api.ferreterialavalleja.com/wp-content/uploads/2023/08/engrampadora.png
9771	https://api.ferreterialavalleja.com/wp-content/uploads/2023/08/engrampadora-2.png
9775	https://api.ferreterialavalleja.com/wp-content/uploads/2023/08/ADAPTADOR_6_AMP_A_AMERICANO_RECTO_1.jpg
9777	https://api.ferreterialavalleja.com/wp-content/uploads/2023/08/patas-chatas.jpg
9779	https://api.ferreterialavalleja.com/wp-content/uploads/2023/08/D_NQ_NP_695882-MLU49950681584_052022-O.webp
9781	https://api.ferreterialavalleja.com/wp-content/uploads/2023/08/259879.webp
9783	https://api.ferreterialavalleja.com/wp-content/uploads/2023/08/cepillo-de-acero.webp
9785	https://api.ferreterialavalleja.com/wp-content/uploads/2023/08/trampa-para-roedores.png
9786	https://api.ferreterialavalleja.com/wp-content/uploads/2023/08/trampa-para-roedores.-1.png
9787	https://api.ferreterialavalleja.com/wp-content/uploads/2023/08/D_NQ_NP_694792-MLU46478861466_062021-O.webp
9788	https://api.ferreterialavalleja.com/wp-content/uploads/2023/08/D_NQ_NP_651819-MLU46478777861_062021-O.webp
9791	https://api.ferreterialavalleja.com/wp-content/uploads/2023/08/shuko-mas-3-en-linea.webp
9793	https://api.ferreterialavalleja.com/wp-content/uploads/2023/08/pulsador.webp
9794	https://api.ferreterialavalleja.com/wp-content/uploads/2023/08/pulsador-g2.webp
9795	https://api.ferreterialavalleja.com/wp-content/uploads/2023/08/pulsador-g.webp
9797	https://api.ferreterialavalleja.com/wp-content/uploads/2023/08/caj1.jpg
9798	https://api.ferreterialavalleja.com/wp-content/uploads/2023/08/caja-exterior-armada-2-puntos.jpg
9800	https://api.ferreterialavalleja.com/wp-content/uploads/2023/08/asd.webp
9801	https://api.ferreterialavalleja.com/wp-content/uploads/2023/08/asdd.webp
9803	https://api.ferreterialavalleja.com/wp-content/uploads/2023/08/tomas.webp
9805	https://api.ferreterialavalleja.com/wp-content/uploads/2023/08/MODULO-TOMA-CORRIENTE-3-EN-LINEA-SICA.png
9807	https://api.ferreterialavalleja.com/wp-content/uploads/2023/08/D_NQ_NP_924800-MLU69368769285_052023-O.webp
9809	https://api.ferreterialavalleja.com/wp-content/uploads/2023/08/caja-extertna-1.jpg
9810	https://api.ferreterialavalleja.com/wp-content/uploads/2023/08/caja-externa-2.jpg
9812	https://api.ferreterialavalleja.com/wp-content/uploads/2023/08/sad.webp
9814	https://api.ferreterialavalleja.com/wp-content/uploads/2023/08/Caja-Externa-3-Modulos-Schuko-Bipolar-Sica1.webp
9815	https://api.ferreterialavalleja.com/wp-content/uploads/2023/08/Caja-Externa-3-Modulos-C-Schuko-Bipolar-Sica.webp
9817	https://api.ferreterialavalleja.com/wp-content/uploads/2023/08/Caja-Exterior-Sica-Con-Llave-Bipolar-Y-Tres-En-Linea.webp
9819	https://api.ferreterialavalleja.com/wp-content/uploads/2023/08/Caja-Exterior-Sica-Con-Llave-Bipolar-Y-Tres-En-Linea-1.webp
9820	https://api.ferreterialavalleja.com/wp-content/uploads/2023/08/Plaqueta-armada-con-toma-corriente-schuko-Sica.jpg
9822	https://api.ferreterialavalleja.com/wp-content/uploads/2023/08/llave.webp
9825	https://api.ferreterialavalleja.com/wp-content/uploads/2023/08/modulo_tapon_ciego_sica_standard_blanco_puro.jpg
9827	https://api.ferreterialavalleja.com/wp-content/uploads/2023/08/2-modulo.webp
9829	https://api.ferreterialavalleja.com/wp-content/uploads/2023/08/sica-tapa-3m11-15069b1f302c1084de15387503361639-640-0.png
9831	https://api.ferreterialavalleja.com/wp-content/uploads/2023/08/1-modulo.jpg
9833	https://api.ferreterialavalleja.com/wp-content/uploads/2023/08/D_NQ_NP_714641-MLA51608349372_092022-O.webp
9838	https://api.ferreterialavalleja.com/wp-content/uploads/2023/08/D_NQ_NP_818384-MLU46134746744_052021-O.webp
9840	https://api.ferreterialavalleja.com/wp-content/uploads/2023/08/Adaptador-Derivado-Trifasico-Salida-3-Modular-Chato-Plaza-V.webp
9842	https://api.ferreterialavalleja.com/wp-content/uploads/2023/08/enchufe-triple-eu-ue.jpg
9844	https://api.ferreterialavalleja.com/wp-content/uploads/2023/08/Toma-Polarizado-3-Secciones-Modular-300x300-1.jpg
9847	https://api.ferreterialavalleja.com/wp-content/uploads/2023/08/cadena-patenhte.webp
9853	https://api.ferreterialavalleja.com/wp-content/uploads/2023/08/l.webp
9855	https://api.ferreterialavalleja.com/wp-content/uploads/2023/08/tomacorriente-universal-TT-2.jpg
9857	https://api.ferreterialavalleja.com/wp-content/uploads/2023/08/tomacorriente-2p-t-con-seguro-y-con-roseta-blanco-10a-tomacorriente-2p-t-con-seguro-y-con-roseta-blanco-10a.jpg
9860	https://api.ferreterialavalleja.com/wp-content/uploads/2023/08/d.webp
9863	https://api.ferreterialavalleja.com/wp-content/uploads/2023/08/kalopblancopulsadornaunipolartimbre16a250vreqkep-akl40130.webp
9865	https://api.ferreterialavalleja.com/wp-content/uploads/2023/08/plaqueta-modulo-c-bast-blanca-reggio-plaqueta-modulo-c-bast-blanca-reggio.jpg
9868	https://api.ferreterialavalleja.com/wp-content/uploads/2023/08/ficha-hembra-con-tierra-negro-contactum-ficha-hembra-con-tierra-negro-contactum.jpg
9870	https://api.ferreterialavalleja.com/wp-content/uploads/2023/08/Interruptor-Llave-Exterior-Bipolar.webp
9872	https://api.ferreterialavalleja.com/wp-content/uploads/2023/08/lentes-best-value.webp
9874	https://api.ferreterialavalleja.com/wp-content/uploads/2023/08/lapiz.jpg
9876	https://api.ferreterialavalleja.com/wp-content/uploads/2023/08/trincheta.webp
9878	https://api.ferreterialavalleja.com/wp-content/uploads/2023/08/0005182_juego-de-sierra-copa-5-pz_625.png
9880	https://api.ferreterialavalleja.com/wp-content/uploads/2023/08/D_NQ_NP_663799-MLU46874998178_072021-O.webp
9882	https://api.ferreterialavalleja.com/wp-content/uploads/2023/08/tapa-capsulada-sigma-3modip55-p-caja-10x5-bco.jpg
9884	https://api.ferreterialavalleja.com/wp-content/uploads/2023/08/portalampara-negro.webp
9886	https://api.ferreterialavalleja.com/wp-content/uploads/2023/08/portalampara-blanco.webp
9888	https://api.ferreterialavalleja.com/wp-content/uploads/2023/08/1017380-01_1.jpg
9891	https://api.ferreterialavalleja.com/wp-content/uploads/2023/08/D_NQ_NP_946428-MLU50148359541_052022-O.webp
9893	https://api.ferreterialavalleja.com/wp-content/uploads/2023/08/D_NQ_NP_946428-MLU50148359541_052022-O-1.webp
9894	https://api.ferreterialavalleja.com/wp-content/uploads/2023/08/D_NQ_NP_841239-MLU40414262538_012020-O.webp
9896	https://api.ferreterialavalleja.com/wp-content/uploads/2023/08/portalampara-e27-4a-250v-blanco-mod-12092b.jpg
9898	https://api.ferreterialavalleja.com/wp-content/uploads/2023/08/1738.jpg
9900	https://api.ferreterialavalleja.com/wp-content/uploads/2023/08/modulo-toma-corriente-3-en-linea-molveno-reggio.jpg
9903	https://api.ferreterialavalleja.com/wp-content/uploads/2023/08/kalopblancopulsadornaunipolartimbre16a250vreqkep-akl40130-1.webp
9905	https://api.ferreterialavalleja.com/wp-content/uploads/2023/08/kalopblancobipolar9124pininterruptor10a250vreqkep-akl40175.webp
9907	https://api.ferreterialavalleja.com/wp-content/uploads/2023/08/descarga-3.jpg
9909	https://api.ferreterialavalleja.com/wp-content/uploads/2023/08/269116.webp
9911	https://api.ferreterialavalleja.com/wp-content/uploads/2023/08/2005360.jpg
9913	https://api.ferreterialavalleja.com/wp-content/uploads/2023/08/Caracteristicas-principales.webp
9914	https://api.ferreterialavalleja.com/wp-content/uploads/2023/08/D_NQ_NP_826198-MLU31240780780_062019-O.webp
9916	https://api.ferreterialavalleja.com/wp-content/uploads/2023/08/Caracteristicas-principales-1.webp
9917	https://api.ferreterialavalleja.com/wp-content/uploads/2023/08/fupesa.webp
9918	https://api.ferreterialavalleja.com/wp-content/uploads/2023/08/fupesa-2.webp
9920	https://api.ferreterialavalleja.com/wp-content/uploads/2023/08/2005360-1.jpg
9921	https://api.ferreterialavalleja.com/wp-content/uploads/2023/08/D_NQ_NP_926889-MLA69378965894_052023-O.webp
9923	https://api.ferreterialavalleja.com/wp-content/uploads/2023/08/adaptador.jpg
9925	https://api.ferreterialavalleja.com/wp-content/uploads/2023/08/adaptoad.jpg
9927	https://api.ferreterialavalleja.com/wp-content/uploads/2023/08/2206M.jpg
9929	https://api.ferreterialavalleja.com/wp-content/uploads/2023/08/ficha-schuko-blanco-contactum-ficha-schuko-blanco-contactum.webp
9932	https://api.ferreterialavalleja.com/wp-content/uploads/2023/08/D_NQ_NP_682760-MLA47921839027_102021-O.webp
9933	https://api.ferreterialavalleja.com/wp-content/uploads/2023/08/Beige.jpg
9936	https://api.ferreterialavalleja.com/wp-content/uploads/2023/08/toma-exterior.jpg
9938	https://api.ferreterialavalleja.com/wp-content/uploads/2023/08/fic03.jpg
9940	https://api.ferreterialavalleja.com/wp-content/uploads/2023/08/210073-2519C-ROS.jpg
9942	https://api.ferreterialavalleja.com/wp-content/uploads/2023/08/Portalamparas-E14-Blanco-EE110505554-1.png
9944	https://api.ferreterialavalleja.com/wp-content/uploads/2023/08/1b03c3_b8e91b267cad4afe8e5aa4da94b71d59mv2.webp
9946	https://api.ferreterialavalleja.com/wp-content/uploads/2023/08/D_757385-MLA44210553595_112020-O.webp
9948	https://api.ferreterialavalleja.com/wp-content/uploads/2023/08/portalamparas-recto-6511.jpg
9955	https://api.ferreterialavalleja.com/wp-content/uploads/2023/08/original_6747.jpg
9956	https://api.ferreterialavalleja.com/wp-content/uploads/2023/08/D_NQ_NP_993334-MLU54244849663_032023-O.webp
9958	https://api.ferreterialavalleja.com/wp-content/uploads/2023/08/D_NQ_NP_829610-MLU52368620839_112022-O.webp
9961	https://api.ferreterialavalleja.com/wp-content/uploads/2023/08/caja-sigma.webp
9963	https://api.ferreterialavalleja.com/wp-content/uploads/2023/08/D_NQ_NP_978265-MLA46361286082_062021-O.webp
9966	https://api.ferreterialavalleja.com/wp-content/uploads/2023/08/Nuevo-Schuko-1109.jpg
9969	https://api.ferreterialavalleja.com/wp-content/uploads/2023/08/D_NQ_NP_670357-MLU41243724774_032020-O.webp
9972	https://api.ferreterialavalleja.com/wp-content/uploads/2023/08/elecrtaline.jpg
9974	https://api.ferreterialavalleja.com/wp-content/uploads/2023/08/2-en-linea.jpg
9976	https://api.ferreterialavalleja.com/wp-content/uploads/2023/08/3-en-linea.jpg
9978	https://api.ferreterialavalleja.com/wp-content/uploads/2023/08/prod_7000002_01.jpg
9980	https://api.ferreterialavalleja.com/wp-content/uploads/2023/08/comprar-portalamparas-porcelana-antiguo-cable-textil.jpg
9982	https://api.ferreterialavalleja.com/wp-content/uploads/2023/08/portalamparas-porcelana.jpg
9984	https://api.ferreterialavalleja.com/wp-content/uploads/2023/08/electricidad_portalampara_porcelana.jpg
9986	https://api.ferreterialavalleja.com/wp-content/uploads/2023/08/D_NQ_NP_604440-MLA50674060472_072022-O.webp
9988	https://api.ferreterialavalleja.com/wp-content/uploads/2023/08/0POR00000000003121338D-NQ-NP-660072-MLA44041008756-112020-O-Mediano-_800x800.jpeg
9990	https://api.ferreterialavalleja.com/wp-content/uploads/2023/08/31G3Z8B4AUL.jpg
9992	https://api.ferreterialavalleja.com/wp-content/uploads/2023/08/portalampara-ceramico.webp
9996	https://api.ferreterialavalleja.com/wp-content/uploads/2023/08/makita-1.webp
9997	https://api.ferreterialavalleja.com/wp-content/uploads/2023/08/makita-galeria.webp
9998	https://api.ferreterialavalleja.com/wp-content/uploads/2023/08/bolsa-foto.webp
9999	https://api.ferreterialavalleja.com/wp-content/uploads/2023/08/bolsa-galeria.jpg
10001	https://api.ferreterialavalleja.com/wp-content/uploads/2023/08/images-1.jpg
10003	https://api.ferreterialavalleja.com/wp-content/uploads/2023/08/D_NQ_NP_719953-MLU43805006686_102020-O.webp
10007	https://api.ferreterialavalleja.com/wp-content/uploads/2023/08/pretyul-galeria.webp
10009	https://api.ferreterialavalleja.com/wp-content/uploads/2023/08/D_NQ_NP_693771-MLA30751432019_052019-O.webp
10012	https://api.ferreterialavalleja.com/wp-content/uploads/2023/08/tanza.webp
10013	https://api.ferreterialavalleja.com/wp-content/uploads/2023/08/tanza-1.webp
10016	https://api.ferreterialavalleja.com/wp-content/uploads/2023/08/MODULO-RICHI-SCHUKO.webp
10018	https://api.ferreterialavalleja.com/wp-content/uploads/2023/08/55292.jpg
10021	https://api.ferreterialavalleja.com/wp-content/uploads/2023/08/D_NQ_NP_714826-MLU43195611072_082020-O.webp
10023	https://api.ferreterialavalleja.com/wp-content/uploads/2023/08/D_NQ_NP_754214-MLU47093557882_082021-O.webp
10027	https://api.ferreterialavalleja.com/wp-content/uploads/2023/08/D_NQ_NP_716608-MLU53420096986_012023-O.webp
10029	https://api.ferreterialavalleja.com/wp-content/uploads/2023/08/D_NQ_NP_682512-MLU54084780629_032023-O.webp
10031	https://api.ferreterialavalleja.com/wp-content/uploads/2023/08/41Z7wL5ZEFS._AC_UF10001000_QL80_.jpg
10034	https://api.ferreterialavalleja.com/wp-content/uploads/2023/08/D_NQ_NP_772028-MLU53455189008_012023-O.webp
10035	https://api.ferreterialavalleja.com/wp-content/uploads/2023/08/D_NQ_NP_615098-MLU44923707504_022021-O.webp
10038	https://api.ferreterialavalleja.com/wp-content/uploads/2023/08/D_NQ_NP_936929-MLU53680999756_022023-O.webp
10042	https://api.ferreterialavalleja.com/wp-content/uploads/2023/08/D_NQ_NP_863998-MLU44200693116_112020-O.webp
10044	https://api.ferreterialavalleja.com/wp-content/uploads/2023/08/toma-mod-ext-MIG-3.jpg
10047	https://api.ferreterialavalleja.com/wp-content/uploads/2023/08/2023-08-30-16-26-41-6355925.png
10054	https://api.ferreterialavalleja.com/wp-content/uploads/2023/08/adaptador-ficha-macho-2-en-linea-s-tierra-10amp-negra-vivion-5501.jpg
10060	https://api.ferreterialavalleja.com/wp-content/uploads/2023/08/Ficha-Hembra-Modular-Con-Tierra-10-Amp.webp
10064	https://api.ferreterialavalleja.com/wp-content/uploads/2023/08/descarga-4.jpg
10068	https://api.ferreterialavalleja.com/wp-content/uploads/2023/08/D_NQ_NP_981140-MLU70079296996_062023-O.webp
10073	https://api.ferreterialavalleja.com/wp-content/uploads/2023/08/D_NQ_NP_909675-MLA69586011243_052023-O.webp
10075	https://api.ferreterialavalleja.com/wp-content/uploads/2023/08/cinta-3-m-importa-.png
10077	https://api.ferreterialavalleja.com/wp-content/uploads/2023/08/TABLERO-12-MODULOS-FUPESA.webp
10079	https://api.ferreterialavalleja.com/wp-content/uploads/2023/08/FUPESA-12-POLOS-EMBUTIR-02-1.png
10081	https://api.ferreterialavalleja.com/wp-content/uploads/2023/08/portalampara-curvo.jpg
10084	https://api.ferreterialavalleja.com/wp-content/uploads/2023/08/601G_800.jpg
10088	https://api.ferreterialavalleja.com/wp-content/uploads/2023/08/mvdpanel_M46832_7680.jpg
10090	https://api.ferreterialavalleja.com/wp-content/uploads/2023/08/caja-exterior-1-modulo-reggio-caja-exterior-1-modulo-reggio.jpg
10092	https://api.ferreterialavalleja.com/wp-content/uploads/2023/08/mvdpanel_M46840_7682.jpg
10094	https://api.ferreterialavalleja.com/wp-content/uploads/2023/08/portalamparas-vulcano-recto-entero-molveno.jpg
10096	https://api.ferreterialavalleja.com/wp-content/uploads/2023/09/blanco.jpg
10100	https://api.ferreterialavalleja.com/wp-content/uploads/2023/09/Sin-titulo-1-160.png
10102	https://api.ferreterialavalleja.com/wp-content/uploads/2023/09/negro.jpg
10104	https://api.ferreterialavalleja.com/wp-content/uploads/2023/09/portalampara.png
10105	https://api.ferreterialavalleja.com/wp-content/uploads/2023/09/portalampara-galeria.png
10108	https://api.ferreterialavalleja.com/wp-content/uploads/2023/09/interruptor.png
10109	https://api.ferreterialavalleja.com/wp-content/uploads/2023/09/interruptor-galeria.png
10110	https://api.ferreterialavalleja.com/wp-content/uploads/2023/09/tender.jpg
10112	https://api.ferreterialavalleja.com/wp-content/uploads/2023/09/plaqueta-modulo-c-bast-blanca-reggio-plaqueta-modulo-c-bast-blanca-reggio-1.jpg
10114	https://api.ferreterialavalleja.com/wp-content/uploads/2023/09/CANDADO-20-MM.png
10115	https://api.ferreterialavalleja.com/wp-content/uploads/2023/09/CANDADO-20MM.webp
10121	https://api.ferreterialavalleja.com/wp-content/uploads/2023/09/6.jpg
10126	https://api.ferreterialavalleja.com/wp-content/uploads/2023/09/productos3_4857.jpg
10128	https://api.ferreterialavalleja.com/wp-content/uploads/2023/09/D_NQ_NP_749072-MLU42238649386_062020-O.webp
10133	https://api.ferreterialavalleja.com/wp-content/uploads/2023/09/descarga-5.jpg
10135	https://api.ferreterialavalleja.com/wp-content/uploads/2023/09/u-a-s-p.png
10136	https://api.ferreterialavalleja.com/wp-content/uploads/2023/09/u-a-s-2.png
10137	https://api.ferreterialavalleja.com/wp-content/uploads/2023/09/u-a-s.png
10139	https://api.ferreterialavalleja.com/wp-content/uploads/2023/09/10000302295967.png
10140	https://api.ferreterialavalleja.com/wp-content/uploads/2023/09/2023-09-01-15-35-21-1845965.png
10143	https://api.ferreterialavalleja.com/wp-content/uploads/2023/09/10000302255976.png
10144	https://api.ferreterialavalleja.com/wp-content/uploads/2023/09/10000302275979.png
10147	https://api.ferreterialavalleja.com/wp-content/uploads/2023/09/FireShot-Capture-087-1-Timer-Temporizador-3-En-Linea-6-Meses-Gtia-Electroimporta-Merca_-articulo.mercadolibre.com_.uy_.png
10148	https://api.ferreterialavalleja.com/wp-content/uploads/2023/09/4-tomas.webp
10151	https://api.ferreterialavalleja.com/wp-content/uploads/2023/09/D_NQ_NP_902092-MLU45686760679_042021-O.webp
10153	https://api.ferreterialavalleja.com/wp-content/uploads/2023/09/204722-1-300x300-1.jpg
10155	https://api.ferreterialavalleja.com/wp-content/uploads/2023/09/pico-tramontina.webp
10156	https://api.ferreterialavalleja.com/wp-content/uploads/2023/09/pico-tramontina-1.webp
10158	https://api.ferreterialavalleja.com/wp-content/uploads/2023/09/D_NQ_NP_604295-MLU70370912955_072023-O.webp
10160	https://api.ferreterialavalleja.com/wp-content/uploads/2023/09/D_NQ_NP_713376-MLU51664412046_092022-O.webp
10162	https://api.ferreterialavalleja.com/wp-content/uploads/2023/09/D_NQ_NP_671799-MLU51664062808_092022-O.webp
10164	https://api.ferreterialavalleja.com/wp-content/uploads/2023/09/D_NQ_NP_665692-MLU47818714133_102021-O.webp
10166	https://api.ferreterialavalleja.com/wp-content/uploads/2023/09/mvdpanel_TN1215_27171.jpg
10168	https://api.ferreterialavalleja.com/wp-content/uploads/2023/09/D_NQ_NP_762935-MLU70702199547_072023-O.webp
10170	https://api.ferreterialavalleja.com/wp-content/uploads/2023/09/D_NQ_NP_638296-MLU70755900370_072023-O.webp
10172	https://api.ferreterialavalleja.com/wp-content/uploads/2023/09/D_NQ_NP_803324-MLU48023379614_102021-O.webp
10175	https://api.ferreterialavalleja.com/wp-content/uploads/2023/09/D_NQ_NP_803324-MLU48023379614_102021-O-1.webp
10176	https://api.ferreterialavalleja.com/wp-content/uploads/2023/09/D_NQ_NP_965432-MLA32134477122_092019-O.webp
10180	https://api.ferreterialavalleja.com/wp-content/uploads/2023/09/pala-palear-77417-424-77465-434-77415-434-tramontina-pala-palear-77417-424-77465-434-77415-434-tramontina.jpg
10182	https://api.ferreterialavalleja.com/wp-content/uploads/2023/09/D_NQ_NP_938699-MLU52603955429_112022-O.webp
10184	https://api.ferreterialavalleja.com/wp-content/uploads/2023/09/images.png
10187	https://api.ferreterialavalleja.com/wp-content/uploads/2023/09/D_NQ_NP_902658-MLU48680283335_122021-O.webp
10189	https://api.ferreterialavalleja.com/wp-content/uploads/2023/09/2c64486e-02fc-416e-9e60-1d1ab0521579.534965cecd84bcd74cfb5c7c8d7b5211.webp
10191	https://api.ferreterialavalleja.com/wp-content/uploads/2023/09/D_NQ_NP_824917-MLU70773123896_072023-O.webp
10193	https://api.ferreterialavalleja.com/wp-content/uploads/2023/09/0080920_mango-ppala-empunadura-metalica-tramontina_600.jpeg
10195	https://api.ferreterialavalleja.com/wp-content/uploads/2023/09/D_NQ_NP_867520-MLA45255241995_032021-O.webp
10197	https://api.ferreterialavalleja.com/wp-content/uploads/2023/09/epoxi-uno.webp
10198	https://api.ferreterialavalleja.com/wp-content/uploads/2023/09/fusion-epoxi.webp
10201	https://api.ferreterialavalleja.com/wp-content/uploads/2023/09/epoxyuno-NEGRO.png
10202	https://api.ferreterialavalleja.com/wp-content/uploads/2023/09/EPOXI-NEGRO.jpg
10204	https://api.ferreterialavalleja.com/wp-content/uploads/2023/09/MEMBRANA-BUTILO.webp
10205	https://api.ferreterialavalleja.com/wp-content/uploads/2023/09/MEMBRANA-BUTILO-10.webp
10210	https://api.ferreterialavalleja.com/wp-content/uploads/2023/09/D_NQ_787964-MLA46415529932_062021-OO.webp
10211	https://api.ferreterialavalleja.com/wp-content/uploads/2023/09/D_NQ_787964-MLA46415529932_062021-OO-1.webp
10212	https://api.ferreterialavalleja.com/wp-content/uploads/2023/09/default.jpg
10213	https://api.ferreterialavalleja.com/wp-content/uploads/2023/09/D_NQ_NP_938401-MLU70604246573_072023-O.webp
10216	https://api.ferreterialavalleja.com/wp-content/uploads/2023/09/MEMBRANA-BUTILO-15-CM.jpg
10218	https://api.ferreterialavalleja.com/wp-content/uploads/2023/09/MENBRANA-20-CM.jpg
10221	https://api.ferreterialavalleja.com/wp-content/uploads/2023/09/TACHUELAS.jpg
10223	https://api.ferreterialavalleja.com/wp-content/uploads/2023/09/UHU.webp
10224	https://api.ferreterialavalleja.com/wp-content/uploads/2023/09/UHU-1.webp
10225	https://api.ferreterialavalleja.com/wp-content/uploads/2023/09/UHU-2.webp
10226	https://api.ferreterialavalleja.com/wp-content/uploads/2023/09/UHU-3.webp
10227	https://api.ferreterialavalleja.com/wp-content/uploads/2023/09/UHU-4.webp
10229	https://api.ferreterialavalleja.com/wp-content/uploads/2023/06/candado-bulit.webp
10230	https://api.ferreterialavalleja.com/wp-content/uploads/2023/06/candado-bulit-1.webp
10233	https://api.ferreterialavalleja.com/wp-content/uploads/2023/08/1000030517.png
10234	https://api.ferreterialavalleja.com/wp-content/uploads/2023/08/1000030519.png
10235	https://api.ferreterialavalleja.com/wp-content/uploads/2023/08/1000030521.png
10237	https://api.ferreterialavalleja.com/wp-content/uploads/2023/09/1000030517.png
10238	https://api.ferreterialavalleja.com/wp-content/uploads/2023/09/1000030519.png
10239	https://api.ferreterialavalleja.com/wp-content/uploads/2023/09/1000030530.png
10240	https://api.ferreterialavalleja.com/wp-content/uploads/2023/09/1000030526.png
10241	https://api.ferreterialavalleja.com/wp-content/uploads/2023/09/1000030528.png
10244	https://api.ferreterialavalleja.com/wp-content/uploads/2023/09/D_NQ_NP_866639-MLU50011042545_052022-O.webp
10245	https://api.ferreterialavalleja.com/wp-content/uploads/2023/09/D_NQ_NP_752382-MLU32754876444_112019-O.webp
10246	https://api.ferreterialavalleja.com/wp-content/uploads/2023/09/armario_duda_damewer_bahn_branco_6399_1_20200424200123.webp
10248	https://api.ferreterialavalleja.com/wp-content/uploads/2023/09/D_NQ_NP_740574-MLU40933443247_022020-O.webp
10249	https://api.ferreterialavalleja.com/wp-content/uploads/2023/09/D_NQ_NP_678239-MLU43358112654_092020-O.webp
10252	https://api.ferreterialavalleja.com/wp-content/uploads/2023/09/D_NQ_NP_892191-MLU52186032848_102022-O.webp
10253	https://api.ferreterialavalleja.com/wp-content/uploads/2023/09/D_NQ_NP_756566-MLU52186029839_102022-O.webp
10255	https://api.ferreterialavalleja.com/wp-content/uploads/2023/06/OIP.jpg
10256	https://api.ferreterialavalleja.com/wp-content/uploads/2023/06/OIP-1.jpg
10257	https://api.ferreterialavalleja.com/wp-content/uploads/2023/06/D_NQ_NP_965230-MLU50620678795_072022-O.webp
10258	https://api.ferreterialavalleja.com/wp-content/uploads/2023/06/D_NQ_NP_965230-MLU50620678795_072022-O-1.webp
10259	https://api.ferreterialavalleja.com/wp-content/uploads/2023/06/20190617160506XJLAWYH4XXI9J_700.jpg
10260	https://api.ferreterialavalleja.com/wp-content/uploads/2023/06/wd40-multi-uso-400ml-uso-1.jpg.webp
10261	https://api.ferreterialavalleja.com/wp-content/uploads/2023/06/wd40-multi-uso-400ml-uso2.jpg.webp
10262	https://api.ferreterialavalleja.com/wp-content/uploads/2023/06/wd40-multi-uso-400ml-uso3.jpg.webp
10263	https://api.ferreterialavalleja.com/wp-content/uploads/2023/06/WD-40_Multiusos_Bodegon_100200_Y_400-1.png.webp
10265	https://api.ferreterialavalleja.com/wp-content/uploads/2023/09/D_NQ_NP_603677-MLU54414034636_032023-O.webp
10266	https://api.ferreterialavalleja.com/wp-content/uploads/2023/09/D_NQ_NP_601853-MLU54413417878_032023-O.webp
10267	https://api.ferreterialavalleja.com/wp-content/uploads/2023/09/D_NQ_NP_896799-MLU54414208632_032023-O.webp
10269	https://api.ferreterialavalleja.com/wp-content/uploads/2023/09/D_NQ_NP_634152-MLU54413225856_032023-O.webp
10270	https://api.ferreterialavalleja.com/wp-content/uploads/2023/09/D_NQ_NP_897026-MLU54411788001_032023-O.webp
10273	https://api.ferreterialavalleja.com/wp-content/uploads/2023/09/D_NQ_NP_668420-MLU70672778546_072023-O.webp
10274	https://api.ferreterialavalleja.com/wp-content/uploads/2023/09/D_NQ_NP_976420-MLA49688862395_042022-O.webp
10275	https://api.ferreterialavalleja.com/wp-content/uploads/2023/09/D_NQ_NP_2X_764734-MLU49688826305_042022-F.webp
10276	https://api.ferreterialavalleja.com/wp-content/uploads/2023/09/D_NQ_NP_2X_759047-MLU49688810656_042022-F.webp
10277	https://api.ferreterialavalleja.com/wp-content/uploads/2023/09/D_NQ_NP_718289-MLU40651103930_022020-F.jpg
10279	https://api.ferreterialavalleja.com/wp-content/uploads/2023/09/D_NQ_NP_2X_759565-MLU26548189776_122017-F.jpg
10280	https://api.ferreterialavalleja.com/wp-content/uploads/2023/09/D_NQ_NP_2X_759565-MLU26548189776_122017-F-1.jpg
10281	https://api.ferreterialavalleja.com/wp-content/uploads/2023/09/8.jpg
10283	https://api.ferreterialavalleja.com/wp-content/uploads/2023/09/D_NQ_NP_812464-MLU47512323570_092021-O.webp
10289	https://api.ferreterialavalleja.com/wp-content/uploads/2023/09/678396.webp
10290	https://api.ferreterialavalleja.com/wp-content/uploads/2023/09/D_NQ_NP_812464-MLU47512323570_092021-O-1.webp
10291	https://api.ferreterialavalleja.com/wp-content/uploads/2023/09/8-1.jpg
10292	https://api.ferreterialavalleja.com/wp-content/uploads/2023/09/1000030672.png
10293	https://api.ferreterialavalleja.com/wp-content/uploads/2023/09/1000030674.png
10294	https://api.ferreterialavalleja.com/wp-content/uploads/2023/09/1000030676.png
10296	https://api.ferreterialavalleja.com/wp-content/uploads/2023/07/OIP-2.jpg
10297	https://api.ferreterialavalleja.com/wp-content/uploads/2023/07/2023-09-09-08-40-26-560.png
10303	https://api.ferreterialavalleja.com/wp-content/uploads/2023/09/OIP-3.jpg
10304	https://api.ferreterialavalleja.com/wp-content/uploads/2023/09/OIP-4.jpg
10305	https://api.ferreterialavalleja.com/wp-content/uploads/2023/09/OIP-5.jpg
10306	https://api.ferreterialavalleja.com/wp-content/uploads/2023/09/28653-2.jpg
10308	https://api.ferreterialavalleja.com/wp-content/uploads/2023/09/204722-1.jpg
10309	https://api.ferreterialavalleja.com/wp-content/uploads/2023/09/204720.jpg
10310	https://api.ferreterialavalleja.com/wp-content/uploads/2023/09/20472220a.jpg
10313	https://api.ferreterialavalleja.com/wp-content/uploads/2023/09/1000031795.png
10314	https://api.ferreterialavalleja.com/wp-content/uploads/2023/09/1000031805.png
10315	https://api.ferreterialavalleja.com/wp-content/uploads/2023/09/1000031807.png
10316	https://api.ferreterialavalleja.com/wp-content/uploads/2023/09/1000031803.png
10319	https://api.ferreterialavalleja.com/wp-content/uploads/2023/09/D_NQ_NP_710932-MLA42637923140_072020-O.webp
10320	https://api.ferreterialavalleja.com/wp-content/uploads/2023/09/D_NQ_NP_601105-MLA53682191030_022023-O.webp
10321	https://api.ferreterialavalleja.com/wp-content/uploads/2023/09/D_NQ_NP_996810-MLA53682191032_022023-O.webp
10322	https://api.ferreterialavalleja.com/wp-content/uploads/2023/09/D_NQ_NP_978630-MLU44038845428_112020-O.webp
10324	https://api.ferreterialavalleja.com/wp-content/uploads/2023/09/D_NQ_NP_710932-MLA42637923140_072020-O-1.webp
10325	https://api.ferreterialavalleja.com/wp-content/uploads/2023/09/D_NQ_NP_601105-MLA53682191030_022023-O-1.webp
10326	https://api.ferreterialavalleja.com/wp-content/uploads/2023/09/D_NQ_NP_996810-MLA53682191032_022023-O-1.webp
10327	https://api.ferreterialavalleja.com/wp-content/uploads/2023/09/D_NQ_NP_996810-MLA53682191032_022023-O-2.webp
10328	https://api.ferreterialavalleja.com/wp-content/uploads/2023/09/D_NQ_NP_978630-MLU44038845428_112020-O-1.webp
10329	https://api.ferreterialavalleja.com/wp-content/uploads/2023/09/D_NQ_NP_978630-MLU44038845428_112020-O-2.webp
10330	https://api.ferreterialavalleja.com/wp-content/uploads/2023/09/1000031849.png
10331	https://api.ferreterialavalleja.com/wp-content/uploads/2023/09/1000031851.png
10332	https://api.ferreterialavalleja.com/wp-content/uploads/2023/09/1000031854.png
10334	https://api.ferreterialavalleja.com/wp-content/uploads/2023/09/2023-09-19-10-55-29-109.png
10336	https://api.ferreterialavalleja.com/wp-content/uploads/2023/09/D_NQ_NP_651182-MLA51841333658_102022-O.webp
10337	https://api.ferreterialavalleja.com/wp-content/uploads/2023/09/D_NQ_NP_853150-MLU44074088779_112020-O.webp
10338	https://api.ferreterialavalleja.com/wp-content/uploads/2023/09/D_NQ_NP_706303-MLU43876612014_102020-O.webp
10340	https://api.ferreterialavalleja.com/wp-content/uploads/2023/09/D_NQ_NP_940131-MLU32025095663_082019-O.webp
10341	https://api.ferreterialavalleja.com/wp-content/uploads/2023/09/D_NQ_NP_900849-MLU32025092409_082019-O.webp
10343	https://api.ferreterialavalleja.com/wp-content/uploads/2023/09/D_NQ_NP_780634-MLA51841332624_102022-O.webp
10344	https://api.ferreterialavalleja.com/wp-content/uploads/2023/09/D_NQ_NP_991819-MLA51841332616_102022-O.webp
10345	https://api.ferreterialavalleja.com/wp-content/uploads/2023/09/D_Q_NP_707164-MLU52350496819_112022-R.webp
10346	https://api.ferreterialavalleja.com/wp-content/uploads/2023/09/D_NQ_NP_688688-MLU70004976308_062023-O.webp
10347	https://api.ferreterialavalleja.com/wp-content/uploads/2023/09/D_NQ_NP_803294-MLU44113780349_112020-O.webp
10349	https://api.ferreterialavalleja.com/wp-content/uploads/2023/09/D_NQ_NP_927612-MLU31490869696_072019-O.webp
10351	https://api.ferreterialavalleja.com/wp-content/uploads/2023/09/D_NQ_NP_981215-MLU50893960393_072022-O.webp
10353	https://api.ferreterialavalleja.com/wp-content/uploads/2023/09/D_NQ_NP_981215-MLU50893960393_072022-O-1.webp
10354	https://api.ferreterialavalleja.com/wp-content/uploads/2023/09/D_NQ_NP_786188-MLM31984272331_082019-W.jpg
10359	https://api.ferreterialavalleja.com/wp-content/uploads/2023/09/steel-loose-pin-butt-hinges-supplied-by-uk-door-handles.jpg
10363	https://api.ferreterialavalleja.com/wp-content/uploads/2023/09/PhotoRoom-20230118-114754.jpg
10364	https://api.ferreterialavalleja.com/wp-content/uploads/2023/09/PhotoRoom-20230118-113902-100x100-1.jpg
10365	https://api.ferreterialavalleja.com/wp-content/uploads/2023/09/PhotoRoom-20230118-112315-1-100x100-1.jpg
10369	https://api.ferreterialavalleja.com/wp-content/uploads/2023/09/D_NQ_NP_719456-MLU32404400015_102019-O.webp
10371	https://api.ferreterialavalleja.com/wp-content/uploads/2023/09/D_NQ_NP_869872-MLU32404340855_102019-O.webp
10374	https://api.ferreterialavalleja.com/wp-content/uploads/2023/09/D_NQ_NP_674229-MLU32397898345_102019-O.webp
10376	https://api.ferreterialavalleja.com/wp-content/uploads/2023/09/D_Q_NP_918724-MLU32032895688_092019-R.webp
10377	https://api.ferreterialavalleja.com/wp-content/uploads/2023/09/D_NQ_NP_903272-MLU32032897013_092019-O.webp
10378	https://api.ferreterialavalleja.com/wp-content/uploads/2023/09/D_Q_NP_963993-MLU32032894485_092019-R.webp
10379	https://api.ferreterialavalleja.com/wp-content/uploads/2023/09/D_NQ_NP_918724-MLU32032895688_092019-O.webp
10380	https://api.ferreterialavalleja.com/wp-content/uploads/2023/09/D_NQ_NP_903272-MLU32032897013_092019-O-1.webp
10381	https://api.ferreterialavalleja.com/wp-content/uploads/2023/09/D_NQ_NP_963993-MLU32032894485_092019-O.webp
10385	https://api.ferreterialavalleja.com/wp-content/uploads/2023/09/D_NQ_NP_886258-MLU53457494805_012023-O.webp
10386	https://api.ferreterialavalleja.com/wp-content/uploads/2023/09/D_Q_NP_649286-MLU53457494803_012023-R.webp
10387	https://api.ferreterialavalleja.com/wp-content/uploads/2023/09/D_Q_NP_624083-MLU53457494804_012023-R.webp
10390	https://api.ferreterialavalleja.com/wp-content/uploads/2023/09/corta_hierro2_0.jpg
10391	https://api.ferreterialavalleja.com/wp-content/uploads/2023/09/corta_hierro1_0.jpg
10392	https://api.ferreterialavalleja.com/wp-content/uploads/2023/06/D_NQ_NP_795733-MLU40734602689_022020-O.webp
10396	https://api.ferreterialavalleja.com/wp-content/uploads/2023/09/D_NQ_NP_731586-MLU44898532413_022021-O.webp
10399	https://api.ferreterialavalleja.com/wp-content/uploads/2023/09/D_NQ_NP_731586-MLU44898532413_022021-O-1.webp
10400	https://api.ferreterialavalleja.com/wp-content/uploads/2023/09/R.jpg
10401	https://api.ferreterialavalleja.com/wp-content/uploads/2023/09/0000000000901799507042-46.jpg
10404	https://api.ferreterialavalleja.com/wp-content/uploads/2023/07/660.jpg
10405	https://api.ferreterialavalleja.com/wp-content/uploads/2023/07/340_original.jpeg
10409	https://api.ferreterialavalleja.com/wp-content/uploads/2023/09/D_NQ_NP_611009-MLU31241430265_062019-O.webp
10410	https://api.ferreterialavalleja.com/wp-content/uploads/2023/09/D_NQ_NP_803818-MLU31241430495_062019-O.webp
10411	https://api.ferreterialavalleja.com/wp-content/uploads/2023/09/D_NQ_NP_650199-MLU49397381508_032022-O.webp
10412	https://api.ferreterialavalleja.com/wp-content/uploads/2023/09/D_NQ_NP_674145-MLU71483167415_092023-O.webp
10413	https://api.ferreterialavalleja.com/wp-content/uploads/2023/09/D_NQ_NP_781030-MLU71483093451_092023-O.webp
10415	https://api.ferreterialavalleja.com/wp-content/uploads/2023/09/D_NQ_NP_835116-MLU42442180958_072020-O.webp
10416	https://api.ferreterialavalleja.com/wp-content/uploads/2023/09/D_NQ_NP_825847-MLU46077106055_052021-O.webp
10417	https://api.ferreterialavalleja.com/wp-content/uploads/2023/09/D_NQ_NP_762402-MLU42442202660_072020-O.webp
10418	https://api.ferreterialavalleja.com/wp-content/uploads/2023/09/D_NQ_NP_937470-MLU42442202662_072020-O.webp
10419	https://api.ferreterialavalleja.com/wp-content/uploads/2023/09/D_NQ_NP_604033-MLU42442206623_072020-O.webp
10420	https://api.ferreterialavalleja.com/wp-content/uploads/2023/09/D_NQ_NP_923249-MLU42442196713_072020-O.webp
10422	https://api.ferreterialavalleja.com/wp-content/uploads/2023/09/tijera-8pulg-scissors.jpg
10423	https://api.ferreterialavalleja.com/wp-content/uploads/2023/09/tijera-8pulg-scissors-1.jpg
10424	https://api.ferreterialavalleja.com/wp-content/uploads/2023/09/OIP-7.jpg
10425	https://api.ferreterialavalleja.com/wp-content/uploads/2023/09/TIJERAS-_5-NEGRO_ROJO-COD-2299901842989_4000x.progressive.jpg
10427	https://api.ferreterialavalleja.com/wp-content/uploads/2023/09/scissors-tijera.jpg
10431	https://api.ferreterialavalleja.com/wp-content/uploads/2023/09/OIP-8.jpg
10432	https://api.ferreterialavalleja.com/wp-content/uploads/2023/09/OIP-9.jpg
10433	https://api.ferreterialavalleja.com/wp-content/uploads/2023/09/2023-09-22-11-56-26-141.png
10435	https://api.ferreterialavalleja.com/wp-content/uploads/2023/09/D_NQ_NP_667853-MLU47085088088_082021-O.webp
10437	https://api.ferreterialavalleja.com/wp-content/uploads/2023/09/D_NQ_NP_883132-MLU31244352616_062019-O.jpg
10438	https://api.ferreterialavalleja.com/wp-content/uploads/2023/09/D_NQ_NP_883132-MLU31244352616_062019-O-1.jpg
10439	https://api.ferreterialavalleja.com/wp-content/uploads/2023/09/grapa-cable-plano-n0-2x075mm2-50-unidades.jpg
10440	https://api.ferreterialavalleja.com/wp-content/uploads/2023/09/OIP-10.jpg
10441	https://api.ferreterialavalleja.com/wp-content/uploads/2023/09/OIP-11.jpg
10443	https://api.ferreterialavalleja.com/wp-content/uploads/2023/09/OIP-12.jpg
10453	https://api.ferreterialavalleja.com/wp-content/uploads/2023/09/OIP-14.jpg
10458	https://api.ferreterialavalleja.com/wp-content/uploads/2023/09/tarugo-tacogramp-c-crecchio.jpg
10459	https://api.ferreterialavalleja.com/wp-content/uploads/2023/09/D_NQ_NP_646366-MLA42207687479_062020-O.webp
10461	https://api.ferreterialavalleja.com/wp-content/uploads/2023/08/LED-kogellamp-E27-4W_574608_000_800x600.webp
10464	https://api.ferreterialavalleja.com/wp-content/uploads/2023/09/D_NQ_NP_976820-MLU44879553257_022021-O.webp
10465	https://api.ferreterialavalleja.com/wp-content/uploads/2023/09/D_NQ_NP_669404-MLU50191574786_062022-O.webp
10469	https://api.ferreterialavalleja.com/wp-content/uploads/2023/09/2023-09-23-10-33-54-605.jpg
10470	https://api.ferreterialavalleja.com/wp-content/uploads/2023/09/2023-09-23-10-37-58-789.png
10471	https://api.ferreterialavalleja.com/wp-content/uploads/2023/09/D_NQ_NP_695769-MLU31242942305_062019-O.webp
10472	https://api.ferreterialavalleja.com/wp-content/uploads/2023/09/D_NQ_NP_695769-MLU31242942305_062019-O-1.webp
10473	https://api.ferreterialavalleja.com/wp-content/uploads/2023/09/D_NQ_NP_952627-MLU31242919112_062019-O.webp
10474	https://api.ferreterialavalleja.com/wp-content/uploads/2023/09/D_NQ_NP_763328-MLU31704661764_082019-O.webp
10475	https://api.ferreterialavalleja.com/wp-content/uploads/2023/09/D_NQ_NP_766134-MLA49275419056_032022-O.webp
10479	https://api.ferreterialavalleja.com/wp-content/uploads/2023/09/D_NQ_NP_986714-MLU69998803801_062023-O.webp
10480	https://api.ferreterialavalleja.com/wp-content/uploads/2023/09/D_NQ_NP_648894-MLU69998982013_062023-O.webp
10481	https://api.ferreterialavalleja.com/wp-content/uploads/2023/09/D_NQ_NP_748488-MLU69979793392_062023-O.webp
10482	https://api.ferreterialavalleja.com/wp-content/uploads/2023/09/D_NQ_NP_755555-MLU42446631748_072020-O.webp
10484	https://api.ferreterialavalleja.com/wp-content/uploads/2023/09/1000032661.png
10485	https://api.ferreterialavalleja.com/wp-content/uploads/2023/09/1000032659.png
10488	https://api.ferreterialavalleja.com/wp-content/uploads/2023/09/D_NQ_NP_629054-MLU43610487771_092020-O.webp
10490	https://api.ferreterialavalleja.com/wp-content/uploads/2023/09/D_NQ_NP_912870-MLU54980573244_042023-O.webp
10491	https://api.ferreterialavalleja.com/wp-content/uploads/2023/09/D_NQ_NP_848311-MLU69122266097_042023-O.webp
10492	https://api.ferreterialavalleja.com/wp-content/uploads/2023/09/D_NQ_NP_848311-MLU69122266097_042023-O-1.webp
10493	https://api.ferreterialavalleja.com/wp-content/uploads/2023/09/D_NQ_NP_945206-MLU54980569386_042023-O.webp
10495	https://api.ferreterialavalleja.com/wp-content/uploads/2023/08/D_NQ_NP_631291-MLU46170160872_052021-O.webp
10497	https://api.ferreterialavalleja.com/wp-content/uploads/2023/09/1000032697.png
10498	https://api.ferreterialavalleja.com/wp-content/uploads/2023/09/1000032691.png
10499	https://api.ferreterialavalleja.com/wp-content/uploads/2023/09/1000032689.png
10512	https://api.ferreterialavalleja.com/wp-content/uploads/2023/09/MASSETTE-1.jpg
10519	https://api.ferreterialavalleja.com/wp-content/uploads/2023/09/1000032739.png
10520	https://api.ferreterialavalleja.com/wp-content/uploads/2023/09/1000032735.png
10521	https://api.ferreterialavalleja.com/wp-content/uploads/2023/09/1000032733.png
10522	https://api.ferreterialavalleja.com/wp-content/uploads/2023/09/2023-09-28-14-54-29-709.png
10525	https://api.ferreterialavalleja.com/wp-content/uploads/2023/09/D_NQ_NP_945118-MLU69516455613_052023-O.webp
10530	https://api.ferreterialavalleja.com/wp-content/uploads/2023/09/31XR43_AS01.jpg
10534	https://api.ferreterialavalleja.com/wp-content/uploads/2023/09/17850420_1.jpg
10536	https://api.ferreterialavalleja.com/wp-content/uploads/2023/09/D_NQ_NP_880497-MLU40867816571_022020-O.webp
10537	https://api.ferreterialavalleja.com/wp-content/uploads/2023/09/D_NQ_NP_896920-MLU31241225254_062019-O.webp
10538	https://api.ferreterialavalleja.com/wp-content/uploads/2023/09/D_Q_NP_610263-MLU40867794964_022020-R.webp
10539	https://api.ferreterialavalleja.com/wp-content/uploads/2023/09/D_NQ_NP_798858-MLU31241238960_062019-O.webp
10540	https://api.ferreterialavalleja.com/wp-content/uploads/2023/09/17850420_1-1.jpg
10542	https://api.ferreterialavalleja.com/wp-content/uploads/2023/09/D_Q_NP_603398-MLU45258933716_032021-R.webp
10543	https://api.ferreterialavalleja.com/wp-content/uploads/2023/09/D_NQ_NP_902478-MLU45258933718_032021-O.webp
10544	https://api.ferreterialavalleja.com/wp-content/uploads/2023/09/D_NQ_NP_714262-MLU45258957456_032021-O.webp
10545	https://api.ferreterialavalleja.com/wp-content/uploads/2023/09/D_NQ_NP_931188-MLU69433192304_052023-O.webp
10546	https://api.ferreterialavalleja.com/wp-content/uploads/2023/09/D_NQ_NP_806695-MLU47354766640_092021-O.webp
10547	https://api.ferreterialavalleja.com/wp-content/uploads/2023/09/D_NQ_NP_853156-MLU47354851021_092021-O.webp
10548	https://api.ferreterialavalleja.com/wp-content/uploads/2023/09/D_NQ_NP_853156-MLU47354851021_092021-O-1.webp
10549	https://api.ferreterialavalleja.com/wp-content/uploads/2023/09/D_NQ_NP_931188-MLU69433192304_052023-O-1.webp
10551	https://api.ferreterialavalleja.com/wp-content/uploads/2023/08/22300.jpg
10554	https://api.ferreterialavalleja.com/wp-content/uploads/2023/10/D_NQ_NP_877589-MLU31245732158_062019-O.webp
10555	https://api.ferreterialavalleja.com/wp-content/uploads/2023/10/D_NQ_NP_804168-MLU28304308533_102018-O.webp
10556	https://api.ferreterialavalleja.com/wp-content/uploads/2023/10/D_Q_NP_611245-MLU31245714790_062019-R.webp
10557	https://api.ferreterialavalleja.com/wp-content/uploads/2023/10/D_NQ_NP_948425-MLU31245718242_062019-O.webp
10561	https://api.ferreterialavalleja.com/wp-content/uploads/2023/10/D_NQ_NP_693671-MLU31242568704_062019-O.webp
10563	https://api.ferreterialavalleja.com/wp-content/uploads/2023/10/D_NQ_NP_682153-MLB43261813020_082020-F.jpg
10564	https://api.ferreterialavalleja.com/wp-content/uploads/2023/10/D_NQ_NP_666937-MLB43261813021_082020-F.jpg
10566	https://api.ferreterialavalleja.com/wp-content/uploads/2023/10/402565-priza-remorca-7-pini-metalica-1-500x500-1.jpg
10567	https://api.ferreterialavalleja.com/wp-content/uploads/2023/10/Durable-12V-7-Pin-Trailer-Caravan-RV-Towbar-Plug-Socket-Tow-Wiring-Connector.jpg_350x350.webp
10568	https://api.ferreterialavalleja.com/wp-content/uploads/2023/10/R-1.jpg
10569	https://api.ferreterialavalleja.com/wp-content/uploads/2023/10/R-1-1.jpg
10570	https://api.ferreterialavalleja.com/wp-content/uploads/2023/10/gniazdo-przyczepy-aluminiowe-7-pinow-1224v-5_183295-1.jpg
10571	https://api.ferreterialavalleja.com/wp-content/uploads/2023/10/camping-enchufe-trailer-macho-metal-camping-enchufe-trailer-macho-metal.jpg
10572	https://api.ferreterialavalleja.com/wp-content/uploads/2023/10/camping-enchufe-trailer-macho-metal-camping-enchufe-trailer-macho-metal-1.jpg
10573	https://api.ferreterialavalleja.com/wp-content/uploads/2023/10/0207412_CP5SW803.jpg
10574	https://api.ferreterialavalleja.com/wp-content/uploads/2023/10/0207413_CP5SW803-2.jpg
10575	https://api.ferreterialavalleja.com/wp-content/uploads/2023/10/D_NQ_NP_2X_921939-MLU47304979917_082021-F.webp
10576	https://api.ferreterialavalleja.com/wp-content/uploads/2023/10/D_NQ_NP_2X_996063-MLU47304979916_082021-F.webp
10578	https://api.ferreterialavalleja.com/wp-content/uploads/2023/10/D_NQ_NP_828459-MLU32601595213_102019-O.webp
10579	https://api.ferreterialavalleja.com/wp-content/uploads/2023/10/D_NQ_NP_880635-MLU32601593255_102019-O.webp
10581	https://api.ferreterialavalleja.com/wp-content/uploads/2023/10/D_NQ_NP_880635-MLU32601593255_102019-O-1.webp
10582	https://api.ferreterialavalleja.com/wp-content/uploads/2023/10/D_NQ_NP_734597-MLU71063404144_082023-O.webp
10583	https://api.ferreterialavalleja.com/wp-content/uploads/2023/10/D_NQ_NP_845641-MLU71101535079_082023-O.webp
10584	https://api.ferreterialavalleja.com/wp-content/uploads/2023/10/D_NQ_NP_845641-MLU71101535079_082023-O-1.webp
10585	https://api.ferreterialavalleja.com/wp-content/uploads/2023/10/D_NQ_NP_734597-MLU71063404144_082023-O-1.webp
10586	https://api.ferreterialavalleja.com/wp-content/uploads/2023/10/D_NQ_NP_895797-MLU71101202205_082023-O-1.webp
10590	https://api.ferreterialavalleja.com/wp-content/uploads/2023/10/D_NQ_NP_808670-MLU71927678272_092023-O.webp
10591	https://api.ferreterialavalleja.com/wp-content/uploads/2023/10/D_NQ_NP_2X_952515-MLU71927598832_092023-F.webp
10592	https://api.ferreterialavalleja.com/wp-content/uploads/2023/10/D_NQ_NP_823234-MLU47625116134_092021-O.webp
10593	https://api.ferreterialavalleja.com/wp-content/uploads/2023/10/D_NQ_NP_2X_722834-MLU47625097251_092021-F.webp
10595	https://api.ferreterialavalleja.com/wp-content/uploads/2023/10/D_NQ_NP_2X_970304-MLU70497896893_072023-F.webp
10596	https://api.ferreterialavalleja.com/wp-content/uploads/2023/10/D_NQ_NP_2X_915257-MLU70497896895_072023-F.webp
10597	https://api.ferreterialavalleja.com/wp-content/uploads/2023/10/D_NQ_NP_2X_814180-MLU70471663032_072023-F.webp
10598	https://api.ferreterialavalleja.com/wp-content/uploads/2023/10/D_NQ_NP_2X_813498-MLU70471663028_072023-F.webp
10599	https://api.ferreterialavalleja.com/wp-content/uploads/2023/10/R.png
10600	https://api.ferreterialavalleja.com/wp-content/uploads/2023/10/OIP-17.jpg
10601	https://api.ferreterialavalleja.com/wp-content/uploads/2023/10/OIP-17-1.jpg
10602	https://api.ferreterialavalleja.com/wp-content/uploads/2023/10/TOOM1210.jpg
10603	https://api.ferreterialavalleja.com/wp-content/uploads/2023/10/D_NQ_NP_708960-MLU42640094536_072020-O.webp
10604	https://api.ferreterialavalleja.com/wp-content/uploads/2023/10/D_NQ_NP_691349-MLU28298272996_102018-O.webp
10606	https://api.ferreterialavalleja.com/wp-content/uploads/2023/10/D_NQ_NP_632072-MLU46837780956_072021-O.webp
10607	https://api.ferreterialavalleja.com/wp-content/uploads/2023/10/D_NQ_NP_688282-MLU46837831542_072021-O.webp
10608	https://api.ferreterialavalleja.com/wp-content/uploads/2023/10/D_NQ_NP_804435-MLU46837891097_072021-O.webp
10610	https://api.ferreterialavalleja.com/wp-content/uploads/2023/10/D_NQ_NP_765170-MLU46895200304_072021-O.webp
10611	https://api.ferreterialavalleja.com/wp-content/uploads/2023/10/D_NQ_NP_920965-MLU70072033636_062023-O.webp
10613	https://api.ferreterialavalleja.com/wp-content/uploads/2023/10/D_NQ_NP_882571-MLU70767527630_072023-O.webp
10615	https://api.ferreterialavalleja.com/wp-content/uploads/2023/10/D_NQ_NP_634709-MLU46900392288_072021-O.webp
10616	https://api.ferreterialavalleja.com/wp-content/uploads/2023/10/D_NQ_NP_823509-MLU70281601434_072023-O.webp
10618	https://api.ferreterialavalleja.com/wp-content/uploads/2023/10/D_NQ_NP_835828-MLU69587040407_052023-O.webp
10620	https://api.ferreterialavalleja.com/wp-content/uploads/2023/10/1000033072.png
10621	https://api.ferreterialavalleja.com/wp-content/uploads/2023/10/1000033070.png
10624	https://api.ferreterialavalleja.com/wp-content/uploads/2023/10/2023-10-04-15-23-03-435.png
10625	https://api.ferreterialavalleja.com/wp-content/uploads/2023/10/1000033086.png
10626	https://api.ferreterialavalleja.com/wp-content/uploads/2023/10/1000033070-1.png
10628	https://api.ferreterialavalleja.com/wp-content/uploads/2023/10/592cb187e2e84.jpg
10633	https://api.ferreterialavalleja.com/wp-content/uploads/2023/10/586edfc63d5c0.jpg
10638	https://api.ferreterialavalleja.com/wp-content/uploads/2023/10/D_NQ_NP_788280-MLU51266407335_082022-O.webp
10639	https://api.ferreterialavalleja.com/wp-content/uploads/2023/10/D_NQ_NP_788280-MLU51266407335_082022-O-1.webp
10640	https://api.ferreterialavalleja.com/wp-content/uploads/2023/10/D_NQ_NP_627494-MLU51266401350_082022-O.webp
10644	https://api.ferreterialavalleja.com/wp-content/uploads/2023/10/D_NQ_NP_2X_656752-MLU48334119873_112021-F.webp
10645	https://api.ferreterialavalleja.com/wp-content/uploads/2023/10/D_NQ_NP_2X_791479-MLU48334114898_112021-F.webp
10646	https://api.ferreterialavalleja.com/wp-content/uploads/2023/10/D_NQ_NP_2X_934075-MLU48334160630_112021-F.webp
10647	https://api.ferreterialavalleja.com/wp-content/uploads/2023/10/D_NQ_NP_771999-MLU48334162654_112021-O.webp
10648	https://api.ferreterialavalleja.com/wp-content/uploads/2023/10/D_NQ_NP_732693-MLU48334119869_112021-O.webp
10651	https://api.ferreterialavalleja.com/wp-content/uploads/2023/10/1000033780.png
10652	https://api.ferreterialavalleja.com/wp-content/uploads/2023/10/1000033778.png
10653	https://api.ferreterialavalleja.com/wp-content/uploads/2023/10/1000033776.png
10654	https://api.ferreterialavalleja.com/wp-content/uploads/2023/10/1000033775.png
10655	https://api.ferreterialavalleja.com/wp-content/uploads/2023/10/1000033773.png
10658	https://api.ferreterialavalleja.com/wp-content/uploads/2023/10/2198.jpg
10659	https://api.ferreterialavalleja.com/wp-content/uploads/2023/10/1000033773-1.png
10661	https://api.ferreterialavalleja.com/wp-content/uploads/2023/10/2023-10-13-11-37-57-186.png
10665	https://api.ferreterialavalleja.com/wp-content/uploads/2023/10/3360-400x211-1.jpg
10667	https://api.ferreterialavalleja.com/wp-content/uploads/2023/10/mangueira_viqua_topflex_verde_1_2_3843_1_d252dedd6cdde27304410e9c8868eaea.webp
10670	https://api.ferreterialavalleja.com/wp-content/uploads/2023/10/D_NQ_NP_652894-MLU51355774861_082022-O.webp
10671	https://api.ferreterialavalleja.com/wp-content/uploads/2023/10/D_NQ_NP_734483-MLU51355959092_082022-O.webp
10678	https://api.ferreterialavalleja.com/wp-content/uploads/2023/10/D_NQ_NP_784732-MLU46899768192_072021-O.webp
10680	https://api.ferreterialavalleja.com/wp-content/uploads/2023/10/OIP-18.jpg
10682	https://api.ferreterialavalleja.com/wp-content/uploads/2023/10/D_NQ_NP_855070-MLU48961896154_012022-O.webp
10684	https://api.ferreterialavalleja.com/wp-content/uploads/2023/10/D_NQ_NP_681430-MLU40255307954_122019-O.webp
10685	https://api.ferreterialavalleja.com/wp-content/uploads/2023/10/Pinza-Pico-De-Lor-8-Uyustools-1-8701.webp
10686	https://api.ferreterialavalleja.com/wp-content/uploads/2023/10/blob.jpg
10690	https://api.ferreterialavalleja.com/wp-content/uploads/2023/10/blob-1.jpg
10691	https://api.ferreterialavalleja.com/wp-content/uploads/2023/10/R-2.jpg
10692	https://api.ferreterialavalleja.com/wp-content/uploads/2023/10/0023359_alicate-caiman-7-uyustools-alm207.jpeg
10694	https://api.ferreterialavalleja.com/wp-content/uploads/2023/10/PR650BI9958_CP_MTA_MTA_SZ4.jpg
10695	https://api.ferreterialavalleja.com/wp-content/uploads/2023/10/PR650BI10397_CP_MTA_MTA_SZ4.jpg
10696	https://api.ferreterialavalleja.com/wp-content/uploads/2023/10/PR650BI11034_CP_MTA_MTA_SZ4.jpg
10697	https://api.ferreterialavalleja.com/wp-content/uploads/2023/10/1647005958-668a775e9bcad0632422e9d71f496f68.jpg
10698	https://api.ferreterialavalleja.com/wp-content/uploads/2023/10/1647005958-db6f6deecdeddb8efc38509a105509f1.jpg
10703	https://api.ferreterialavalleja.com/wp-content/uploads/2023/10/1000034198.png
10704	https://api.ferreterialavalleja.com/wp-content/uploads/2023/10/1000034202.png
10705	https://api.ferreterialavalleja.com/wp-content/uploads/2023/10/1000034198-1.png
10706	https://api.ferreterialavalleja.com/wp-content/uploads/2023/10/1000034200.png
10708	https://api.ferreterialavalleja.com/wp-content/uploads/2023/10/1085.jpg
10710	https://api.ferreterialavalleja.com/wp-content/uploads/2023/10/D_NQ_NP_974552-MLU54053400601_022023-O.webp
10711	https://api.ferreterialavalleja.com/wp-content/uploads/2023/10/D_NQ_NP_882939-MLU54053487397_022023-O.webp
10712	https://api.ferreterialavalleja.com/wp-content/uploads/2023/10/D_NQ_NP_805122-MLU54053150978_022023-O.webp
10713	https://api.ferreterialavalleja.com/wp-content/uploads/2023/10/D_NQ_NP_809991-MLU54053306582_022023-O.webp
10714	https://api.ferreterialavalleja.com/wp-content/uploads/2023/10/D_NQ_NP_831646-MLU49206313432_022022-O.webp
10718	https://api.ferreterialavalleja.com/wp-content/uploads/2023/10/D_NQ_NP_970275-MLU31241504628_062019-O.webp
10719	https://api.ferreterialavalleja.com/wp-content/uploads/2023/10/D_NQ_NP_701827-MLU49109835776_022022-O.webp
10720	https://api.ferreterialavalleja.com/wp-content/uploads/2023/10/D_NQ_NP_690418-MLU49109915780_022022-O.webp
10721	https://api.ferreterialavalleja.com/wp-content/uploads/2023/10/D_NQ_NP_838225-MLU49109770385_022022-O.webp
10722	https://api.ferreterialavalleja.com/wp-content/uploads/2023/10/D_NQ_NP_910037-MLU49109909803_022022-O.webp
10723	https://api.ferreterialavalleja.com/wp-content/uploads/2023/10/D_NQ_NP_818806-MLU49109740408_022022-O.webp
10726	https://api.ferreterialavalleja.com/wp-content/uploads/2023/10/D_NQ_NP_970275-MLU31241504628_062019-O-1.webp
10727	https://api.ferreterialavalleja.com/wp-content/uploads/2023/10/D_NQ_NP_802360-MLU54448169963_032023-O-1.webp
10728	https://api.ferreterialavalleja.com/wp-content/uploads/2023/10/D_NQ_NP_802360-MLU54448169963_032023-O-1-1.webp
10729	https://api.ferreterialavalleja.com/wp-content/uploads/2023/10/D_NQ_NP_843768-MLU41078448432_032020-O.webp
10730	https://api.ferreterialavalleja.com/wp-content/uploads/2023/10/D_NQ_NP_846207-MLU47426291197_092021-O.webp
10732	https://api.ferreterialavalleja.com/wp-content/uploads/2023/10/D_NQ_NP_678376-MLU54448169521_032023-O.webp
10733	https://api.ferreterialavalleja.com/wp-content/uploads/2023/10/D_NQ_NP_948733-MLU54450362294_032023-O.webp
10734	https://api.ferreterialavalleja.com/wp-content/uploads/2023/10/D_NQ_NP_948733-MLU54450362294_032023-O-1.webp
10736	https://api.ferreterialavalleja.com/wp-content/uploads/2023/10/D_NQ_NP_978853-MLU72336098103_102023-O.webp
10737	https://api.ferreterialavalleja.com/wp-content/uploads/2023/10/D_NQ_NP_763641-MLU72271810184_102023-O.webp
10740	https://api.ferreterialavalleja.com/wp-content/uploads/2023/10/D_NQ_NP_933566-MLU54164159300_032023-O.webp
10741	https://api.ferreterialavalleja.com/wp-content/uploads/2023/10/D_NQ_NP_757721-MLU44455662769_122020-O.webp
10742	https://api.ferreterialavalleja.com/wp-content/uploads/2023/10/D_NQ_NP_800640-MLU42167256145_062020-O.webp
10743	https://api.ferreterialavalleja.com/wp-content/uploads/2023/09/D_NQ_NP_915064-MLU43002034732_082020-O.webp
10744	https://api.ferreterialavalleja.com/wp-content/uploads/2023/09/D_NQ_NP_807972-MLU43002066419_082020-O.webp
10745	https://api.ferreterialavalleja.com/wp-content/uploads/2023/09/D_NQ_NP_728439-MLU43002045633_082020-O.webp
10746	https://api.ferreterialavalleja.com/wp-content/uploads/2023/09/D_NQ_NP_621358-MLU53399271817_012023-O.webp
10750	https://api.ferreterialavalleja.com/wp-content/uploads/2023/10/D_NQ_NP_788662-MLU51819310696_102022-O.webp
10751	https://api.ferreterialavalleja.com/wp-content/uploads/2023/10/D_Q_NP_894615-MLU51819247834_102022-R.webp
10752	https://api.ferreterialavalleja.com/wp-content/uploads/2023/10/D_Q_NP_701999-MLU51819326484_102022-R.webp
10753	https://api.ferreterialavalleja.com/wp-content/uploads/2023/10/D_NQ_NP_731707-MLU51819274723_102022-O.webp
10754	https://api.ferreterialavalleja.com/wp-content/uploads/2023/10/D_NQ_NP_704454-MLU72226173918_102023-O.webp
10755	https://api.ferreterialavalleja.com/wp-content/uploads/2023/10/D_NQ_NP_944333-MLU72226546508_102023-O.webp
10757	https://api.ferreterialavalleja.com/wp-content/uploads/2023/10/D_NQ_NP_2X_761306-MLU51819385215_102022-F.webp
10758	https://api.ferreterialavalleja.com/wp-content/uploads/2023/10/D_NQ_NP_2X_636378-MLU51819291999_102022-F.webp
10759	https://api.ferreterialavalleja.com/wp-content/uploads/2023/10/D_NQ_NP_2X_707668-MLU51819374297_102022-F.webp
10760	https://api.ferreterialavalleja.com/wp-content/uploads/2023/10/D_NQ_NP_2X_770175-MLU51819419034_102022-F.webp
10761	https://api.ferreterialavalleja.com/wp-content/uploads/2023/10/D_NQ_NP_2X_716793-MLU51819284956_102022-F.webp
10762	https://api.ferreterialavalleja.com/wp-content/uploads/2023/10/D_NQ_NP_2X_759414-MLU51819375283_102022-F.webp
10763	https://api.ferreterialavalleja.com/wp-content/uploads/2023/10/D_NQ_NP_2X_859141-MLU51819321712_102022-F.webp
10767	https://api.ferreterialavalleja.com/wp-content/uploads/2023/10/D_NQ_NP_936151-MLU52870660884_122022-O.webp
10772	https://api.ferreterialavalleja.com/wp-content/uploads/2023/10/Cesto-papeleiro-quadrado-Preto-copy.png
10773	https://api.ferreterialavalleja.com/wp-content/uploads/2023/10/OIP-19.jpg
10776	https://api.ferreterialavalleja.com/wp-content/uploads/2023/10/D_NQ_NP_979286-MLU47179759645_082021-O.webp
10777	https://api.ferreterialavalleja.com/wp-content/uploads/2023/10/D_Q_NP_989142-MLU69366809247_052023-R.webp
10778	https://api.ferreterialavalleja.com/wp-content/uploads/2023/10/D_NQ_NP_639231-MLU69357372988_052023-O.webp
10779	https://api.ferreterialavalleja.com/wp-content/uploads/2023/10/D_NQ_NP_772686-MLU48344844115_112021-O.webp
10780	https://api.ferreterialavalleja.com/wp-content/uploads/2023/10/D_NQ_NP_687105-MLU48344835236_112021-O.webp
10783	https://api.ferreterialavalleja.com/wp-content/uploads/2023/09/OIP-20.jpg
10784	https://api.ferreterialavalleja.com/wp-content/uploads/2023/09/R-3.jpg
10785	https://api.ferreterialavalleja.com/wp-content/uploads/2023/09/D_NQ_NP_893657-MLU31245411936_062019-O.webp
10788	https://api.ferreterialavalleja.com/wp-content/uploads/2023/10/D_NQ_NP_783597-MLU71648565180_092023-O-1.webp
10791	https://api.ferreterialavalleja.com/wp-content/uploads/2023/10/D_NQ_NP_666347-MLU31537259408_072019-O.webp
10793	https://api.ferreterialavalleja.com/wp-content/uploads/2023/10/D_NQ_NP_678647-MLU31245342437_062019-O.webp
10794	https://api.ferreterialavalleja.com/wp-content/uploads/2023/10/D_NQ_NP_777195-MLU31245366899_062019-O.webp
10795	https://api.ferreterialavalleja.com/wp-content/uploads/2023/10/D_NQ_NP_683897-MLU31245353633_062019-O.webp
10796	https://api.ferreterialavalleja.com/wp-content/uploads/2023/10/D_NQ_NP_877567-MLU50118593677_052022-O.webp
10797	https://api.ferreterialavalleja.com/wp-content/uploads/2023/10/D_NQ_NP_666347-MLU31537259408_072019-O-1.webp
10800	https://api.ferreterialavalleja.com/wp-content/uploads/2023/10/D_NQ_NP_610274-MLU26851338162_022018-O.webp
10801	https://api.ferreterialavalleja.com/wp-content/uploads/2023/10/D_NQ_NP_899462-MLU31241875088_062019-O.webp
10803	https://api.ferreterialavalleja.com/wp-content/uploads/2023/10/OIP-21.jpg
10804	https://api.ferreterialavalleja.com/wp-content/uploads/2023/10/cinta-destapa-caneria-o-9-mm-x-5-mts.jpg
10805	https://api.ferreterialavalleja.com/wp-content/uploads/2023/10/OIP-21-1.jpg
10806	https://api.ferreterialavalleja.com/wp-content/uploads/2023/10/D_705504-MLA45782761633_052021-F.jpg
10809	https://api.ferreterialavalleja.com/wp-content/uploads/2023/06/oculos-minotauro-preto-1.jpg
10812	https://api.ferreterialavalleja.com/wp-content/uploads/2023/10/D_NQ_NP_911053-MLU32029372925_082019-O.webp
10813	https://api.ferreterialavalleja.com/wp-content/uploads/2023/10/D_NQ_NP_851292-MLU27819070895_072018-O.webp
10814	https://api.ferreterialavalleja.com/wp-content/uploads/2023/10/D_NQ_NP_708188-MLU27819068904_072018-O.webp
10818	https://api.ferreterialavalleja.com/wp-content/uploads/2023/10/43144107PDM001E.jpg
10819	https://api.ferreterialavalleja.com/wp-content/uploads/2023/10/43143103PRM002G.webp
10820	https://api.ferreterialavalleja.com/wp-content/uploads/2023/10/43144101EBM001G.webp
10822	https://api.ferreterialavalleja.com/wp-content/uploads/2023/10/43144105PDM001G.jpg
10824	https://api.ferreterialavalleja.com/wp-content/uploads/2023/10/43144110PDM001G.jpg
10826	https://api.ferreterialavalleja.com/wp-content/uploads/2023/10/13788527.webp
10830	https://api.ferreterialavalleja.com/wp-content/uploads/2023/06/21966674.webp
10831	https://api.ferreterialavalleja.com/wp-content/uploads/2023/06/R-4.jpg
10834	https://api.ferreterialavalleja.com/wp-content/uploads/2023/10/3m-1436-folding-earmuff-23-db-500x500-1.webp
10836	https://api.ferreterialavalleja.com/wp-content/uploads/2023/10/D_NQ_NP_688710-MLU52819899068_122022-O.webp
10838	https://api.ferreterialavalleja.com/wp-content/uploads/2023/11/D_NQ_NP_770436-MLU50879723496_072022-O.webp
10839	https://api.ferreterialavalleja.com/wp-content/uploads/2023/11/D_NQ_NP_824611-MLU53458639564_012023-O.webp
10840	https://api.ferreterialavalleja.com/wp-content/uploads/2023/11/D_NQ_NP_722386-MLU53458702261_012023-O.webp
10841	https://api.ferreterialavalleja.com/wp-content/uploads/2023/11/D_NQ_NP_696643-MLU53458725136_012023-O.webp
10842	https://api.ferreterialavalleja.com/wp-content/uploads/2023/11/D_NQ_NP_983159-MLU50879670736_072022-O.webp
10843	https://api.ferreterialavalleja.com/wp-content/uploads/2023/11/D_NQ_NP_994025-MLU53458733104_012023-O.webp
10844	https://api.ferreterialavalleja.com/wp-content/uploads/2023/11/D_NQ_NP_732422-MLU50879718585_072022-O.webp
10845	https://api.ferreterialavalleja.com/wp-content/uploads/2023/11/D_NQ_NP_983159-MLU50879670736_072022-O-1.webp
10848	https://api.ferreterialavalleja.com/wp-content/uploads/2023/11/CUCHILLA-18MM-GUIA-METAL-C-REP.-ST-04107.png
10849	https://api.ferreterialavalleja.com/wp-content/uploads/2023/11/R-6.jpg
10851	https://api.ferreterialavalleja.com/wp-content/uploads/2023/11/ventouse-triple-tete_330186_000_1920x1440.webp
10852	https://api.ferreterialavalleja.com/wp-content/uploads/2023/11/61zYV1pcDiL._AC_SY355_.jpg
10853	https://api.ferreterialavalleja.com/wp-content/uploads/2023/11/2-15-768x768-1.png
10854	https://api.ferreterialavalleja.com/wp-content/uploads/2023/11/D_NQ_NP_2X_802526-MLU47669271307_092021-F.webp
10855	https://api.ferreterialavalleja.com/wp-content/uploads/2023/11/D_NQ_NP_2X_669113-MLU47669201821_092021-F.webp
10858	https://api.ferreterialavalleja.com/wp-content/uploads/2023/11/OIP-22.jpg
10859	https://api.ferreterialavalleja.com/wp-content/uploads/2023/11/R-7.jpg
10860	https://api.ferreterialavalleja.com/wp-content/uploads/2023/11/D_NQ_NP_794600-MLB48432385042_122021-F.jpg
10861	https://api.ferreterialavalleja.com/wp-content/uploads/2023/11/ventouses-ventouses-lifter-plastique-poignees-le.webp
10863	https://api.ferreterialavalleja.com/wp-content/uploads/2023/11/ventouses-ventouses-lifter-plastique-poignees-le-1.webp
10867	https://api.ferreterialavalleja.com/wp-content/uploads/2023/11/1000035964.jpg
10868	https://api.ferreterialavalleja.com/wp-content/uploads/2023/11/2023-11-14-17-04-06-313.png
10869	https://api.ferreterialavalleja.com/wp-content/uploads/2023/11/1000035966.png
10870	https://api.ferreterialavalleja.com/wp-content/uploads/2023/11/2023-11-14-17-05-17-466.png
10873	https://api.ferreterialavalleja.com/wp-content/uploads/2023/11/48-in-1-Universal-Wrench-360-Degree-Rotating-Tiger-Wrench-Tools-Socket-Works-With-Spline-Bolts.webp
10874	https://api.ferreterialavalleja.com/wp-content/uploads/2023/11/48-in-1-Socket-Wrench-Rotary-Spanner-Work-with-Spline-Bolts-360-Degree-Rotation-Spanner-Universal.webp
10875	https://api.ferreterialavalleja.com/wp-content/uploads/2023/11/D_NQ_NP_756308-MLU53193985012_012023-O.webp
10876	https://api.ferreterialavalleja.com/wp-content/uploads/2023/11/1000036093.png
10877	https://api.ferreterialavalleja.com/wp-content/uploads/2023/11/1000036091.png
10878	https://api.ferreterialavalleja.com/wp-content/uploads/2023/11/2023-11-15-10-17-08-910.png
10881	https://api.ferreterialavalleja.com/wp-content/uploads/2023/11/D_NQ_NP_812212-MLU69471519562_052023-O.webp
10882	https://api.ferreterialavalleja.com/wp-content/uploads/2023/11/D_Q_NP_846608-MLU69471639268_052023-R.webp
10883	https://api.ferreterialavalleja.com/wp-content/uploads/2023/11/D_Q_NP_924736-MLU69484216487_052023-R.webp
10885	https://api.ferreterialavalleja.com/wp-content/uploads/2023/11/D_NQ_NP_893635-MLU52527432666_112022-O.webp
10887	https://api.ferreterialavalleja.com/wp-content/uploads/2023/11/silicona-en-aerosol-jimo-400ml-ideal-tableros-gomas-autos-mf-D_NQ_NP_969576-MLU29219984655_012019-F.jpg
10888	https://api.ferreterialavalleja.com/wp-content/uploads/2023/11/jimo-silicone.png
10889	https://api.ferreterialavalleja.com/wp-content/uploads/2023/11/c1fbe53884690b648c5f0dfa64a22fee.png
10890	https://api.ferreterialavalleja.com/wp-content/uploads/2023/11/D_NQ_NP_893635-MLU52527432666_112022-O-1.webp
10891	https://api.ferreterialavalleja.com/wp-content/uploads/2023/11/D_NQ_NP_782266-MLU52527448530_112022-O-1.webp
10892	https://api.ferreterialavalleja.com/wp-content/uploads/2023/11/D_NQ_NP_704046-MLU52121313388_102022-O.webp
10893	https://api.ferreterialavalleja.com/wp-content/uploads/2023/11/D_NQ_NP_893635-MLU52527432666_112022-O-2.webp
10896	https://api.ferreterialavalleja.com/wp-content/uploads/2023/11/D_NQ_NP_962179-MLU48132098669_112021-O.webp
10898	https://api.ferreterialavalleja.com/wp-content/uploads/2023/11/D_NQ_NP_817526-MLU31244244978_062019-O.webp
10899	https://api.ferreterialavalleja.com/wp-content/uploads/2023/11/D_NQ_NP_911801-MLU31244264058_062019-O.webp
10900	https://api.ferreterialavalleja.com/wp-content/uploads/2023/11/1670864941_700425b4e738d85121b514bc746a1df8.jpg
10903	https://api.ferreterialavalleja.com/wp-content/uploads/2023/11/D_NQ_NP_840144-MLU49268079905_032022-O.webp
10904	https://api.ferreterialavalleja.com/wp-content/uploads/2023/11/D_NQ_NP_821673-MLU49268064978_032022-O.webp
10905	https://api.ferreterialavalleja.com/wp-content/uploads/2023/11/D_NQ_NP_611596-MLU49268004946_032022-O.webp
10907	https://api.ferreterialavalleja.com/wp-content/uploads/2023/11/D_NQ_NP_850437-MLU50739011605_072022-O.webp
10908	https://api.ferreterialavalleja.com/wp-content/uploads/2023/11/D_NQ_NP_971620-MLU49268407527_032022-O.webp
10909	https://api.ferreterialavalleja.com/wp-content/uploads/2023/11/D_NQ_NP_736162-MLU49268417531_032022-O.webp
10910	https://api.ferreterialavalleja.com/wp-content/uploads/2023/11/D_NQ_NP_714174-MLU49268473482_032022-O.webp
10911	https://api.ferreterialavalleja.com/wp-content/uploads/2023/11/D_NQ_NP_677135-MLU50739056324_072022-O-1.webp
10914	https://api.ferreterialavalleja.com/wp-content/uploads/2023/11/D_NQ_NP_716308-MLU44526296302_012021-O.webp
10918	https://api.ferreterialavalleja.com/wp-content/uploads/2023/11/D_NQ_NP_889798-MLU72845313624_112023-O.webp
10919	https://api.ferreterialavalleja.com/wp-content/uploads/2023/11/D_NQ_NP_646551-MLU72845323728_112023-O.webp
10921	https://api.ferreterialavalleja.com/wp-content/uploads/2023/07/D_NQ_NP_711622-MLU52910738223_122022-O.webp
10923	https://api.ferreterialavalleja.com/wp-content/uploads/2023/11/D_NQ_NP_885699-MLU50515330760_062022-O.webp
10924	https://api.ferreterialavalleja.com/wp-content/uploads/2023/11/D_NQ_NP_852786-MLU50515465345_062022-O.webp
10925	https://api.ferreterialavalleja.com/wp-content/uploads/2023/11/D_NQ_NP_731253-MLU50515406604_062022-O.webp
10926	https://api.ferreterialavalleja.com/wp-content/uploads/2023/11/D_NQ_NP_988054-MLU50515546018_062022-O.webp
10928	https://api.ferreterialavalleja.com/wp-content/uploads/2023/11/MK0569mk0569-foto-286_fr.jpg
10929	https://api.ferreterialavalleja.com/wp-content/uploads/2023/11/s-l400.jpg
10930	https://api.ferreterialavalleja.com/wp-content/uploads/2023/11/s-l1600.jpg
10932	https://api.ferreterialavalleja.com/wp-content/uploads/2023/11/D_NQ_NP_619692-MLU53964477855_022023-O.webp
10933	https://api.ferreterialavalleja.com/wp-content/uploads/2023/11/D_Q_NP_615073-MLU53964477856_022023-R.webp
10934	https://api.ferreterialavalleja.com/wp-content/uploads/2023/11/D_NQ_NP_616325-MLU53964368763_022023-O.webp
10935	https://api.ferreterialavalleja.com/wp-content/uploads/2023/11/D_NQ_NP_661937-MLU53964858147_022023-O.webp
10936	https://api.ferreterialavalleja.com/wp-content/uploads/2023/11/D_NQ_NP_728130-MLU53964751587_022023-O.webp
10937	https://api.ferreterialavalleja.com/wp-content/uploads/2023/11/D_NQ_NP_616325-MLU53964368763_022023-O-1.webp
10945	https://api.ferreterialavalleja.com/wp-content/uploads/2023/11/D_NQ_NP_2X_657506-MLU49694489224_042022-F.webp
10947	https://api.ferreterialavalleja.com/wp-content/uploads/2023/11/D_NQ_NP_744143-MLU69322019851_052023-O.webp
10948	https://api.ferreterialavalleja.com/wp-content/uploads/2023/11/D_NQ_NP_750991-MLU70651433897_072023-O.webp
10951	https://api.ferreterialavalleja.com/wp-content/uploads/2023/11/D_NQ_NP_910609-MLU43483743119_092020-O.webp
10952	https://api.ferreterialavalleja.com/wp-content/uploads/2023/11/D_NQ_NP_814245-MLU43483740192_092020-O.webp
10954	https://api.ferreterialavalleja.com/wp-content/uploads/2023/11/D_NQ_NP_949832-MCO43978926350_112020-O.webp
10955	https://api.ferreterialavalleja.com/wp-content/uploads/2023/11/D_NQ_NP_999697-MCO43978780655_112020-O.webp
10956	https://api.ferreterialavalleja.com/wp-content/uploads/2023/11/D_NQ_NP_885166-MCO43978927271_112020-O.webp
10958	https://api.ferreterialavalleja.com/wp-content/uploads/2023/11/R-8.jpg
10959	https://api.ferreterialavalleja.com/wp-content/uploads/2023/11/Funnel-Set-of-4-with-Filter.jpg
10960	https://api.ferreterialavalleja.com/wp-content/uploads/2023/11/D_NQ_NP_2X_813196-CBT51732504794_092022-F.jpg
10961	https://api.ferreterialavalleja.com/wp-content/uploads/2023/11/D_NQ_NP_665947-CBT72703323395_112023-O.webp
10962	https://api.ferreterialavalleja.com/wp-content/uploads/2023/11/D_NQ_NP_2X_600987-CBT72703323407_112023-F.webp
10964	https://api.ferreterialavalleja.com/wp-content/uploads/2023/11/D_NQ_NP_691186-MLU71678612056_092023-O.webp
10965	https://api.ferreterialavalleja.com/wp-content/uploads/2023/11/D_NQ_NP_750040-MLU71729875071_092023-O.webp
10966	https://api.ferreterialavalleja.com/wp-content/uploads/2023/11/D_NQ_NP_741723-MLU50551552391_072022-O.webp
10967	https://api.ferreterialavalleja.com/wp-content/uploads/2023/11/D_NQ_NP_760076-MLU50551693207_072022-O.webp
10968	https://api.ferreterialavalleja.com/wp-content/uploads/2023/11/D_NQ_NP_761026-MLU50551759080_072022-O.webp
10969	https://api.ferreterialavalleja.com/wp-content/uploads/2023/11/D_NQ_NP_677232-MLU50551759079_072022-O.webp
10970	https://api.ferreterialavalleja.com/wp-content/uploads/2023/11/D_NQ_NP_884484-MLU50551487657_072022-O.webp
10972	https://api.ferreterialavalleja.com/wp-content/uploads/2023/11/D_NQ_NP_917383-MLU70713820016_072023-O.webp
10973	https://api.ferreterialavalleja.com/wp-content/uploads/2023/11/D_NQ_NP_668256-MLU70713885894_072023-O.webp
10974	https://api.ferreterialavalleja.com/wp-content/uploads/2023/11/D_Q_NP_892441-MLU70713820018_072023-R.webp
10975	https://api.ferreterialavalleja.com/wp-content/uploads/2023/11/D_NQ_NP_917383-MLU70713820016_072023-O-1.webp
10976	https://api.ferreterialavalleja.com/wp-content/uploads/2023/11/D_NQ_NP_681681-MLU70713820012_072023-O.webp
10978	https://api.ferreterialavalleja.com/wp-content/uploads/2023/11/2023-11-24-08-40-48-244.png
10979	https://api.ferreterialavalleja.com/wp-content/uploads/2023/11/1000036972.png
10980	https://api.ferreterialavalleja.com/wp-content/uploads/2023/11/1000036970.png
10982	https://api.ferreterialavalleja.com/wp-content/uploads/2023/11/2023-11-24-09-15-47-249.png
10983	https://api.ferreterialavalleja.com/wp-content/uploads/2023/11/1000036990.png
10984	https://api.ferreterialavalleja.com/wp-content/uploads/2023/11/1000036987.png
10985	https://api.ferreterialavalleja.com/wp-content/uploads/2023/11/1000036992.png
10986	https://api.ferreterialavalleja.com/wp-content/uploads/2023/11/1000036992-1.png
10987	https://api.ferreterialavalleja.com/wp-content/uploads/2023/11/1000036994.png
10988	https://api.ferreterialavalleja.com/wp-content/uploads/2023/11/1000036993.png
10989	https://api.ferreterialavalleja.com/wp-content/uploads/2023/11/1000037006.png
10990	https://api.ferreterialavalleja.com/wp-content/uploads/2023/11/1000037002.jpg
10991	https://api.ferreterialavalleja.com/wp-content/uploads/2023/11/2023-11-24-09-45-30-964.png
10992	https://api.ferreterialavalleja.com/wp-content/uploads/2023/11/1000037016.png
10993	https://api.ferreterialavalleja.com/wp-content/uploads/2023/11/1000037019.png
10997	https://api.ferreterialavalleja.com/wp-content/uploads/2023/11/2023-11-24-10-36-48-172.png
11001	https://api.ferreterialavalleja.com/wp-content/uploads/2023/11/1000036985-1.png
11005	https://api.ferreterialavalleja.com/wp-content/uploads/2023/11/D_NQ_NP_962664-MLA41429807298_042020-O.webp
11008	https://api.ferreterialavalleja.com/wp-content/uploads/2023/11/OIP-23.jpg
11009	https://api.ferreterialavalleja.com/wp-content/uploads/2023/11/2023-11-24-12-05-53-572.jpg
11012	https://api.ferreterialavalleja.com/wp-content/uploads/2023/11/D_NQ_NP_952231-MLU53665513280_022023-O.webp
11013	https://api.ferreterialavalleja.com/wp-content/uploads/2023/11/D_NQ_NP_713550-MLU48126251757_112021-O.webp
11014	https://api.ferreterialavalleja.com/wp-content/uploads/2023/11/D_NQ_NP_858721-MLU48126768590_112021-O.webp
11015	https://api.ferreterialavalleja.com/wp-content/uploads/2023/11/D_NQ_NP_855854-MLU48126223964_112021-O.webp
11016	https://api.ferreterialavalleja.com/wp-content/uploads/2023/11/D_NQ_NP_798356-MLU48126267645_112021-O.webp
11017	https://api.ferreterialavalleja.com/wp-content/uploads/2023/11/D_NQ_NP_665007-MLU72614248928_112023-O.webp
11019	https://api.ferreterialavalleja.com/wp-content/uploads/2023/11/D_NQ_NP_666368-MLU27827461840_072018-O.webp
11020	https://api.ferreterialavalleja.com/wp-content/uploads/2023/11/D_NQ_NP_957593-MLU31240652683_062019-O.webp
11022	https://api.ferreterialavalleja.com/wp-content/uploads/2023/11/D_NQ_NP_719822-MLU70462665175_072023-O.webp
11023	https://api.ferreterialavalleja.com/wp-content/uploads/2023/11/D_NQ_NP_2X_670784-MLU70462428271_072023-F.webp
11024	https://api.ferreterialavalleja.com/wp-content/uploads/2023/11/D_NQ_NP_677977-MLA51778795086_092022-O.webp
11025	https://api.ferreterialavalleja.com/wp-content/uploads/2023/11/D_NQ_NP_662047-MLA51798565436_102022-O.webp
11027	https://api.ferreterialavalleja.com/wp-content/uploads/2023/11/D_NQ_NP_623354-MLU71422786776_092023-O.webp
11028	https://api.ferreterialavalleja.com/wp-content/uploads/2023/11/D_NQ_NP_958257-MLU71422462460_092023-O.webp
11029	https://api.ferreterialavalleja.com/wp-content/uploads/2023/11/D_NQ_NP_729724-MLU71422786780_092023-O.webp
11030	https://api.ferreterialavalleja.com/wp-content/uploads/2023/11/D_NQ_NP_983519-MLU43387777971_092020-O.webp
11031	https://api.ferreterialavalleja.com/wp-content/uploads/2023/11/D_Q_NP_870777-MLU43387819163_092020-R.webp
11032	https://api.ferreterialavalleja.com/wp-content/uploads/2023/11/D_NQ_NP_708161-MLU43387826014_092020-O.webp
11033	https://api.ferreterialavalleja.com/wp-content/uploads/2023/11/D_NQ_NP_612993-MLU54754681957_032023-O.webp
11035	https://api.ferreterialavalleja.com/wp-content/uploads/2023/11/D_NQ_NP_730924-MLU47384110543_092021-O.webp
11036	https://api.ferreterialavalleja.com/wp-content/uploads/2023/11/D_NQ_NP_833727-MLU47384032937_092021-O.webp
11037	https://api.ferreterialavalleja.com/wp-content/uploads/2023/11/D_NQ_NP_911192-MLU52308437529_112022-O.webp
11038	https://api.ferreterialavalleja.com/wp-content/uploads/2023/11/D_NQ_NP_988834-MLU52308457327_112022-O.webp
11047	https://api.ferreterialavalleja.com/wp-content/uploads/2023/11/D_NQ_NP_810016-MLU71173576895_082023-O.webp
11048	https://api.ferreterialavalleja.com/wp-content/uploads/2023/11/D_NQ_NP_810016-MLU71173576895_082023-O-1.webp
11049	https://api.ferreterialavalleja.com/wp-content/uploads/2023/11/D_NQ_NP_831704-MLU31476258888_072019-O.webp
11051	https://api.ferreterialavalleja.com/wp-content/uploads/2023/11/D_NQ_NP_2X_797939-MLU72578585473_102023-F.webp
11052	https://api.ferreterialavalleja.com/wp-content/uploads/2023/11/D_NQ_NP_990442-MLU72578585469_102023-O.webp
11053	https://api.ferreterialavalleja.com/wp-content/uploads/2023/11/D_NQ_NP_2X_659081-MLU72578585467_102023-F.webp
11054	https://api.ferreterialavalleja.com/wp-content/uploads/2023/11/D_NQ_NP_2X_836365-MLU72578585465_102023-F.webp
11055	https://api.ferreterialavalleja.com/wp-content/uploads/2023/11/D_NQ_NP_894809-MLU72578585471_102023-O.webp
11057	https://api.ferreterialavalleja.com/wp-content/uploads/2023/11/D_NQ_NP_650982-MLU42167291778_062020-O.webp
11058	https://api.ferreterialavalleja.com/wp-content/uploads/2023/11/D_NQ_NP_650982-MLU42167291778_062020-O-1.webp
11059	https://api.ferreterialavalleja.com/wp-content/uploads/2023/11/D_NQ_NP_683796-MLU42167128902_062020-O.webp
11060	https://api.ferreterialavalleja.com/wp-content/uploads/2023/11/D_NQ_NP_871218-MLU31243791573_062019-O.webp
11063	https://api.ferreterialavalleja.com/wp-content/uploads/2023/11/D_NQ_NP_683796-MLU42167128902_062020-O-1.webp
11064	https://api.ferreterialavalleja.com/wp-content/uploads/2023/11/D_NQ_NP_811674-MLU41532806963_042020-O.webp
11065	https://api.ferreterialavalleja.com/wp-content/uploads/2023/11/D_NQ_NP_811674-MLU41532806963_042020-O-1.webp
11067	https://api.ferreterialavalleja.com/wp-content/uploads/2023/11/D_NQ_NP_985917-MLU53710065324_022023-O.webp
11068	https://api.ferreterialavalleja.com/wp-content/uploads/2023/11/D_NQ_NP_898157-MLU53709986523_022023-O.webp
11070	https://api.ferreterialavalleja.com/wp-content/uploads/2023/11/D_NQ_NP_733618-MLC46693504191_072021-O.webp
11071	https://api.ferreterialavalleja.com/wp-content/uploads/2023/11/D_NQ_NP_950596-MLU70044986444_062023-O.webp
11073	https://api.ferreterialavalleja.com/wp-content/uploads/2023/11/D_NQ_NP_948276-MLU49356417680_032022-O.webp
11074	https://api.ferreterialavalleja.com/wp-content/uploads/2023/11/D_NQ_NP_814271-MLA46222819441_052021-O.webp
11075	https://api.ferreterialavalleja.com/wp-content/uploads/2023/11/D_NQ_NP_2X_648304-MLA46222819443_052021-F.webp
11077	https://api.ferreterialavalleja.com/wp-content/uploads/2023/11/D_NQ_NP_847360-MLU44050897122_112020-O.webp
11078	https://api.ferreterialavalleja.com/wp-content/uploads/2023/11/D_Q_NP_828415-MLU44050868983_112020-R.webp
11079	https://api.ferreterialavalleja.com/wp-content/uploads/2023/11/D_Q_NP_606845-MLU71981131844_092023-R.webp
11080	https://api.ferreterialavalleja.com/wp-content/uploads/2023/11/D_NQ_NP_2X_686905-MLU51737534594_092022-F.webp
11081	https://api.ferreterialavalleja.com/wp-content/uploads/2023/11/D_NQ_NP_696379-MLA46523477635_062021-O.webp
11083	https://api.ferreterialavalleja.com/wp-content/uploads/2023/11/D_NQ_NP_868598-MLU70815813449_082023-O.webp
11084	https://api.ferreterialavalleja.com/wp-content/uploads/2023/11/D_NQ_NP_778307-MLU70815813451_082023-O.webp
11085	https://api.ferreterialavalleja.com/wp-content/uploads/2023/11/D_Q_NP_608704-MLU70816050045_082023-R.webp
11086	https://api.ferreterialavalleja.com/wp-content/uploads/2023/11/D_Q_NP_619375-MLU54983520831_052023-R.webp
11087	https://api.ferreterialavalleja.com/wp-content/uploads/2023/11/D_NQ_NP_739039-MLU69248869183_052023-O.webp
11088	https://api.ferreterialavalleja.com/wp-content/uploads/2023/11/D_NQ_NP_769112-MLU69249413217_052023-O.webp
11089	https://api.ferreterialavalleja.com/wp-content/uploads/2023/11/D_NQ_NP_897596-MLU70708769110_072023-O.webp
11091	https://api.ferreterialavalleja.com/wp-content/uploads/2023/11/D_NQ_NP_899988-MLU72164549397_102023-O.webp
11092	https://api.ferreterialavalleja.com/wp-content/uploads/2023/11/61LPoy1Nx6L._AC_SX466_.jpg
11093	https://api.ferreterialavalleja.com/wp-content/uploads/2023/11/OIP-24.jpg
11094	https://api.ferreterialavalleja.com/wp-content/uploads/2023/11/61LPoy1Nx6L._AC_SX466_-1.jpg
11095	https://api.ferreterialavalleja.com/wp-content/uploads/2023/11/105238797881524.jpg
11096	https://api.ferreterialavalleja.com/wp-content/uploads/2023/11/OIP-25.jpg
11105	https://api.ferreterialavalleja.com/wp-content/uploads/2023/12/5cdeb05d2544d.jpg
11106	https://api.ferreterialavalleja.com/wp-content/uploads/2023/12/5cdeb06178715.jpg
11109	https://api.ferreterialavalleja.com/wp-content/uploads/2023/12/632c555004489-2.jpg
11110	https://api.ferreterialavalleja.com/wp-content/uploads/2023/12/6480dcfd1b6ec.jpg
11111	https://api.ferreterialavalleja.com/wp-content/uploads/2023/12/584cb34607cb9.jpg
11112	https://api.ferreterialavalleja.com/wp-content/uploads/2023/12/586bb30498caf.jpg
11113	https://api.ferreterialavalleja.com/wp-content/uploads/2023/12/584cb76dda439.jpg
11114	https://api.ferreterialavalleja.com/wp-content/uploads/2023/12/6480ddedc2f1b.jpg
11115	https://api.ferreterialavalleja.com/wp-content/uploads/2023/12/5cdeb06178715-1.jpg
11116	https://api.ferreterialavalleja.com/wp-content/uploads/2023/12/5cdeb05d2544d-1.jpg
11120	https://api.ferreterialavalleja.com/wp-content/uploads/2023/12/2023-12-12-10-21-05-632.png
11121	https://api.ferreterialavalleja.com/wp-content/uploads/2023/12/D_NQ_NP_801023-MLU50864734291_072022-O.webp
11122	https://api.ferreterialavalleja.com/wp-content/uploads/2023/12/D_NQ_NP_2X_949249-MLU50864727277_072022-F.webp
11123	https://api.ferreterialavalleja.com/wp-content/uploads/2023/12/D_NQ_NP_2X_745637-MLU50864623722_072022-F.webp
11124	https://api.ferreterialavalleja.com/wp-content/uploads/2023/12/D_NQ_NP_2X_816532-MLU50864569963_072022-F.webp
11126	https://api.ferreterialavalleja.com/wp-content/uploads/2023/12/2023-12-12-10-37-42-574.png
11128	https://api.ferreterialavalleja.com/wp-content/uploads/2023/12/2023-12-12-10-54-30-870.png
11130	https://api.ferreterialavalleja.com/wp-content/uploads/2023/12/D_NQ_NP_985917-MLU53710065324_022023-O-1.webp
11131	https://api.ferreterialavalleja.com/wp-content/uploads/2023/12/D_NQ_NP_898157-MLU53709986523_022023-O-1.webp
11133	https://api.ferreterialavalleja.com/wp-content/uploads/2023/12/2023-12-12-11-21-44-138-1.png
11134	https://api.ferreterialavalleja.com/wp-content/uploads/2023/12/2023-12-12-11-21-44-138-1-1.png
11135	https://api.ferreterialavalleja.com/wp-content/uploads/2023/12/2023-12-12-11-21-44-138.png
11136	https://api.ferreterialavalleja.com/wp-content/uploads/2023/12/OIP-26.jpg
11138	https://api.ferreterialavalleja.com/wp-content/uploads/2023/12/2023-12-12-12-05-14-404.png
11141	https://api.ferreterialavalleja.com/wp-content/uploads/2023/12/D_NQ_NP_601024-MLU43101377481_082020-O.webp
11142	https://api.ferreterialavalleja.com/wp-content/uploads/2023/12/D_NQ_NP_601024-MLU43101377481_082020-O-1.webp
11144	https://api.ferreterialavalleja.com/wp-content/uploads/2023/12/1000039305.png
11145	https://api.ferreterialavalleja.com/wp-content/uploads/2023/12/1000039302.png
11146	https://api.ferreterialavalleja.com/wp-content/uploads/2023/12/1000039305-1.png
11149	https://api.ferreterialavalleja.com/wp-content/uploads/2023/12/2023-12-12-16-12-39-386.png
11150	https://api.ferreterialavalleja.com/wp-content/uploads/2023/12/1000039310.png
11151	https://api.ferreterialavalleja.com/wp-content/uploads/2023/12/1000039313.png
11153	https://api.ferreterialavalleja.com/wp-content/uploads/2023/12/D_NQ_NP_629360-MLU49863644857_052022-O.webp
11154	https://api.ferreterialavalleja.com/wp-content/uploads/2023/12/D_NQ_NP_719014-MLU49863586906_052022-O.webp
11155	https://api.ferreterialavalleja.com/wp-content/uploads/2023/12/D_NQ_NP_871222-MLU49863686456_052022-O.webp
11156	https://api.ferreterialavalleja.com/wp-content/uploads/2023/12/D_NQ_NP_658926-MLU49863666611_052022-O.webp
11157	https://api.ferreterialavalleja.com/wp-content/uploads/2023/12/D_NQ_NP_2X_689711-MLU49863708457_052022-F.webp
11158	https://api.ferreterialavalleja.com/wp-content/uploads/2023/09/D_NQ_NP_725463-MLU45654857274_042021-O.webp
11159	https://api.ferreterialavalleja.com/wp-content/uploads/2023/09/D_NQ_NP_902092-MLU45686760679_042021-O-1.webp
11160	https://api.ferreterialavalleja.com/wp-content/uploads/2023/09/D_NQ_NP_789279-MLU45686818417_042021-O.webp
11161	https://api.ferreterialavalleja.com/wp-content/uploads/2023/09/D_Q_NP_710750-MLU43484617335_092020-R.webp
11162	https://api.ferreterialavalleja.com/wp-content/uploads/2023/09/D_NQ_NP_658295-MLU45686769671_042021-O.webp
11163	https://api.ferreterialavalleja.com/wp-content/uploads/2023/09/D_NQ_NP_658295-MLU45686769671_042021-O-1.webp
11166	https://api.ferreterialavalleja.com/wp-content/uploads/2023/12/D_NQ_NP_937096-MLU51919303493_102022-O.webp
11167	https://api.ferreterialavalleja.com/wp-content/uploads/2023/12/2023-12-13-09-50-39-394.png
11168	https://api.ferreterialavalleja.com/wp-content/uploads/2023/12/1000039450.png
11169	https://api.ferreterialavalleja.com/wp-content/uploads/2023/12/1000039452.png
11170	https://api.ferreterialavalleja.com/wp-content/uploads/2023/12/1000039446.png
11171	https://api.ferreterialavalleja.com/wp-content/uploads/2023/12/1000039448.png
11172	https://api.ferreterialavalleja.com/wp-content/uploads/2023/12/1000039454.png
11173	https://api.ferreterialavalleja.com/wp-content/uploads/2023/12/1000039444-1.png
11177	https://api.ferreterialavalleja.com/wp-content/uploads/2023/12/1000039444-1-1.png
11178	https://api.ferreterialavalleja.com/wp-content/uploads/2023/12/577751-800-800-1.webp
11180	https://api.ferreterialavalleja.com/wp-content/uploads/2023/12/577751-800-800-1-1.webp
11181	https://api.ferreterialavalleja.com/wp-content/uploads/2023/12/1000039735.png
11182	https://api.ferreterialavalleja.com/wp-content/uploads/2023/12/1000039735-1.png
11183	https://api.ferreterialavalleja.com/wp-content/uploads/2023/12/1000039709-1.png
11186	https://api.ferreterialavalleja.com/wp-content/uploads/2023/12/D_NQ_NP_922641-MLU47064259879_082021-O.webp
11187	https://api.ferreterialavalleja.com/wp-content/uploads/2023/12/D_NQ_NP_905212-MLU47064350552_082021-O.webp
11188	https://api.ferreterialavalleja.com/wp-content/uploads/2023/12/D_NQ_NP_856968-MLU47064372448_082021-O.webp
11189	https://api.ferreterialavalleja.com/wp-content/uploads/2023/12/D_NQ_NP_777186-MLU47064401274_082021-O.webp
11191	https://api.ferreterialavalleja.com/wp-content/uploads/2023/12/thumbnail_1000039823.png
11192	https://api.ferreterialavalleja.com/wp-content/uploads/2023/12/thumbnail_1000039826.png
11193	https://api.ferreterialavalleja.com/wp-content/uploads/2023/12/thumbnail_1000039821.png
11194	https://api.ferreterialavalleja.com/wp-content/uploads/2023/12/1600264388_30a4ad61d1b81b2be31d3af58ada35ae.jpg
11195	https://api.ferreterialavalleja.com/wp-content/uploads/2023/12/R-10.jpg
11198	https://api.ferreterialavalleja.com/wp-content/uploads/2023/12/1000039866.png
11199	https://api.ferreterialavalleja.com/wp-content/uploads/2023/12/1000039868.png
11200	https://api.ferreterialavalleja.com/wp-content/uploads/2023/12/1000039862.png
11201	https://api.ferreterialavalleja.com/wp-content/uploads/2023/12/1000039870.png
11202	https://api.ferreterialavalleja.com/wp-content/uploads/2023/12/1000039864.png
11204	https://api.ferreterialavalleja.com/wp-content/uploads/2023/12/2023-12-15-10-41-58-249.jpg
11205	https://api.ferreterialavalleja.com/wp-content/uploads/2023/12/1000039966.jpg
11206	https://api.ferreterialavalleja.com/wp-content/uploads/2023/12/1000039946.jpg
11207	https://api.ferreterialavalleja.com/wp-content/uploads/2023/12/1000039964.jpg
11208	https://api.ferreterialavalleja.com/wp-content/uploads/2023/12/1000039946-1.jpg
11209	https://api.ferreterialavalleja.com/wp-content/uploads/2023/12/1000039958.png
11210	https://api.ferreterialavalleja.com/wp-content/uploads/2023/12/1000039951.png
11211	https://api.ferreterialavalleja.com/wp-content/uploads/2023/12/1000039951-1.png
11212	https://api.ferreterialavalleja.com/wp-content/uploads/2023/12/2023-12-15-10-41-58-249-1.jpg
11213	https://api.ferreterialavalleja.com/wp-content/uploads/2023/12/1000040008.jpg
11214	https://api.ferreterialavalleja.com/wp-content/uploads/2023/12/1000040012.jpg
11215	https://api.ferreterialavalleja.com/wp-content/uploads/2023/12/1000040006-1.png
11216	https://api.ferreterialavalleja.com/wp-content/uploads/2023/12/1000040013.jpg
11217	https://api.ferreterialavalleja.com/wp-content/uploads/2023/12/1000039991.jpg
11218	https://api.ferreterialavalleja.com/wp-content/uploads/2023/12/1000040002.png
11220	https://api.ferreterialavalleja.com/wp-content/uploads/2023/07/obamalla-malla-sombra-6x3m-90-negra-ppatio-jardin-D_NQ_NP_781052-MLM27595100042_062018-F.jpg
11222	https://api.ferreterialavalleja.com/wp-content/uploads/2023/12/2023-12-15-11-24-26-079.png
11225	https://api.ferreterialavalleja.com/wp-content/uploads/2023/12/OIP-27.jpg
11226	https://api.ferreterialavalleja.com/wp-content/uploads/2023/12/D_NQ_NP_2X_639762-MLM43348465335_092020-F.jpg
11227	https://api.ferreterialavalleja.com/wp-content/uploads/2023/12/OIP-28.jpg
11230	https://api.ferreterialavalleja.com/wp-content/uploads/2023/12/OIP-29.jpg
11231	https://api.ferreterialavalleja.com/wp-content/uploads/2023/12/OIP-30.jpg
11232	https://api.ferreterialavalleja.com/wp-content/uploads/2023/12/Malla-Sombra-Verde-90-3.70-m-ancho-min.jpg
11233	https://api.ferreterialavalleja.com/wp-content/uploads/2023/12/malla-sombra-verde-o-azul-baldivia-D_NQ_NP_679001-MLU20249968953_022015-F.jpg
11235	https://api.ferreterialavalleja.com/wp-content/uploads/2023/12/D_NQ_NP_2X_777131-MLU49159061326_022022-F.webp
11236	https://api.ferreterialavalleja.com/wp-content/uploads/2023/12/D_NQ_NP_2X_754700-MLU49159006922_022022-F.webp
11237	https://api.ferreterialavalleja.com/wp-content/uploads/2023/12/D_NQ_NP_2X_740940-MLU49159052397_022022-F.webp
11238	https://api.ferreterialavalleja.com/wp-content/uploads/2023/12/G1841AR-1024x683-1.jpg
11239	https://api.ferreterialavalleja.com/wp-content/uploads/2023/12/productos34_47514.jpg
11240	https://api.ferreterialavalleja.com/wp-content/uploads/2023/12/productos35_47515.jpg
11241	https://api.ferreterialavalleja.com/wp-content/uploads/2023/12/productos35_48159.jpg
11242	https://api.ferreterialavalleja.com/wp-content/uploads/2023/12/productos35_51621.jpg
11243	https://api.ferreterialavalleja.com/wp-content/uploads/2023/12/D_635730-MLA48246089650_112021-O.jpg
11245	https://api.ferreterialavalleja.com/wp-content/uploads/2023/12/D_NQ_NP_992597-MLU50175902230_062022-O.webp
11246	https://api.ferreterialavalleja.com/wp-content/uploads/2023/12/D_NQ_NP_992597-MLU50175902230_062022-O-1.webp
11247	https://api.ferreterialavalleja.com/wp-content/uploads/2023/12/D_NQ_NP_992597-MLU50175902230_062022-O-2.webp
11248	https://api.ferreterialavalleja.com/wp-content/uploads/2023/12/D_NQ_NP_645771-MLU49158976196_022022-O.webp
11249	https://api.ferreterialavalleja.com/wp-content/uploads/2023/12/D_NQ_NP_885624-MLU49158988039_022022-O.webp
11250	https://api.ferreterialavalleja.com/wp-content/uploads/2023/12/D_NQ_NP_691446-MLU51403515619_092022-O.webp
11251	https://api.ferreterialavalleja.com/wp-content/uploads/2023/12/2023-12-16-09-54-08-651.png
11252	https://api.ferreterialavalleja.com/wp-content/uploads/2023/12/2023-12-16-09-54-08-651-1.png
11257	https://api.ferreterialavalleja.com/wp-content/uploads/2023/12/D_NQ_NP_803166-MLU52941427791_122022-O.webp
11258	https://api.ferreterialavalleja.com/wp-content/uploads/2023/12/D_NQ_NP_745218-MLU51293903841_082022-O.webp
11259	https://api.ferreterialavalleja.com/wp-content/uploads/2023/12/D_NQ_NP_675764-MLU51294107031_082022-O.webp
11260	https://api.ferreterialavalleja.com/wp-content/uploads/2023/12/D_NQ_NP_784929-MLU51294698099_082022-O.webp
11261	https://api.ferreterialavalleja.com/wp-content/uploads/2023/12/D_NQ_NP_2X_869435-MLU51294088122_082022-F.webp
11262	https://api.ferreterialavalleja.com/wp-content/uploads/2023/12/D_NQ_NP_798265-MLU47060089961_082021-O.webp
11263	https://api.ferreterialavalleja.com/wp-content/uploads/2023/12/D_NQ_NP_936403-MLU47060325110_082021-O.webp
11269	https://api.ferreterialavalleja.com/wp-content/uploads/2023/12/D_NQ_NP_890330-MLU31241229964_062019-O.webp
11270	https://api.ferreterialavalleja.com/wp-content/uploads/2023/12/D_NQ_NP_865727-MLU31241253678_062019-O.webp
11271	https://api.ferreterialavalleja.com/wp-content/uploads/2023/12/D_NQ_NP_663795-MLU31241231976_062019-O.webp
11275	https://api.ferreterialavalleja.com/wp-content/uploads/2023/12/D_NQ_NP_2X_667191-MLU71171385171_082023-F.webp
11276	https://api.ferreterialavalleja.com/wp-content/uploads/2023/12/D_NQ_NP_2X_806439-MLU71171385175_082023-F.webp
11277	https://api.ferreterialavalleja.com/wp-content/uploads/2023/12/D_NQ_NP_806439-MLU71171385175_082023-O.webp
11278	https://api.ferreterialavalleja.com/wp-content/uploads/2023/12/OIP-31.jpg
11288	https://api.ferreterialavalleja.com/wp-content/uploads/2023/06/D_NQ_NP_844392-MLU71521059245_092023-O.webp
11290	https://api.ferreterialavalleja.com/wp-content/uploads/2023/12/D_NQ_NP_645516-MLU30038976175_042019-O.webp
11294	https://api.ferreterialavalleja.com/wp-content/uploads/2023/07/D_NQ_NP_621497-MLU70369103221_072023-O.webp
11297	https://api.ferreterialavalleja.com/wp-content/uploads/2023/12/44833008DDM001G.jpg
11298	https://api.ferreterialavalleja.com/wp-content/uploads/2023/12/44833113PNM001G.png
11299	https://api.ferreterialavalleja.com/wp-content/uploads/2023/12/44833113PNM001G-1.png
11304	https://api.ferreterialavalleja.com/wp-content/uploads/2023/12/61V6GEoMi3L._SX522_.jpg
11305	https://api.ferreterialavalleja.com/wp-content/uploads/2023/12/71z1QJbqIsL._SX522_.jpg
11306	https://api.ferreterialavalleja.com/wp-content/uploads/2023/12/71pHxvKDQHL._SX466_.jpg
11307	https://api.ferreterialavalleja.com/wp-content/uploads/2023/12/71nhDzyumL._SX522_.jpg
11308	https://api.ferreterialavalleja.com/wp-content/uploads/2023/12/71EigXZTR9L._SL1500_.jpg
11309	https://api.ferreterialavalleja.com/wp-content/uploads/2023/12/71hD65BpRbL._SL1500_.jpg
11310	https://api.ferreterialavalleja.com/wp-content/uploads/2023/12/71IO1zPhpTL._AC_SX522_.jpg
11313	https://api.ferreterialavalleja.com/wp-content/uploads/2023/12/D_NQ_NP_967721-MLU52351415943_112022-O.webp
11314	https://api.ferreterialavalleja.com/wp-content/uploads/2023/12/D_NQ_NP_705356-MLU48270116931_112021-O.webp
11320	https://api.ferreterialavalleja.com/wp-content/uploads/2023/12/D_NQ_NP_738587-MLU71954949883_092023-O.webp
11321	https://api.ferreterialavalleja.com/wp-content/uploads/2023/12/D_NQ_NP_651936-MLU71899272958_092023-O.webp
11322	https://api.ferreterialavalleja.com/wp-content/uploads/2023/12/D_NQ_NP_956743-MLU71899974776_092023-O.webp
11325	https://api.ferreterialavalleja.com/wp-content/uploads/2023/12/D_NQ_NP_732305-MLU71559812678_092023-O.webp
11326	https://api.ferreterialavalleja.com/wp-content/uploads/2023/12/D_NQ_NP_661346-MLU48256296818_112021-O.webp
11332	https://api.ferreterialavalleja.com/wp-content/uploads/2023/12/D_NQ_NP_799283-MLU46207017202_052021-O.webp
11333	https://api.ferreterialavalleja.com/wp-content/uploads/2023/12/D_NQ_NP_871044-MLU46207017204_052021-O.webp
11334	https://api.ferreterialavalleja.com/wp-content/uploads/2023/12/D_NQ_NP_849340-MLU46207017203_052021-O.webp
11335	https://api.ferreterialavalleja.com/wp-content/uploads/2023/12/pinza-pico-de-loro-tramontina-master-10-41066110.jpg
11336	https://api.ferreterialavalleja.com/wp-content/uploads/2023/12/OIP-32.jpg
11337	https://api.ferreterialavalleja.com/wp-content/uploads/2023/12/OIP-33.jpg
11339	https://api.ferreterialavalleja.com/wp-content/uploads/2023/12/D_NQ_NP_812620-MLU72318676746_102023-O.webp
11340	https://api.ferreterialavalleja.com/wp-content/uploads/2023/12/D_NQ_NP_610167-MLU72318392304_102023-O.webp
11341	https://api.ferreterialavalleja.com/wp-content/uploads/2023/12/D_NQ_NP_855378-MLU70995782500_082023-O.webp
11342	https://api.ferreterialavalleja.com/wp-content/uploads/2023/12/D_NQ_NP_843935-MLU71032627275_082023-O.webp
11343	https://api.ferreterialavalleja.com/wp-content/uploads/2023/12/D_NQ_NP_688952-MLU71032510225_082023-O.webp
11346	https://api.ferreterialavalleja.com/wp-content/uploads/2023/12/D_NQ_NP_986537-MLU73017025841_112023-O.webp
11347	https://api.ferreterialavalleja.com/wp-content/uploads/2023/12/D_NQ_NP_720872-MLU72937704864_112023-O.webp
11348	https://api.ferreterialavalleja.com/wp-content/uploads/2023/12/D_NQ_NP_617554-MLU72937764920_112023-O.webp
11352	https://api.ferreterialavalleja.com/wp-content/uploads/2023/12/D_NQ_NP_715051-MLU53333601309_012023-O.webp
11353	https://api.ferreterialavalleja.com/wp-content/uploads/2023/12/D_NQ_NP_657599-MLU53333624197_012023-O.webp
11355	https://api.ferreterialavalleja.com/wp-content/uploads/2023/06/D_NQ_NP_848068-MLU48243577790_112021-O.webp
11356	https://api.ferreterialavalleja.com/wp-content/uploads/2023/06/D_NQ_NP_748029-MLU48243641347_112021-O.webp
11360	https://api.ferreterialavalleja.com/wp-content/uploads/2023/12/1000041528.png
11361	https://api.ferreterialavalleja.com/wp-content/uploads/2023/12/1000041522.png
11362	https://api.ferreterialavalleja.com/wp-content/uploads/2023/12/1000041522-1.png
11363	https://api.ferreterialavalleja.com/wp-content/uploads/2023/12/2023-12-29-11-09-34-728.png
11364	https://api.ferreterialavalleja.com/wp-content/uploads/2023/12/2023-12-29-11-09-34-728-1.png
11365	https://api.ferreterialavalleja.com/wp-content/uploads/2023/12/1000041522-2.png
11366	https://api.ferreterialavalleja.com/wp-content/uploads/2023/12/1000041528-1.png
11367	https://api.ferreterialavalleja.com/wp-content/uploads/2023/12/1000041528-2.png
11369	https://api.ferreterialavalleja.com/wp-content/uploads/2023/12/2023-12-29-11-09-34-728-2.png
11370	https://api.ferreterialavalleja.com/wp-content/uploads/2023/12/2023-12-29-11-09-34-728-3.png
11371	https://api.ferreterialavalleja.com/wp-content/uploads/2023/12/1000041522-2-1.png
11372	https://api.ferreterialavalleja.com/wp-content/uploads/2023/12/1000041528-3.png
11374	https://api.ferreterialavalleja.com/wp-content/uploads/2023/12/1000041526.png
11375	https://api.ferreterialavalleja.com/wp-content/uploads/2023/12/D_NQ_NP_796681-MLU69667389126_052023-O.webp
11377	https://api.ferreterialavalleja.com/wp-content/uploads/2023/12/D_NQ_NP_798702-MLU54720636299_032023-O.webp
11378	https://api.ferreterialavalleja.com/wp-content/uploads/2023/12/D_NQ_NP_798702-MLU54720636299_032023-O-1.webp
11381	https://api.ferreterialavalleja.com/wp-content/uploads/2023/12/produtoArquivo_616_1096_orig.jpg
11382	https://api.ferreterialavalleja.com/wp-content/uploads/2023/12/produtoArquivo_616_1096_orig-1.jpg
11383	https://api.ferreterialavalleja.com/wp-content/uploads/2023/12/OIP-34.jpg
11384	https://api.ferreterialavalleja.com/wp-content/uploads/2023/12/OIP-34-1.jpg
11385	https://api.ferreterialavalleja.com/wp-content/uploads/2023/12/220531-800-auto.webp
11386	https://api.ferreterialavalleja.com/wp-content/uploads/2023/12/micro-oleo-desengripante-starret-m1-D_NQ_NP_450101-MLB20253255276_022015-O.jpg
11387	https://api.ferreterialavalleja.com/wp-content/uploads/2023/12/micro-oleo-desengripante-starret-m1-limpa-protege-lub-D_NQ_NP_820211-MLB20492680503_112015-F.jpg
11388	https://api.ferreterialavalleja.com/wp-content/uploads/2023/12/D_NQ_NP_728599-MLU51583019820_092022-O.webp
11389	https://api.ferreterialavalleja.com/wp-content/uploads/2023/12/D_NQ_NP_798904-MLU51583016907_092022-O.webp
11390	https://api.ferreterialavalleja.com/wp-content/uploads/2023/12/micro-oleo-desengripante-starret-m1-D_NQ_NP_450101-MLB20253255276_022015-O-1.jpg
11395	https://api.ferreterialavalleja.com/wp-content/uploads/2023/12/D_NQ_NP_666790-MLU52285548544_112022-O.webp
11396	https://api.ferreterialavalleja.com/wp-content/uploads/2023/12/D_NQ_NP_808970-MLU52285519608_112022-O.webp
11397	https://api.ferreterialavalleja.com/wp-content/uploads/2023/12/D_NQ_NP_905222-MLU52295954618_112022-O.webp
11398	https://api.ferreterialavalleja.com/wp-content/uploads/2023/12/D_NQ_NP_2X_760409-MLU52285453998_112022-F.webp
11399	https://api.ferreterialavalleja.com/wp-content/uploads/2023/12/D_NQ_NP_953648-MLU73375094921_122023-O.webp
11400	https://api.ferreterialavalleja.com/wp-content/uploads/2023/12/D_NQ_NP_859058-MLU73374871141_122023-O.webp
11401	https://api.ferreterialavalleja.com/wp-content/uploads/2023/12/D_NQ_NP_790065-MLU73375105903_122023-O.webp
11402	https://api.ferreterialavalleja.com/wp-content/uploads/2023/12/D_NQ_NP_905222-MLU52295954618_112022-O-1.webp
11403	https://api.ferreterialavalleja.com/wp-content/uploads/2023/12/D_NQ_NP_790065-MLU73375105903_122023-O-1.webp
11404	https://api.ferreterialavalleja.com/wp-content/uploads/2023/12/D_NQ_NP_808970-MLU52285519608_112022-O-1.webp
11405	https://api.ferreterialavalleja.com/wp-content/uploads/2023/12/D_NQ_NP_2X_648211-MLU73375096071_122023-F.webp
11406	https://api.ferreterialavalleja.com/wp-content/uploads/2023/12/D_NQ_NP_905222-MLU52295954618_112022-O-2.webp
11407	https://api.ferreterialavalleja.com/wp-content/uploads/2023/12/D_NQ_NP_2X_648211-MLU73375096071_122023-F-1.webp
11408	https://api.ferreterialavalleja.com/wp-content/uploads/2023/12/D_NQ_NP_2X_760409-MLU52285453998_112022-F-1.webp
11409	https://api.ferreterialavalleja.com/wp-content/uploads/2023/12/D_NQ_NP_953648-MLU73375094921_122023-O-1.webp
11410	https://api.ferreterialavalleja.com/wp-content/uploads/2023/12/D_NQ_NP_790065-MLU73375105903_122023-O-2.webp
11412	https://api.ferreterialavalleja.com/wp-content/uploads/2023/06/D_NQ_NP_883818-MLU53658864765_022023-O.webp
11413	https://api.ferreterialavalleja.com/wp-content/uploads/2023/06/D_NQ_NP_792287-MLU53659049103_022023-O.webp
11414	https://api.ferreterialavalleja.com/wp-content/uploads/2023/06/D_NQ_NP_834437-MLU53658864764_022023-O.webp
11415	https://api.ferreterialavalleja.com/wp-content/uploads/2023/06/D_NQ_NP_963083-MLU53658857817_022023-O.webp
11416	https://api.ferreterialavalleja.com/wp-content/uploads/2023/06/D_NQ_NP_639388-MLU53658857818_022023-O.webp
11417	https://api.ferreterialavalleja.com/wp-content/uploads/2023/06/D_NQ_NP_777005-MLU53659049101_022023-O.webp
11419	https://api.ferreterialavalleja.com/wp-content/uploads/2023/07/D_NQ_NP_742618-MLU51854447838_102022-O.webp
11426	https://api.ferreterialavalleja.com/wp-content/uploads/2024/01/disco-diamantado-norton-para-corte-segmentado-classic-110x20mm-01.webp
11427	https://api.ferreterialavalleja.com/wp-content/uploads/2024/01/disco-diamantado-norton-para-corte-segmentado-classic-110x20mm-02.webp
11428	https://api.ferreterialavalleja.com/wp-content/uploads/2024/01/1617133883685.webp
11429	https://api.ferreterialavalleja.com/wp-content/uploads/2024/01/1617133884693.webp
11431	https://api.ferreterialavalleja.com/wp-content/uploads/2024/01/D_NQ_NP_787615-MLU31370090123_072019-O.webp
11435	https://api.ferreterialavalleja.com/wp-content/uploads/2024/01/D_NQ_NP_997200-MLU71255689897_082023-O.webp
11438	https://api.ferreterialavalleja.com/wp-content/uploads/2024/01/2024-01-05-11-54-48-708.png
11439	https://api.ferreterialavalleja.com/wp-content/uploads/2024/01/1000042150.png
11442	https://api.ferreterialavalleja.com/wp-content/uploads/2024/01/D_NQ_NP_896070-MLU41323634098_042020-O.webp
11445	https://api.ferreterialavalleja.com/wp-content/uploads/2024/01/641938_1.jpg
11448	https://api.ferreterialavalleja.com/wp-content/uploads/2024/02/D_NQ_NP_679624-MLA70037444542_062023-O.webp
11449	https://api.ferreterialavalleja.com/wp-content/uploads/2024/02/D_NQ_NP_866357-MLA50806450257_072022-O.webp
11451	https://api.ferreterialavalleja.com/wp-content/uploads/2024/02/D_NQ_NP_986720-MLU74158416069_012024-O.webp
11452	https://api.ferreterialavalleja.com/wp-content/uploads/2024/02/D_NQ_NP_728375-MLU74198874103_012024-O.webp
11453	https://api.ferreterialavalleja.com/wp-content/uploads/2024/02/D_NQ_NP_603291-MLU74065937092_012024-O.webp
11457	https://api.ferreterialavalleja.com/wp-content/uploads/2024/02/D_NQ_NP_763922-MLU72206782433_102023-O-1.webp
11461	https://api.ferreterialavalleja.com/wp-content/uploads/2024/02/D_NQ_NP_797993-MLU72128127415_102023-O.webp
11462	https://api.ferreterialavalleja.com/wp-content/uploads/2024/02/D_Q_NP_600138-MLU73766671083_012024-R.webp
11463	https://api.ferreterialavalleja.com/wp-content/uploads/2024/02/D_Q_NP_600138-MLU73766671083_012024-R-1.webp
11464	https://api.ferreterialavalleja.com/wp-content/uploads/2024/02/D_NQ_NP_792742-MLU73150749026_122023-O.webp
11465	https://api.ferreterialavalleja.com/wp-content/uploads/2024/02/D_NQ_NP_672794-MLU73235039755_122023-O.webp
11469	https://api.ferreterialavalleja.com/wp-content/uploads/2024/02/D_NQ_NP_975836-MLU44140726610_112020-O.webp
11470	https://api.ferreterialavalleja.com/wp-content/uploads/2024/02/D_NQ_NP_785193-MLU44140740026_112020-O.webp
11472	https://api.ferreterialavalleja.com/wp-content/uploads/2024/02/D_NQ_NP_865003-MLU54339427468_032023-O.webp
11473	https://api.ferreterialavalleja.com/wp-content/uploads/2024/02/D_NQ_NP_635538-MLU54339624034_032023-O.webp
11475	https://api.ferreterialavalleja.com/wp-content/uploads/2024/02/D_NQ_NP_741016-MLU46511330268_062021-O.webp
11476	https://api.ferreterialavalleja.com/wp-content/uploads/2024/02/D_NQ_NP_748619-MLU46511281601_062021-O.webp
11477	https://api.ferreterialavalleja.com/wp-content/uploads/2024/02/D_NQ_NP_652612-MLU46511378049_062021-O.webp
11478	https://api.ferreterialavalleja.com/wp-content/uploads/2024/02/D_NQ_NP_913000-MLU46511428379_062021-O.webp
11481	https://api.ferreterialavalleja.com/wp-content/uploads/2024/02/D_NQ_NP_648009-MLU49556529372_042022-O.webp
11482	https://api.ferreterialavalleja.com/wp-content/uploads/2024/02/D_NQ_NP_828301-MLU49021894021_022022-O.webp
11483	https://api.ferreterialavalleja.com/wp-content/uploads/2024/02/D_NQ_NP_690147-MLU49556513881_042022-O.webp
11484	https://api.ferreterialavalleja.com/wp-content/uploads/2024/02/D_NQ_NP_708359-MLU49556547013_042022-O.webp
11485	https://api.ferreterialavalleja.com/wp-content/uploads/2024/02/D_NQ_NP_693783-MLU71949443390_092023-O.webp
11486	https://api.ferreterialavalleja.com/wp-content/uploads/2024/02/D_NQ_NP_864303-MLU71935011631_092023-O.webp
11487	https://api.ferreterialavalleja.com/wp-content/uploads/2024/02/D_NQ_NP_640904-MLU71935011627_092023-O.webp
11490	https://api.ferreterialavalleja.com/wp-content/uploads/2023/07/ET-912-Electrical-Tape-PVC-Blue.jpg
11491	https://api.ferreterialavalleja.com/wp-content/uploads/2023/07/ET-912-Electrical-Tape-PVC-Green.jpg
11492	https://api.ferreterialavalleja.com/wp-content/uploads/2023/07/ET-912-Electrical-Tape-PVC-Red.jpg
11493	https://api.ferreterialavalleja.com/wp-content/uploads/2023/07/ET-912-Electrical-Tape-PVC-White-100x100-1.jpg
11494	https://api.ferreterialavalleja.com/wp-content/uploads/2023/07/ET-912-Electrical-Tape-PVC-Yellow-100x100-1.jpg
11495	https://api.ferreterialavalleja.com/wp-content/uploads/2023/07/pvc.jpg
11496	https://api.ferreterialavalleja.com/wp-content/uploads/2023/07/cinta-abro-300x300-1.webp
11504	https://api.ferreterialavalleja.com/wp-content/uploads/2023/07/25.jpg
11505	https://api.ferreterialavalleja.com/wp-content/uploads/2023/07/cinta_aisladora_autosoldable_tacsa_19_mm_x_457_m_x_076_mm.jpg
11506	https://api.ferreterialavalleja.com/wp-content/uploads/2023/07/OIP-35.jpg
11507	https://api.ferreterialavalleja.com/wp-content/uploads/2023/07/0.jpg
11508	https://api.ferreterialavalleja.com/wp-content/uploads/2023/07/Cinta-Autosoldable-Aislante-Tacsa-19mm-X-4-6-Metros-20200730051259.8874470015.jpg
11509	https://api.ferreterialavalleja.com/wp-content/uploads/2023/07/D_NQ_NP_782306-MLA49611513722_042022-V.jpg
11511	https://api.ferreterialavalleja.com/wp-content/uploads/2024/02/OIP-37.jpg
11512	https://api.ferreterialavalleja.com/wp-content/uploads/2024/02/OIP-36.jpg
11513	https://api.ferreterialavalleja.com/wp-content/uploads/2024/02/Cinta-Autosoldable-Aislante-Tacsa-19mm-X-4-6-Metros-20200730051259.8874470015.jpg
11514	https://api.ferreterialavalleja.com/wp-content/uploads/2024/02/2024-02-13-14-31-03-945.png
11517	https://api.ferreterialavalleja.com/wp-content/uploads/2024/02/D_NQ_NP_770224-MLU71024663957_082023-O.webp
11520	https://api.ferreterialavalleja.com/wp-content/uploads/2024/02/PINTURA-INT-EXT.png.webp
11525	https://api.ferreterialavalleja.com/wp-content/uploads/2024/02/D_NQ_NP_623397-MLU49243333096_032022-O.webp
11526	https://api.ferreterialavalleja.com/wp-content/uploads/2024/02/Digitalizacion-de-bienvenida.jpg
11528	https://api.ferreterialavalleja.com/wp-content/uploads/2024/02/D_NQ_NP_623397-MLU49243333096_032022-O-1.webp
11532	https://api.ferreterialavalleja.com/wp-content/uploads/2023/06/D_NQ_NP_870695-MLU70535944357_072023-O.webp
11537	https://api.ferreterialavalleja.com/wp-content/uploads/2024/02/D_NQ_NP_696795-MLU46857168744_072021-O.webp
11538	https://api.ferreterialavalleja.com/wp-content/uploads/2024/02/D_NQ_NP_670658-MLU47186188732_082021-O.webp
11539	https://api.ferreterialavalleja.com/wp-content/uploads/2024/02/OIP-38.jpg
11541	https://api.ferreterialavalleja.com/wp-content/uploads/2024/02/D_NQ_NP_989949-MLU31241336099_062019-O.webp
11542	https://api.ferreterialavalleja.com/wp-content/uploads/2024/02/D_NQ_NP_628933-MLU31241327501_062019-O.webp
11545	https://api.ferreterialavalleja.com/wp-content/uploads/2024/02/8008225037018-000029647-01.jpg
11546	https://api.ferreterialavalleja.com/wp-content/uploads/2024/02/OIP-39.jpg
11547	https://api.ferreterialavalleja.com/wp-content/uploads/2024/02/D_NQ_NP_2X_693546-MLU41179936378_032020-F.jpg
11548	https://api.ferreterialavalleja.com/wp-content/uploads/2024/02/8008225037018-000029647-01-1.jpg
11551	https://api.ferreterialavalleja.com/wp-content/uploads/2024/02/99179.jpg
11552	https://api.ferreterialavalleja.com/wp-content/uploads/2024/02/209736.jpg
11553	https://api.ferreterialavalleja.com/wp-content/uploads/2024/02/209739.jpg
11554	https://api.ferreterialavalleja.com/wp-content/uploads/2024/02/269133.jpg
11555	https://api.ferreterialavalleja.com/wp-content/uploads/2024/02/C-MIX_PLUS_.pdf
11556	https://api.ferreterialavalleja.com/wp-content/uploads/2024/02/fijacion-quimica-c-mix-plus-gris-31099336257.jpg
11559	https://api.ferreterialavalleja.com/wp-content/uploads/2024/02/2024-02-23-14-27-05-096.png
11561	https://api.ferreterialavalleja.com/wp-content/uploads/2024/02/2024-02-23-10-37-00-833.png
11564	https://api.ferreterialavalleja.com/wp-content/uploads/2024/02/D_NQ_NP_2X_853083-MLU40202462828_122019-F.webp
11568	https://api.ferreterialavalleja.com/wp-content/uploads/2024/02/1000047916.png
11569	https://api.ferreterialavalleja.com/wp-content/uploads/2024/02/2024-02-23-15-27-04-795-1.png
11570	https://api.ferreterialavalleja.com/wp-content/uploads/2024/02/1000047914-1.png
11571	https://api.ferreterialavalleja.com/wp-content/uploads/2024/02/1000047916-1.png
11573	https://api.ferreterialavalleja.com/wp-content/uploads/2024/02/361409-1536x873-1.webp
11575	https://api.ferreterialavalleja.com/wp-content/uploads/2024/02/D_NQ_NP_785945-MLU73021551615_112023-O.webp
11580	https://api.ferreterialavalleja.com/wp-content/uploads/2024/02/D_NQ_NP_2X_611733-MLU74090464908_012024-F.webp
11583	https://api.ferreterialavalleja.com/wp-content/uploads/2024/02/D_NQ_NP_968483-MLU73788517910_012024-O.webp
11585	https://api.ferreterialavalleja.com/wp-content/uploads/2024/02/D_NQ_NP_2X_724622-MLU74128437613_012024-F.webp
11587	https://api.ferreterialavalleja.com/wp-content/uploads/2024/02/Tijera-KM015-KAMASA-1-1024x1024-1.jpg
11590	https://api.ferreterialavalleja.com/wp-content/uploads/2024/02/2024-02-26-10-38-43-393.jpg
11591	https://api.ferreterialavalleja.com/wp-content/uploads/2024/02/1000048507.png
11593	https://api.ferreterialavalleja.com/wp-content/uploads/2024/02/1000048509.png
11595	https://api.ferreterialavalleja.com/wp-content/uploads/2024/02/D_NQ_NP_775182-MLU69875926318_062023-O.webp
11596	https://api.ferreterialavalleja.com/wp-content/uploads/2024/02/D_NQ_NP_941682-MLU69875926312_062023-O.webp
11597	https://api.ferreterialavalleja.com/wp-content/uploads/2024/02/D_NQ_NP_2X_899255-MLU69893488421_062023-F.webp
11598	https://api.ferreterialavalleja.com/wp-content/uploads/2024/02/D_NQ_NP_608458-MLU69893488423_062023-O.webp
11599	https://api.ferreterialavalleja.com/wp-content/uploads/2024/02/D_NQ_NP_941682-MLU69875926312_062023-O-1.webp
11601	https://api.ferreterialavalleja.com/wp-content/uploads/2024/02/D_NQ_NP_780355-MLU70997067119_082023-O.webp
11602	https://api.ferreterialavalleja.com/wp-content/uploads/2024/02/D_NQ_NP_607416-MLU72063944315_102023-O.webp
11606	https://api.ferreterialavalleja.com/wp-content/uploads/2024/02/0852b56d-8173-42df-9d4e-fb0fc4f562fb_1.2824a3e4de79e25bd2d38be028a8eaaa.webp
11607	https://api.ferreterialavalleja.com/wp-content/uploads/2024/02/R-14.jpg
11608	https://api.ferreterialavalleja.com/wp-content/uploads/2024/02/Scharnier-vierkant-2-5x2-5-cm_86214_000_800x600.webp
11612	https://api.ferreterialavalleja.com/wp-content/uploads/2024/02/199539.webp
11617	https://api.ferreterialavalleja.com/wp-content/uploads/2024/02/551.jpg
11620	https://api.ferreterialavalleja.com/wp-content/uploads/2024/02/C17009.jpg
11621	https://api.ferreterialavalleja.com/wp-content/uploads/2024/02/BEST-VALUE-2.jpg
11626	https://api.ferreterialavalleja.com/wp-content/uploads/2024/02/D_NQ_NP_793553-MLU46302062733_062021-O.webp
11627	https://api.ferreterialavalleja.com/wp-content/uploads/2024/02/D_NQ_NP_911315-MLU46302045952_062021-O.webp
11628	https://api.ferreterialavalleja.com/wp-content/uploads/2024/02/D_NQ_NP_2X_873837-MLU49921558988_052022-F.webp
11630	https://api.ferreterialavalleja.com/wp-content/uploads/2024/02/tornillo-t1-punta-mecha.jpg
11631	https://api.ferreterialavalleja.com/wp-content/uploads/2024/02/OIP-42.jpg
11632	https://api.ferreterialavalleja.com/wp-content/uploads/2024/02/OIP-41.jpg
11634	https://api.ferreterialavalleja.com/wp-content/uploads/2024/03/D_NQ_NP_880128-MLU73441470061_122023-O.webp
11636	https://api.ferreterialavalleja.com/wp-content/uploads/2024/03/D_NQ_NP_661498-MLU73021143245_112023-O.webp
11637	https://api.ferreterialavalleja.com/wp-content/uploads/2024/03/D_NQ_NP_852808-MLU74066524762_012024-O.webp
11638	https://api.ferreterialavalleja.com/wp-content/uploads/2024/03/D_NQ_NP_661498-MLU73021143245_112023-O-1.webp
11639	https://api.ferreterialavalleja.com/wp-content/uploads/2024/03/LOGO-JOSE-PNG.png
11640	https://api.ferreterialavalleja.com/wp-content/uploads/2024/03/cropped-LOGO-JOSE-PNG.png
11642	https://api.ferreterialavalleja.com/wp-content/uploads/2024/03/LOGO-JOSE-PNG-con-contorno.png
11643	https://api.ferreterialavalleja.com/wp-content/uploads/2024/03/cropped-LOGO-JOSE-PNG-con-contorno.png
11646	https://api.ferreterialavalleja.com/wp-content/uploads/2024/03/aktiol_aero_repelen_x_1611251387244.jpg
11650	https://api.ferreterialavalleja.com/wp-content/uploads/2024/03/FAJA-DE-SEGURIDAD-1024x1024-1.jpg
11652	https://api.ferreterialavalleja.com/wp-content/uploads/2024/03/faja_2.jpg
11653	https://api.ferreterialavalleja.com/wp-content/uploads/2024/03/D_NQ_NP_880044-MLU72643396641_112023-O.webp
11654	https://api.ferreterialavalleja.com/wp-content/uploads/2024/03/D_NQ_NP_2X_921119-MLU73242509320_122023-F.webp
11655	https://api.ferreterialavalleja.com/wp-content/uploads/2024/03/D_NQ_NP_2X_640404-MLU73242509318_122023-F.webp
11657	https://api.ferreterialavalleja.com/wp-content/uploads/2024/03/2024-03-12-09-04-22-595.png
11659	https://api.ferreterialavalleja.com/wp-content/uploads/2024/03/2419.jpg
11660	https://api.ferreterialavalleja.com/wp-content/uploads/2024/03/D_NQ_NP_902891-MLU73372545005_122023-O.webp
11662	https://api.ferreterialavalleja.com/wp-content/uploads/2023/08/D_NQ_NP_920092-MLU44382116826_122020-O.webp
11664	https://api.ferreterialavalleja.com/wp-content/uploads/2024/03/D_NQ_NP_850038-MLA44217174785_122020-F.jpg
11666	https://api.ferreterialavalleja.com/wp-content/uploads/2023/09/tachuelas-pavonadas-fe3.jpg
11668	https://api.ferreterialavalleja.com/wp-content/uploads/2023/06/OIP-43.jpg
11670	https://api.ferreterialavalleja.com/wp-content/uploads/2024/03/D_NQ_NP_949586-MLU46207906302_052021-O.webp
11672	https://api.ferreterialavalleja.com/wp-content/uploads/2024/03/D_NQ_NP_758442-MLU45596960885_042021-O.webp
11673	https://api.ferreterialavalleja.com/wp-content/uploads/2024/03/D_NQ_NP_980356-MLU45107705649_032021-O.webp
11675	https://api.ferreterialavalleja.com/wp-content/uploads/2023/06/1000050993.png
11677	https://api.ferreterialavalleja.com/wp-content/uploads/2024/03/2024-03-13-12-19-53-156.jpg
11678	https://api.ferreterialavalleja.com/wp-content/uploads/2024/03/2024-03-13-14-20-48-283.png
11680	https://api.ferreterialavalleja.com/wp-content/uploads/2024/03/D_NQ_NP_937873-MLU54959588505_042023-O.webp
11685	https://api.ferreterialavalleja.com/wp-content/uploads/2024/03/D_NQ_NP_997834-MLU47272952524_082021-O.webp
11687	https://api.ferreterialavalleja.com/wp-content/uploads/2024/03/D_NQ_NP_853521-MLU72141831783_102023-O.webp
11693	https://api.ferreterialavalleja.com/wp-content/uploads/2024/03/1000051049.png
11695	https://api.ferreterialavalleja.com/wp-content/uploads/2024/03/Tapa-Hueco-Acero-Inoxidable-Con-Rosca-Lavamanosfregade-20190216201236.9932700015.jpg
11696	https://api.ferreterialavalleja.com/wp-content/uploads/2024/03/D_NQ_NP_663559-MLU69165583566_042023-O.webp
11698	https://api.ferreterialavalleja.com/wp-content/uploads/2024/03/D_NQ_NP_728019-MLU72847025138_112023-O.webp
11699	https://api.ferreterialavalleja.com/wp-content/uploads/2024/03/D_NQ_NP_763256-MLU72923394517_112023-O.webp
11702	https://api.ferreterialavalleja.com/wp-content/uploads/2024/03/501610-2.jpg
11704	https://api.ferreterialavalleja.com/wp-content/uploads/2024/03/R-15.jpg
11706	https://api.ferreterialavalleja.com/wp-content/uploads/2024/03/1-putty-scraper-4-inch.webp
11710	https://api.ferreterialavalleja.com/wp-content/uploads/2024/03/D_NQ_NP_601228-MLU73976246213_012024-O.webp
11712	https://api.ferreterialavalleja.com/wp-content/uploads/2023/07/D_NQ_NP_993469-MLU70213811881_062023-O.webp
11713	https://api.ferreterialavalleja.com/wp-content/uploads/2023/07/D_NQ_NP_2X_619481-MLU70192545388_062023-F.webp
11714	https://api.ferreterialavalleja.com/wp-content/uploads/2023/07/D_NQ_NP_902491-MLU70192600808_062023-O.webp
11715	https://api.ferreterialavalleja.com/wp-content/uploads/2023/07/D_NQ_NP_742729-MLU70192545392_062023-O.webp
11719	https://api.ferreterialavalleja.com/wp-content/uploads/2024/03/D_NQ_NP_2X_785744-MLU73092033834_112023-F.webp
11720	https://api.ferreterialavalleja.com/wp-content/uploads/2024/03/D_NQ_NP_926712-MLU73092268356_112023-O-1.webp
11726	https://api.ferreterialavalleja.com/wp-content/uploads/2024/03/D_NQ_NP_2X_682570-CBT53327384823_012023-F.webp
11727	https://api.ferreterialavalleja.com/wp-content/uploads/2024/03/D_NQ_NP_2X_798616-CBT53702472613_022023-F.webp
11728	https://api.ferreterialavalleja.com/wp-content/uploads/2024/03/D_NQ_NP_2X_648925-CBT53702625132_022023-F.webp
11729	https://api.ferreterialavalleja.com/wp-content/uploads/2024/03/D_NQ_NP_2X_899960-CBT53702477838_022023-F.webp
11730	https://api.ferreterialavalleja.com/wp-content/uploads/2024/03/D_NQ_NP_936338-CBT53702390951_022023-O.webp
11731	https://api.ferreterialavalleja.com/wp-content/uploads/2024/03/D_NQ_NP_2X_733897-CBT53702477835_022023-F.webp
11732	https://api.ferreterialavalleja.com/wp-content/uploads/2024/03/D_NQ_NP_783914-CBT53702420997_022023-O.webp
11733	https://api.ferreterialavalleja.com/wp-content/uploads/2024/03/D_NQ_NP_638379-CBT53702477834_022023-O.webp
11734	https://api.ferreterialavalleja.com/wp-content/uploads/2024/03/D_NQ_NP_2X_733897-CBT53702477835_022023-F-1.webp
11735	https://api.ferreterialavalleja.com/wp-content/uploads/2024/03/D_NQ_NP_2X_899960-CBT53702477838_022023-F-1.webp
11736	https://api.ferreterialavalleja.com/wp-content/uploads/2024/03/D_NQ_NP_994671-CBT53702639055_022023-O.webp
11738	https://api.ferreterialavalleja.com/wp-content/uploads/2023/06/D_NQ_NP_840334-MLC70739025866_072023-O.webp
11739	https://api.ferreterialavalleja.com/wp-content/uploads/2023/06/D_NQ_NP_819461-MLC70739025988_072023-O.webp
11740	https://api.ferreterialavalleja.com/wp-content/uploads/2023/06/D_NQ_NP_932758-MLC70738950828_072023-O.webp
11741	https://api.ferreterialavalleja.com/wp-content/uploads/2023/06/D_NQ_NP_871626-MLC70739025990_072023-O.webp
11742	https://api.ferreterialavalleja.com/wp-content/uploads/2023/06/D_NQ_NP_825075-MLC70769668991_072023-O.webp
11744	https://api.ferreterialavalleja.com/wp-content/uploads/2024/03/D_NQ_NP_875553-MLA69515694692_052023-O.webp
11745	https://api.ferreterialavalleja.com/wp-content/uploads/2024/03/D_NQ_NP_613653-MLC45106175830_032021-O.webp
11747	https://api.ferreterialavalleja.com/wp-content/uploads/2024/03/D_NQ_NP_990523-MLC43868365305_102020-O.webp
11748	https://api.ferreterialavalleja.com/wp-content/uploads/2024/03/D_NQ_NP_822121-MLC43868408280_102020-O.webp
11749	https://api.ferreterialavalleja.com/wp-content/uploads/2024/03/D_NQ_NP_819310-MLC43868372109_102020-O.webp
11750	https://api.ferreterialavalleja.com/wp-content/uploads/2024/03/2024-03-18-14-41-34-482.jpg
11751	https://api.ferreterialavalleja.com/wp-content/uploads/2024/03/R-16.jpg
11753	https://api.ferreterialavalleja.com/wp-content/uploads/2024/03/D_NQ_NP_978719-MLC54246961540_032023-O.webp
11754	https://api.ferreterialavalleja.com/wp-content/uploads/2024/03/p1195_R_ASK06115-550x550h.png
11756	https://api.ferreterialavalleja.com/wp-content/uploads/2024/03/D_NQ_NP_858057-MLU54262178592_032023-O.webp
11757	https://api.ferreterialavalleja.com/wp-content/uploads/2024/03/D_NQ_NP_2X_874106-MLU54262178582_032023-F.webp
11758	https://api.ferreterialavalleja.com/wp-content/uploads/2024/03/D_NQ_NP_655393-MLU54262178586_032023-O.webp
11759	https://api.ferreterialavalleja.com/wp-content/uploads/2024/03/D_NQ_NP_643554-MLU54262194518_032023-O.webp
11760	https://api.ferreterialavalleja.com/wp-content/uploads/2024/03/D_NQ_NP_858057-MLU54262178592_032023-O-1.webp
11762	https://api.ferreterialavalleja.com/wp-content/uploads/2024/03/cda0e7c9-6491-4c50-b025-80ed9e69d503_1.f1d1fdbab4557fdac8d91213cc3b1527.webp
11765	https://api.ferreterialavalleja.com/wp-content/uploads/2024/03/D_NQ_NP_810827-MLU71900007128_092023-O.webp
11768	https://api.ferreterialavalleja.com/wp-content/uploads/2024/03/D_NQ_NP_757033-MLU75069926740_032024-O.webp
11769	https://api.ferreterialavalleja.com/wp-content/uploads/2024/03/D_NQ_NP_957846-MLU45539430544_042021-O.webp
11771	https://api.ferreterialavalleja.com/wp-content/uploads/2024/03/D_NQ_NP_764651-MLU50529114995_062022-O.webp
11772	https://api.ferreterialavalleja.com/wp-content/uploads/2024/03/D_NQ_NP_885624-MLU50529206366_062022-O.webp
11773	https://api.ferreterialavalleja.com/wp-content/uploads/2024/03/D_NQ_NP_885624-MLU50529206366_062022-O-1.webp
11774	https://api.ferreterialavalleja.com/wp-content/uploads/2024/03/D_NQ_NP_2X_708544-MLU50529217329_062022-F.webp
11775	https://api.ferreterialavalleja.com/wp-content/uploads/2024/03/D_NQ_NP_2X_798104-MLU50529215319_062022-F.webp
11776	https://api.ferreterialavalleja.com/wp-content/uploads/2024/03/D_NQ_NP_919928-MLU50529157645_062022-O.webp
11777	https://api.ferreterialavalleja.com/wp-content/uploads/2024/03/D_NQ_NP_2X_955746-MLU50529199423_062022-F.webp
11778	https://api.ferreterialavalleja.com/wp-content/uploads/2024/03/D_NQ_NP_885624-MLU50529206366_062022-O-2.webp
11780	https://api.ferreterialavalleja.com/wp-content/uploads/2024/03/D_NQ_NP_810856-MLU43347777733_092020-O.webp
11781	https://api.ferreterialavalleja.com/wp-content/uploads/2024/03/D_NQ_NP_712965-MLU69998183387_062023-O.webp
11782	https://api.ferreterialavalleja.com/wp-content/uploads/2024/03/D_NQ_NP_791974-MLU69979625306_062023-O.webp
11783	https://api.ferreterialavalleja.com/wp-content/uploads/2024/03/D_NQ_NP_772794-MLU69998371793_062023-O.webp
11784	https://api.ferreterialavalleja.com/wp-content/uploads/2024/03/D_NQ_NP_2X_867358-MLC31777417706_082019-F.jpg
11785	https://api.ferreterialavalleja.com/wp-content/uploads/2024/03/candado-freno-de-disco-con-alarma-para-moto-D_NQ_NP_718294-MCO31025511037_062019-F.jpg
11786	https://api.ferreterialavalleja.com/wp-content/uploads/2024/03/668102-MLA29607583889_032019-1.jpg
11787	https://api.ferreterialavalleja.com/wp-content/uploads/2024/03/WhatsApp-Image-2021-07-21-at-1.38.55-AM-4-981x1024-1.jpeg
11788	https://api.ferreterialavalleja.com/wp-content/uploads/2024/03/D_NQ_NP_658200-MLC31777398366_082019-F.jpg
11789	https://api.ferreterialavalleja.com/wp-content/uploads/2024/03/D_NQ_NP_2X_867358-MLC31777417706_082019-F-1.jpg
11791	https://api.ferreterialavalleja.com/wp-content/uploads/2024/03/D_NQ_NP_943704-MLU71648599544_092023-O.webp
11792	https://api.ferreterialavalleja.com/wp-content/uploads/2024/03/D_NQ_NP_952244-MLU71648619360_092023-O.webp
11793	https://api.ferreterialavalleja.com/wp-content/uploads/2024/03/D_NQ_NP_604359-MLU71698620723_092023-O.webp
11794	https://api.ferreterialavalleja.com/wp-content/uploads/2024/03/D_NQ_NP_983579-MLU71698620721_092023-O.webp
11795	https://api.ferreterialavalleja.com/wp-content/uploads/2024/03/Captura-de-pantalla-2021-09-01-081219-550x550-1.jpg
11796	https://api.ferreterialavalleja.com/wp-content/uploads/2024/03/D_NQ_NP_910129-MLU71648755496_092023-O.webp
11798	https://api.ferreterialavalleja.com/wp-content/uploads/2024/03/D_NQ_NP_934104-MLU53990746606_022023-O.webp
11800	https://api.ferreterialavalleja.com/wp-content/uploads/2024/03/D_NQ_NP_724902-MLU43299244799_082020-O.webp
11805	https://api.ferreterialavalleja.com/wp-content/uploads/2024/04/D_NQ_NP_951712-MLU70806488454_082023-O.webp
11806	https://api.ferreterialavalleja.com/wp-content/uploads/2024/04/D_NQ_NP_822400-MLU47734293784_102021-O.webp
11808	https://api.ferreterialavalleja.com/wp-content/uploads/2024/04/1000055210.png
11809	https://api.ferreterialavalleja.com/wp-content/uploads/2024/04/2024-04-09-08-46-51-357.png
11810	https://api.ferreterialavalleja.com/wp-content/uploads/2024/04/1000055208.png
11815	https://api.ferreterialavalleja.com/wp-content/uploads/2023/06/D_NQ_NP_666124-MLU32033828353_092019-O.webp
11816	https://api.ferreterialavalleja.com/wp-content/uploads/2023/06/D_NQ_NP_836213-MLU26720894599_012018-O.webp
11819	https://api.ferreterialavalleja.com/wp-content/uploads/2024/04/D_NQ_NP_666124-MLU32033828353_092019-O.webp
11820	https://api.ferreterialavalleja.com/wp-content/uploads/2024/04/D_NQ_NP_2X_979697-MLB44175214154_112020-F.jpg
11822	https://api.ferreterialavalleja.com/wp-content/uploads/2024/04/D_NQ_NP_826321-MLU70417931418_072023-O.webp
11823	https://api.ferreterialavalleja.com/wp-content/uploads/2024/04/D_Q_NP_828407-MLU70443157997_072023-R.webp
11824	https://api.ferreterialavalleja.com/wp-content/uploads/2024/04/D_Q_NP_709196-MLU70417931414_072023-R.webp
11825	https://api.ferreterialavalleja.com/wp-content/uploads/2024/04/D_NQ_NP_907898-MLU70443257693_072023-O.webp
11826	https://api.ferreterialavalleja.com/wp-content/uploads/2024/04/D_Q_NP_828407-MLU70443157997_072023-R-1.webp
11827	https://api.ferreterialavalleja.com/wp-content/uploads/2024/04/D_Q_NP_657675-MLU70442874227_072023-R.webp
11829	https://api.ferreterialavalleja.com/wp-content/uploads/2024/04/Lima-Triangular-para-Serrote-6-Pol-tramontina-417003061.webp
11830	https://api.ferreterialavalleja.com/wp-content/uploads/2024/04/Lima-Triangular-para-Serrote-6-Pol-tramontina-417003064.webp
11831	https://api.ferreterialavalleja.com/wp-content/uploads/2024/04/Lima-Triangular-Delgada-para-Serrote-45-tramontina-41700345-4.webp
11832	https://api.ferreterialavalleja.com/wp-content/uploads/2024/04/0241444_lima-para-serrote-triangular-6-tramontina-garibaldi-41700306.jpeg
11834	https://api.ferreterialavalleja.com/wp-content/uploads/2024/04/D_NQ_NP_723212-MLU75508270190_042024-O.webp
11835	https://api.ferreterialavalleja.com/wp-content/uploads/2024/04/D_NQ_NP_966484-MLU31546084356_072019-O.webp
11840	https://api.ferreterialavalleja.com/wp-content/uploads/2024/04/D_NQ_NP_948395-MLU32030972235_082019-O.webp
11841	https://api.ferreterialavalleja.com/wp-content/uploads/2024/04/D_NQ_NP_948395-MLU32030972235_082019-O-1.webp
11842	https://api.ferreterialavalleja.com/wp-content/uploads/2024/04/D_NQ_NP_725370-MLU32030988031_082019-O.webp
11843	https://api.ferreterialavalleja.com/wp-content/uploads/2024/04/D_NQ_NP_891219-MLU32030972241_082019-O.webp
11844	https://api.ferreterialavalleja.com/wp-content/uploads/2024/04/D_NQ_NP_777675-MLU49302310078_032022-O.webp
11845	https://api.ferreterialavalleja.com/wp-content/uploads/2024/04/D_NQ_NP_979037-MLU32030972251_082019-O.webp
11846	https://api.ferreterialavalleja.com/wp-content/uploads/2024/04/D_NQ_NP_992474-MLU32030979640_082019-O.webp
11849	https://api.ferreterialavalleja.com/wp-content/uploads/2024/04/D_NQ_NP_751115-MLU25217621599_122016-O.webp
11850	https://api.ferreterialavalleja.com/wp-content/uploads/2024/04/D_NQ_NP_951179-MLU73042625890_112023-O.webp
11852	https://api.ferreterialavalleja.com/wp-content/uploads/2024/04/D_NQ_NP_791012-MLU69549254553_052023-O.webp
11853	https://api.ferreterialavalleja.com/wp-content/uploads/2024/04/D_NQ_NP_882309-MLU69549548681_052023-O.webp
11854	https://api.ferreterialavalleja.com/wp-content/uploads/2024/04/D_NQ_NP_760788-MLU69536188598_052023-O.webp
11855	https://api.ferreterialavalleja.com/wp-content/uploads/2024/04/D_NQ_NP_816796-MLU69536179894_052023-O.webp
11856	https://api.ferreterialavalleja.com/wp-content/uploads/2024/04/D_NQ_NP_964811-MLU69549470759_052023-O.webp
11857	https://api.ferreterialavalleja.com/wp-content/uploads/2024/04/D_NQ_NP_917408-MLU69549371687_052023-O.webp
11862	https://api.ferreterialavalleja.com/wp-content/uploads/2024/04/D_NQ_NP_847721-MLU73064972991_112023-O.webp
11863	https://api.ferreterialavalleja.com/wp-content/uploads/2024/04/D_NQ_NP_914092-MLU72984561278_112023-O.webp
11864	https://api.ferreterialavalleja.com/wp-content/uploads/2024/04/D_NQ_NP_918240-MLU73065526215_112023-O.webp
11868	https://api.ferreterialavalleja.com/wp-content/uploads/2024/04/disco-bulit-segmentado-115-s100.png
11869	https://api.ferreterialavalleja.com/wp-content/uploads/2024/04/disco-bulit-segmentado-115mm-s80.jpg
11872	https://api.ferreterialavalleja.com/wp-content/uploads/2023/07/2024-04-24-09-27-01-451.png
11875	https://api.ferreterialavalleja.com/wp-content/uploads/2024/04/D_NQ_NP_808610-MLU74008904054_012024-O.webp
11876	https://api.ferreterialavalleja.com/wp-content/uploads/2024/04/D_NQ_NP_930480-MLU74113097149_012024-O.webp
11878	https://api.ferreterialavalleja.com/wp-content/uploads/2024/04/2024-04-24-09-59-18-517.png
11881	https://api.ferreterialavalleja.com/wp-content/uploads/2024/04/D_NQ_NP_896273-MLU48699741125_122021-O.webp
11882	https://api.ferreterialavalleja.com/wp-content/uploads/2024/04/1000056115.png
11883	https://api.ferreterialavalleja.com/wp-content/uploads/2024/04/2024-04-12-18-03-18-189.png
11888	https://api.ferreterialavalleja.com/wp-content/uploads/2024/04/D_NQ_NP_859162-MLU69454519096_052023-O.webp
11890	https://api.ferreterialavalleja.com/wp-content/uploads/2024/04/D_Q_NP_971097-MLU75669989879_042024-R.webp
11891	https://api.ferreterialavalleja.com/wp-content/uploads/2024/04/D_Q_NP_915194-MLU75670097421_042024-R.webp
11892	https://api.ferreterialavalleja.com/wp-content/uploads/2024/04/D_NQ_NP_665569-MLU75669989883_042024-O.webp
11893	https://api.ferreterialavalleja.com/wp-content/uploads/2024/04/D_NQ_NP_953449-MLU75133370699_032024-O.webp
11896	https://api.ferreterialavalleja.com/wp-content/uploads/2024/04/D_NQ_NP_611548-MLU75133611987_032024-O.webp
11899	https://api.ferreterialavalleja.com/wp-content/uploads/2024/04/D_NQ_NP_977163-MLU74992453458_032024-O.webp
11901	https://api.ferreterialavalleja.com/wp-content/uploads/2024/04/D_NQ_NP_756727-MLU75537126790_042024-O.webp
11902	https://api.ferreterialavalleja.com/wp-content/uploads/2024/04/D_NQ_NP_2X_732402-MLU74090129410_012024-F.webp
11903	https://api.ferreterialavalleja.com/wp-content/uploads/2024/04/D_NQ_NP_2X_604251-MLU74794547387_022024-F.webp
11904	https://api.ferreterialavalleja.com/wp-content/uploads/2024/04/D_NQ_NP_855767-MLU74664489520_022024-O.webp
11905	https://api.ferreterialavalleja.com/wp-content/uploads/2024/04/D_NQ_NP_701786-MLU74664479596_022024-O.webp
11908	https://api.ferreterialavalleja.com/wp-content/uploads/2024/05/Jogo-de-Pontas-Montadas-5-Pecas-vonder-12500000051.webp
11910	https://api.ferreterialavalleja.com/wp-content/uploads/2024/05/D_NQ_NP_617712-MLU54991736404_052023-O.webp
11911	https://api.ferreterialavalleja.com/wp-content/uploads/2024/05/D_NQ_NP_698753-MLU73488523866_122023-O.webp
11914	https://api.ferreterialavalleja.com/wp-content/uploads/2024/05/red-acrylic-tape-32mm-3RD-IMAGE-min.webp
11916	https://api.ferreterialavalleja.com/wp-content/uploads/2024/05/cift-tarafli-seffaf-akrilik-bant-18-mm-2-4cb8.webp
11918	https://api.ferreterialavalleja.com/wp-content/uploads/2023/06/OIP.jpeg
11919	https://api.ferreterialavalleja.com/wp-content/uploads/2023/06/OIP-1.jpeg
11920	https://api.ferreterialavalleja.com/wp-content/uploads/2023/06/2024-05-16-12-06-59-868.png
11921	https://api.ferreterialavalleja.com/wp-content/uploads/2023/06/1000062763.png
11923	https://api.ferreterialavalleja.com/wp-content/uploads/2024/05/traje-para-lluvia-azul1-20bd3ba8dcc0ce10b415415102590949-640-0.jpg
11925	https://api.ferreterialavalleja.com/wp-content/uploads/2024/05/D_NQ_NP_968418-MLU32528467270_102019-O.webp
11926	https://api.ferreterialavalleja.com/wp-content/uploads/2024/05/D_NQ_NP_963082-MLU32528459354_102019-O.webp
11927	https://api.ferreterialavalleja.com/wp-content/uploads/2024/05/D_NQ_NP_938908-MLU32528469239_102019-O.webp
11928	https://api.ferreterialavalleja.com/wp-content/uploads/2024/05/D_NQ_NP_636722-MLU32528459886_102019-O.webp
11929	https://api.ferreterialavalleja.com/wp-content/uploads/2024/05/D_NQ_NP_913494-MLU32528470736_102019-O.webp
11930	https://api.ferreterialavalleja.com/wp-content/uploads/2024/05/D_NQ_NP_938908-MLU32528469239_102019-O-1.webp
11931	https://api.ferreterialavalleja.com/wp-content/uploads/2024/05/D_NQ_NP_963082-MLU32528459354_102019-O-1.webp
11933	https://api.ferreterialavalleja.com/wp-content/uploads/2024/05/51RY94GtRL._AC_SL1200_.jpg
11934	https://api.ferreterialavalleja.com/wp-content/uploads/2024/05/D_NQ_NP_963082-MLU32528459354_102019-O-2.webp
11935	https://api.ferreterialavalleja.com/wp-content/uploads/2024/05/G9-WB24.webp
11939	https://api.ferreterialavalleja.com/wp-content/uploads/2024/05/UNA.png
11940	https://api.ferreterialavalleja.com/wp-content/uploads/2024/05/UNA-MAKAWA.png
11942	https://api.ferreterialavalleja.com/wp-content/uploads/2024/05/5e0ea0f6-e784-11e8-b040-02a2b4c5e19a.png
11944	https://api.ferreterialavalleja.com/wp-content/uploads/2024/05/61pja0HoDEL._AC_SL1500_.jpg
11945	https://api.ferreterialavalleja.com/wp-content/uploads/2024/05/61GNGhpPkiL._AC_SS450_.jpg
11946	https://api.ferreterialavalleja.com/wp-content/uploads/2024/05/414s2zT72iL.jpg
11948	https://api.ferreterialavalleja.com/wp-content/uploads/2024/05/OIP-2.jpeg
11949	https://api.ferreterialavalleja.com/wp-content/uploads/2024/05/6123Nm7zf8L._AC_SL1500_.jpg
11951	https://api.ferreterialavalleja.com/wp-content/uploads/2024/05/2246848.jpeg
11952	https://api.ferreterialavalleja.com/wp-content/uploads/2024/05/61GNGhpPkiL._AC_SS450_-1.jpg
11955	https://api.ferreterialavalleja.com/wp-content/uploads/2024/05/2246791-1.jpeg
11964	https://api.ferreterialavalleja.com/wp-content/uploads/2024/05/D_NQ_NP_774871-MLU54002033187_022023-O.webp
11965	https://api.ferreterialavalleja.com/wp-content/uploads/2024/05/D_NQ_NP_709284-MLU54001878451_022023-O.webp
11966	https://api.ferreterialavalleja.com/wp-content/uploads/2024/05/D_NQ_NP_718669-MLU54002045149_022023-O.webp
11967	https://api.ferreterialavalleja.com/wp-content/uploads/2024/05/D_NQ_NP_774871-MLU54002033187_022023-O-1.webp
11968	https://api.ferreterialavalleja.com/wp-content/uploads/2024/05/D_NQ_NP_730731-MLU54002077168_022023-O.webp
11970	https://api.ferreterialavalleja.com/wp-content/uploads/2024/05/2.png
11971	https://api.ferreterialavalleja.com/wp-content/uploads/2024/05/Ponteiro-Manual-Sextavado-300-MM-com-Protetor-1883455-SPARTA.webp
11973	https://api.ferreterialavalleja.com/wp-content/uploads/2024/05/hacha-de-mano-y-saca-clavos_MLA-F-3475757617_112012.jpg
11975	https://api.ferreterialavalleja.com/wp-content/uploads/2024/05/D_NQ_NP_803602-MLU50092313827_052022-O.webp
11976	https://api.ferreterialavalleja.com/wp-content/uploads/2024/05/D_NQ_NP_632719-MLU73962963555_012024-O.webp
11980	https://api.ferreterialavalleja.com/wp-content/uploads/2024/06/D_NQ_NP_894878-MLU54426639120_032023-O.webp
11984	https://api.ferreterialavalleja.com/wp-content/uploads/2024/06/1012911_1_1.webp
11989	https://api.ferreterialavalleja.com/wp-content/uploads/2024/06/4035467-1.jpg
11990	https://api.ferreterialavalleja.com/wp-content/uploads/2024/06/telas.jpg
11991	https://api.ferreterialavalleja.com/wp-content/uploads/2024/06/telascolores.jpg
11992	https://api.ferreterialavalleja.com/wp-content/uploads/2024/06/lana.jpg
11994	https://api.ferreterialavalleja.com/wp-content/uploads/2024/06/R.jpeg
11997	https://api.ferreterialavalleja.com/wp-content/uploads/2024/06/D_NQ_NP_942577-MLU74842904674_032024-O.webp
11998	https://api.ferreterialavalleja.com/wp-content/uploads/2024/06/D_NQ_NP_637441-MLU74979540899_032024-O.webp
12001	https://api.ferreterialavalleja.com/wp-content/uploads/2024/06/D_NQ_NP_939534-MLU74842914412_032024-O.webp
12003	https://api.ferreterialavalleja.com/wp-content/uploads/2024/06/e2ca6-guante_japones_rugoso_segurihigiene-2-.png
12005	https://api.ferreterialavalleja.com/wp-content/uploads/2024/06/D_NQ_NP_2X_982360-MLU50809004475_072022-F.webp
12006	https://api.ferreterialavalleja.com/wp-content/uploads/2024/06/D_NQ_NP_709917-MLU43610226442_092020-O.webp
12008	https://api.ferreterialavalleja.com/wp-content/uploads/2024/06/D_NQ_NP_684496-MLU46874951106_072021-O.webp
12009	https://api.ferreterialavalleja.com/wp-content/uploads/2023/07/mobile01-428fe53120998d7d46ad1908172f6d71.jpg
12012	https://api.ferreterialavalleja.com/wp-content/uploads/2024/06/D_NQ_NP_665569-MLU75669989883_042024-O.webp
12013	https://api.ferreterialavalleja.com/wp-content/uploads/2024/06/2024-06-04-11-19-40-995.png
12023	https://api.ferreterialavalleja.com/wp-content/uploads/2024/06/000000000000027884-UN-01.webp
12025	https://api.ferreterialavalleja.com/wp-content/uploads/2024/06/gsc_118404424_2090731_1.avif
12027	https://api.ferreterialavalleja.com/wp-content/uploads/2024/06/5dc41a26d582c_20191107032038.webp
12029	https://api.ferreterialavalleja.com/wp-content/uploads/2024/06/pegamento-poxipol-gris-70ml.jpg
12031	https://api.ferreterialavalleja.com/wp-content/uploads/2023/06/poxipol-grande-1.webp
12036	https://api.ferreterialavalleja.com/wp-content/uploads/2024/06/D_NQ_NP_709683-MLU47497932600_092021-O.webp
12037	https://api.ferreterialavalleja.com/wp-content/uploads/2024/06/D_NQ_NP_900268-MLU53900355624_022023-O.webp
12038	https://api.ferreterialavalleja.com/wp-content/uploads/2024/06/D_NQ_NP_966275-MLU53900345837_022023-O.webp
12039	https://api.ferreterialavalleja.com/wp-content/uploads/2024/06/D_NQ_NP_622807-MLU53900012957_022023-O.webp
12042	https://api.ferreterialavalleja.com/wp-content/uploads/2023/06/D_NQ_NP_709683-MLU47497932600_092021-O.webp
12044	https://api.ferreterialavalleja.com/wp-content/uploads/2024/06/252c98_c2788f20b2e545a88b745d1eb9ca991amv2.webp
12046	https://api.ferreterialavalleja.com/wp-content/uploads/2024/06/D_NQ_NP_734022-MLU53928683378_022023-O.webp
12048	https://api.ferreterialavalleja.com/wp-content/uploads/2024/06/w1036h832fwebpfitcontainq85.avif
12049	https://api.ferreterialavalleja.com/wp-content/uploads/2024/06/w1036h832fwebpfitcontainq85-1.avif
12055	https://api.ferreterialavalleja.com/wp-content/uploads/2024/06/w1036h832fwebpfitcontainq85-1-1.avif
12056	https://api.ferreterialavalleja.com/wp-content/uploads/2024/06/w1036h832fwebpfitcontainq85-2.avif
12057	https://api.ferreterialavalleja.com/wp-content/uploads/2024/06/w1036h832fwebpfitcontainq85-1-2.avif
12058	https://api.ferreterialavalleja.com/wp-content/uploads/2024/06/1000066534.jpg
12060	https://api.ferreterialavalleja.com/wp-content/uploads/2024/06/thumbnail_1000066536.jpg
12061	https://api.ferreterialavalleja.com/wp-content/uploads/2024/06/1000066534-1.jpg
12063	https://api.ferreterialavalleja.com/wp-content/uploads/2024/06/D_NQ_NP_799098-MLU72241099638_102023-O.webp
12065	https://api.ferreterialavalleja.com/wp-content/uploads/2024/06/OIP-6.jpeg
12066	https://api.ferreterialavalleja.com/wp-content/uploads/2024/06/tornillo-punta-aguda.webp
12068	https://api.ferreterialavalleja.com/wp-content/uploads/2024/06/OIP-46.jpg
12071	https://api.ferreterialavalleja.com/wp-content/uploads/2023/06/D_NQ_NP_709543-MLA47064488012_082021-O.webp
12073	https://api.ferreterialavalleja.com/wp-content/uploads/2024/06/D_NQ_NP_2X_936496-MLU73581114077_122023-F.webp
12074	https://api.ferreterialavalleja.com/wp-content/uploads/2024/06/D_NQ_NP_2X_690254-MLU73488538604_122023-F.webp
12075	https://api.ferreterialavalleja.com/wp-content/uploads/2024/06/D_NQ_NP_2X_794363-MLU73488725250_122023-F.webp
12076	https://api.ferreterialavalleja.com/wp-content/uploads/2024/06/D_NQ_NP_2X_818132-MLU73488498830_122023-F.webp
12077	https://api.ferreterialavalleja.com/wp-content/uploads/2024/06/D_NQ_NP_899466-MLU73488498820_122023-O.webp
12079	https://api.ferreterialavalleja.com/wp-content/uploads/2024/06/OIP-48.jpg
12081	https://api.ferreterialavalleja.com/wp-content/uploads/2024/06/D_NQ_NP_686401-MLU45506992169_042021-O.webp
12083	https://api.ferreterialavalleja.com/wp-content/uploads/2024/06/1000067946.png
12084	https://api.ferreterialavalleja.com/wp-content/uploads/2024/06/1000067956.png
12085	https://api.ferreterialavalleja.com/wp-content/uploads/2024/06/1000067944.png
12087	https://api.ferreterialavalleja.com/wp-content/uploads/2024/06/1000067941.png
12088	https://api.ferreterialavalleja.com/wp-content/uploads/2024/06/1000067946-1.png
12090	https://api.ferreterialavalleja.com/wp-content/uploads/2024/06/D_NQ_NP_925848-MLU75421649078_042024-O.webp
12091	https://api.ferreterialavalleja.com/wp-content/uploads/2024/06/D_NQ_NP_911064-MLU74165037916_012024-O.webp
12092	https://api.ferreterialavalleja.com/wp-content/uploads/2024/06/D_NQ_NP_670395-MLU74276560447_012024-O.webp
12094	https://api.ferreterialavalleja.com/wp-content/uploads/2024/02/D_NQ_NP_911064-MLU74165037916_012024-O.webp
12095	https://api.ferreterialavalleja.com/wp-content/uploads/2024/02/D_NQ_NP_670395-MLU74276560447_012024-O.webp
12097	https://api.ferreterialavalleja.com/wp-content/uploads/2023/09/D_NQ_NP_787955-MLA76416897848_052024-O.webp
12098	https://api.ferreterialavalleja.com/wp-content/uploads/2023/09/D_NQ_NP_988188-MLU76694450026_062024-O-1.webp
12099	https://api.ferreterialavalleja.com/wp-content/uploads/2023/09/D_NQ_NP_773648-MLU76417243262_052024-O.webp
12100	https://api.ferreterialavalleja.com/wp-content/uploads/2023/09/D_NQ_NP_885292-MLU76417243258_052024-O.webp
12103	https://api.ferreterialavalleja.com/wp-content/uploads/2024/06/D_NQ_NP_840305-MLU75373461478_042024-O.webp
12104	https://api.ferreterialavalleja.com/wp-content/uploads/2024/06/D_NQ_NP_705196-MLU75373412160_042024-O.webp
12105	https://api.ferreterialavalleja.com/wp-content/uploads/2024/06/D_NQ_NP_940935-MLU75526706569_042024-O.webp
12106	https://api.ferreterialavalleja.com/wp-content/uploads/2024/06/D_NQ_NP_711677-MLU75373461448_042024-O.webp
12109	https://api.ferreterialavalleja.com/wp-content/uploads/2024/06/OIP-7.jpeg
12110	https://api.ferreterialavalleja.com/wp-content/uploads/2024/06/aada155236c47bc1d25e6e8f1c9b3e3b.webp
12112	https://api.ferreterialavalleja.com/wp-content/uploads/2024/06/47370938_1.jpg
12115	https://api.ferreterialavalleja.com/wp-content/uploads/2024/06/Cantoneira-bicro-1.1-2-1.png
12118	https://api.ferreterialavalleja.com/wp-content/uploads/2024/06/57957-1.jpg
12120	https://api.ferreterialavalleja.com/wp-content/uploads/2024/06/Katownik_waski_20_x_100_x_100_mm-125953-95270.jpg
12121	https://api.ferreterialavalleja.com/wp-content/uploads/2023/08/39020_l.jpg
12122	https://api.ferreterialavalleja.com/wp-content/uploads/2023/08/404-380x500-1.jpg
12123	https://api.ferreterialavalleja.com/wp-content/uploads/2023/08/1670858949748.jpg
12124	https://api.ferreterialavalleja.com/wp-content/uploads/2023/08/455098-1.webp
12125	https://api.ferreterialavalleja.com/wp-content/uploads/2023/08/1127195.jpeg
12126	https://api.ferreterialavalleja.com/wp-content/uploads/2023/08/OIP-8.jpeg
12129	https://api.ferreterialavalleja.com/wp-content/uploads/2023/08/OIP-10.jpeg
12130	https://api.ferreterialavalleja.com/wp-content/uploads/2023/08/1-pieza-mensula-de-acero-080-mm-carga-de-trabajo-30-kilos-kg-color-blanco-para-repisa-5x6-pulgadas.webp
12131	https://api.ferreterialavalleja.com/wp-content/uploads/2023/08/1-pieza-mensula-de-acero-080-mm-carga-de-trabajo-30-kilos-kg-color-blanco-para-repisa-6x8-pulgadas.webp
12132	https://api.ferreterialavalleja.com/wp-content/uploads/2023/08/OIP-9.jpeg
12133	https://api.ferreterialavalleja.com/wp-content/uploads/2023/08/ME-14BFC2.jpg
12134	https://api.ferreterialavalleja.com/wp-content/uploads/2023/08/1-pieza-mensula-de-acero-080-mm-carga-de-trabajo-30-kilos-kg-color-blanco-para-repisa-6x8-pulgadas-1.webp
12135	https://api.ferreterialavalleja.com/wp-content/uploads/2023/08/OIP-9-1.jpeg
12136	https://api.ferreterialavalleja.com/wp-content/uploads/2023/08/mensulas-de-acero-blanca-10-x-12-fiero-71d-1024x1024-1.jpg
12137	https://api.ferreterialavalleja.com/wp-content/uploads/2023/08/D_NQ_NP_895234-MLM40197291394_122019-O.jpg
12138	https://api.ferreterialavalleja.com/wp-content/uploads/2023/08/D_NQ_NP_895234-MLM40197291394_122019-O-1.jpg
12139	https://api.ferreterialavalleja.com/wp-content/uploads/2023/08/D_NQ_NP_2X_626587-MLU54717695623_032023-F.webp
12140	https://api.ferreterialavalleja.com/wp-content/uploads/2023/08/D_NQ_NP_2X_626260-MLU54717718921_032023-F.webp
12148	https://api.ferreterialavalleja.com/wp-content/uploads/2024/06/D_NQ_NP_2X_626260-MLU54717718921_032023-F.webp
12149	https://api.ferreterialavalleja.com/wp-content/uploads/2024/06/ME-10GD2.jpg
12150	https://api.ferreterialavalleja.com/wp-content/uploads/2024/06/ME-14ND2.jpg
12151	https://api.ferreterialavalleja.com/wp-content/uploads/2024/06/ME-8ND2.jpg
12152	https://api.ferreterialavalleja.com/wp-content/uploads/2024/06/ME-12GFC2.jpg
12153	https://api.ferreterialavalleja.com/wp-content/uploads/2024/06/OIP-11.jpeg
12154	https://api.ferreterialavalleja.com/wp-content/uploads/2024/06/G9900072.jpg
12160	https://api.ferreterialavalleja.com/wp-content/uploads/2024/06/desempenadeira_corrugada_180x300mm_cabo_fechado_galo_90352514_0001_600x600.jpg
12161	https://api.ferreterialavalleja.com/wp-content/uploads/2024/06/OIP-12.jpeg
12163	https://api.ferreterialavalleja.com/wp-content/uploads/2024/06/D_NQ_NP_874981-MLA42065338472_062020-O.webp
12168	https://api.ferreterialavalleja.com/wp-content/uploads/2024/06/B1080293408.jpg
12171	https://api.ferreterialavalleja.com/wp-content/uploads/2024/06/2024-06-18-12-14-33-205.png
12175	https://api.ferreterialavalleja.com/wp-content/uploads/2024/06/rebosehembra12x13mm-600x635-1.jpg
12177	https://api.ferreterialavalleja.com/wp-content/uploads/2024/06/D_NQ_NP_923490-MLU43879450386_102020-O.webp
12178	https://api.ferreterialavalleja.com/wp-content/uploads/2024/06/D_NQ_NP_898991-MLU43879450384_102020-O.webp
12189	https://api.ferreterialavalleja.com/wp-content/uploads/2024/07/D_NQ_NP_915037-MLU76419336280_052024-O.webp
12194	https://api.ferreterialavalleja.com/wp-content/uploads/2024/07/b3ee00e1-e2ff-5afe-bc12-82700641e448.jpeg
12196	https://api.ferreterialavalleja.com/wp-content/uploads/2024/07/D_NQ_NP_844843-MLU40337227750_012020-O.webp
12198	https://api.ferreterialavalleja.com/wp-content/uploads/2023/06/OIP-14.jpeg
12200	https://api.ferreterialavalleja.com/wp-content/uploads/2023/06/D_NQ_NP_648314-MLU77233809533_062024-O.webp
12202	https://api.ferreterialavalleja.com/wp-content/uploads/2024/07/D_NQ_NP_839904-MLU70779284166_082023-O.webp
12203	https://api.ferreterialavalleja.com/wp-content/uploads/2024/07/D_NQ_NP_804369-MLU40996863533_032020-O.webp
12206	https://api.ferreterialavalleja.com/wp-content/uploads/2024/07/1000077759.png
12207	https://api.ferreterialavalleja.com/wp-content/uploads/2024/07/1000077760.png
12208	https://api.ferreterialavalleja.com/wp-content/uploads/2024/07/1000077759-1.png
12209	https://api.ferreterialavalleja.com/wp-content/uploads/2024/07/1000077762.jpg
12210	https://api.ferreterialavalleja.com/wp-content/uploads/2024/07/1000077757.png
12212	https://api.ferreterialavalleja.com/wp-content/uploads/2024/07/1200.webp
12213	https://api.ferreterialavalleja.com/wp-content/uploads/2024/07/gsc_127253920_4851152_1.webp
12215	https://api.ferreterialavalleja.com/wp-content/uploads/2024/07/2024-07-31-09-57-10-383.png
12217	https://api.ferreterialavalleja.com/wp-content/uploads/2024/07/D_NQ_NP_2X_875331-MLU75537066290_042024-F.webp
12218	https://api.ferreterialavalleja.com/wp-content/uploads/2024/07/OIP-16.jpeg
12219	https://api.ferreterialavalleja.com/wp-content/uploads/2024/07/D_NQ_NP_2X_735888-MLU75696697767_042024-F.webp
12221	https://api.ferreterialavalleja.com/wp-content/uploads/2024/07/D_NQ_NP_870739-MLU75537125480_042024-O.webp
12235	https://api.ferreterialavalleja.com/wp-content/uploads/2024/07/D_NQ_NP_2X_735888-MLU75696697767_042024-F-1.webp
12237	https://api.ferreterialavalleja.com/wp-content/uploads/2024/08/D_NQ_NP_792441-MLU31914807227_082019-O.webp
12238	https://api.ferreterialavalleja.com/wp-content/uploads/2024/08/OIP-17.jpeg
12240	https://api.ferreterialavalleja.com/wp-content/uploads/2024/08/D_NQ_NP_2X_893288-MLU75761018213_042024-F.webp
12241	https://api.ferreterialavalleja.com/wp-content/uploads/2024/08/129580.png
12243	https://api.ferreterialavalleja.com/wp-content/uploads/2024/08/D_NQ_NP_895835-MLU75289380441_032024-O.webp
12244	https://api.ferreterialavalleja.com/wp-content/uploads/2024/08/D_NQ_NP_2X_893288-MLU75761018213_042024-F-1.webp
12245	https://api.ferreterialavalleja.com/wp-content/uploads/2024/08/D_NQ_NP_669382-MLM31380129939_072019-F.jpg
12247	https://api.ferreterialavalleja.com/wp-content/uploads/2024/08/38762_1-0dda493ec92cb0098816288626221760-1024-1024.jpg
12249	https://api.ferreterialavalleja.com/wp-content/uploads/2024/08/OIP-18.jpeg
12250	https://api.ferreterialavalleja.com/wp-content/uploads/2024/08/PEGATANKE-TRANSPARENTE.webp
12252	https://api.ferreterialavalleja.com/wp-content/uploads/2024/08/123wwww-300x275-1.jpg
12253	https://api.ferreterialavalleja.com/wp-content/uploads/2024/08/D_NQ_NP_2X_814257-MLC50792357086_072022-F.jpg
12255	https://api.ferreterialavalleja.com/wp-content/uploads/2024/08/D_NQ_NP_663455-MLU72979682496_112023-O.webp
12256	https://api.ferreterialavalleja.com/wp-content/uploads/2024/08/D_NQ_NP_869932-MLU72979643192_112023-O.webp
12258	https://api.ferreterialavalleja.com/wp-content/uploads/2024/08/D_NQ_NP_670679-MLU73578929826_122023-O.webp
12259	https://api.ferreterialavalleja.com/wp-content/uploads/2024/08/D_NQ_NP_905745-MLU70893965057_082023-O.webp
12260	https://api.ferreterialavalleja.com/wp-content/uploads/2024/08/D_NQ_NP_795860-MLU73578929820_122023-O.webp
12261	https://api.ferreterialavalleja.com/wp-content/uploads/2024/08/D_NQ_NP_628150-MLU74823210448_032024-O.webp
12263	https://api.ferreterialavalleja.com/wp-content/uploads/2024/08/D_NQ_NP_990823-MLU74523182231_022024-O.webp
12264	https://api.ferreterialavalleja.com/wp-content/uploads/2024/08/D_NQ_NP_890130-MLU74402884878_022024-O.webp
12265	https://api.ferreterialavalleja.com/wp-content/uploads/2024/08/D_NQ_NP_711089-MLU74402709626_022024-O.webp
12266	https://api.ferreterialavalleja.com/wp-content/uploads/2024/08/D_NQ_NP_622966-MLU74402709618_022024-O.webp
12270	https://api.ferreterialavalleja.com/wp-content/uploads/2024/08/1000092205.png
12271	https://api.ferreterialavalleja.com/wp-content/uploads/2024/08/1000092204.png
12273	https://api.ferreterialavalleja.com/wp-content/uploads/2024/08/1000092211.png
12274	https://api.ferreterialavalleja.com/wp-content/uploads/2024/08/1000092212.png
12275	https://api.ferreterialavalleja.com/wp-content/uploads/2024/08/2024-08-15-09-38-14-445.png
12277	https://api.ferreterialavalleja.com/wp-content/uploads/2024/08/690975.webp
12278	https://api.ferreterialavalleja.com/wp-content/uploads/2024/08/D_NQ_NP_641636-MLU74143196695_012024-O.webp
12281	https://api.ferreterialavalleja.com/wp-content/uploads/2024/08/1000092233.png
12282	https://api.ferreterialavalleja.com/wp-content/uploads/2024/08/1000092232.png
12283	https://api.ferreterialavalleja.com/wp-content/uploads/2024/08/1000092231.png
12284	https://api.ferreterialavalleja.com/wp-content/uploads/2024/03/1000092231.png
12287	https://api.ferreterialavalleja.com/wp-content/uploads/2024/08/D_NQ_NP_738404-MLU70623671082_072023-O.webp
12288	https://api.ferreterialavalleja.com/wp-content/uploads/2024/08/2024-08-15-12-19-55-736.png
12289	https://api.ferreterialavalleja.com/wp-content/uploads/2024/08/D_NQ_NP_738404-MLU70623671082_072023-O-1.webp
12292	https://api.ferreterialavalleja.com/wp-content/uploads/2024/08/D_NQ_NP_2X_691224-MLU32027979631_082019-F.webp
12293	https://api.ferreterialavalleja.com/wp-content/uploads/2024/08/D_NQ_NP_865308-MLU32027979269_082019-O.webp
12295	https://api.ferreterialavalleja.com/wp-content/uploads/2024/08/D_NQ_NP_2X_774008-MLU31244098572_062019-F.webp
12296	https://api.ferreterialavalleja.com/wp-content/uploads/2024/08/D_NQ_NP_2X_750392-MLU31244087350_062019-F.webp
12298	https://api.ferreterialavalleja.com/wp-content/uploads/2023/05/D_NQ_NP_936270-MLU71288109607_082023-O.webp
12301	https://api.ferreterialavalleja.com/wp-content/uploads/2024/08/D_NQ_NP_2X_610360-MLU75719322488_042024-F.webp
12303	https://api.ferreterialavalleja.com/wp-content/uploads/2024/08/D_NQ_NP_766696-MLU50335863690_062022-O.webp
12306	https://api.ferreterialavalleja.com/wp-content/uploads/2024/08/D_NQ_NP_678125-MLU32744666862_112019-O.webp
12308	https://api.ferreterialavalleja.com/wp-content/uploads/2024/08/D_NQ_NP_2X_930520-MLU75115038804_032024-F.webp
12311	https://api.ferreterialavalleja.com/wp-content/uploads/2024/08/OIP-20.jpeg
12313	https://api.ferreterialavalleja.com/wp-content/uploads/2024/08/K0202003_M.jpg
12315	https://api.ferreterialavalleja.com/wp-content/uploads/2024/08/D_NQ_NP_705972-MLU47591032225_092021-O.webp
12316	https://api.ferreterialavalleja.com/wp-content/uploads/2024/08/D_NQ_NP_719135-MLU52203139134_102022-O.webp
12317	https://api.ferreterialavalleja.com/wp-content/uploads/2024/08/D_NQ_NP_705972-MLU47591032225_092021-O-1.webp
12318	https://api.ferreterialavalleja.com/wp-content/uploads/2024/08/D_NQ_NP_976692-MLU47591021326_092021-O.webp
12319	https://api.ferreterialavalleja.com/wp-content/uploads/2024/08/D_NQ_NP_990280-MLU47591056137_092021-O.webp
12320	https://api.ferreterialavalleja.com/wp-content/uploads/2024/08/D_NQ_NP_648994-MLU47591043203_092021-O.webp
12321	https://api.ferreterialavalleja.com/wp-content/uploads/2024/08/D_NQ_NP_921232-MLU47591038216_092021-O.webp
12322	https://api.ferreterialavalleja.com/wp-content/uploads/2024/08/D_NQ_NP_843290-MLU47591038214_092021-O.webp
12324	https://api.ferreterialavalleja.com/wp-content/uploads/2024/08/5f996de98206877506615f8cdc0c2449_7378dd3f-09f0-4119-9b03-4457e668dbc8_1800x1800.webp
12326	https://api.ferreterialavalleja.com/wp-content/uploads/2024/08/D_NQ_NP_911777-MLU44749954241_012021-O.webp
12327	https://api.ferreterialavalleja.com/wp-content/uploads/2024/08/D_NQ_NP_732257-MLU47591025310_092021-O.webp
12329	https://api.ferreterialavalleja.com/wp-content/uploads/2024/08/2024-08-27-09-09-12-347.jpg
12330	https://api.ferreterialavalleja.com/wp-content/uploads/2024/08/2024-08-27-08-36-00-471.png
12331	https://api.ferreterialavalleja.com/wp-content/uploads/2024/08/D_NQ_NP_788419-MLU70819759789_082023-O.webp
12332	https://api.ferreterialavalleja.com/wp-content/uploads/2024/08/D_NQ_NP_2X_792426-MLU32170433795_092019-F.webp
12333	https://api.ferreterialavalleja.com/wp-content/uploads/2024/08/2024-08-27-08-36-00-471-1.png
12334	https://api.ferreterialavalleja.com/wp-content/uploads/2024/08/D_NQ_NP_625809-MLU54842225996_042023-O.webp
12336	https://api.ferreterialavalleja.com/wp-content/uploads/2024/08/canados-50mm-1.jpg
12338	https://api.ferreterialavalleja.com/wp-content/uploads/2024/08/D_NQ_NP_996903-MLU46529897866_062021-O.webp
12342	https://api.ferreterialavalleja.com/wp-content/uploads/2024/08/D_NQ_NP_600994-MLU71159232131_082023-O.webp
12343	https://api.ferreterialavalleja.com/wp-content/uploads/2024/08/D_NQ_NP_999090-MLU71158974223_082023-O.webp
12344	https://api.ferreterialavalleja.com/wp-content/uploads/2024/08/D_NQ_NP_835299-MLU71159232129_082023-O.webp
12346	https://api.ferreterialavalleja.com/wp-content/uploads/2024/08/D_NQ_NP_600379-MLU70555240254_072023-O.webp
12349	https://api.ferreterialavalleja.com/wp-content/uploads/2024/08/717LyRAyYL._AC_SS450_.jpg
12351	https://api.ferreterialavalleja.com/wp-content/uploads/2024/08/L_c-mara-rueda-carretilla3709.png
12353	https://api.ferreterialavalleja.com/wp-content/uploads/2024/08/s-l400-1.jpg
12355	https://api.ferreterialavalleja.com/wp-content/uploads/2024/08/s-l1600-1.jpg
12357	https://api.ferreterialavalleja.com/wp-content/uploads/2023/07/D_NQ_NP_602321-MLU77597497940_072024-O.webp
12358	https://api.ferreterialavalleja.com/wp-content/uploads/2023/07/D_NQ_NP_654521-MLU75718485225_042024-O.webp
12359	https://api.ferreterialavalleja.com/wp-content/uploads/2023/07/D_NQ_NP_2X_742857-MLU75718211047_042024-F.webp
12360	https://api.ferreterialavalleja.com/wp-content/uploads/2023/07/D_NQ_NP_2X_972164-MLU75718485229_042024-F.webp
12361	https://api.ferreterialavalleja.com/wp-content/uploads/2023/07/D_NQ_NP_808987-MLU76648155385_052024-O.webp
12364	https://api.ferreterialavalleja.com/wp-content/uploads/2024/08/D_NQ_NP_675415-MLU75578703177_042024-O.webp
12365	https://api.ferreterialavalleja.com/wp-content/uploads/2024/08/D_NQ_NP_614012-MLU31246284909_062019-O.webp
12366	https://api.ferreterialavalleja.com/wp-content/uploads/2024/08/D_NQ_NP_649807-MLU77763586271_072024-O.webp
12373	https://api.ferreterialavalleja.com/wp-content/uploads/2024/09/351039-gr-cepillo-tipo-pincel-acero-17mm.jpg
12374	https://api.ferreterialavalleja.com/wp-content/uploads/2024/09/16923-14925699.jpg
12375	https://api.ferreterialavalleja.com/wp-content/uploads/2023/07/165593.jpg
12377	https://api.ferreterialavalleja.com/wp-content/uploads/2024/09/Electraline_Fichas_110505497-600x600-1.jpg
12378	https://api.ferreterialavalleja.com/wp-content/uploads/2024/09/el-00530.jpg
12379	https://api.ferreterialavalleja.com/wp-content/uploads/2024/09/D_NQ_NP_777449-MLU51490981009_092022-O.webp
12383	https://api.ferreterialavalleja.com/wp-content/uploads/2024/09/OIP-21.jpeg
12384	https://api.ferreterialavalleja.com/wp-content/uploads/2024/09/pinza-presion-tramontina-10-41070110.jpg
12385	https://api.ferreterialavalleja.com/wp-content/uploads/2024/09/D_NQ_NP_753703-MLU47877826142_102021-O.webp
12386	https://api.ferreterialavalleja.com/wp-content/uploads/2024/09/2024-09-06-09-05-42-280.jpg
12388	https://api.ferreterialavalleja.com/wp-content/uploads/2024/09/D_NQ_NP_997455-MLU70889949229_082023-O.webp
12389	https://api.ferreterialavalleja.com/wp-content/uploads/2024/09/990599-MLA45064808620_032021.jpg
12390	https://api.ferreterialavalleja.com/wp-content/uploads/2024/09/OIP-23.jpeg
12392	https://api.ferreterialavalleja.com/wp-content/uploads/2024/09/D_NQ_NP_947536-MLU69424557825_052023-O.webp
12394	https://api.ferreterialavalleja.com/wp-content/uploads/2024/09/1214721.jpeg
12396	https://api.ferreterialavalleja.com/wp-content/uploads/2024/09/D_NQ_NP_792822-MLA47179057864_082021-O.webp
12398	https://api.ferreterialavalleja.com/wp-content/uploads/2024/09/D_NQ_NP_999337-MLU74858448741_032024-O.webp
12400	https://api.ferreterialavalleja.com/wp-content/uploads/2024/09/D_NQ_NP_845480-MLU31243246060_062019-O.webp
12402	https://api.ferreterialavalleja.com/wp-content/uploads/2023/07/D_NQ_NP_664813-MLU44896843562_022021-O.webp
12403	https://api.ferreterialavalleja.com/wp-content/uploads/2023/07/D_NQ_NP_742100-MLU75009728384_032024-O.webp
12404	https://api.ferreterialavalleja.com/wp-content/uploads/2023/07/D_NQ_NP_792434-MLU75009728368_032024-O.webp
12406	https://api.ferreterialavalleja.com/wp-content/uploads/2024/09/D_NQ_NP_711166-MLU74157033723_012024-O.webp
12407	https://api.ferreterialavalleja.com/wp-content/uploads/2024/09/D_NQ_NP_605336-MLU72889545796_112023-O.webp
12408	https://api.ferreterialavalleja.com/wp-content/uploads/2024/09/D_NQ_NP_725906-MLU72967003997_112023-O.webp
12409	https://api.ferreterialavalleja.com/wp-content/uploads/2024/09/D_NQ_NP_854070-MLU72967004005_112023-O.webp
12410	https://api.ferreterialavalleja.com/wp-content/uploads/2024/09/D_NQ_NP_821413-MLU72967072793_112023-O.webp
12411	https://api.ferreterialavalleja.com/wp-content/uploads/2024/09/D_NQ_NP_657964-MLU71632849051_092023-O.webp
12412	https://api.ferreterialavalleja.com/wp-content/uploads/2024/09/D_NQ_NP_684063-MLU71632722897_092023-O.webp
12417	https://api.ferreterialavalleja.com/wp-content/uploads/2024/09/2024-09-18-08-24-59-275.png
12418	https://api.ferreterialavalleja.com/wp-content/uploads/2024/09/arcal-logo.png
12420	https://api.ferreterialavalleja.com/wp-content/uploads/2023/08/12630BF.fw_.png
12425	https://api.ferreterialavalleja.com/wp-content/uploads/2024/09/D_NQ_NP_930437-MLU69550835704_052023-O.webp
12426	https://api.ferreterialavalleja.com/wp-content/uploads/2024/09/D_NQ_NP_731755-MLU40492564844_012020-O.webp
12428	https://api.ferreterialavalleja.com/wp-content/uploads/2024/09/D_NQ_NP_729001-MLU75118287993_032024-O.webp
12429	https://api.ferreterialavalleja.com/wp-content/uploads/2024/09/D_NQ_NP_910324-MLU74993385972_032024-O.webp
12430	https://api.ferreterialavalleja.com/wp-content/uploads/2024/09/D_NQ_NP_967040-MLU78099850939_072024-O.webp
12433	https://api.ferreterialavalleja.com/wp-content/uploads/2024/09/D_NQ_NP_809480-MLU74161180211_012024-O.webp
12435	https://api.ferreterialavalleja.com/wp-content/uploads/2024/09/D_NQ_NP_878960-MLU78214475674_082024-O.webp
12436	https://api.ferreterialavalleja.com/wp-content/uploads/2024/09/D_NQ_NP_718520-MLU76667681748_062024-O.webp
12437	https://api.ferreterialavalleja.com/wp-content/uploads/2024/09/D_NQ_NP_607195-MLU76548876580_052024-O.webp
12440	https://api.ferreterialavalleja.com/wp-content/uploads/2024/09/puntas-pozidriv-pz2-x50mm-estuches-con-5-piezas-truper-12162.jpg
12442	https://api.ferreterialavalleja.com/wp-content/uploads/2024/09/42W615_AS01.jpeg
12444	https://api.ferreterialavalleja.com/wp-content/uploads/2024/09/D_NQ_NP_945138-MLU75252062506_032024-O.webp
12445	https://api.ferreterialavalleja.com/wp-content/uploads/2024/09/D_NQ_NP_704720-MLU75252023022_032024-O.webp
12446	https://api.ferreterialavalleja.com/wp-content/uploads/2024/09/D_NQ_NP_683179-MLU75402026611_032024-O.webp
12451	https://api.ferreterialavalleja.com/wp-content/uploads/2024/09/D_NQ_NP_999049-MLA49306050868_032022-O.webp
12452	https://api.ferreterialavalleja.com/wp-content/uploads/2024/09/D_NQ_NP_634816-MLU71925696885_092023-O.webp
12453	https://api.ferreterialavalleja.com/wp-content/uploads/2024/09/D_NQ_NP_973860-MLU54962823030_042023-O.webp
12454	https://api.ferreterialavalleja.com/wp-content/uploads/2024/09/D_NQ_NP_734040-MLU71925442845_092023-O.webp
12455	https://api.ferreterialavalleja.com/wp-content/uploads/2024/09/D_NQ_NP_634816-MLU71925696885_092023-O-1.webp
12457	https://api.ferreterialavalleja.com/wp-content/uploads/2024/09/bulit-candado-bronce-40-2-trabas_779330041752-1-378342158.jpg
12458	https://api.ferreterialavalleja.com/wp-content/uploads/2024/09/D_NQ_NP_734040-MLU71925442845_092023-O-1.webp
12460	https://api.ferreterialavalleja.com/wp-content/uploads/2024/09/D_NQ_NP_922946-MCO49214682605_022022-O.webp
12462	https://api.ferreterialavalleja.com/wp-content/uploads/2024/09/mwvzpndx0sjck0noz5ax.jpg
12463	https://api.ferreterialavalleja.com/wp-content/uploads/2024/09/71M2POTprL._AC_SL1500_.jpg
12465	https://api.ferreterialavalleja.com/wp-content/uploads/2024/09/D_NQ_NP_2X_988332-MLC43646334659_102020-F.jpg
12468	https://api.ferreterialavalleja.com/wp-content/uploads/2024/09/D_NQ_NP_783355-MLU46535363087_062021-O.webp
12469	https://api.ferreterialavalleja.com/wp-content/uploads/2024/09/OIP-24.jpeg
12470	https://api.ferreterialavalleja.com/wp-content/uploads/2024/09/D_NQ_NP_783355-MLU46535363087_062021-O-1.webp
12473	https://api.ferreterialavalleja.com/wp-content/uploads/2023/06/1228276.webp
12475	https://api.ferreterialavalleja.com/wp-content/uploads/2024/09/D_NQ_NP_998828-MLC26120886841_102017-O.jpg
12477	https://api.ferreterialavalleja.com/wp-content/uploads/2024/09/2024-09-28-11-23-47-454.png
12478	https://api.ferreterialavalleja.com/wp-content/uploads/2024/09/1000105055.jpg
12479	https://api.ferreterialavalleja.com/wp-content/uploads/2024/09/2024-09-28-11-23-47-454-1.png
12480	https://api.ferreterialavalleja.com/wp-content/uploads/2024/09/1000105048.jpg
12481	https://api.ferreterialavalleja.com/wp-content/uploads/2024/09/1000105055-1.jpg
12482	https://api.ferreterialavalleja.com/wp-content/uploads/2024/09/1000105049.jpg
12483	https://api.ferreterialavalleja.com/wp-content/uploads/2024/09/1000105053.jpg
12484	https://api.ferreterialavalleja.com/wp-content/uploads/2024/09/1000105050.jpg
12485	https://api.ferreterialavalleja.com/wp-content/uploads/2024/09/1000105052.jpg
12486	https://api.ferreterialavalleja.com/wp-content/uploads/2024/09/1000105048-1.jpg
12487	https://api.ferreterialavalleja.com/wp-content/uploads/2024/09/2024-09-28-11-56-40-285.png
12492	https://api.ferreterialavalleja.com/wp-content/uploads/2024/09/enkor_56353_1_600.750x0.webp
12496	https://api.ferreterialavalleja.com/wp-content/uploads/2024/09/D_NQ_NP_912643-MLU69566769869_052023-O.webp
12498	https://api.ferreterialavalleja.com/wp-content/uploads/2024/09/R-2.jpeg
12503	https://api.ferreterialavalleja.com/wp-content/uploads/2024/10/D_NQ_NP_733237-MLU69672744786_052023-O.webp
12504	https://api.ferreterialavalleja.com/wp-content/uploads/2024/10/D_NQ_NP_662907-MLU69672560916_052023-O.webp
12506	https://api.ferreterialavalleja.com/wp-content/uploads/2023/09/D_NQ_NP_2X_715335-MLU75796384683_042024-F.webp
12507	https://api.ferreterialavalleja.com/wp-content/uploads/2023/09/D_NQ_NP_2X_898501-MLU75796384689_042024-F.webp
12508	https://api.ferreterialavalleja.com/wp-content/uploads/2023/09/D_NQ_NP_838044-MLU75198957008_032024-O.webp
12509	https://api.ferreterialavalleja.com/wp-content/uploads/2023/09/D_NQ_NP_743615-MLU75198829780_032024-O.webp
12510	https://api.ferreterialavalleja.com/wp-content/uploads/2023/09/D_NQ_NP_983612-MLU73268414039_122023-O.webp
12512	https://api.ferreterialavalleja.com/wp-content/uploads/2024/10/16-2.jpg
12515	https://api.ferreterialavalleja.com/wp-content/uploads/2024/10/D_NQ_NP_774165-MLA79696061315_102024-O.webp
12516	https://api.ferreterialavalleja.com/wp-content/uploads/2024/10/D_NQ_NP_745727-MLA79450276620_102024-O.webp
12517	https://api.ferreterialavalleja.com/wp-content/uploads/2024/10/D_NQ_NP_606512-MLA79696080757_102024-O.webp
12518	https://api.ferreterialavalleja.com/wp-content/uploads/2024/10/D_NQ_NP_698726-MLA79450022916_102024-O.webp
12519	https://api.ferreterialavalleja.com/wp-content/uploads/2024/10/D_NQ_NP_668345-MLA79450315700_102024-O.webp
12526	https://api.ferreterialavalleja.com/wp-content/uploads/2024/10/Mango-Telescopico-Pafellis-Detalle-400x400-1.jpg
12527	https://api.ferreterialavalleja.com/wp-content/uploads/2024/10/D_NQ_NP_698726-MLA79450022916_102024-O-1.webp
12528	https://api.ferreterialavalleja.com/wp-content/uploads/2024/10/1000112193.png
12529	https://api.ferreterialavalleja.com/wp-content/uploads/2024/10/1000112190.png
12530	https://api.ferreterialavalleja.com/wp-content/uploads/2024/10/1000112192.png
12531	https://api.ferreterialavalleja.com/wp-content/uploads/2024/10/1000112189.png
12532	https://api.ferreterialavalleja.com/wp-content/uploads/2024/10/2024-10-10-14-50-12-024.png
12533	https://api.ferreterialavalleja.com/wp-content/uploads/2024/10/1000112191.png
12536	https://api.ferreterialavalleja.com/wp-content/uploads/2024/10/2024-10-10-15-35-06-345.png
12537	https://api.ferreterialavalleja.com/wp-content/uploads/2024/10/1000112231.png
12540	https://api.ferreterialavalleja.com/wp-content/uploads/2024/10/plastico-cubretodo-fino-pentrilo-4x5-20-metros.jpg
12541	https://api.ferreterialavalleja.com/wp-content/uploads/2024/10/Nylon.jpg
12542	https://api.ferreterialavalleja.com/wp-content/uploads/2024/10/cuttttttttttttttttttttfdgfgr.webp
12543	https://api.ferreterialavalleja.com/wp-content/uploads/2024/10/zzzzzzzzzzzzzzawefqwer.webp
12544	https://api.ferreterialavalleja.com/wp-content/uploads/2024/10/cuttttttttttttttttttttfdg.webp
12545	https://api.ferreterialavalleja.com/wp-content/uploads/2024/10/zzzzzzzzzzzzsdfghsdfgsdfgf.webp
12546	https://api.ferreterialavalleja.com/wp-content/uploads/2024/10/zzzzzzzzzzzzzzwsdfwsd.webp
12547	https://api.ferreterialavalleja.com/wp-content/uploads/2024/10/cutttttttttttttttttttttdfs.webp
12548	https://api.ferreterialavalleja.com/wp-content/uploads/2024/10/zzzzzzzzzzzzzzwsdfwsd-1.webp
12551	https://api.ferreterialavalleja.com/wp-content/uploads/2024/10/2024-10-10-16-49-00-940.jpg
12555	https://api.ferreterialavalleja.com/wp-content/uploads/2024/10/D_NQ_NP_703222-MLU78259060162_082024-O.webp
12556	https://api.ferreterialavalleja.com/wp-content/uploads/2024/10/D_NQ_NP_816560-MLU40758644825_022020-O.webp
12557	https://api.ferreterialavalleja.com/wp-content/uploads/2024/10/D_Q_NP_908709-MLU31241282772_062019-R.webp
12558	https://api.ferreterialavalleja.com/wp-content/uploads/2024/10/D_NQ_NP_929647-MLU77896513932_082024-O.webp
12561	https://api.ferreterialavalleja.com/wp-content/uploads/2024/10/D_NQ_NP_703222-MLU78259060162_082024-O-1.webp
12562	https://api.ferreterialavalleja.com/wp-content/uploads/2024/10/D_Q_NP_908709-MLU31241282772_062019-R-1.webp
12563	https://api.ferreterialavalleja.com/wp-content/uploads/2024/10/D_NQ_NP_816560-MLU40758644825_022020-O-1.webp
12567	https://api.ferreterialavalleja.com/wp-content/uploads/2024/10/D_NQ_NP_950457-MLU52527441695_112022-O.webp
12569	https://api.ferreterialavalleja.com/wp-content/uploads/2024/10/D_NQ_NP_753006-MLU52527432733_112022-O.webp
12570	https://api.ferreterialavalleja.com/wp-content/uploads/2024/10/1005256_jimo-silic-gel-lav-200g-122640_m1_636431385330001452.jpg
12573	https://api.ferreterialavalleja.com/wp-content/uploads/2024/10/D_NQ_NP_753006-MLU52527432733_112022-O-1.webp
12574	https://api.ferreterialavalleja.com/wp-content/uploads/2024/10/51c83cab96af5b4eef2b340d46eef54f.png
12575	https://api.ferreterialavalleja.com/wp-content/uploads/2024/10/15133236619_jimo20silicone20gel20carro20novo20200g.png
12578	https://api.ferreterialavalleja.com/wp-content/uploads/2024/10/D_NQ_NP_866475-MLU71023737091_082023-O.webp
12579	https://api.ferreterialavalleja.com/wp-content/uploads/2024/10/D_NQ_NP_983260-MLU70987343366_082023-O.webp
12580	https://api.ferreterialavalleja.com/wp-content/uploads/2024/10/D_NQ_NP_836541-MLU70987343368_082023-O.webp
12581	https://api.ferreterialavalleja.com/wp-content/uploads/2024/10/D_NQ_NP_786809-MLU46826092042_072021-O.webp
12584	https://api.ferreterialavalleja.com/wp-content/uploads/2024/10/158456-800-1067.webp
12585	https://api.ferreterialavalleja.com/wp-content/uploads/2024/10/D_NQ_NP_2X_643129-MLA79601436031_092024-F.webp
12588	https://api.ferreterialavalleja.com/wp-content/uploads/2024/10/D_NQ_NP_689320-MLU69423243231_052023-O.webp
12589	https://api.ferreterialavalleja.com/wp-content/uploads/2024/10/D_NQ_NP_619978-MLU69423378739_052023-O.webp
12590	https://api.ferreterialavalleja.com/wp-content/uploads/2024/10/D_NQ_NP_896578-MLU69423292715_052023-O.webp
12597	https://api.ferreterialavalleja.com/wp-content/uploads/2024/10/D_NQ_NP_730642-MLU78512815334_082024-O.webp
12598	https://api.ferreterialavalleja.com/wp-content/uploads/2024/10/D_NQ_NP_715804-MLU78251315816_082024-O.webp
12599	https://api.ferreterialavalleja.com/wp-content/uploads/2024/10/D_NQ_NP_667157-MLU78255266476_082024-O.webp
12600	https://api.ferreterialavalleja.com/wp-content/uploads/2024/10/D_NQ_NP_959247-MLU78251316028_082024-O.webp
12601	https://api.ferreterialavalleja.com/wp-content/uploads/2024/10/D_NQ_NP_659378-MLU78251149764_082024-O.webp
12602	https://api.ferreterialavalleja.com/wp-content/uploads/2024/10/D_NQ_NP_659378-MLU78251149764_082024-O-1.webp
12603	https://api.ferreterialavalleja.com/wp-content/uploads/2024/10/D_NQ_NP_981274-MLU78254222300_082024-O.webp
12606	https://api.ferreterialavalleja.com/wp-content/uploads/2024/10/cleaning-tips-hacks-mrs-hinch-1458736.jpg
12607	https://api.ferreterialavalleja.com/wp-content/uploads/2024/10/new-clean-yellow-sponge-textured-background-close-up-copy-space-70936679.webp
12608	https://api.ferreterialavalleja.com/wp-content/uploads/2024/10/OIP-28.jpeg
12609	https://api.ferreterialavalleja.com/wp-content/uploads/2024/10/iStock-1131861027.jpg
12610	https://api.ferreterialavalleja.com/wp-content/uploads/2024/10/0266101_main_480Wx480H.jpeg
12613	https://api.ferreterialavalleja.com/wp-content/uploads/2024/10/D_NQ_NP_2X_840524-MLU79254509083_092024-F.webp
12614	https://api.ferreterialavalleja.com/wp-content/uploads/2024/10/D_NQ_NP_867543-MLU75045448834_032024-O.webp
12617	https://api.ferreterialavalleja.com/wp-content/uploads/2024/10/D_NQ_NP_753325-MLU32029255260_082019-O.webp
12620	https://api.ferreterialavalleja.com/wp-content/uploads/2024/10/image-Photoroom.png-Photoroom-53.png
12622	https://api.ferreterialavalleja.com/wp-content/uploads/2024/10/24.jpg
12624	https://api.ferreterialavalleja.com/wp-content/uploads/2024/10/image-Photoroom-1.png-Photoroom-53-1.png
12626	https://api.ferreterialavalleja.com/wp-content/uploads/2024/10/24-1.jpg
12633	https://api.ferreterialavalleja.com/wp-content/uploads/2024/10/2024-10-16-12-21-43-820.png
12634	https://api.ferreterialavalleja.com/wp-content/uploads/2024/10/D_NQ_NP_843087-MLU74636260605_022024-O.webp
12635	https://api.ferreterialavalleja.com/wp-content/uploads/2024/10/D_NQ_NP_891504-MLU74511390316_022024-O.webp
12638	https://api.ferreterialavalleja.com/wp-content/uploads/2024/10/D_NQ_NP_780205-MLU51795208420_102022-O.webp
12639	https://api.ferreterialavalleja.com/wp-content/uploads/2024/10/D_NQ_NP_957883-MLU51795942532_102022-O.webp
12640	https://api.ferreterialavalleja.com/wp-content/uploads/2024/10/D_NQ_NP_845308-MLU51795995059_102022-O.webp
12641	https://api.ferreterialavalleja.com/wp-content/uploads/2024/10/D_Q_NP_689065-MLU51795977242_102022-R.webp
12642	https://api.ferreterialavalleja.com/wp-content/uploads/2024/10/D_NQ_NP_995246-MLU51795961347_102022-O.webp
12643	https://api.ferreterialavalleja.com/wp-content/uploads/2024/10/D_NQ_NP_920469-MLU51795906903_102022-O.webp
12644	https://api.ferreterialavalleja.com/wp-content/uploads/2024/10/D_NQ_NP_882666-MLU51795937561_102022-O.webp
12647	https://api.ferreterialavalleja.com/wp-content/uploads/2024/10/G.1-1.jpg
12649	https://api.ferreterialavalleja.com/wp-content/uploads/2024/10/D_NQ_NP_603053-MLU46041396146_052021-O.webp
12651	https://api.ferreterialavalleja.com/wp-content/uploads/2024/10/G.1-2.jpg
12653	https://api.ferreterialavalleja.com/wp-content/uploads/2024/10/D_NQ_NP_782971-MLU77977428906_082024-O.webp
12654	https://api.ferreterialavalleja.com/wp-content/uploads/2023/06/D_NQ_NP_616126-MLU77977302340_082024-O.webp
12655	https://api.ferreterialavalleja.com/wp-content/uploads/2024/10/1000115166.jpg
12656	https://api.ferreterialavalleja.com/wp-content/uploads/2024/10/1000115159.jpg
12657	https://api.ferreterialavalleja.com/wp-content/uploads/2024/10/1000115161.jpg
12658	https://api.ferreterialavalleja.com/wp-content/uploads/2024/10/1000115163.jpg
12659	https://api.ferreterialavalleja.com/wp-content/uploads/2024/10/1000115160.jpg
12660	https://api.ferreterialavalleja.com/wp-content/uploads/2024/10/1000115160-1.jpg
12661	https://api.ferreterialavalleja.com/wp-content/uploads/2024/10/1000115162.jpg
12662	https://api.ferreterialavalleja.com/wp-content/uploads/2024/10/2024-10-17-08-22-42-305.png
12663	https://api.ferreterialavalleja.com/wp-content/uploads/2024/10/1000115170.png
12664	https://api.ferreterialavalleja.com/wp-content/uploads/2024/10/2024-10-17-08-31-22-089.png
12665	https://api.ferreterialavalleja.com/wp-content/uploads/2024/10/2024-10-17-08-35-47-818.png
12666	https://api.ferreterialavalleja.com/wp-content/uploads/2024/10/2024-10-17-08-34-59-615.png
12671	https://api.ferreterialavalleja.com/wp-content/uploads/2023/07/OIP-29.jpeg
12672	https://api.ferreterialavalleja.com/wp-content/uploads/2023/07/2024-10-18-14-47-58-043.png
12673	https://api.ferreterialavalleja.com/wp-content/uploads/2023/07/2024-10-18-14-47-58-043-1.png
12674	https://api.ferreterialavalleja.com/wp-content/uploads/2023/07/1000115492.png
12675	https://api.ferreterialavalleja.com/wp-content/uploads/2023/07/1000115493.png
12677	https://api.ferreterialavalleja.com/wp-content/uploads/2024/10/1000115492.png
12680	https://api.ferreterialavalleja.com/wp-content/uploads/2024/10/2471733a78.webp
12684	https://api.ferreterialavalleja.com/wp-content/uploads/2024/10/c198e259545fa9adafb029da5c4fc881.jpg
12685	https://api.ferreterialavalleja.com/wp-content/uploads/2024/10/423056_frasco_doseador_homa_1.webp
12687	https://api.ferreterialavalleja.com/wp-content/uploads/2024/10/OIP-32.jpeg
12688	https://api.ferreterialavalleja.com/wp-content/uploads/2024/10/98786062_2.webp
12689	https://api.ferreterialavalleja.com/wp-content/uploads/2024/10/OIP-31.jpeg
12690	https://api.ferreterialavalleja.com/wp-content/uploads/2024/10/D_NQ_NP_668383-MLB48884809732_012022-O.webp
12691	https://api.ferreterialavalleja.com/wp-content/uploads/2024/10/D_NQ_NP_862862-MLB48884809734_012022-O-1.webp
12694	https://api.ferreterialavalleja.com/wp-content/uploads/2024/10/D_NQ_NP_862862-MLB48884809734_012022-O-1-1.webp
12695	https://api.ferreterialavalleja.com/wp-content/uploads/2024/10/D_NQ_NP_821349-MLB53566197145_022023-O-1.webp
12696	https://api.ferreterialavalleja.com/wp-content/uploads/2024/10/D_NQ_NP_638396-MLB53565708804_022023-O.webp
12697	https://api.ferreterialavalleja.com/wp-content/uploads/2024/10/D_NQ_NP_682181-MLU78635591288_092024-O.webp
12698	https://api.ferreterialavalleja.com/wp-content/uploads/2024/10/D_NQ_NP_2X_801702-MLU74701640441_022024-F.webp
12699	https://api.ferreterialavalleja.com/wp-content/uploads/2024/10/D_NQ_NP_992734-MLU78635591310_092024-O.webp
12700	https://api.ferreterialavalleja.com/wp-content/uploads/2024/10/D_NQ_NP_2X_927455-MLU74701531865_022024-F.webp
12702	https://api.ferreterialavalleja.com/wp-content/uploads/2024/10/D_NQ_NP_709271-MLU79861936875_102024-O.webp
12703	https://api.ferreterialavalleja.com/wp-content/uploads/2024/10/D_NQ_NP_965765-MLU79612936976_102024-O.webp
12704	https://api.ferreterialavalleja.com/wp-content/uploads/2024/10/indoor-wpc-wall-paneld93bb9ac-57f9-4f15-afd5-2d1320d579fc.webp
12705	https://api.ferreterialavalleja.com/wp-content/uploads/2024/10/wpc-interior-wall-panel0f53755b-e14d-44b5-bff4-6ae0b711841f.webp
12706	https://api.ferreterialavalleja.com/wp-content/uploads/2024/10/wpc-boards.jpg
12707	https://api.ferreterialavalleja.com/wp-content/uploads/2024/10/Modern-Decorative-Boards-Wood-Plastic-Composite-WPC-PVC-Wall-Panels.webp
12708	https://api.ferreterialavalleja.com/wp-content/uploads/2024/10/OIP-33.jpeg
12709	https://api.ferreterialavalleja.com/wp-content/uploads/2024/10/4-3.webp
12710	https://api.ferreterialavalleja.com/wp-content/uploads/2024/10/OIP-34.jpeg
12711	https://api.ferreterialavalleja.com/wp-content/uploads/2024/10/indoor-wpc-wall-paneld93bb9ac-57f9-4f15-afd5-2d1320d579fc-1.webp
12712	https://api.ferreterialavalleja.com/wp-content/uploads/2024/10/2024-10-10-16-49-00-940-1.jpg
12714	https://api.ferreterialavalleja.com/wp-content/uploads/2024/10/Interior-Decorative-Wood-Grain-WPC-Wall-Panel-Wallpaper-Fluted-Board.webp
12716	https://api.ferreterialavalleja.com/wp-content/uploads/2024/10/OIP-33-1.jpeg
12717	https://api.ferreterialavalleja.com/wp-content/uploads/2023/06/D_NQ_NP_924641-MLA71478869760_092023-O.webp
12718	https://api.ferreterialavalleja.com/wp-content/uploads/2023/06/D_NQ_NP_639310-MLA41549900965_042020-O.webp
12719	https://api.ferreterialavalleja.com/wp-content/uploads/2023/06/D_NQ_NP_703307-MLU71424141623_082023-O.webp
12720	https://api.ferreterialavalleja.com/wp-content/uploads/2023/06/D_NQ_NP_686997-MLA44816717727_022021-O.webp
12721	https://api.ferreterialavalleja.com/wp-content/uploads/2023/06/ESPATULAS.jpg
12722	https://api.ferreterialavalleja.com/wp-content/uploads/2024/10/Interior-Decorative-Wood-Grain-WPC-Wall-Panel-Wallpaper-Fluted-Board-1.webp
12723	https://api.ferreterialavalleja.com/wp-content/uploads/2024/10/Interior-Decorative-Wood-Grain-WPC-Wall-Panel-Wallpaper-Fluted-Board-2.webp
12724	https://api.ferreterialavalleja.com/wp-content/uploads/2024/10/1000115995.png
12725	https://api.ferreterialavalleja.com/wp-content/uploads/2024/10/1000115995-1.png
12727	https://api.ferreterialavalleja.com/wp-content/uploads/2024/10/Factory-Indoor-Decor-Wood-Plastic-Composite-PVC-Coating-Cladding-Fluted-Wall-Board-WPC-Water-Proof-Wood-and-Plastic-Composite-WPC-Fluted-Interior-Wall-Panel.webp
12729	https://api.ferreterialavalleja.com/wp-content/uploads/2024/10/1000115996.png
12731	https://api.ferreterialavalleja.com/wp-content/uploads/2024/10/indoor-wpc-wall-paneld93bb9ac-57f9-4f15-afd5-2d1320d579fc-2.webp
12732	https://api.ferreterialavalleja.com/wp-content/uploads/2024/10/wpc-boards-1.jpg
12733	https://api.ferreterialavalleja.com/wp-content/uploads/2024/10/OIP-35.jpeg
12734	https://api.ferreterialavalleja.com/wp-content/uploads/2024/10/45ed9268c5fd0e8d0063d04d15c7a3c2.jpg
12735	https://api.ferreterialavalleja.com/wp-content/uploads/2024/10/94.webp
12737	https://api.ferreterialavalleja.com/wp-content/uploads/2024/10/D_NQ_NP_2X_950101-MLU74738027624_032024-F.webp
12738	https://api.ferreterialavalleja.com/wp-content/uploads/2024/10/D_NQ_NP_2X_873614-MLU74737663770_032024-F.webp
12739	https://api.ferreterialavalleja.com/wp-content/uploads/2024/10/D_NQ_NP_2X_659218-MLU74737997620_032024-F.webp
12740	https://api.ferreterialavalleja.com/wp-content/uploads/2024/10/D_NQ_NP_2X_827802-MLU74738017818_032024-F.webp
12741	https://api.ferreterialavalleja.com/wp-content/uploads/2024/10/D_NQ_NP_2X_805967-MLU74737663798_032024-F.webp
12742	https://api.ferreterialavalleja.com/wp-content/uploads/2024/10/D_NQ_NP_2X_785423-MLU74737644038_032024-F.webp
12743	https://api.ferreterialavalleja.com/wp-content/uploads/2024/10/D_NQ_NP_791344-MLU50816409694_072022-O.webp
12744	https://api.ferreterialavalleja.com/wp-content/uploads/2024/10/D_NQ_NP_702504-MLU50816410693_072022-O.webp
12745	https://api.ferreterialavalleja.com/wp-content/uploads/2024/10/D_NQ_NP_934499-MLU50816579069_072022-O.webp
12746	https://api.ferreterialavalleja.com/wp-content/uploads/2024/10/OIP-36.jpeg
12747	https://api.ferreterialavalleja.com/wp-content/uploads/2024/10/a0a89e5b-a801-4406-b360-ff7e7af2656a_1500x1260.webp
12748	https://api.ferreterialavalleja.com/wp-content/uploads/2024/10/R-3.jpeg
12750	https://api.ferreterialavalleja.com/wp-content/uploads/2024/10/D_NQ_NP_683587-MLU75617118192_042024-O.webp
12752	https://api.ferreterialavalleja.com/wp-content/uploads/2024/10/revestimiento-pared-adhesivo-facil-colocacion-piedra-70x77cm-revestimiento-pared-adhesivo-facil-colocacion-piedra-70x77cm.jpg
12754	https://api.ferreterialavalleja.com/wp-content/uploads/2024/10/D_NQ_NP_781689-MLU79740626268_102024-O.webp
12760	https://api.ferreterialavalleja.com/wp-content/uploads/2024/10/productos34_86534.png
12762	https://api.ferreterialavalleja.com/wp-content/uploads/2024/10/acido-clorhidrico-5-lt-acido-clorhidrico-5-lt.jpg
12767	https://api.ferreterialavalleja.com/wp-content/uploads/2024/10/550.webp
12768	https://api.ferreterialavalleja.com/wp-content/uploads/2024/10/πιγκάλ-estia-dita-inox-matt-3.jpg
12769	https://api.ferreterialavalleja.com/wp-content/uploads/2024/10/Easy-Hack-To-Remove-Hard-Water-Stains-From-Toilet-300x270-1.jpg
12770	https://api.ferreterialavalleja.com/wp-content/uploads/2024/10/30152224.png
12772	https://api.ferreterialavalleja.com/wp-content/uploads/2024/10/D_NQ_NP_866832-MLU73045206646_112023-O.webp
12774	https://api.ferreterialavalleja.com/wp-content/uploads/2024/10/OIP-37.jpeg
12775	https://api.ferreterialavalleja.com/wp-content/uploads/2024/10/R-4.jpeg
12776	https://api.ferreterialavalleja.com/wp-content/uploads/2024/10/OIP-38.jpeg
12779	https://api.ferreterialavalleja.com/wp-content/uploads/2024/10/2024-10-28-11-26-50-297.png
12781	https://api.ferreterialavalleja.com/wp-content/uploads/2024/10/1000119744.png
12782	https://api.ferreterialavalleja.com/wp-content/uploads/2024/10/1000119745.png
12784	https://api.ferreterialavalleja.com/wp-content/uploads/2024/10/2024-10-28-12-05-30-152.png
12785	https://api.ferreterialavalleja.com/wp-content/uploads/2024/10/1000119746.png
12787	https://api.ferreterialavalleja.com/wp-content/uploads/2023/07/D_NQ_NP_613042-MLU75372856018_042024-O.webp
12788	https://api.ferreterialavalleja.com/wp-content/uploads/2023/07/D_NQ_NP_752123-MLU75525866573_042024-O.webp
12793	https://api.ferreterialavalleja.com/wp-content/uploads/2024/10/OIP-39.jpeg
12795	https://api.ferreterialavalleja.com/wp-content/uploads/2023/09/D_NQ_NP_958441-MLA79495310556_102024-O.webp
12797	https://api.ferreterialavalleja.com/wp-content/uploads/2024/10/D_NQ_NP_620216-MLU78883652946_092024-O-1.webp
12798	https://api.ferreterialavalleja.com/wp-content/uploads/2024/10/D_NQ_NP_600630-MLU78883652940_092024-O.webp
12801	https://api.ferreterialavalleja.com/wp-content/uploads/2024/10/D_NQ_NP_829336-MLU75597974369_042024-O.webp
12803	https://api.ferreterialavalleja.com/wp-content/uploads/2024/10/D_NQ_NP_733228-MLU76273517179_052024-O.webp
12805	https://api.ferreterialavalleja.com/wp-content/uploads/2024/10/D_NQ_NP_658034-MLU76802483866_062024-O.webp
12807	https://api.ferreterialavalleja.com/wp-content/uploads/2024/10/D_NQ_NP_777721-MLU78990465118_092024-O-1.webp
12808	https://api.ferreterialavalleja.com/wp-content/uploads/2024/10/D_NQ_NP_935945-MLU78990033822_092024-O.webp
12811	https://api.ferreterialavalleja.com/wp-content/uploads/2024/11/D_NQ_NP_938827-MLA79555104524_102024-O.webp
12812	https://api.ferreterialavalleja.com/wp-content/uploads/2024/11/D_NQ_NP_632262-MLA79555200394_102024-O.webp
12813	https://api.ferreterialavalleja.com/wp-content/uploads/2024/11/D_NQ_NP_684306-MLU79052697596_092024-O.webp
12814	https://api.ferreterialavalleja.com/wp-content/uploads/2024/11/D_NQ_NP_634083-MLU79052640138_092024-O.webp
12815	https://api.ferreterialavalleja.com/wp-content/uploads/2024/11/D_NQ_NP_974302-MLA31067204763_062019-O.jpg
12816	https://api.ferreterialavalleja.com/wp-content/uploads/2024/11/D_NQ_NP_938827-MLA79555104524_102024-O-1.webp
12818	https://api.ferreterialavalleja.com/wp-content/uploads/2024/11/D_NQ_NP_828570-MLU76034547607_042024-O-1.webp
12821	https://api.ferreterialavalleja.com/wp-content/uploads/2024/11/D_NQ_NP_627957-MLU73047171261_112023-O.webp
12822	https://api.ferreterialavalleja.com/wp-content/uploads/2024/11/D_NQ_NP_910136-MLU72967028748_112023-O.webp
12823	https://api.ferreterialavalleja.com/wp-content/uploads/2024/11/D_Q_NP_859996-MLU73047171241_112023-R.webp
12824	https://api.ferreterialavalleja.com/wp-content/uploads/2024/11/D_NQ_NP_707568-MLU73047171251_112023-O.webp
12825	https://api.ferreterialavalleja.com/wp-content/uploads/2024/11/D_NQ_NP_627957-MLU73047171261_112023-O-1.webp
12826	https://api.ferreterialavalleja.com/wp-content/uploads/2024/11/D_Q_NP_732841-MLU72967028758_112023-R.webp
12827	https://api.ferreterialavalleja.com/wp-content/uploads/2024/11/D_NQ_NP_664330-MLU73047142491_112023-O.webp
12828	https://api.ferreterialavalleja.com/wp-content/uploads/2024/11/D_NQ_NP_619294-MLU73047228847_112023-O.webp
12832	https://api.ferreterialavalleja.com/wp-content/uploads/2024/11/OIP-41.jpeg
12833	https://api.ferreterialavalleja.com/wp-content/uploads/2024/11/D_NQ_NP_781459-MLB54978497686_042023-O.webp
12834	https://api.ferreterialavalleja.com/wp-content/uploads/2024/11/8059f24f262ff04df23a969df49a9765.jpeg
12836	https://api.ferreterialavalleja.com/wp-content/uploads/2024/11/D_NQ_NP_711526-MLU74110344319_012024-O.webp
12837	https://api.ferreterialavalleja.com/wp-content/uploads/2024/11/D_NQ_NP_607834-MLU77728645486_072024-O.webp
12838	https://api.ferreterialavalleja.com/wp-content/uploads/2024/11/D_NQ_NP_845980-MLU77948595765_072024-O.webp
12841	https://api.ferreterialavalleja.com/wp-content/uploads/2024/11/D_737299-MLA42309165242_062020-F.webp
12842	https://api.ferreterialavalleja.com/wp-content/uploads/2024/11/D_NQ_NP_863177-MLU32460788314_102019-O.webp
12843	https://api.ferreterialavalleja.com/wp-content/uploads/2024/11/D_NQ_NP_2X_849258-MLU32460804768_102019-F.webp
12845	https://api.ferreterialavalleja.com/wp-content/uploads/2024/11/D_NQ_NP_843252-MLU73022688413_112023-O.webp
12847	https://api.ferreterialavalleja.com/wp-content/uploads/2024/11/D_NQ_NP_781917-MLU78564231452_082024-O.webp
12849	https://api.ferreterialavalleja.com/wp-content/uploads/2024/11/D_NQ_NP_759772-MLU71476093274_092023-O.webp
12850	https://api.ferreterialavalleja.com/wp-content/uploads/2024/11/D_NQ_NP_828954-MLU71522801319_092023-O.webp
12852	https://api.ferreterialavalleja.com/wp-content/uploads/2024/11/D_NQ_NP_945729-MLU72943100500_112023-O.webp
12854	https://api.ferreterialavalleja.com/wp-content/uploads/2024/11/D_NQ_NP_929467-MLU72943100498_112023-O.webp
12857	https://api.ferreterialavalleja.com/wp-content/uploads/2024/11/D_NQ_NP_891149-MLU74881655641_032024-O.webp
12858	https://api.ferreterialavalleja.com/wp-content/uploads/2024/11/D_NQ_NP_629246-MLU76018092750_052024-O.webp
12860	https://api.ferreterialavalleja.com/wp-content/uploads/2024/11/Buje-32-mm-con-tuerca-y-arandela-PLB32AT.png
12862	https://api.ferreterialavalleja.com/wp-content/uploads/2024/11/miscelatore-incasso-per-doccia-ideal-standard-ceramix-new-arta6548aa.jpg
12864	https://api.ferreterialavalleja.com/wp-content/uploads/2024/11/OIP-42.jpeg
12865	https://api.ferreterialavalleja.com/wp-content/uploads/2024/11/porta-rollo-papel-higienico-cromado.jpg
12867	https://api.ferreterialavalleja.com/wp-content/uploads/2024/11/2024-11-07-11-47-41-432.png
12868	https://api.ferreterialavalleja.com/wp-content/uploads/2024/11/D_NQ_NP_858558-MLU50151090656_052022-O.webp
12869	https://api.ferreterialavalleja.com/wp-content/uploads/2024/11/D_NQ_NP_916746-MLU50151090654_052022-O.webp
12872	https://api.ferreterialavalleja.com/wp-content/uploads/2024/11/D_NQ_NP_996804-MLB70943496516_082023-O.webp
12873	https://api.ferreterialavalleja.com/wp-content/uploads/2024/11/OIP-44.jpeg
12874	https://api.ferreterialavalleja.com/wp-content/uploads/2024/11/94fc7a990ca514fca958b0b9f259262e.jpg_720x720q80.jpg
12875	https://api.ferreterialavalleja.com/wp-content/uploads/2024/11/94fc7a990ca514fca958b0b9f259262e-1.jpg_720x720q80-1.jpg
12876	https://api.ferreterialavalleja.com/wp-content/uploads/2024/11/OIP-43.jpeg
12877	https://api.ferreterialavalleja.com/wp-content/uploads/2024/11/OIP-46.jpeg
12879	https://api.ferreterialavalleja.com/wp-content/uploads/2024/11/D_NQ_NP_905624-MLU73459522703_122023-O.webp
12880	https://api.ferreterialavalleja.com/wp-content/uploads/2024/11/D_NQ_NP_740864-MLU73369381206_122023-O.webp
12881	https://api.ferreterialavalleja.com/wp-content/uploads/2024/11/D_NQ_NP_816458-MLU73369489350_122023-O.webp
12882	https://api.ferreterialavalleja.com/wp-content/uploads/2024/11/D_NQ_NP_752565-MLU73459522697_122023-O.webp
12883	https://api.ferreterialavalleja.com/wp-content/uploads/2024/11/D_NQ_NP_877451-MLU73459522701_122023-O.webp
12885	https://api.ferreterialavalleja.com/wp-content/uploads/2024/11/1000_ReigaGbR_HM_016260101.jpg
12886	https://api.ferreterialavalleja.com/wp-content/uploads/2024/11/Deco_Haltewerte.jpg
12887	https://api.ferreterialavalleja.com/wp-content/uploads/2024/11/OIP-47.jpeg
12888	https://api.ferreterialavalleja.com/wp-content/uploads/2024/11/81msccflOL._AC_SL1500_.jpg
12889	https://api.ferreterialavalleja.com/wp-content/uploads/2024/11/R-5.jpeg
12890	https://api.ferreterialavalleja.com/wp-content/uploads/2024/11/1000_ReigaGbR_HM_016260051.jpg
12891	https://api.ferreterialavalleja.com/wp-content/uploads/2024/11/1000_ReigaGbR_HM_016260031.jpg
12892	https://api.ferreterialavalleja.com/wp-content/uploads/2024/11/tox_decocopia.jpg
12893	https://api.ferreterialavalleja.com/wp-content/uploads/2024/11/TOX.png
12907	https://api.ferreterialavalleja.com/wp-content/uploads/2024/11/D_NQ_NP_978201-MLM32771109994_112019-O.jpg
12908	https://api.ferreterialavalleja.com/wp-content/uploads/2024/11/41rHw2nmhtL._SL500_AC_SS350_.jpg
12909	https://api.ferreterialavalleja.com/wp-content/uploads/2024/11/b5410d50e795048149566e1284f80b20.jpg_720x720q80.jpg
12911	https://api.ferreterialavalleja.com/wp-content/uploads/2024/11/D_NQ_NP_656596-MLU78118154049_082024-O.webp
12914	https://api.ferreterialavalleja.com/wp-content/uploads/2024/11/D_NQ_NP_998763-MLU78242360368_082024-O.webp
12916	https://api.ferreterialavalleja.com/wp-content/uploads/2024/11/D_NQ_NP_891811-MLU76552273094_052024-O.webp
12917	https://api.ferreterialavalleja.com/wp-content/uploads/2024/11/D_NQ_NP_663773-MLU76552273114_052024-O.webp
12918	https://api.ferreterialavalleja.com/wp-content/uploads/2024/11/D_NQ_NP_943282-MLU76751695737_052024-O.webp
12919	https://api.ferreterialavalleja.com/wp-content/uploads/2024/11/D_NQ_NP_2X_712852-MLU76552487154_052024-F.webp
12920	https://api.ferreterialavalleja.com/wp-content/uploads/2024/11/D_NQ_NP_841669-MLU76552263296_052024-O.webp
12922	https://api.ferreterialavalleja.com/wp-content/uploads/2024/11/D_NQ_NP_632233-MCO54011891225_022023-O.webp
12925	https://api.ferreterialavalleja.com/wp-content/uploads/2024/11/pinza-universal-8-aislada-1-000-v-768x768-1.png
12927	https://api.ferreterialavalleja.com/wp-content/uploads/2024/11/OIP-48.jpeg
12928	https://api.ferreterialavalleja.com/wp-content/uploads/2024/11/D_NQ_NP_607805-MLV52543550695_112022-O.webp
12929	https://api.ferreterialavalleja.com/wp-content/uploads/2024/11/OIP-48-1.jpeg
12931	https://api.ferreterialavalleja.com/wp-content/uploads/2024/11/D_NQ_NP_881333-MLU77768238035_072024-O.webp
12932	https://api.ferreterialavalleja.com/wp-content/uploads/2024/11/D_NQ_NP_623541-MLU77550271164_072024-O.webp
12933	https://api.ferreterialavalleja.com/wp-content/uploads/2024/11/D_NQ_NP_756111-MLU77768014647_072024-O.webp
12934	https://api.ferreterialavalleja.com/wp-content/uploads/2024/11/D_NQ_NP_783646-MLU77550290996_072024-O.webp
12939	https://api.ferreterialavalleja.com/wp-content/uploads/2024/11/D_NQ_NP_930729-MLU74517490053_022024-O.webp
12941	https://api.ferreterialavalleja.com/wp-content/uploads/2023/07/D_NQ_NP_987126-MLU54021414292_022023-O.webp
12942	https://api.ferreterialavalleja.com/wp-content/uploads/2023/09/17850420_1-1-1.jpg
12945	https://api.ferreterialavalleja.com/wp-content/uploads/2024/11/OIP-49.jpeg
12947	https://api.ferreterialavalleja.com/wp-content/uploads/2024/11/R-6.jpeg
12949	https://api.ferreterialavalleja.com/wp-content/uploads/2024/11/D_NQ_NP_755235-MLU70627239257_072023-O.webp
12952	https://api.ferreterialavalleja.com/wp-content/uploads/2024/11/1000128869.png
12953	https://api.ferreterialavalleja.com/wp-content/uploads/2024/11/1000128871.png
12954	https://api.ferreterialavalleja.com/wp-content/uploads/2024/11/1000128870.png
12957	https://api.ferreterialavalleja.com/wp-content/uploads/2024/11/2024-11-11-18-23-00-717.png
12958	https://api.ferreterialavalleja.com/wp-content/uploads/2024/11/1000128873.png
12961	https://api.ferreterialavalleja.com/wp-content/uploads/2024/11/D_NQ_NP_2X_901042-MLU78759129826_092024-F.webp
12962	https://api.ferreterialavalleja.com/wp-content/uploads/2024/11/D_NQ_NP_935945-MLU78990033822_092024-O.webp
12963	https://api.ferreterialavalleja.com/wp-content/uploads/2024/11/D_NQ_NP_614341-MLU50343274572_062022-O.webp
12964	https://api.ferreterialavalleja.com/wp-content/uploads/2024/11/D_NQ_NP_701264-MLU78922471551_092024-O.webp
12965	https://api.ferreterialavalleja.com/wp-content/uploads/2024/11/D_NQ_NP_669778-MLU80081551225_102024-O.webp
12967	https://api.ferreterialavalleja.com/wp-content/uploads/2024/11/C2002330.jpg
12969	https://api.ferreterialavalleja.com/wp-content/uploads/2024/11/2024-11-12-18-10-15-880.png
12970	https://api.ferreterialavalleja.com/wp-content/uploads/2024/11/D_NQ_NP_917824-MLU71395257983_082023-O.webp
12972	https://api.ferreterialavalleja.com/wp-content/uploads/2024/11/caixa-sifonada-100mm-branca-2.webp
12975	https://api.ferreterialavalleja.com/wp-content/uploads/2024/11/D_NQ_NP_937869-MLU76146246975_052024-O.webp
12977	https://api.ferreterialavalleja.com/wp-content/uploads/2024/11/D_NQ_NP_2X_606401-MLB71673846129_092023-F.webp
12978	https://api.ferreterialavalleja.com/wp-content/uploads/2024/11/D_NQ_NP_2X_613664-MLB71673582145_092023-F.webp
12979	https://api.ferreterialavalleja.com/wp-content/uploads/2024/11/D_NQ_NP_2X_940513-MLB71673689651_092023-F.webp
12980	https://api.ferreterialavalleja.com/wp-content/uploads/2024/11/D_NQ_NP_2X_938720-MLB71624152312_092023-F.webp
12981	https://api.ferreterialavalleja.com/wp-content/uploads/2024/11/D_NQ_NP_984811-MLU79974867570_102024-O.webp
12983	https://api.ferreterialavalleja.com/wp-content/uploads/2024/11/OIP-49.jpg
12987	https://api.ferreterialavalleja.com/wp-content/uploads/2024/11/D_NQ_NP_977479-MLU53924228098_022023-O.webp
12988	https://api.ferreterialavalleja.com/wp-content/uploads/2024/11/D_NQ_NP_924735-MLU53924060748_022023-O.webp
12989	https://api.ferreterialavalleja.com/wp-content/uploads/2024/11/D_NQ_NP_842577-MLU53924218210_022023-O.webp
12990	https://api.ferreterialavalleja.com/wp-content/uploads/2024/11/D_NQ_NP_731684-MLU53923944761_022023-O.webp
12991	https://api.ferreterialavalleja.com/wp-content/uploads/2024/11/D_NQ_NP_739530-MLU53923933836_022023-O.webp
12994	https://api.ferreterialavalleja.com/wp-content/uploads/2024/11/2024-11-22-17-25-23-268.png
12995	https://api.ferreterialavalleja.com/wp-content/uploads/2024/11/D_NQ_NP_997896-MLU72565814430_112023-O.webp
12996	https://api.ferreterialavalleja.com/wp-content/uploads/2024/11/1000133529.png
12998	https://api.ferreterialavalleja.com/wp-content/uploads/2024/11/3811221_1.jpg
12999	https://api.ferreterialavalleja.com/wp-content/uploads/2024/11/R-17.jpg
13000	https://api.ferreterialavalleja.com/wp-content/uploads/2024/11/OIP-51.jpg
13001	https://api.ferreterialavalleja.com/wp-content/uploads/2024/11/OIP-52.jpg
13002	https://api.ferreterialavalleja.com/wp-content/uploads/2024/11/CAMPING.jpg
13003	https://api.ferreterialavalleja.com/wp-content/uploads/2024/11/image2.jpg
13004	https://api.ferreterialavalleja.com/wp-content/uploads/2024/11/image2-1.jpg
13005	https://api.ferreterialavalleja.com/wp-content/uploads/2024/11/OIP-53.jpg
13006	https://api.ferreterialavalleja.com/wp-content/uploads/2024/11/bang-keo-cach-dien-chiu-nhiet-5-1140x445-1.jpg
13007	https://api.ferreterialavalleja.com/wp-content/uploads/2024/11/pvc-pipe-and-fittings.jpg
13008	https://api.ferreterialavalleja.com/wp-content/uploads/2024/11/spools-lengths-rope-14311007.webp
13009	https://api.ferreterialavalleja.com/wp-content/uploads/2024/11/81384.webp
13010	https://api.ferreterialavalleja.com/wp-content/uploads/2024/11/R-18.jpg
13011	https://api.ferreterialavalleja.com/wp-content/uploads/2024/11/OIP-54.jpg
13012	https://api.ferreterialavalleja.com/wp-content/uploads/2024/11/Y2118788-01.webp
13013	https://api.ferreterialavalleja.com/wp-content/uploads/2024/11/OIP-56.jpg
13014	https://api.ferreterialavalleja.com/wp-content/uploads/2024/11/OIP-55.jpg
13015	https://api.ferreterialavalleja.com/wp-content/uploads/2024/11/R-19.jpg
13016	https://api.ferreterialavalleja.com/wp-content/uploads/2024/11/R-20.jpg
13017	https://api.ferreterialavalleja.com/wp-content/uploads/2024/11/OIP-57.jpg
13018	https://api.ferreterialavalleja.com/wp-content/uploads/2024/11/Calendar-Product-Range.50b9aef9.fill-350x318-1.png
13019	https://api.ferreterialavalleja.com/wp-content/uploads/2024/11/R-21.jpg
13020	https://api.ferreterialavalleja.com/wp-content/uploads/2024/11/discos-radial.jpg
13021	https://api.ferreterialavalleja.com/wp-content/uploads/2024/11/OIP-58.jpg
13022	https://api.ferreterialavalleja.com/wp-content/uploads/2024/11/cong-ty-san-xuat-ngu-kim-nganh-go-gia-re.jpg
13023	https://api.ferreterialavalleja.com/wp-content/uploads/2024/11/18rcsf3ttyfrxjpg.jpg
13024	https://api.ferreterialavalleja.com/wp-content/uploads/2024/11/OIP-59.jpg
13025	https://api.ferreterialavalleja.com/wp-content/uploads/2024/11/OIP-60.jpg
13026	https://api.ferreterialavalleja.com/wp-content/uploads/2024/11/R-22.jpg
13027	https://api.ferreterialavalleja.com/wp-content/uploads/2024/11/OIP-61.jpg
13028	https://api.ferreterialavalleja.com/wp-content/uploads/2024/11/OIP-62.jpg
13029	https://api.ferreterialavalleja.com/wp-content/uploads/2024/11/OIP-63.jpg
13030	https://api.ferreterialavalleja.com/wp-content/uploads/2024/11/mesada.png
13031	https://api.ferreterialavalleja.com/wp-content/uploads/2024/11/OIP-64.jpg
13032	https://api.ferreterialavalleja.com/wp-content/uploads/2024/11/OIP-65.jpg
13033	https://api.ferreterialavalleja.com/wp-content/uploads/2024/11/OIP-66.jpg
13034	https://api.ferreterialavalleja.com/wp-content/uploads/2024/11/armario-de-bano-con-estantes-00551002_o_51a0652f_1333x2000.jpg
13035	https://api.ferreterialavalleja.com/wp-content/uploads/2024/11/R-23.jpg
13036	https://api.ferreterialavalleja.com/wp-content/uploads/2024/11/163c91355d5e2e1dee4986f20836b3fa.jpg
13037	https://api.ferreterialavalleja.com/wp-content/uploads/2024/11/64047.jpg
13038	https://api.ferreterialavalleja.com/wp-content/uploads/2024/11/mejores-productos-de-limpieza-de-este-ano-1280x720x80xX.jpg
13039	https://api.ferreterialavalleja.com/wp-content/uploads/2024/11/lona-carpa-azul-multiuso-de-polyestileno-10x12-metros-ofc-D_NQ_NP_699421-MLC20796754869_072016-F.jpg
13040	https://api.ferreterialavalleja.com/wp-content/uploads/2024/11/OIP-67.jpg
13041	https://api.ferreterialavalleja.com/wp-content/uploads/2024/11/5704122000119_1.jpg
13042	https://api.ferreterialavalleja.com/wp-content/uploads/2024/11/OIP-68.jpg
13043	https://api.ferreterialavalleja.com/wp-content/uploads/2024/11/tipos-de-alambre.jpg
13044	https://api.ferreterialavalleja.com/wp-content/uploads/2024/11/OIP-69.jpg
13045	https://api.ferreterialavalleja.com/wp-content/uploads/2024/11/OIP-70.jpg
13046	https://api.ferreterialavalleja.com/wp-content/uploads/2024/11/OIP-71.jpg
13047	https://api.ferreterialavalleja.com/wp-content/uploads/2024/11/malla-generico.jpg
13048	https://api.ferreterialavalleja.com/wp-content/uploads/2024/11/R-24.jpg
13049	https://api.ferreterialavalleja.com/wp-content/uploads/2024/11/401BLANCO-401-Blanco-Bajo-Mesada-2-Puertas-3-Cajones.jpg
13050	https://api.ferreterialavalleja.com/wp-content/uploads/2024/11/OIP-72.jpg
13051	https://api.ferreterialavalleja.com/wp-content/uploads/2024/11/D_NQ_NP_744433-MLM71757162676_092023-O.webp
13052	https://api.ferreterialavalleja.com/wp-content/uploads/2024/11/20210524123036_79753.jpg
13053	https://api.ferreterialavalleja.com/wp-content/uploads/2024/11/R-25.jpg
13054	https://api.ferreterialavalleja.com/wp-content/uploads/2024/11/PINTURA-GENERICO-2.png
13055	https://api.ferreterialavalleja.com/wp-content/uploads/2024/11/R-25-1.jpg
13056	https://api.ferreterialavalleja.com/wp-content/uploads/2024/11/20210524123036_79753-1.jpg
13057	https://api.ferreterialavalleja.com/wp-content/uploads/2024/11/D_NQ_NP_744433-MLM71757162676_092023-O-1.webp
13058	https://api.ferreterialavalleja.com/wp-content/uploads/2024/11/DGI-10-2024.pdf
13059	https://api.ferreterialavalleja.com/wp-content/uploads/2024/11/OIP-72-1.jpg
13060	https://api.ferreterialavalleja.com/wp-content/uploads/2024/11/401BLANCO-401-Blanco-Bajo-Mesada-2-Puertas-3-Cajones-1.jpg
13061	https://api.ferreterialavalleja.com/wp-content/uploads/2024/11/R-24-1.jpg
13062	https://api.ferreterialavalleja.com/wp-content/uploads/2024/11/malla-generico-1.jpg
13063	https://api.ferreterialavalleja.com/wp-content/uploads/2024/11/OIP-71-1.jpg
13064	https://api.ferreterialavalleja.com/wp-content/uploads/2024/11/OIP-70-1.jpg
13065	https://api.ferreterialavalleja.com/wp-content/uploads/2024/11/OIP-69-1.jpg
13066	https://api.ferreterialavalleja.com/wp-content/uploads/2024/11/tipos-de-alambre-1.jpg
13067	https://api.ferreterialavalleja.com/wp-content/uploads/2024/11/OIP-68-1.jpg
13068	https://api.ferreterialavalleja.com/wp-content/uploads/2024/11/5704122000119_1-1.jpg
13069	https://api.ferreterialavalleja.com/wp-content/uploads/2024/11/OIP-67-1.jpg
13070	https://api.ferreterialavalleja.com/wp-content/uploads/2024/11/lona-carpa-azul-multiuso-de-polyestileno-10x12-metros-ofc-D_NQ_NP_699421-MLC20796754869_072016-F-1.jpg
13071	https://api.ferreterialavalleja.com/wp-content/uploads/2024/11/mejores-productos-de-limpieza-de-este-ano-1280x720x80xX-1.jpg
13072	https://api.ferreterialavalleja.com/wp-content/uploads/2024/11/64047-1.jpg
13073	https://api.ferreterialavalleja.com/wp-content/uploads/2024/11/163c91355d5e2e1dee4986f20836b3fa-1.jpg
13074	https://api.ferreterialavalleja.com/wp-content/uploads/2024/11/R-23-1.jpg
13075	https://api.ferreterialavalleja.com/wp-content/uploads/2024/11/armario-de-bano-con-estantes-00551002_o_51a0652f_1333x2000-1.jpg
13076	https://api.ferreterialavalleja.com/wp-content/uploads/2024/11/OIP-66-1.jpg
13077	https://api.ferreterialavalleja.com/wp-content/uploads/2024/11/OIP-65-1.jpg
13078	https://api.ferreterialavalleja.com/wp-content/uploads/2024/11/405-Parryware-Diverter-Cartridge-35mm-1.jpg
13079	https://api.ferreterialavalleja.com/wp-content/uploads/2024/11/OIP-64-1.jpg
13080	https://api.ferreterialavalleja.com/wp-content/uploads/2024/11/mesada-1.png
13081	https://api.ferreterialavalleja.com/wp-content/uploads/2024/11/OIP-63-1.jpg
13082	https://api.ferreterialavalleja.com/wp-content/uploads/2024/11/OIP-62-1.jpg
13083	https://api.ferreterialavalleja.com/wp-content/uploads/2024/11/OIP-61-1.jpg
13084	https://api.ferreterialavalleja.com/wp-content/uploads/2024/11/R-22-1.jpg
13085	https://api.ferreterialavalleja.com/wp-content/uploads/2024/11/OIP-60-1.jpg
13086	https://api.ferreterialavalleja.com/wp-content/uploads/2024/11/OIP-59-1.jpg
13087	https://api.ferreterialavalleja.com/wp-content/uploads/2024/11/maxresdefault.jpg
13088	https://api.ferreterialavalleja.com/wp-content/uploads/2024/11/18rcsf3ttyfrxjpg-1.jpg
13089	https://api.ferreterialavalleja.com/wp-content/uploads/2024/11/cong-ty-san-xuat-ngu-kim-nganh-go-gia-re-1.jpg
13090	https://api.ferreterialavalleja.com/wp-content/uploads/2024/11/OIP-58-1.jpg
13091	https://api.ferreterialavalleja.com/wp-content/uploads/2024/11/discos-radial-1.jpg
13092	https://api.ferreterialavalleja.com/wp-content/uploads/2024/11/R-21-1.jpg
13093	https://api.ferreterialavalleja.com/wp-content/uploads/2024/11/Calendar-Product-Range.50b9aef9.fill-350x318-2.png
13094	https://api.ferreterialavalleja.com/wp-content/uploads/2024/11/OIP-57-1.jpg
13095	https://api.ferreterialavalleja.com/wp-content/uploads/2024/11/R-20-1.jpg
13096	https://api.ferreterialavalleja.com/wp-content/uploads/2024/11/R-19-1.jpg
13097	https://api.ferreterialavalleja.com/wp-content/uploads/2024/11/OIP-56-1.jpg
13098	https://api.ferreterialavalleja.com/wp-content/uploads/2024/11/OIP-55-1.jpg
13099	https://api.ferreterialavalleja.com/wp-content/uploads/2024/11/Y2118788-01-1.webp
13100	https://api.ferreterialavalleja.com/wp-content/uploads/2024/11/OIP-54-1.jpg
13101	https://api.ferreterialavalleja.com/wp-content/uploads/2024/11/R-18-1.jpg
13102	https://api.ferreterialavalleja.com/wp-content/uploads/2024/11/81384-1.webp
13103	https://api.ferreterialavalleja.com/wp-content/uploads/2024/11/spools-lengths-rope-14311007-1.webp
13104	https://api.ferreterialavalleja.com/wp-content/uploads/2024/11/pvc-pipe-and-fittings-1.jpg
13105	https://api.ferreterialavalleja.com/wp-content/uploads/2024/11/bang-keo-cach-dien-chiu-nhiet-5-1140x445-2.jpg
13106	https://api.ferreterialavalleja.com/wp-content/uploads/2024/11/OIP-53-1.jpg
13107	https://api.ferreterialavalleja.com/wp-content/uploads/2024/11/image2-2.jpg
13108	https://api.ferreterialavalleja.com/wp-content/uploads/2024/11/CAMPING-1.jpg
13109	https://api.ferreterialavalleja.com/wp-content/uploads/2024/11/OIP-52-1.jpg
13110	https://api.ferreterialavalleja.com/wp-content/uploads/2024/11/OIP-51-1.jpg
13111	https://api.ferreterialavalleja.com/wp-content/uploads/2024/11/R-17-1.jpg
13112	https://api.ferreterialavalleja.com/wp-content/uploads/2024/11/3811221_1-1.jpg
13113	https://api.ferreterialavalleja.com/wp-content/uploads/2024/11/extractores.jpg
13114	https://api.ferreterialavalleja.com/wp-content/uploads/2024/11/PINTURA-GENERICO-2-1.png
13115	https://api.ferreterialavalleja.com/wp-content/uploads/2024/11/D_NQ_NP_692597-MLU44679874033_012021-O.webp
13116	https://api.ferreterialavalleja.com/wp-content/uploads/2024/11/R-26.jpg
13118	https://api.ferreterialavalleja.com/wp-content/uploads/2024/11/D_NQ_NP_889661-MLU73473389090_122023-O.webp
13119	https://api.ferreterialavalleja.com/wp-content/uploads/2024/11/D_NQ_NP_839505-MLU73566056841_122023-O.webp
13120	https://api.ferreterialavalleja.com/wp-content/uploads/2024/11/D_NQ_NP_732466-MLU73473389102_122023-O.webp
13121	https://api.ferreterialavalleja.com/wp-content/uploads/2024/11/D_NQ_NP_2X_672278-MLU74731156348_032024-F.webp
13122	https://api.ferreterialavalleja.com/wp-content/uploads/2024/11/D_NQ_NP_824354-MLU73473428082_122023-O.webp
13125	https://api.ferreterialavalleja.com/wp-content/uploads/2023/06/1000135723.jpg
13126	https://api.ferreterialavalleja.com/wp-content/uploads/2023/06/1000135722.png
13127	https://api.ferreterialavalleja.com/wp-content/uploads/2023/06/1000135721.png
13128	https://api.ferreterialavalleja.com/wp-content/uploads/2023/09/1000135727.png
13129	https://api.ferreterialavalleja.com/wp-content/uploads/2023/09/2024-11-26-11-40-47-775.jpg
13132	https://api.ferreterialavalleja.com/wp-content/uploads/2024/11/front_90c78_sgspc.jpg
13135	https://api.ferreterialavalleja.com/wp-content/uploads/2024/11/s-l1600.webp
13136	https://api.ferreterialavalleja.com/wp-content/uploads/2024/11/s-l960.webp
13137	https://api.ferreterialavalleja.com/wp-content/uploads/2024/11/OIP-73.jpg
13138	https://api.ferreterialavalleja.com/wp-content/uploads/2024/11/D_NQ_NP_607669-CBT44315077449_122020-O.webp
13139	https://api.ferreterialavalleja.com/wp-content/uploads/2024/11/s-l960-2.webp
13141	https://api.ferreterialavalleja.com/wp-content/uploads/2024/11/view.jpg
13142	https://api.ferreterialavalleja.com/wp-content/uploads/2024/11/ss-600.jpg
13143	https://api.ferreterialavalleja.com/wp-content/uploads/2024/11/klappkarre-aluminiumfarben-bxh-3800-x-9700-mm-max-tragfaehigkeit-45-kg-1000000000533501.jpg
13144	https://api.ferreterialavalleja.com/wp-content/uploads/2024/11/bQ130017d7b3af386.jpg.webp
13145	https://api.ferreterialavalleja.com/wp-content/uploads/2024/11/600-2-1.jpg
13149	https://api.ferreterialavalleja.com/wp-content/uploads/2024/11/armario_para_banheiro_tivoli_br_herc_75_1_a7116860185ca39c8ce0da7cbd869b48.webp
13150	https://api.ferreterialavalleja.com/wp-content/uploads/2024/11/small_1000000365_83871622bc.webp
13152	https://api.ferreterialavalleja.com/wp-content/uploads/2024/11/D_NQ_NP_838109-MLU74088073241_012024-O.webp
13153	https://api.ferreterialavalleja.com/wp-content/uploads/2024/11/small_1000000365_83871622bc-1.webp
13155	https://api.ferreterialavalleja.com/wp-content/uploads/2023/08/D_NQ_NP_909847-MLA80622331160_112024-O.webp
13156	https://api.ferreterialavalleja.com/wp-content/uploads/2023/08/D_NQ_NP_752179-MLU80622516502_112024-O.webp
13157	https://api.ferreterialavalleja.com/wp-content/uploads/2023/08/D_NQ_NP_643926-MLU73244920897_122023-O.webp
13160	https://api.ferreterialavalleja.com/wp-content/uploads/2024/11/D_NQ_NP_954786-MLU70014683505_062023-O.webp
13164	https://api.ferreterialavalleja.com/wp-content/uploads/2024/11/oxioff-desoxidante-250ml-sin-color.jpg
13166	https://api.ferreterialavalleja.com/wp-content/uploads/2024/11/OIP-74.jpg
13169	https://api.ferreterialavalleja.com/wp-content/uploads/2024/11/D_NQ_NP_802421-MLU45671722296_042021-F.jpg
13170	https://api.ferreterialavalleja.com/wp-content/uploads/2024/11/252c98_e2a48a248bc34086a85f9dc5964aa241mv2.webp
13172	https://api.ferreterialavalleja.com/wp-content/uploads/2024/11/D_NQ_NP_865266-MLU80395462869_112024-O.webp
13173	https://api.ferreterialavalleja.com/wp-content/uploads/2024/11/47866-P-Handle-Hand-Truck-with-10-inch-Solid-Puncture-Proof-Tires-with-wheel-guards.jpg
13179	https://api.ferreterialavalleja.com/wp-content/uploads/2024/11/productos34_103147-1.png
13181	https://api.ferreterialavalleja.com/wp-content/uploads/2024/11/productos37_103139.png
13183	https://api.ferreterialavalleja.com/wp-content/uploads/2024/11/productos37_103147.png
13187	https://api.ferreterialavalleja.com/wp-content/uploads/2024/11/productos34_103149.png
13188	https://api.ferreterialavalleja.com/wp-content/uploads/2024/11/productos37_103134.png
13189	https://api.ferreterialavalleja.com/wp-content/uploads/2024/11/productos37_103139-1.png
13190	https://api.ferreterialavalleja.com/wp-content/uploads/2023/07/D_NQ_NP_840589-MLU79227161583_092024-O.webp
13192	https://api.ferreterialavalleja.com/wp-content/uploads/2024/11/D_NQ_NP_840589-MLU79227161583_092024-O.webp
13200	https://api.ferreterialavalleja.com/wp-content/uploads/2024/11/3-EN-UNO-Tecnico-Logo.png
13201	https://api.ferreterialavalleja.com/wp-content/uploads/2024/11/OIP-75.jpg
13202	https://api.ferreterialavalleja.com/wp-content/uploads/2024/11/Captura-de-pantalla_28-11-2024_114441_www.alpharodillos.com_.uy_.jpeg
13203	https://api.ferreterialavalleja.com/wp-content/uploads/2024/11/amc-logo-0-2048x2048-1.png
13204	https://api.ferreterialavalleja.com/wp-content/uploads/2024/11/Captura-de-pantalla_28-11-2024_115058_www.arcal_.com_.uy_.jpeg
13205	https://api.ferreterialavalleja.com/wp-content/uploads/2024/11/Captura-de-pantalla_28-11-2024_11566_america.com_.uy_.jpeg
13206	https://api.ferreterialavalleja.com/wp-content/uploads/2024/11/Captura-de-pantalla_28-11-2024_115727_alic.com_.ar_.jpeg
13207	https://api.ferreterialavalleja.com/wp-content/uploads/2024/11/lg_manufacturer_1530271990.jpg
13208	https://api.ferreterialavalleja.com/wp-content/uploads/2024/11/parceiros-atlas-345qpwj1m3luyr7c10kfrc6y4msh9lyt9gd9u68gg9gedfljk.jpg
13209	https://api.ferreterialavalleja.com/wp-content/uploads/2024/11/OIP-76.jpg
13210	https://api.ferreterialavalleja.com/wp-content/uploads/2024/11/Captura-de-pantalla_28-11-2024_12951_www.beta_.com_.uy_.jpeg
13211	https://api.ferreterialavalleja.com/wp-content/uploads/2023/07/D_NQ_NP_731432-MLU47131648719_082021-O.webp
13213	https://api.ferreterialavalleja.com/wp-content/uploads/2023/07/D_NQ_NP_978938-MLU73092836336_112023-O.webp
13214	https://api.ferreterialavalleja.com/wp-content/uploads/2023/07/D_NQ_NP_700997-MLU77565416755_072024-O.webp
13215	https://api.ferreterialavalleja.com/wp-content/uploads/2023/07/D_NQ_NP_824104-MLU75287541389_032024-O.webp
13216	https://api.ferreterialavalleja.com/wp-content/uploads/2023/07/torneira-monocomando-de-cozinha-a-parede-bica-alta-dart-w7-wdart005-3.jpg
13218	https://api.ferreterialavalleja.com/wp-content/uploads/2023/07/FOR132-scaled-1.jpg
13219	https://api.ferreterialavalleja.com/wp-content/uploads/2023/07/6718519051.jpg
13220	https://api.ferreterialavalleja.com/wp-content/uploads/2023/07/12f03c4244ce84691112e23b8918.jpg
13221	https://api.ferreterialavalleja.com/wp-content/uploads/2023/07/5d98531f4f7fa1196c78fb3b2ca8.jpg
13222	https://api.ferreterialavalleja.com/wp-content/uploads/2023/07/D_NQ_NP_642922-MLU77949496055_072024-O.webp
13225	https://api.ferreterialavalleja.com/wp-content/uploads/2023/07/D_NQ_NP_818048-MLU75692132343_042024-O.webp
13226	https://api.ferreterialavalleja.com/wp-content/uploads/2023/07/D_NQ_NP_980777-MLU75532559866_042024-O.webp
13229	https://api.ferreterialavalleja.com/wp-content/uploads/2024/11/Hb5bce8016f644700bc794ac13687d0e58.webp
13230	https://api.ferreterialavalleja.com/wp-content/uploads/2024/11/2024-11-29-12-11-29-686.png
13231	https://api.ferreterialavalleja.com/wp-content/uploads/2024/11/9f2cea901c8683c200d78bbb93a5d219de079354_vellamo_echo_basin_mixer_tap_cutout.jpg
13232	https://api.ferreterialavalleja.com/wp-content/uploads/2024/11/00db15164a0f8dce94832232b103.jpg
13233	https://api.ferreterialavalleja.com/wp-content/uploads/2024/11/2024-11-29-14-51-45-374.jpg
13236	https://api.ferreterialavalleja.com/wp-content/uploads/2024/11/Hd6379c0ba9434df0ba872d628468b9ael.webp
13237	https://api.ferreterialavalleja.com/wp-content/uploads/2024/11/H7a402ed407a4411a8454a1e72d0f286bd.webp
13238	https://api.ferreterialavalleja.com/wp-content/uploads/2024/11/H55abe6c83e1c4fffad13bb162dba6f800.webp
13239	https://api.ferreterialavalleja.com/wp-content/uploads/2024/11/2024-11-29-14-49-55-797.jpg
13240	https://api.ferreterialavalleja.com/wp-content/uploads/2023/07/D_NQ_NP_2X_980777-MLU75532559866_042024-F.webp
13241	https://api.ferreterialavalleja.com/wp-content/uploads/2023/07/D_NQ_NP_2X_818048-MLU75692132343_042024-F.webp
13242	https://api.ferreterialavalleja.com/wp-content/uploads/2023/07/D_NQ_NP_718745-MLU75532559860_042024-O.webp
13250	https://api.ferreterialavalleja.com/wp-content/uploads/2024/12/D_NQ_NP_906002-MLU78833990059_082024-O.webp
13251	https://api.ferreterialavalleja.com/wp-content/uploads/2024/12/D_NQ_NP_613376-MLU78481270229_082024-O.webp
13252	https://api.ferreterialavalleja.com/wp-content/uploads/2024/12/D_NQ_NP_781417-MLU71652015767_092023-O.webp
13253	https://api.ferreterialavalleja.com/wp-content/uploads/2024/12/D_Q_NP_947755-MLU78833989275_082024-R.webp
13255	https://api.ferreterialavalleja.com/wp-content/uploads/2024/12/D_NQ_NP_870382-MLU47559585843_092021-O.webp
13257	https://api.ferreterialavalleja.com/wp-content/uploads/2024/12/D_NQ_NP_870382-MLU47559585843_092021-O-1.webp
13263	https://api.ferreterialavalleja.com/wp-content/uploads/2024/12/D_NQ_NP_927051-MLU76857354324_062024-O.webp
13267	https://api.ferreterialavalleja.com/wp-content/uploads/2024/12/D_NQ_NP_2X_664216-MLU77655800131_072024-F.webp
13268	https://api.ferreterialavalleja.com/wp-content/uploads/2024/12/D_Q_NP_841165-MLU77655897719_072024-R.webp
13269	https://api.ferreterialavalleja.com/wp-content/uploads/2024/12/D_NQ_NP_652016-MLU77655832197_072024-O.webp
13271	https://api.ferreterialavalleja.com/wp-content/uploads/2024/12/pinza-de-cocodrilo-aislada.jpg
13273	https://api.ferreterialavalleja.com/wp-content/uploads/2024/12/OIP-77.jpg
13274	https://api.ferreterialavalleja.com/wp-content/uploads/2024/12/coc599_-_coc600_-_coc601_1.jpg
13278	https://api.ferreterialavalleja.com/wp-content/uploads/2024/12/OIP-78.jpg
13280	https://api.ferreterialavalleja.com/wp-content/uploads/2024/12/OIP-78-1.jpg
13282	https://api.ferreterialavalleja.com/wp-content/uploads/2024/07/OIP-79.jpg
13285	https://api.ferreterialavalleja.com/wp-content/uploads/2024/12/D_NQ_NP_740747-MLU54488981596_032023-O.webp
13287	https://api.ferreterialavalleja.com/wp-content/uploads/2024/12/1000139831.png
13288	https://api.ferreterialavalleja.com/wp-content/uploads/2024/12/1000139833.png
13289	https://api.ferreterialavalleja.com/wp-content/uploads/2024/12/1000139834.png
13290	https://api.ferreterialavalleja.com/wp-content/uploads/2024/12/1000139831-1.png
13291	https://api.ferreterialavalleja.com/wp-content/uploads/2024/12/2024-12-03-09-33-22-580.png
13292	https://api.ferreterialavalleja.com/wp-content/uploads/2024/12/1000139832.png
13293	https://api.ferreterialavalleja.com/wp-content/uploads/2024/12/1000139835.png
13294	https://api.ferreterialavalleja.com/wp-content/uploads/2024/12/1000139834-1.png
13297	https://api.ferreterialavalleja.com/wp-content/uploads/2024/12/OIP-80.jpg
13299	https://api.ferreterialavalleja.com/wp-content/uploads/2024/12/OIP-81.jpg
13303	https://api.ferreterialavalleja.com/wp-content/uploads/2024/12/2024-12-04-09-31-06-562.png
13308	https://api.ferreterialavalleja.com/wp-content/uploads/2024/12/rodillo-rodex-antigoteo-23cm-p-largo-rodillo-rodex-antigoteo-23cm-p-largo.jpg
13312	https://api.ferreterialavalleja.com/wp-content/uploads/2024/12/rodillo-rojo-gris-23-cm-antigoteo-web-rodillo-rojo-gris-23-cm-antigoteo-web.jpg
13314	https://api.ferreterialavalleja.com/wp-content/uploads/2024/12/OIP-39.jpeg
13316	https://api.ferreterialavalleja.com/wp-content/uploads/2024/12/D_NQ_NP_908032-MLU80443940609_112024-O.webp
13318	https://api.ferreterialavalleja.com/wp-content/uploads/2024/12/D_NQ_NP_2X_646842-MLU32054159468_092019-F.jpg
13321	https://api.ferreterialavalleja.com/wp-content/uploads/2024/12/D_NQ_NP_795650-MLU49200160520_022022-O.webp
13322	https://api.ferreterialavalleja.com/wp-content/uploads/2024/12/D_Q_NP_715102-MLU49200122810_022022-R.webp
13325	https://api.ferreterialavalleja.com/wp-content/uploads/2024/12/OIP-50.jpeg
13327	https://api.ferreterialavalleja.com/wp-content/uploads/2024/12/D_NQ_NP_925283-MLU69910919354_062023-O.webp
13328	https://api.ferreterialavalleja.com/wp-content/uploads/2024/12/D_NQ_NP_776373-MLU69910801716_062023-O.webp
13329	https://api.ferreterialavalleja.com/wp-content/uploads/2024/12/D_NQ_NP_819041-MLU53045743090_122022-O.webp
13331	https://api.ferreterialavalleja.com/wp-content/uploads/2024/12/Elektroniczna-Waga-Kuchenna-5kg-0-1g-precyzyjna-gramowa.jpeg
13332	https://api.ferreterialavalleja.com/wp-content/uploads/2024/12/61-46VekcKL._SL1000_.jpg
13335	https://api.ferreterialavalleja.com/wp-content/uploads/2024/12/7e27fe6a-dc42-454e-af9d-fcf036b3af8c.a617a86c6d2e7064b93368acd3683acd.jpeg
13336	https://api.ferreterialavalleja.com/wp-content/uploads/2024/12/bb0ce659-a404-40ff-ae13-b14e5859e327.1c681f7c8bcbf7bbac329c86033574d5.webp
13337	https://api.ferreterialavalleja.com/wp-content/uploads/2024/12/56561d31-e236-40c7-abf4-2888a92aa775.74a92bd3014bd2acd932824915927d8c.jpeg
13339	https://api.ferreterialavalleja.com/wp-content/uploads/2024/12/D_NQ_NP_947145-MLU53045729558_122022-O.webp
13341	https://api.ferreterialavalleja.com/wp-content/uploads/2024/12/D_NQ_NP_840136-MLU45058437953_032021-O.webp
13342	https://api.ferreterialavalleja.com/wp-content/uploads/2024/12/D_NQ_NP_736480-MLU45058442799_032021-O.webp
13343	https://api.ferreterialavalleja.com/wp-content/uploads/2024/12/D_NQ_NP_779740-MLU45058437932_032021-O.webp
13346	https://api.ferreterialavalleja.com/wp-content/uploads/2024/12/2024-12-10-09-59-21-742.png
13348	https://api.ferreterialavalleja.com/wp-content/uploads/2024/12/1000142227.png
13349	https://api.ferreterialavalleja.com/wp-content/uploads/2024/12/1000142225.png
13354	https://api.ferreterialavalleja.com/wp-content/uploads/2024/12/ERPA-06-29-22-004-final-scaled-1.jpg
13355	https://api.ferreterialavalleja.com/wp-content/uploads/2024/12/D_NQ_NP_827590-MLA42754750076_072020-O.webp
13358	https://api.ferreterialavalleja.com/wp-content/uploads/2024/12/D_NQ_NP_827590-MLA42754750076_072020-O-1.webp
13359	https://api.ferreterialavalleja.com/wp-content/uploads/2024/12/D_NQ_NP_803845-MLA80335629156_112024-O.webp
13361	https://api.ferreterialavalleja.com/wp-content/uploads/2023/06/D_NQ_NP_713550-MLA41139557304_032020-O.webp
13362	https://api.ferreterialavalleja.com/wp-content/uploads/2023/06/D_NQ_NP_861293-MLU70767192173_072023-O.webp
13364	https://api.ferreterialavalleja.com/wp-content/uploads/2024/12/D_NQ_NP_713550-MLA41139557304_032020-O.webp
13366	https://api.ferreterialavalleja.com/wp-content/uploads/2024/12/D_NQ_NP_713550-MLA41139557304_032020-O-1.webp
13368	https://api.ferreterialavalleja.com/wp-content/uploads/2024/12/D_NQ_NP_642049-MLU53607077647_022023-O.webp
13369	https://api.ferreterialavalleja.com/wp-content/uploads/2023/09/D_NQ_NP_682685-MLU49035128957_022022-O.webp
13372	https://api.ferreterialavalleja.com/wp-content/uploads/2024/12/D_NQ_NP_625081-MLU47415726274_092021-O.webp
13373	https://api.ferreterialavalleja.com/wp-content/uploads/2024/12/77444404PDM001G-1.webp
13374	https://api.ferreterialavalleja.com/wp-content/uploads/2024/12/63b89996cb750823e45fee10.jpg
13375	https://api.ferreterialavalleja.com/wp-content/uploads/2024/12/OIP-51.jpeg
13376	https://api.ferreterialavalleja.com/wp-content/uploads/2024/12/453-0099.webp
13378	https://api.ferreterialavalleja.com/wp-content/uploads/2024/12/1000142985.png
13380	https://api.ferreterialavalleja.com/wp-content/uploads/2024/12/D_NQ_NP_966089-MLU76248222964_052024-O.webp
13382	https://api.ferreterialavalleja.com/wp-content/uploads/2024/12/multipresa-4-posti-italiana-bipasso-2-schuko.jpg
13383	https://api.ferreterialavalleja.com/wp-content/uploads/2024/03/12636_6885_1465160444565131363_1638363929324_469_1.png
13385	https://api.ferreterialavalleja.com/wp-content/uploads/2024/12/D_NQ_NP_904257-MLU79746757280_102024-O.webp
13386	https://api.ferreterialavalleja.com/wp-content/uploads/2024/12/D_NQ_NP_784797-MLU79997565139_102024-O.webp
13387	https://api.ferreterialavalleja.com/wp-content/uploads/2024/12/D_NQ_NP_707012-MLU79997565125_102024-O.webp
13388	https://api.ferreterialavalleja.com/wp-content/uploads/2024/12/D_NQ_NP_934737-MLU79997140669_102024-O.webp
13390	https://api.ferreterialavalleja.com/wp-content/uploads/2024/12/2024-12-16-09-42-40-585.png
13391	https://api.ferreterialavalleja.com/wp-content/uploads/2024/12/1000143432.jpg
13392	https://api.ferreterialavalleja.com/wp-content/uploads/2024/12/2024-12-16-09-37-22-409.png
13394	https://api.ferreterialavalleja.com/wp-content/uploads/2024/12/D_Q_NP_728335-MLU52907777441_122022-R.webp
13395	https://api.ferreterialavalleja.com/wp-content/uploads/2024/12/D_NQ_NP_712554-MLU52907698759_122022-O.webp
13398	https://api.ferreterialavalleja.com/wp-content/uploads/2024/12/D_NQ_NP_747886-MLU78202445251_082024-O.webp
13400	https://api.ferreterialavalleja.com/wp-content/uploads/2024/12/D_NQ_NP_620356-MLU74991134200_032024-O.webp
13401	https://api.ferreterialavalleja.com/wp-content/uploads/2024/12/D_NQ_NP_756308-MLU74991212372_032024-O.webp
13402	https://api.ferreterialavalleja.com/wp-content/uploads/2024/12/D_NQ_NP_732895-MLU72034199325_092023-O.webp
13404	https://api.ferreterialavalleja.com/wp-content/uploads/2024/12/D_NQ_NP_896202-MLU78154116499_082024-O.webp
13405	https://api.ferreterialavalleja.com/wp-content/uploads/2024/12/D_NQ_NP_608809-MLU77930379266_082024-O.webp
13407	https://api.ferreterialavalleja.com/wp-content/uploads/2024/12/trincheta-simple-179mm-trincheta-simple-179mm.webp
13410	https://api.ferreterialavalleja.com/wp-content/uploads/2024/12/D_NQ_NP_968034-MLU75761503112_042024-O.webp
13413	https://api.ferreterialavalleja.com/wp-content/uploads/2024/12/D_NQ_NP_2X_864801-MLU80365143728_112024-F.webp
13415	https://api.ferreterialavalleja.com/wp-content/uploads/2024/12/D_NQ_NP_809693-MLU42167034322_062020-O.webp
13417	https://api.ferreterialavalleja.com/wp-content/uploads/2024/12/D_NQ_NP_809693-MLU42167034322_062020-O-1.webp
13422	https://api.ferreterialavalleja.com/wp-content/uploads/2024/12/D_NQ_NP_707219-MLU48741831636_012022-O.webp
13424	https://api.ferreterialavalleja.com/wp-content/uploads/2024/12/2024-12-17-09-15-10-351.png
13426	https://api.ferreterialavalleja.com/wp-content/uploads/2024/12/1000143745.png
13427	https://api.ferreterialavalleja.com/wp-content/uploads/2024/12/1000143746.png
13428	https://api.ferreterialavalleja.com/wp-content/uploads/2024/12/2024-12-17-12-11-05-277.png
13431	https://api.ferreterialavalleja.com/wp-content/uploads/2024/12/1000143815.png
13432	https://api.ferreterialavalleja.com/wp-content/uploads/2024/12/2024-12-17-16-01-52-578.png
13434	https://api.ferreterialavalleja.com/wp-content/uploads/2024/12/1000143834.png
13435	https://api.ferreterialavalleja.com/wp-content/uploads/2024/12/1000143833.png
13436	https://api.ferreterialavalleja.com/wp-content/uploads/2024/12/2024-12-17-17-40-39-225.png
13440	https://api.ferreterialavalleja.com/wp-content/uploads/2024/12/D_NQ_NP_953418-MLU74529490809_022024-O.webp
13441	https://api.ferreterialavalleja.com/wp-content/uploads/2024/12/D_NQ_NP_647232-MLU79981770535_102024-O.webp
13442	https://api.ferreterialavalleja.com/wp-content/uploads/2024/12/D_NQ_NP_2X_665207-MLU74113911020_012024-F.webp
13443	https://api.ferreterialavalleja.com/wp-content/uploads/2024/12/D_NQ_NP_688167-MLU74113911016_012024-O.webp
13444	https://api.ferreterialavalleja.com/wp-content/uploads/2024/12/D_NQ_NP_640470-MLU74529510089_022024-O.webp
13445	https://api.ferreterialavalleja.com/wp-content/uploads/2024/12/D_NQ_NP_965975-MLU79553157510_102024-O.webp
13447	https://api.ferreterialavalleja.com/wp-content/uploads/2024/12/D_NQ_NP_835305-MLU78030195639_072024-O.webp
13448	https://api.ferreterialavalleja.com/wp-content/uploads/2024/12/D_NQ_NP_616073-MLU76809746502_062024-O.webp
13449	https://api.ferreterialavalleja.com/wp-content/uploads/2024/12/D_NQ_NP_859019-MLU77016062733_062024-O.webp
13452	https://api.ferreterialavalleja.com/wp-content/uploads/2024/12/D_NQ_NP_671977-MLV31250848471_062019-F.jpg
13455	https://api.ferreterialavalleja.com/wp-content/uploads/2024/12/350810.jpg
13457	https://api.ferreterialavalleja.com/wp-content/uploads/2024/12/D_NQ_NP_944492-MLB77547366509_072024-O.webp
13458	https://api.ferreterialavalleja.com/wp-content/uploads/2024/12/D_NQ_NP_638867-MLB44640762399_012021-O.webp
13459	https://api.ferreterialavalleja.com/wp-content/uploads/2024/12/D_NQ_NP_881172-MLB53042291240_122022-O.webp
13460	https://api.ferreterialavalleja.com/wp-content/uploads/2024/12/115747352_2.webp
13461	https://api.ferreterialavalleja.com/wp-content/uploads/2024/12/D_NQ_NP_881172-MLB53042291240_122022-O-1.webp
13463	https://api.ferreterialavalleja.com/wp-content/uploads/2024/12/D_NQ_NP_895477-MLU76529246550_052024-O.webp
13465	https://api.ferreterialavalleja.com/wp-content/uploads/2024/12/D_NQ_NP_680056-MLU77221606447_062024-O.webp
13467	https://api.ferreterialavalleja.com/wp-content/uploads/2024/12/D_NQ_NP_666062-MLU76529266158_052024-O.webp
13470	https://api.ferreterialavalleja.com/wp-content/uploads/2024/12/D_NQ_NP_2X_604250-MLU77970146644_082024-F.webp
13473	https://api.ferreterialavalleja.com/wp-content/uploads/2024/12/D_NQ_NP_776013-MLU74523329309_022024-O.webp
13474	https://api.ferreterialavalleja.com/wp-content/uploads/2024/12/D_NQ_NP_933945-MLU54980154687_052023-O.webp
13475	https://api.ferreterialavalleja.com/wp-content/uploads/2024/12/D_NQ_NP_781756-MLU54986063396_052023-O.webp
13476	https://api.ferreterialavalleja.com/wp-content/uploads/2024/12/D_NQ_NP_731114-MLU54986067938_052023-O.webp
13477	https://api.ferreterialavalleja.com/wp-content/uploads/2024/12/D_NQ_NP_776013-MLU74523329309_022024-O-1.webp
13479	https://api.ferreterialavalleja.com/wp-content/uploads/2024/12/D_NQ_NP_958693-MLU44282286393_122020-O.webp
13481	https://api.ferreterialavalleja.com/wp-content/uploads/2024/12/D_NQ_NP_933945-MLU54980154687_052023-O-1.webp
13486	https://api.ferreterialavalleja.com/wp-content/uploads/2023/06/D_NQ_NP_964138-MLA69531835759_052023-O-1.webp
13487	https://api.ferreterialavalleja.com/wp-content/uploads/2023/06/D_NQ_NP_918799-MLA69531509461_052023-O-1.webp
13489	https://api.ferreterialavalleja.com/wp-content/uploads/2024/12/D_NQ_NP_2X_972282-MLU75907287867_042024-F.webp
13490	https://api.ferreterialavalleja.com/wp-content/uploads/2024/12/299843-800-800.webp
13492	https://api.ferreterialavalleja.com/wp-content/uploads/2024/12/D_NQ_NP_903335-MLU78841122266_092024-O-1.webp
13493	https://api.ferreterialavalleja.com/wp-content/uploads/2024/12/D_NQ_NP_731497-MLA78362796034_082024-O.webp
13494	https://api.ferreterialavalleja.com/wp-content/uploads/2024/12/D_NQ_NP_600647-MLA78593684743_082024-O.webp
13495	https://api.ferreterialavalleja.com/wp-content/uploads/2024/12/D_NQ_NP_808817-MLA78593684767_082024-O.webp
13496	https://api.ferreterialavalleja.com/wp-content/uploads/2024/12/D_NQ_NP_736281-MLA78362451738_082024-O.webp
13497	https://api.ferreterialavalleja.com/wp-content/uploads/2024/12/D_NQ_NP_890512-MLA78362314534_082024-O.webp
13498	https://api.ferreterialavalleja.com/wp-content/uploads/2024/12/D_NQ_NP_731497-MLA78362796034_082024-O-1.webp
13499	https://api.ferreterialavalleja.com/wp-content/uploads/2024/12/D_NQ_NP_939376-MLA78593284243_082024-O.webp
13500	https://api.ferreterialavalleja.com/wp-content/uploads/2024/12/D_NQ_NP_903335-MLU78841122266_092024-O-1-1.webp
13505	https://api.ferreterialavalleja.com/wp-content/uploads/2024/12/D_NQ_NP_847026-MLU32262033001_092019-O.webp
13508	https://api.ferreterialavalleja.com/wp-content/uploads/2024/12/D_NQ_NP_847026-MLU32262033001_092019-O-1.webp
13509	https://api.ferreterialavalleja.com/wp-content/uploads/2024/12/OIP-52.jpeg
13511	https://api.ferreterialavalleja.com/wp-content/uploads/2024/12/0530075-1.jpg
13514	https://api.ferreterialavalleja.com/wp-content/uploads/2023/06/D_NQ_NP_911992-MLU70582982887_072023-O.webp
13517	https://api.ferreterialavalleja.com/wp-content/uploads/2024/12/D_NQ_NP_809584-MLU47818645657_102021-O.webp
13519	https://api.ferreterialavalleja.com/wp-content/uploads/2024/12/D_NQ_NP_933311-MLU47818670110_102021-O.webp
13522	https://api.ferreterialavalleja.com/wp-content/uploads/2024/12/D_NQ_NP_888530-MLU42568678910_072020-O.webp
13523	https://api.ferreterialavalleja.com/wp-content/uploads/2024/12/D_NQ_NP_701921-MLU42568749329_072020-O.webp
13530	https://api.ferreterialavalleja.com/wp-content/uploads/2025/01/2025-01-08-09-42-50-462.png
13531	https://api.ferreterialavalleja.com/wp-content/uploads/2025/01/2025-01-08-09-42-50-462-1.png
13533	https://api.ferreterialavalleja.com/wp-content/uploads/2025/01/martelo-6011.png
13534	https://api.ferreterialavalleja.com/wp-content/uploads/2023/07/2025-01-22-09-14-14-037.png
13535	https://api.ferreterialavalleja.com/wp-content/uploads/2023/07/disco-porcelanato-cortamas-1.webp
13540	https://api.ferreterialavalleja.com/wp-content/uploads/2025/01/evo-lockup-coil-cable-en-spirale-10-x-1200mm.webp
13542	https://api.ferreterialavalleja.com/wp-content/uploads/2025/01/2025-01-22-15-01-32-721.png
13545	https://api.ferreterialavalleja.com/wp-content/uploads/2025/01/2025-01-22-15-02-54-640.jpg
13549	https://api.ferreterialavalleja.com/wp-content/uploads/2025/01/2025-01-22-16-16-43-731.png
13551	https://api.ferreterialavalleja.com/wp-content/uploads/2025/01/D_NQ_NP_801702-MLU72542012278_112023-O.webp
13552	https://api.ferreterialavalleja.com/wp-content/uploads/2025/01/D_NQ_NP_700965-MLU69762790221_062023-O.webp
13553	https://api.ferreterialavalleja.com/wp-content/uploads/2025/01/D_NQ_NP_715089-MLU69762790215_062023-O.webp
13554	https://api.ferreterialavalleja.com/wp-content/uploads/2025/01/D_NQ_NP_763188-MLU69747264216_062023-O.webp
13555	https://api.ferreterialavalleja.com/wp-content/uploads/2025/01/D_NQ_NP_668680-MLU74071988878_012024-O.webp
13556	https://api.ferreterialavalleja.com/wp-content/uploads/2025/01/D_NQ_NP_902982-MLU69762987765_062023-O.webp
13557	https://api.ferreterialavalleja.com/wp-content/uploads/2025/01/D_NQ_NP_652071-MLU72612669589_112023-O.webp
13558	https://api.ferreterialavalleja.com/wp-content/uploads/2025/01/D_NQ_NP_659140-MLU69747264222_062023-O.webp
13559	https://api.ferreterialavalleja.com/wp-content/uploads/2025/01/D_NQ_NP_652071-MLU72612669589_112023-O-1.webp
13561	https://api.ferreterialavalleja.com/wp-content/uploads/2025/01/25319.webp
13563	https://api.ferreterialavalleja.com/wp-content/uploads/2025/01/2025-01-22-17-01-44-575.png
13565	https://api.ferreterialavalleja.com/wp-content/uploads/2025/01/2025-01-22-17-03-10-502.png
13568	https://api.ferreterialavalleja.com/wp-content/uploads/2025/01/2025-01-22-18-20-48-663.jpg
13569	https://api.ferreterialavalleja.com/wp-content/uploads/2025/01/1000158268.png
13574	https://api.ferreterialavalleja.com/wp-content/uploads/2025/01/2025-01-23-08-53-24-681.png
13575	https://api.ferreterialavalleja.com/wp-content/uploads/2025/01/D_NQ_NP_756286-MLU73640112130_122023-O.webp
13577	https://api.ferreterialavalleja.com/wp-content/uploads/2025/01/doble-faz-768x768-1.jpg
13578	https://api.ferreterialavalleja.com/wp-content/uploads/2025/01/CINTA-1500-POR-1500.jpg
13579	https://api.ferreterialavalleja.com/wp-content/uploads/2025/01/cintra-doble-faz-900x900-1.jpg
13580	https://api.ferreterialavalleja.com/wp-content/uploads/2025/01/transparente-768x768-1.jpg
13586	https://api.ferreterialavalleja.com/wp-content/uploads/2023/07/44818115PDM001G.jpg
13587	https://api.ferreterialavalleja.com/wp-content/uploads/2023/07/OIP-56.jpeg
13588	https://api.ferreterialavalleja.com/wp-content/uploads/2025/01/OIP-55.jpeg
13589	https://api.ferreterialavalleja.com/wp-content/uploads/2023/07/D_NQ_NP_986247-MLC51089371244_082022-O.webp
13590	https://api.ferreterialavalleja.com/wp-content/uploads/2023/07/Soquete-Estriado-de-12-Pol-com-Encaixe-d-tramontina-pro-448341041.webp
13594	https://api.ferreterialavalleja.com/wp-content/uploads/2025/01/0188G.jpg
13597	https://api.ferreterialavalleja.com/wp-content/uploads/2025/01/44818115PDM001G.jpg
13604	https://api.ferreterialavalleja.com/wp-content/uploads/2025/01/D_NQ_NP_698927-MLU31241663962_062019-O.webp
13606	https://api.ferreterialavalleja.com/wp-content/uploads/2025/01/D_NQ_NP_624755-MLU69081368568_042023-O.webp
13610	https://api.ferreterialavalleja.com/wp-content/uploads/2025/01/D_NQ_NP_624755-MLU69081368568_042023-O-1.webp
13613	https://api.ferreterialavalleja.com/wp-content/uploads/2025/01/D_NQ_NP_624755-MLU69081368568_042023-O-2.webp
13625	https://api.ferreterialavalleja.com/wp-content/uploads/2025/01/D_NQ_NP_792962-MLU73085490838_112023-O.webp
13635	https://api.ferreterialavalleja.com/wp-content/uploads/2023/08/D_NQ_NP_743008-MLU69081368554_042023-O.webp
13636	https://api.ferreterialavalleja.com/wp-content/uploads/2023/08/D_NQ_NP_697964-MLU69081368562_042023-O.webp
13639	https://api.ferreterialavalleja.com/wp-content/uploads/2025/01/OIP-57.jpeg
13643	https://api.ferreterialavalleja.com/wp-content/uploads/2025/01/D_NQ_NP_2X_922244-MLU70892514757_082023-F.webp
13644	https://api.ferreterialavalleja.com/wp-content/uploads/2025/01/D_NQ_NP_986127-MLU70892084247_082023-O.webp
13645	https://api.ferreterialavalleja.com/wp-content/uploads/2025/01/D_NQ_NP_942046-MLU70892084215_082023-O.webp
13647	https://api.ferreterialavalleja.com/wp-content/uploads/2025/01/carro-cocacolero-200-kg-rueda-maciza-carro-cocacolero-200-kg-rueda-maciza-1.webp
13648	https://api.ferreterialavalleja.com/wp-content/uploads/2025/01/carro-cocacolero-200-kg-rueda-maciza-carro-cocacolero-200-kg-rueda-maciza.webp
13650	https://api.ferreterialavalleja.com/wp-content/uploads/2025/01/R-8.jpeg
13654	https://api.ferreterialavalleja.com/wp-content/uploads/2025/01/ang-tipo-kong-lalake-yung-malabong-ang-buhok-kaya-lang-v0-luwqn88baqcc1.webp
13655	https://api.ferreterialavalleja.com/wp-content/uploads/2025/01/D_NQ_NP_838908-MLU78019589996_082024-O.webp
13657	https://api.ferreterialavalleja.com/wp-content/uploads/2025/01/e096b4b190aa8ad43deae6489466ec67.png
13658	https://api.ferreterialavalleja.com/wp-content/uploads/2025/01/BF10-10L-DESENHO.png
13660	https://api.ferreterialavalleja.com/wp-content/uploads/2025/01/D_NQ_NP_743353-MLU74047653796_012024-O.webp
13662	https://api.ferreterialavalleja.com/wp-content/uploads/2025/01/D_NQ_NP_671004-MLU74419975170_022024-O.webp
13663	https://api.ferreterialavalleja.com/wp-content/uploads/2025/01/D_NQ_NP_953152-MLU79294626909_092024-O.webp
13665	https://api.ferreterialavalleja.com/wp-content/uploads/2025/01/06356.png
13667	https://api.ferreterialavalleja.com/wp-content/uploads/2025/01/D_NQ_NP_625667-MLU77364291254_072024-O.webp
13669	https://api.ferreterialavalleja.com/wp-content/uploads/2025/01/D_NQ_NP_850961-MLU81062850566_122024-O.webp
13670	https://api.ferreterialavalleja.com/wp-content/uploads/2025/01/D_NQ_NP_804908-MLU81063206234_122024-O.webp
13672	https://api.ferreterialavalleja.com/wp-content/uploads/2025/01/D_NQ_NP_834166-MLU49273214346_032022-O.webp
13673	https://api.ferreterialavalleja.com/wp-content/uploads/2025/01/D_NQ_NP_846333-MLU49273229232_032022-O.webp
13674	https://api.ferreterialavalleja.com/wp-content/uploads/2025/01/D_NQ_NP_682857-MLU49273236238_032022-O.webp
13675	https://api.ferreterialavalleja.com/wp-content/uploads/2025/01/D_NQ_NP_775693-MLU49273218316_032022-O.webp
13678	https://api.ferreterialavalleja.com/wp-content/uploads/2025/01/D_NQ_NP_688710-MLU52819899068_122022-O-1.webp
13684	https://api.ferreterialavalleja.com/wp-content/uploads/2023/10/D_NQ_NP_2X_688615-MLU80712529304_112024-F.webp
13686	https://api.ferreterialavalleja.com/wp-content/uploads/2025/01/9-3.jpg
13689	https://api.ferreterialavalleja.com/wp-content/uploads/2025/01/2025-01-24-16-29-01-080.png
13691	https://api.ferreterialavalleja.com/wp-content/uploads/2025/01/D_NQ_NP_909401-MLU74571515064_022024-O.webp
13692	https://api.ferreterialavalleja.com/wp-content/uploads/2025/01/Cuba-N34-2.jpg
13693	https://api.ferreterialavalleja.com/wp-content/uploads/2025/01/D_NQ_NP_909401-MLU74571515064_022024-O-1.webp
13694	https://api.ferreterialavalleja.com/wp-content/uploads/2025/01/D_NQ_NP_825021-MLU52240181189_112022-O.webp
13695	https://api.ferreterialavalleja.com/wp-content/uploads/2025/01/D_NQ_NP_870648-MLU52240171272_112022-O.webp
13696	https://api.ferreterialavalleja.com/wp-content/uploads/2025/01/D_NQ_NP_2X_650017-MLU78267266144_082024-F.webp
13697	https://api.ferreterialavalleja.com/wp-content/uploads/2025/01/D_NQ_NP_909401-MLU74571515064_022024-O-2.webp
13699	https://api.ferreterialavalleja.com/wp-content/uploads/2025/01/31aqrSazvL._AC_US436_QL65_.jpg
13700	https://api.ferreterialavalleja.com/wp-content/uploads/2025/01/D_NQ_NP_801406-MLU53856706659_022023-O.webp
13701	https://api.ferreterialavalleja.com/wp-content/uploads/2025/01/D_NQ_NP_716798-MLU53856847263_022023-O.webp
13703	https://api.ferreterialavalleja.com/wp-content/uploads/2025/01/D_NQ_NP_733565-MLU28680093066_112018-O.webp
13704	https://api.ferreterialavalleja.com/wp-content/uploads/2025/01/D_NQ_NP_733565-MLU28680093066_112018-O-1.webp
13705	https://api.ferreterialavalleja.com/wp-content/uploads/2025/01/D_NQ_NP_952149-MLU73305592733_122023-O.webp
13706	https://api.ferreterialavalleja.com/wp-content/uploads/2025/01/D_NQ_NP_758399-MLU73450145232_122023-O.webp
13707	https://api.ferreterialavalleja.com/wp-content/uploads/2025/01/D_NQ_NP_692811-MLU73219997944_122023-O.webp
13710	https://api.ferreterialavalleja.com/wp-content/uploads/2025/01/D_NQ_NP_824316-MLU80062117501_102024-O.webp
13712	https://api.ferreterialavalleja.com/wp-content/uploads/2025/01/D_NQ_NP_651513-MLU78736876253_082024-O.webp
13715	https://api.ferreterialavalleja.com/wp-content/uploads/2025/01/D_NQ_NP_852471-MLU50530094553_062022-O.webp
13718	https://api.ferreterialavalleja.com/wp-content/uploads/2025/01/C.1.jpg
13720	https://api.ferreterialavalleja.com/wp-content/uploads/2025/01/C.1-1.jpg
13722	https://api.ferreterialavalleja.com/wp-content/uploads/2025/01/D_NQ_NP_816354-MLU77821113166_072024-O.webp
13723	https://api.ferreterialavalleja.com/wp-content/uploads/2025/01/D_NQ_NP_883312-MLU77821296072_072024-O.webp
13724	https://api.ferreterialavalleja.com/wp-content/uploads/2025/01/D_NQ_NP_813503-MLU78042390657_072024-O.webp
13725	https://api.ferreterialavalleja.com/wp-content/uploads/2023/06/D_NQ_NP_819525-MLA53896487356_022023-O.webp
13727	https://api.ferreterialavalleja.com/wp-content/uploads/2025/01/veloschloss-kabelschloss-tonyo-1200mm-hellblau.jpg
13730	https://api.ferreterialavalleja.com/wp-content/uploads/2025/01/jabonera-de-pared-con-porta-rollo-16x10-cm.jpg
13734	https://api.ferreterialavalleja.com/wp-content/uploads/2024/12/D_NQ_NP_804352-MLU75712185395_042024-O.webp
13735	https://api.ferreterialavalleja.com/wp-content/uploads/2024/12/D_NQ_NP_804352-MLU75712185395_042024-O-1.webp
13736	https://api.ferreterialavalleja.com/wp-content/uploads/2024/12/474121172_18266589553265340_7174168481376279365_n.jpg
13737	https://api.ferreterialavalleja.com/wp-content/uploads/2024/12/474058972_18266589544265340_7575336532789713783_n.jpg
13738	https://api.ferreterialavalleja.com/wp-content/uploads/2024/12/474058972_18266589544265340_7575336532789713783_n-1.jpg
13740	https://api.ferreterialavalleja.com/wp-content/uploads/2025/01/OIP-58.jpeg
13741	https://api.ferreterialavalleja.com/wp-content/uploads/2025/01/D_NQ_NP_900374-MLA52913053883_122022-O.webp
13742	https://api.ferreterialavalleja.com/wp-content/uploads/2025/01/D_NQ_NP_627526-MLA51842749665_102022-O.webp
13743	https://api.ferreterialavalleja.com/wp-content/uploads/2025/01/D_NQ_NP_906515-MLA51842755610_102022-O.webp
13744	https://api.ferreterialavalleja.com/wp-content/uploads/2025/01/image-24bd53b214c746c999febe27d119d227.webp
13747	https://api.ferreterialavalleja.com/wp-content/uploads/2025/01/D_NQ_NP_728760-MLU27589525916_062018-O.webp
13751	https://api.ferreterialavalleja.com/wp-content/uploads/2025/02/18335_10-650x650-1.webp
13753	https://api.ferreterialavalleja.com/wp-content/uploads/2025/02/GUANTES-CRIVEA-G.webp
13757	https://api.ferreterialavalleja.com/wp-content/uploads/2025/02/2025-02-06-16-36-22-623.png
13758	https://api.ferreterialavalleja.com/wp-content/uploads/2025/02/2025-02-06-16-34-08-468.jpg
13760	https://api.ferreterialavalleja.com/wp-content/uploads/2025/02/D_NQ_NP_828306-MLU77989983960_082024-O.webp
13761	https://api.ferreterialavalleja.com/wp-content/uploads/2025/02/D_NQ_NP_634437-MLU77990023196_082024-O.webp
13762	https://api.ferreterialavalleja.com/wp-content/uploads/2025/02/D_NQ_NP_752574-MLU77990053250_082024-O.webp
13765	https://api.ferreterialavalleja.com/wp-content/uploads/2023/06/D_NQ_NP_815837-MLU79271639762_092024-O.webp
13768	https://api.ferreterialavalleja.com/wp-content/uploads/2025/02/D_NQ_NP_747101-MLU74311196765_012024-O.webp
13770	https://api.ferreterialavalleja.com/wp-content/uploads/2025/02/D_NQ_NP_623379-MLU81046849964_122024-O.webp
13771	https://api.ferreterialavalleja.com/wp-content/uploads/2025/02/D_NQ_NP_747938-MLU81313694383_122024-O.webp
13773	https://api.ferreterialavalleja.com/wp-content/uploads/2025/02/109500_0.jpg
13775	https://api.ferreterialavalleja.com/wp-content/uploads/2025/02/tirafondo-punta-calada-chapa-madera-D_NQ_NP_956705-MLU32053475658_092019-F.jpg
13777	https://api.ferreterialavalleja.com/wp-content/uploads/2025/01/G.1-3.jpg
13779	https://api.ferreterialavalleja.com/wp-content/uploads/2025/01/G.1-4.jpg
13781	https://api.ferreterialavalleja.com/wp-content/uploads/2025/02/G.1-5.jpg
13783	https://api.ferreterialavalleja.com/wp-content/uploads/2025/02/Imagen-de-WhatsApp-2025-02-10-a-las-09.26.34_c6a4c1ef.jpg
13784	https://api.ferreterialavalleja.com/wp-content/uploads/2025/02/2025-02-10-09-27-56-242.png
13788	https://api.ferreterialavalleja.com/wp-content/uploads/2025/02/pintura-pisos.png
13792	https://api.ferreterialavalleja.com/wp-content/uploads/2025/02/D_NQ_NP_884380-MLU40291669384_122019-O.webp
13793	https://api.ferreterialavalleja.com/wp-content/uploads/2025/02/D_NQ_NP_913531-MLU73393658130_122023-O.webp
13794	https://api.ferreterialavalleja.com/wp-content/uploads/2025/02/D_NQ_NP_819932-MLU81981310789_012025-O.webp
13797	https://api.ferreterialavalleja.com/wp-content/uploads/2025/02/D_NQ_NP_638430-MLU82126385469_012025-O.webp
13798	https://api.ferreterialavalleja.com/wp-content/uploads/2025/02/D_NQ_NP_993646-MLU70005363105_062023-O.webp
13799	https://api.ferreterialavalleja.com/wp-content/uploads/2025/02/D_NQ_NP_844752-MLU69986092262_062023-O.webp
13801	https://api.ferreterialavalleja.com/wp-content/uploads/2025/02/D_NQ_NP_692461-MLU47509288348_092021-O.webp
13804	https://api.ferreterialavalleja.com/wp-content/uploads/2025/02/ficha-macho-2p-t-10a-molveno-bca-negra-ficha-macho-2p-t-10a-molveno-bca-negra.jpg
13806	https://api.ferreterialavalleja.com/wp-content/uploads/2023/07/D_NQ_NP_695853-MLU70625446724_072023-O.webp
13808	https://api.ferreterialavalleja.com/wp-content/uploads/2025/02/D_NQ_NP_695853-MLU70625446724_072023-O.webp
13812	https://api.ferreterialavalleja.com/wp-content/uploads/2025/02/CIPLA2699-768x576-1.jpg
13814	https://api.ferreterialavalleja.com/wp-content/uploads/2025/02/D_NQ_NP_2X_614664-MLU52051033781_102022-F.webp
13816	https://api.ferreterialavalleja.com/wp-content/uploads/2025/02/D_NQ_NP_758942-MLU53179741498_012023-O.webp
13817	https://api.ferreterialavalleja.com/wp-content/uploads/2025/02/km-63487345.png
13820	https://api.ferreterialavalleja.com/wp-content/uploads/2025/02/D_NQ_NP_974781-MLU31071602329_062019-O.webp
13822	https://api.ferreterialavalleja.com/wp-content/uploads/2025/02/D_NQ_NP_869009-MLC74962324009_032024-O.webp
13823	https://api.ferreterialavalleja.com/wp-content/uploads/2025/02/529e4a20-004d-4888-8ea1-4f7c5c913963.7e4813788d38249dfc4b1bf2500cc853.webp
13825	https://api.ferreterialavalleja.com/wp-content/uploads/2025/02/D_NQ_NP_724378-MLC43555814132_092020-O.webp
13827	https://api.ferreterialavalleja.com/wp-content/uploads/2025/02/D_NQ_NP_851308-MLB53455828898_012023-O.webp
13829	https://api.ferreterialavalleja.com/wp-content/uploads/2025/02/D_NQ_NP_736440-MLU74553682450_022024-O.webp
13831	https://api.ferreterialavalleja.com/wp-content/uploads/2025/02/cono-blanco-goma-38-51-102-cono-blanco-goma-38-51-102.webp
13833	https://api.ferreterialavalleja.com/wp-content/uploads/2025/02/OIP-59.jpeg
13837	https://api.ferreterialavalleja.com/wp-content/uploads/2025/02/D_NQ_NP_2X_629818-MLU81598436977_122024-F.webp
13838	https://api.ferreterialavalleja.com/wp-content/uploads/2025/02/D_NQ_NP_2X_960857-MLU81329485798_122024-F.webp
13839	https://api.ferreterialavalleja.com/wp-content/uploads/2025/02/D_NQ_NP_2X_775298-MLU81330362030_122024-F.webp
13840	https://api.ferreterialavalleja.com/wp-content/uploads/2025/02/D_NQ_NP_789882-MLU81329396736_122024-O.webp
13841	https://api.ferreterialavalleja.com/wp-content/uploads/2025/02/D_NQ_NP_830696-MLU81329485794_122024-O.webp
13842	https://api.ferreterialavalleja.com/wp-content/uploads/2025/02/D_NQ_NP_679732-MLU81599412263_122024-O.webp
13843	https://api.ferreterialavalleja.com/wp-content/uploads/2025/02/D_NQ_NP_753895-MLU81329396728_122024-O-1.webp
13844	https://api.ferreterialavalleja.com/wp-content/uploads/2025/02/D_NQ_NP_619242-MLU81328744398_122024-O.webp
13845	https://api.ferreterialavalleja.com/wp-content/uploads/2025/02/D_NQ_NP_679732-MLU81599412263_122024-O-1.webp
13846	https://api.ferreterialavalleja.com/wp-content/uploads/2025/02/D_NQ_NP_753895-MLU81329396728_122024-O.webp
13847	https://api.ferreterialavalleja.com/wp-content/uploads/2025/02/D_NQ_NP_2X_775298-MLU81330362030_122024-F-1.webp
13848	https://api.ferreterialavalleja.com/wp-content/uploads/2025/02/D_NQ_NP_967757-MLU81598023001_122024-O.webp
13850	https://api.ferreterialavalleja.com/wp-content/uploads/2025/02/D_NQ_NP_823046-MLU76199602330_052024-O.webp
13852	https://api.ferreterialavalleja.com/wp-content/uploads/2025/02/D_NQ_NP_765311-MLU71376330440_082023-O.webp
13853	https://api.ferreterialavalleja.com/wp-content/uploads/2025/02/D_NQ_NP_815789-MLU71420666619_082023-O.webp
13854	https://api.ferreterialavalleja.com/wp-content/uploads/2025/02/D_NQ_NP_614113-MLU71376535142_082023-O.webp
13855	https://api.ferreterialavalleja.com/wp-content/uploads/2025/02/D_NQ_NP_608733-MLU80750619813_112024-O.webp
13856	https://api.ferreterialavalleja.com/wp-content/uploads/2025/02/D_NQ_NP_712732-MLU80489532994_112024-O.webp
13857	https://api.ferreterialavalleja.com/wp-content/uploads/2025/02/D_NQ_NP_689717-MLU71376545114_082023-O.webp
13858	https://api.ferreterialavalleja.com/wp-content/uploads/2025/02/D_NQ_NP_762248-MLU71376330438_082023-O.webp
13859	https://api.ferreterialavalleja.com/wp-content/uploads/2025/02/D_NQ_NP_689717-MLU71376545114_082023-O-1.webp
13861	https://api.ferreterialavalleja.com/wp-content/uploads/2025/02/D_NQ_NP_712613-MLU53055430279_122022-O.webp
13863	https://api.ferreterialavalleja.com/wp-content/uploads/2025/02/D_NQ_NP_2X_870672-MLU82550794775_022025-F.webp
13864	https://api.ferreterialavalleja.com/wp-content/uploads/2025/02/D_NQ_NP_2X_809563-MLU82550785125_022025-F.webp
13865	https://api.ferreterialavalleja.com/wp-content/uploads/2025/02/D_NQ_NP_2X_887638-MLU82550785121_022025-F.webp
13866	https://api.ferreterialavalleja.com/wp-content/uploads/2025/02/D_NQ_NP_2X_887638-MLU82550785121_022025-F-1.webp
13867	https://api.ferreterialavalleja.com/wp-content/uploads/2025/02/D_NQ_NP_2X_628770-MLU82266808920_022025-F.webp
13869	https://api.ferreterialavalleja.com/wp-content/uploads/2025/02/D_NQ_NP_634239-MLU82164503431_012025-O.webp
13870	https://api.ferreterialavalleja.com/wp-content/uploads/2025/02/D_NQ_NP_947229-MLU82551246765_022025-O.webp
13871	https://api.ferreterialavalleja.com/wp-content/uploads/2025/02/D_NQ_NP_970140-MLU82267290104_022025-O.webp
13872	https://api.ferreterialavalleja.com/wp-content/uploads/2025/02/D_NQ_NP_672638-MLU82267417476_022025-O.webp
13874	https://api.ferreterialavalleja.com/wp-content/uploads/2025/02/D_NQ_NP_2X_822308-MLU80823290388_122024-F.webp
13875	https://api.ferreterialavalleja.com/wp-content/uploads/2025/02/D_NQ_NP_897938-MLU81088754817_122024-O.webp
13878	https://api.ferreterialavalleja.com/wp-content/uploads/2025/02/D_NQ_NP_804020-MLU82525427549_022025-O-1.webp
13879	https://api.ferreterialavalleja.com/wp-content/uploads/2025/02/D_NQ_NP_804020-MLU82525427549_022025-O.webp
13880	https://api.ferreterialavalleja.com/wp-content/uploads/2025/02/D_NQ_NP_808677-MLU82525143061_022025-O.webp
13881	https://api.ferreterialavalleja.com/wp-content/uploads/2025/02/D_NQ_NP_867658-MLU73782005876_012024-O.webp
13884	https://api.ferreterialavalleja.com/wp-content/uploads/2025/02/G.1-6.jpg
13887	https://api.ferreterialavalleja.com/wp-content/uploads/2025/02/G.1-7.jpg
13889	https://api.ferreterialavalleja.com/wp-content/uploads/2025/02/G.1-8.jpg
13891	https://api.ferreterialavalleja.com/wp-content/uploads/2025/02/D_NQ_NP_822519-MLU74055407066_012024-O.webp
13893	https://api.ferreterialavalleja.com/wp-content/uploads/2025/02/G.1-9.jpg
13895	https://api.ferreterialavalleja.com/wp-content/uploads/2025/02/G.1-10.jpg
13897	https://api.ferreterialavalleja.com/wp-content/uploads/2025/02/D_NQ_NP_684706-MLU50612440916_072022-O.webp
13898	https://api.ferreterialavalleja.com/wp-content/uploads/2025/02/G.1-11.jpg
13900	https://api.ferreterialavalleja.com/wp-content/uploads/2025/02/G.1-12.jpg
13902	https://api.ferreterialavalleja.com/wp-content/uploads/2025/02/G.1-13.jpg
13904	https://api.ferreterialavalleja.com/wp-content/uploads/2025/02/G.1-14.jpg
13906	https://api.ferreterialavalleja.com/wp-content/uploads/2025/02/G.1-15.jpg
13909	https://api.ferreterialavalleja.com/wp-content/uploads/2025/02/D_NQ_NP_793157-MLA80397014570_112024-O.webp
13910	https://api.ferreterialavalleja.com/wp-content/uploads/2025/02/D_NQ_NP_898379-MLA80656550589_112024-O.webp
13911	https://api.ferreterialavalleja.com/wp-content/uploads/2025/02/D_NQ_NP_927588-MLA80656550571_112024-O.webp
13912	https://api.ferreterialavalleja.com/wp-content/uploads/2025/02/D_NQ_NP_842175-MLA80397269216_112024-O.webp
13913	https://api.ferreterialavalleja.com/wp-content/uploads/2025/02/D_NQ_NP_868545-MLA80397229910_112024-O.webp
13914	https://api.ferreterialavalleja.com/wp-content/uploads/2025/02/D_NQ_NP_868545-MLA80397229910_112024-O-1.webp
13916	https://api.ferreterialavalleja.com/wp-content/uploads/2025/02/D_NQ_NP_2X_757021-MLU74706454991_022024-F.webp
13918	https://api.ferreterialavalleja.com/wp-content/uploads/2025/02/D_NQ_NP_750858-MLA80710842139_112024-O.webp
13920	https://api.ferreterialavalleja.com/wp-content/uploads/2025/02/D_NQ_NP_805912-MLA80682869427_112024-O.webp
13922	https://api.ferreterialavalleja.com/wp-content/uploads/2025/02/D_NQ_NP_638899-MLU78094659308_082024-O.webp
13923	https://api.ferreterialavalleja.com/wp-content/uploads/2025/02/D_NQ_NP_659777-MLU69664238513_052023-O.webp
13924	https://api.ferreterialavalleja.com/wp-content/uploads/2025/02/D_NQ_NP_786033-MLU78094640036_082024-O.webp
13926	https://api.ferreterialavalleja.com/wp-content/uploads/2025/02/D_NQ_NP_807750-MLU42175699027_062020-O.webp
13929	https://api.ferreterialavalleja.com/wp-content/uploads/2025/02/cerradura-prive-207.webp
13931	https://api.ferreterialavalleja.com/wp-content/uploads/2025/03/204732.jpg
13933	https://api.ferreterialavalleja.com/wp-content/uploads/2025/03/D_NQ_NP_907132-MLU48065591246_102021-O-1.webp
13935	https://api.ferreterialavalleja.com/wp-content/uploads/2025/03/675.jpg
13938	https://api.ferreterialavalleja.com/wp-content/uploads/2025/03/D_NQ_NP_889114-MLU77053454696_062024-O.webp
13940	https://api.ferreterialavalleja.com/wp-content/uploads/2025/03/D_NQ_NP_823464-MLU47674377111_092021-O.webp
13942	https://api.ferreterialavalleja.com/wp-content/uploads/2025/03/D_NQ_NP_764002-MLU77264726845_062024-O.webp
13944	https://api.ferreterialavalleja.com/wp-content/uploads/2025/03/D_NQ_NP_849167-MLU77053454694_062024-O.webp
13946	https://api.ferreterialavalleja.com/wp-content/uploads/2025/03/D_NQ_NP_836049-MLU54969976168_042023-O.webp
13947	https://api.ferreterialavalleja.com/wp-content/uploads/2025/03/D_NQ_NP_802559-MLU54970624465_042023-O.webp
13948	https://api.ferreterialavalleja.com/wp-content/uploads/2025/03/D_NQ_NP_836049-MLU54969976168_042023-O-1.webp
13950	https://api.ferreterialavalleja.com/wp-content/uploads/2025/03/D_NQ_NP_795390-MLU76966603681_062024-O.webp
13953	https://api.ferreterialavalleja.com/wp-content/uploads/2025/03/productos34_5189.jpg
13956	https://api.ferreterialavalleja.com/wp-content/uploads/2023/06/WB1219.jpg
13957	https://api.ferreterialavalleja.com/wp-content/uploads/2023/06/teflon-15mt.jpg
13958	https://api.ferreterialavalleja.com/wp-content/uploads/2023/06/TEF-H01-1-768x768-1.jpg
13960	https://api.ferreterialavalleja.com/wp-content/uploads/2023/06/D_NQ_NP_954921-MLU51984204601_102022-O.webp
13961	https://api.ferreterialavalleja.com/wp-content/uploads/2023/06/D_NQ_NP_602517-MLU69617662345_052023-O.webp
13963	https://api.ferreterialavalleja.com/wp-content/uploads/2025/03/G.1-16.jpg
13967	https://api.ferreterialavalleja.com/wp-content/uploads/2025/03/D_NQ_NP_797213-MLU82503877046_022025-O.webp
13968	https://api.ferreterialavalleja.com/wp-content/uploads/2025/03/D_NQ_NP_779746-MLU78693068038_092024-O.webp
13970	https://api.ferreterialavalleja.com/wp-content/uploads/2025/03/D_NQ_NP_852576-MLU78045418338_082024-O.webp
13971	https://api.ferreterialavalleja.com/wp-content/uploads/2025/03/D_NQ_NP_734874-MLU78045448426_082024-O.webp
13972	https://api.ferreterialavalleja.com/wp-content/uploads/2025/03/D_NQ_NP_889576-MLU73342433947_122023-O.webp
13974	https://api.ferreterialavalleja.com/wp-content/uploads/2025/03/D_NQ_NP_784615-MLU73884339653_012024-O.webp
13976	https://api.ferreterialavalleja.com/wp-content/uploads/2025/03/D_NQ_NP_793491-MLU80243547487_102024-O.webp
13978	https://api.ferreterialavalleja.com/wp-content/uploads/2025/03/D_NQ_NP_787265-MLU74237246120_022024-O.webp
13980	https://api.ferreterialavalleja.com/wp-content/uploads/2025/03/D_NQ_NP_610381-MLU76669600317_052024-O.webp
13982	https://api.ferreterialavalleja.com/wp-content/uploads/2025/03/D_NQ_NP_943526-MLU71252995455_082023-O.webp
13984	https://api.ferreterialavalleja.com/wp-content/uploads/2025/03/D_NQ_NP_847723-MLU82847475405_032025-O.webp
13985	https://api.ferreterialavalleja.com/wp-content/uploads/2025/03/D_NQ_NP_940940-MLU82847455655_032025-O.webp
13990	https://api.ferreterialavalleja.com/wp-content/uploads/2025/03/2025-03-20-11-04-13-523.png
13992	https://api.ferreterialavalleja.com/wp-content/uploads/2025/03/disco_diamantado_norton_pro_porcelanato_110mm_789_1_90099236a194b0958582016928d8ff4f.webp
13994	https://api.ferreterialavalleja.com/wp-content/uploads/2025/03/alpha-40.jpg
13995	https://api.ferreterialavalleja.com/wp-content/uploads/2025/03/2025-03-20-12-14-33-912.png
13998	https://api.ferreterialavalleja.com/wp-content/uploads/2025/03/2025-03-20-12-15-52-144.png
14002	https://api.ferreterialavalleja.com/wp-content/uploads/2025/03/D_NQ_NP_908647-MLU44462621164_122020-O.webp
14003	https://api.ferreterialavalleja.com/wp-content/uploads/2025/03/Colher-de-Pedreiro.jpg
14004	https://api.ferreterialavalleja.com/wp-content/uploads/2025/03/D_NQ_NP_991466-MLU72530130245_102023-O.webp
14008	https://api.ferreterialavalleja.com/wp-content/uploads/2025/03/D_NQ_NP_816086-MLA75783626569_042024-O.webp
14010	https://api.ferreterialavalleja.com/wp-content/uploads/2025/03/2025-03-20-12-59-21-287.png
14012	https://api.ferreterialavalleja.com/wp-content/uploads/2025/03/109.jpg
14015	https://api.ferreterialavalleja.com/wp-content/uploads/2025/03/productos35_31319.jpg
14016	https://api.ferreterialavalleja.com/wp-content/uploads/2025/03/caja-de-seguridad-metalica-azul-15-x-12-x-8-cm-31320-3.jpg
14017	https://api.ferreterialavalleja.com/wp-content/uploads/2025/03/productos35_31313.jpg
14020	https://api.ferreterialavalleja.com/wp-content/uploads/2025/03/productos35_24767.jpg
14021	https://api.ferreterialavalleja.com/wp-content/uploads/2025/03/productos35_24766.jpg
14024	https://api.ferreterialavalleja.com/wp-content/uploads/2025/03/D_NQ_NP_690360-MLU75896023394_042024-O.webp
14027	https://api.ferreterialavalleja.com/wp-content/uploads/2025/03/D_Q_NP_719601-MLU77087738676_062024-R.webp
14028	https://api.ferreterialavalleja.com/wp-content/uploads/2025/03/D_NQ_NP_641117-MLU77087632556_062024-O.webp
14029	https://api.ferreterialavalleja.com/wp-content/uploads/2025/03/D_Q_NP_876711-MLU77087554252_062024-R.webp
14030	https://api.ferreterialavalleja.com/wp-content/uploads/2025/03/D_NQ_NP_987507-MLU77300176001_062024-O.webp
14032	https://api.ferreterialavalleja.com/wp-content/uploads/2025/03/D_NQ_NP_820868-MLU78774960533_082024-O.webp
14033	https://api.ferreterialavalleja.com/wp-content/uploads/2025/03/D_NQ_NP_654773-MLU72771159511_112023-O.webp
14034	https://api.ferreterialavalleja.com/wp-content/uploads/2025/03/D_NQ_NP_860476-MLU72697380036_112023-O.webp
14035	https://api.ferreterialavalleja.com/wp-content/uploads/2025/03/D_NQ_NP_884667-MLU72697271674_112023-O.webp
14036	https://api.ferreterialavalleja.com/wp-content/uploads/2025/03/D_NQ_NP_890162-MLU72697232092_112023-O.webp
14037	https://api.ferreterialavalleja.com/wp-content/uploads/2025/03/D_NQ_NP_951657-MLU72771179883_112023-O.webp
14038	https://api.ferreterialavalleja.com/wp-content/uploads/2025/03/D_NQ_NP_820868-MLU78774960533_082024-O-1.webp
14040	https://api.ferreterialavalleja.com/wp-content/uploads/2025/03/D_NQ_NP_983099-MLU72091631221_102023-O.webp
14041	https://api.ferreterialavalleja.com/wp-content/uploads/2025/03/D_NQ_NP_684915-MLU72091631219_102023-O.webp
14042	https://api.ferreterialavalleja.com/wp-content/uploads/2025/03/D_NQ_NP_809323-MLU72091631227_102023-O.webp
14043	https://api.ferreterialavalleja.com/wp-content/uploads/2025/03/D_NQ_NP_824506-MLU72091631229_102023-O.webp
14044	https://api.ferreterialavalleja.com/wp-content/uploads/2025/03/D_NQ_NP_785348-MLU72091631217_102023-O.webp
14045	https://api.ferreterialavalleja.com/wp-content/uploads/2025/03/D_NQ_NP_680555-MLU72091631223_102023-O.webp
14047	https://api.ferreterialavalleja.com/wp-content/uploads/2023/12/D_NQ_NP_790827-MLU69541376492_052023-O.webp
14048	https://api.ferreterialavalleja.com/wp-content/uploads/2023/12/D_NQ_NP_982253-MLU69554657813_052023-O.webp
14049	https://api.ferreterialavalleja.com/wp-content/uploads/2023/12/D_NQ_NP_843237-MLU69554688073_052023-O.webp
14050	https://api.ferreterialavalleja.com/wp-content/uploads/2023/12/D_NQ_NP_672458-MLU69554775859_052023-O.webp
14051	https://api.ferreterialavalleja.com/wp-content/uploads/2023/12/D_NQ_NP_760892-MLU69554688069_052023-O.webp
14052	https://api.ferreterialavalleja.com/wp-content/uploads/2023/12/D_NQ_NP_953351-MLU69541376488_052023-O.webp
14053	https://api.ferreterialavalleja.com/wp-content/uploads/2023/12/D_NQ_NP_790827-MLU69541376492_052023-O-1.webp
14055	https://api.ferreterialavalleja.com/wp-content/uploads/2025/03/21358_small.jpg
14056	https://api.ferreterialavalleja.com/wp-content/uploads/2025/03/21358_small-1.jpg
14059	https://api.ferreterialavalleja.com/wp-content/uploads/2025/03/PINCEL-BULIT-2-1.jpg
14062	https://api.ferreterialavalleja.com/wp-content/uploads/2025/03/engrampadora-bulit-dual-300x300-1.jpg
14064	https://api.ferreterialavalleja.com/wp-content/uploads/2025/03/abrochadora-engrampadora-uso-intensivo-bulit-300x300-1.jpg
14066	https://api.ferreterialavalleja.com/wp-content/uploads/2025/03/D_NQ_NP_930451-MLU54547328910_032023-O.webp
14068	https://api.ferreterialavalleja.com/wp-content/uploads/2025/03/5-50E-4-500x500-1.jpg
14071	https://api.ferreterialavalleja.com/wp-content/uploads/2025/03/25799779a021666cb04ab8c34071bde50a6f4306_1024_1024.jpeg
14073	https://api.ferreterialavalleja.com/wp-content/uploads/2025/03/D_NQ_NP_600233-MLU46089522152_052021-O.webp
14075	https://api.ferreterialavalleja.com/wp-content/uploads/2025/03/D_NQ_NP_933829-MLA32710583131_102019-O.webp
14076	https://api.ferreterialavalleja.com/wp-content/uploads/2025/03/D_NQ_NP_727873-MLA46106340422_052021-O.webp
14079	https://api.ferreterialavalleja.com/wp-content/uploads/2025/03/D_NQ_NP_666556-MLA32711141252_102019-O.webp
14082	https://api.ferreterialavalleja.com/wp-content/uploads/2025/03/D_NQ_NP_629367-MLU79285978525_092024-O.webp
14085	https://api.ferreterialavalleja.com/wp-content/uploads/2025/03/D_NQ_NP_613997-MLU70312571316_072023-O.webp
14086	https://api.ferreterialavalleja.com/wp-content/uploads/2025/03/D_NQ_NP_899156-MLU70312571320_072023-O.webp
14087	https://api.ferreterialavalleja.com/wp-content/uploads/2025/03/D_NQ_NP_818686-MLU70335041595_072023-O.webp
14089	https://api.ferreterialavalleja.com/wp-content/uploads/2025/03/D_NQ_NP_818686-MLU70335041595_072023-O-1.webp
14090	https://api.ferreterialavalleja.com/wp-content/uploads/2025/03/D_NQ_NP_899156-MLU70312571320_072023-O-1.webp
14091	https://api.ferreterialavalleja.com/wp-content/uploads/2025/03/D_NQ_NP_613997-MLU70312571316_072023-O-1.webp
14094	https://api.ferreterialavalleja.com/wp-content/uploads/2025/03/6-1-768x768-1.jpg
14095	https://api.ferreterialavalleja.com/wp-content/uploads/2025/03/5-2-768x768-1.jpg
14096	https://api.ferreterialavalleja.com/wp-content/uploads/2025/03/8-1-768x768-1.jpg
14097	https://api.ferreterialavalleja.com/wp-content/uploads/2025/03/9-1-768x768-1.jpg
14098	https://api.ferreterialavalleja.com/wp-content/uploads/2025/03/1-1-768x768-1.jpg
14099	https://api.ferreterialavalleja.com/wp-content/uploads/2025/03/2-4.jpg
14102	https://api.ferreterialavalleja.com/wp-content/uploads/2025/03/3-3.jpg
14106	https://api.ferreterialavalleja.com/wp-content/uploads/2023/12/1-7-768x768-1.jpg
14107	https://api.ferreterialavalleja.com/wp-content/uploads/2023/12/1-7-768x768-2.jpg
14108	https://api.ferreterialavalleja.com/wp-content/uploads/2023/12/4-9-768x768-1.jpg
14109	https://api.ferreterialavalleja.com/wp-content/uploads/2023/12/5-6-768x768-1.jpg
14110	https://api.ferreterialavalleja.com/wp-content/uploads/2023/12/6-4-768x768-1.jpg
14111	https://api.ferreterialavalleja.com/wp-content/uploads/2023/12/1-1-768x768-1.jpg
14112	https://api.ferreterialavalleja.com/wp-content/uploads/2023/12/3-13.jpg
14118	https://api.ferreterialavalleja.com/wp-content/uploads/2025/03/2-8-768x768-1.jpg
14119	https://api.ferreterialavalleja.com/wp-content/uploads/2025/03/1.PUNTA-CURVA-8-PULGADAS-SERIE-600-768x768-1.jpg
14120	https://api.ferreterialavalleja.com/wp-content/uploads/2025/03/2-8-768x768-2.jpg
14124	https://api.ferreterialavalleja.com/wp-content/uploads/2025/03/1.PUNTA-PLANA-6-PULGADAS-SERIE-600-768x768-1.jpg
14126	https://api.ferreterialavalleja.com/wp-content/uploads/2025/03/1.PUNTA-REDONDA-6-PULGADAS-SERIE-600-768x768-1.jpg
14129	https://api.ferreterialavalleja.com/wp-content/uploads/2025/03/1.PUNTA-SEMI-REDONDA-6-PULGADAS-SERIE-600-768x768-1.jpg
14132	https://api.ferreterialavalleja.com/wp-content/uploads/2025/03/3-Armador-corte-completo-1.jpg
14135	https://api.ferreterialavalleja.com/wp-content/uploads/2025/03/3-Armador-corte-completo.jpg
14136	https://api.ferreterialavalleja.com/wp-content/uploads/2025/03/4-Armador-medio-corte-1.jpg
14139	https://api.ferreterialavalleja.com/wp-content/uploads/2025/03/2-CARPINTERO.jpg
14140	https://api.ferreterialavalleja.com/wp-content/uploads/2025/03/5-5-768x771-1.jpg
14143	https://api.ferreterialavalleja.com/wp-content/uploads/2025/04/X_na2486995.png
14146	https://api.ferreterialavalleja.com/wp-content/uploads/2025/04/OIP-60.jpeg
14149	https://api.ferreterialavalleja.com/wp-content/uploads/2025/04/D_NQ_NP_860657-MLU82219145534_022025-O.webp
14152	https://api.ferreterialavalleja.com/wp-content/uploads/2025/04/D_NQ_NP_2X_969056-MLU72529597387_102023-F.webp
14155	https://api.ferreterialavalleja.com/wp-content/uploads/2025/04/D_NQ_NP_884389-MLU70335813594_072023-O.webp
14156	https://api.ferreterialavalleja.com/wp-content/uploads/2025/04/D_NQ_NP_849705-MLU70360570781_072023-O.webp
14157	https://api.ferreterialavalleja.com/wp-content/uploads/2025/04/D_NQ_NP_984367-MLU70335813590_072023-O.webp
14158	https://api.ferreterialavalleja.com/wp-content/uploads/2025/04/D_NQ_NP_754526-MLU70335813592_072023-O.webp
14159	https://api.ferreterialavalleja.com/wp-content/uploads/2025/04/D_NQ_NP_707150-MLU70360570783_072023-O.webp
14160	https://api.ferreterialavalleja.com/wp-content/uploads/2025/04/D_NQ_NP_707150-MLU70360570783_072023-O-1.webp
14163	https://api.ferreterialavalleja.com/wp-content/uploads/2025/04/D_NQ_NP_735728-MLU75322765197_032024-O.webp
14164	https://api.ferreterialavalleja.com/wp-content/uploads/2025/04/D_NQ_NP_976955-MLU75322775249_032024-O.webp
14166	https://api.ferreterialavalleja.com/wp-content/uploads/2025/04/D_NQ_NP_710546-MLA74075246486_012024-O.webp
14167	https://api.ferreterialavalleja.com/wp-content/uploads/2025/04/D_NQ_NP_912233-MLA47047295607_082021-O.webp
14169	https://api.ferreterialavalleja.com/wp-content/uploads/2025/04/D_NQ_NP_2X_924677-MLU82715025209_022025-F.webp
14170	https://api.ferreterialavalleja.com/wp-content/uploads/2025/04/D_NQ_NP_637396-MLU82429331116_022025-O.webp
14171	https://api.ferreterialavalleja.com/wp-content/uploads/2025/04/D_NQ_NP_634209-MLU82429449758_022025-O.webp
14172	https://api.ferreterialavalleja.com/wp-content/uploads/2025/04/D_NQ_NP_2X_607864-MLU82714955737_022025-F.webp
14173	https://api.ferreterialavalleja.com/wp-content/uploads/2023/06/D_NQ_NP_710546-MLA74075246486_012024-O.webp
14176	https://api.ferreterialavalleja.com/wp-content/uploads/2025/04/D_NQ_NP_753020-MLU72980275822_112023-O.webp
14177	https://api.ferreterialavalleja.com/wp-content/uploads/2025/04/D_NQ_NP_795570-MLU73060835091_112023-O.webp
14178	https://api.ferreterialavalleja.com/wp-content/uploads/2025/04/D_NQ_NP_671244-MLU73060531271_112023-O-1.webp
14184	https://api.ferreterialavalleja.com/wp-content/uploads/2025/04/D_NQ_NP_889839-MLU78665897658_092024-O.webp
14185	https://api.ferreterialavalleja.com/wp-content/uploads/2025/04/D_NQ_NP_626372-MLU78665986226_092024-O.webp
14186	https://api.ferreterialavalleja.com/wp-content/uploads/2025/04/D_NQ_NP_702640-MLU78665897654_092024-O.webp
14188	https://api.ferreterialavalleja.com/wp-content/uploads/2025/04/negro_0.jpg
14190	https://api.ferreterialavalleja.com/wp-content/uploads/2025/04/negros_0.jpg
14193	https://api.ferreterialavalleja.com/wp-content/uploads/2025/04/blanco_1.jpg
14196	https://api.ferreterialavalleja.com/wp-content/uploads/2025/04/blanco_0.jpg
14198	https://api.ferreterialavalleja.com/wp-content/uploads/2025/04/D_NQ_NP_881597-MLU74624231161_022024-O.webp
14200	https://api.ferreterialavalleja.com/wp-content/uploads/2025/04/marrron.jpg
14202	https://api.ferreterialavalleja.com/wp-content/uploads/2025/04/GRIS-ANTI.jpg
14203	https://api.ferreterialavalleja.com/wp-content/uploads/2025/04/oxi.jpg
14205	https://api.ferreterialavalleja.com/wp-content/uploads/2025/04/gris_3.jpg
14206	https://api.ferreterialavalleja.com/wp-content/uploads/2023/09/GRIS-ANTI.jpg
14209	https://api.ferreterialavalleja.com/wp-content/uploads/2025/04/2025-04-05-10-02-11-622.png
14210	https://api.ferreterialavalleja.com/wp-content/uploads/2025/04/2025-04-05-11-09-05-592.png
14214	https://api.ferreterialavalleja.com/wp-content/uploads/2025/04/D_NQ_NP_783785-MLU81670689945_122024-O.webp
14216	https://api.ferreterialavalleja.com/wp-content/uploads/2025/04/D_NQ_NP_647010-MLU69444638239_052023-O.webp
14218	https://api.ferreterialavalleja.com/wp-content/uploads/2025/04/D_NQ_NP_776138-MLU48708408458_122021-O.webp
14221	https://api.ferreterialavalleja.com/wp-content/uploads/2025/04/D_NQ_NP_601906-MLU83554918611_042025-O.webp
14223	https://api.ferreterialavalleja.com/wp-content/uploads/2025/04/D_NQ_NP_873072-MLU83263308712_042025-O.webp
14225	https://api.ferreterialavalleja.com/wp-content/uploads/2025/04/D_NQ_NP_867748-MLU32027206705_082019-O.webp
14226	https://api.ferreterialavalleja.com/wp-content/uploads/2025/04/D_Q_NP_646815-MLU82496012969_022025-R.webp
14229	https://api.ferreterialavalleja.com/wp-content/uploads/2025/04/package2-1.jpg
14230	https://api.ferreterialavalleja.com/wp-content/uploads/2025/04/D_NQ_NP_742545-MLU82799005476_032025-O.webp
14231	https://api.ferreterialavalleja.com/wp-content/uploads/2025/04/D_NQ_NP_898593-MLU83086594201_032025-O.webp
14232	https://api.ferreterialavalleja.com/wp-content/uploads/2025/04/D_NQ_NP_666085-MLU74698222812_022024-O.webp
14233	https://api.ferreterialavalleja.com/wp-content/uploads/2025/04/D_NQ_NP_854975-MLU83086702357_032025-O.webp
14234	https://api.ferreterialavalleja.com/wp-content/uploads/2025/04/D_NQ_NP_917707-MLU83086875097_032025-O.webp
14236	https://api.ferreterialavalleja.com/wp-content/uploads/2025/04/fb875a86683ef6415f9b081ae4f615bd.webp
14238	https://api.ferreterialavalleja.com/wp-content/uploads/2025/04/0001354_guantes-lavoro-palma-reforzada-mecanico-12-unidades-ynter_580.jpeg
14247	https://api.ferreterialavalleja.com/wp-content/uploads/2025/04/D_NQ_NP_728216-MLU49689578400_042022-O.webp
14253	https://api.ferreterialavalleja.com/wp-content/uploads/2023/06/Nylon-con-cinta-1.jpg
14254	https://api.ferreterialavalleja.com/wp-content/uploads/2023/06/46.png
14255	https://api.ferreterialavalleja.com/wp-content/uploads/2023/06/Nylon-con-cinta-2-1.jpg
14257	https://api.ferreterialavalleja.com/wp-content/uploads/2025/04/D_NQ_NP_696254-MLU78731395133_082024-O.webp
14258	https://api.ferreterialavalleja.com/wp-content/uploads/2025/04/D_NQ_NP_905635-MLU78498117562_082024-O.webp
14260	https://api.ferreterialavalleja.com/wp-content/uploads/2025/04/4_Vaselina-Sขlida-440g.png
14263	https://api.ferreterialavalleja.com/wp-content/uploads/2025/04/productos35_33502.jpg
14264	https://api.ferreterialavalleja.com/wp-content/uploads/2025/04/productos35_33500.jpg
14265	https://api.ferreterialavalleja.com/wp-content/uploads/2025/04/productos3_33501.jpg
14268	https://api.ferreterialavalleja.com/wp-content/uploads/2025/04/2025-04-21-13-25-05-090.png
14269	https://api.ferreterialavalleja.com/wp-content/uploads/2025/04/2025-04-21-13-26-25-628.png
14272	https://api.ferreterialavalleja.com/wp-content/uploads/2025/04/2025-04-21-13-27-51-209.png
14273	https://api.ferreterialavalleja.com/wp-content/uploads/2025/04/2025-04-21-13-23-40-326.png
14274	https://api.ferreterialavalleja.com/wp-content/uploads/2025/04/2025-04-21-13-29-25-934.png
14275	https://api.ferreterialavalleja.com/wp-content/uploads/2025/04/D_NQ_NP_882248-MLA82558049743_022025-O.webp
14276	https://api.ferreterialavalleja.com/wp-content/uploads/2025/04/D_NQ_NP_836224-MLA82557984551_022025-O.webp
14277	https://api.ferreterialavalleja.com/wp-content/uploads/2025/04/D_NQ_NP_735216-MLA82273871532_022025-O.webp
14280	https://api.ferreterialavalleja.com/wp-content/uploads/2025/04/D_NQ_NP_933020-MLU69238708046_052023-O.webp
14281	https://api.ferreterialavalleja.com/wp-content/uploads/2025/04/D_NQ_NP_856340-MLU69238728512_052023-O.webp
14282	https://api.ferreterialavalleja.com/wp-content/uploads/2025/04/D_NQ_NP_906417-MLU69238728516_052023-O.webp
14283	https://api.ferreterialavalleja.com/wp-content/uploads/2025/04/D_NQ_NP_767103-MLU69238591166_052023-O.webp
14285	https://api.ferreterialavalleja.com/wp-content/uploads/2025/04/D_NQ_NP_854606-MLU78456324324_082024-O.webp
14286	https://api.ferreterialavalleja.com/wp-content/uploads/2025/04/DTM413.webp
14288	https://api.ferreterialavalleja.com/wp-content/uploads/2025/04/D_NQ_NP_2X_787370-MLU53359426655_012023-F.webp
14289	https://api.ferreterialavalleja.com/wp-content/uploads/2025/04/D_NQ_NP_975718-MLU53359449577_012023-O.webp
14296	https://api.ferreterialavalleja.com/wp-content/uploads/2025/04/D_NQ_NP_744667-MLU77323925226_072024-O.webp
14298	https://api.ferreterialavalleja.com/wp-content/uploads/2025/04/D_NQ_NP_2X_904722-MLU54722024077_032023-F.webp
14299	https://api.ferreterialavalleja.com/wp-content/uploads/2025/04/D_NQ_NP_730957-MLU54722024081_032023-O.webp
14301	https://api.ferreterialavalleja.com/wp-content/uploads/2025/04/D_NQ_NP_722306-MLU71952488807_092023-O.webp
14302	https://api.ferreterialavalleja.com/wp-content/uploads/2025/04/D_NQ_NP_812244-MLU75106094181_032024-O.webp
14304	https://api.ferreterialavalleja.com/wp-content/uploads/2025/04/D_NQ_NP_699400-MLU27199703591_042018-O.webp
14305	https://api.ferreterialavalleja.com/wp-content/uploads/2025/04/D_NQ_NP_777923-MLU72090444990_102023-O.webp
14306	https://api.ferreterialavalleja.com/wp-content/uploads/2025/04/D_NQ_NP_722306-MLU71952488807_092023-O-1.webp
14307	https://api.ferreterialavalleja.com/wp-content/uploads/2025/04/D_NQ_NP_916106-MLU31244294376_062019-O.webp
14310	https://api.ferreterialavalleja.com/wp-content/uploads/2025/04/D_NQ_NP_974700-MLA53424792274_012023-O.webp
14311	https://api.ferreterialavalleja.com/wp-content/uploads/2025/04/4-12-768x768-1.jpg
14312	https://api.ferreterialavalleja.com/wp-content/uploads/2025/04/2-12.jpg
14313	https://api.ferreterialavalleja.com/wp-content/uploads/2025/04/1-12.jpg
14314	https://api.ferreterialavalleja.com/wp-content/uploads/2025/04/1-12-1.jpg
14315	https://api.ferreterialavalleja.com/wp-content/uploads/2025/04/3-12-768x768-1.jpg
14316	https://api.ferreterialavalleja.com/wp-content/uploads/2023/06/D_NQ_NP_990983-MLU69106759405_042023-O.webp
14317	https://api.ferreterialavalleja.com/wp-content/uploads/2023/06/D_NQ_NP_814705-MLU69106759403_042023-O.webp
14318	https://api.ferreterialavalleja.com/wp-content/uploads/2023/06/D_NQ_NP_774293-MLU73704824468_012024-O.webp
14319	https://api.ferreterialavalleja.com/wp-content/uploads/2023/06/D_NQ_NP_968208-MLU69106600635_042023-O.webp
14320	https://api.ferreterialavalleja.com/wp-content/uploads/2023/06/D_NQ_NP_741819-MLU74154707259_012024-O.webp
14322	https://api.ferreterialavalleja.com/wp-content/uploads/2025/04/D_NQ_NP_878377-MLU78204858303_082024-O.webp
14323	https://api.ferreterialavalleja.com/wp-content/uploads/2025/04/D_NQ_NP_913869-MLU75521609982_042024-O.webp
14324	https://api.ferreterialavalleja.com/wp-content/uploads/2025/04/D_NQ_NP_948091-MLU78204474707_082024-O.webp
14325	https://api.ferreterialavalleja.com/wp-content/uploads/2025/04/D_NQ_NP_840321-MLU78204858331_082024-O.webp
14326	https://api.ferreterialavalleja.com/wp-content/uploads/2025/04/D_NQ_NP_627035-MLU78204474643_082024-O.webp
14329	https://api.ferreterialavalleja.com/wp-content/uploads/2025/04/D_NQ_NP_784994-MLU78276572289_082024-O.webp
14334	https://api.ferreterialavalleja.com/wp-content/uploads/2025/04/G.1-17.jpg
14337	https://api.ferreterialavalleja.com/wp-content/uploads/2025/04/D_NQ_NP_663262-MLU71397989341_082023-O.webp
14338	https://api.ferreterialavalleja.com/wp-content/uploads/2025/04/D_NQ_NP_924982-MLU71398059071_082023-O.webp
14339	https://api.ferreterialavalleja.com/wp-content/uploads/2025/04/D_NQ_NP_933429-MLU71354344566_082023-O.webp
14340	https://api.ferreterialavalleja.com/wp-content/uploads/2025/04/D_NQ_NP_850013-MLU71397952821_082023-O.webp
14341	https://api.ferreterialavalleja.com/wp-content/uploads/2025/04/D_NQ_NP_622620-MLU77839239239_072024-O.webp
14342	https://api.ferreterialavalleja.com/wp-content/uploads/2025/04/D_NQ_NP_972517-MLU71354391420_082023-O.webp
14351	https://api.ferreterialavalleja.com/wp-content/uploads/2025/04/D_NQ_NP_787070-MLU50876208689_072022-O.webp
14353	https://api.ferreterialavalleja.com/wp-content/uploads/2025/04/R-9.jpeg
14355	https://api.ferreterialavalleja.com/wp-content/uploads/2025/05/D_NQ_NP_682705-MLU77766440297_072024-O.webp
14356	https://api.ferreterialavalleja.com/wp-content/uploads/2025/05/D_NQ_NP_976906-MLU50996377896_082022-O.webp
14357	https://api.ferreterialavalleja.com/wp-content/uploads/2025/05/D_NQ_NP_682705-MLU77766440297_072024-O-1.webp
14358	https://api.ferreterialavalleja.com/wp-content/uploads/2025/05/D_NQ_NP_917900-MLU77766725393_072024-O.webp
14361	https://api.ferreterialavalleja.com/wp-content/uploads/2025/05/D_NQ_NP_979362-MLC50960237546_082022-O.webp
14363	https://api.ferreterialavalleja.com/wp-content/uploads/2025/05/129549.png
14367	https://api.ferreterialavalleja.com/wp-content/uploads/2025/05/D_NQ_NP_813060-MLU71414163523_082023-O.webp
14368	https://api.ferreterialavalleja.com/wp-content/uploads/2025/05/D_NQ_NP_830615-MLU42573961702_072020-O.webp
14369	https://api.ferreterialavalleja.com/wp-content/uploads/2025/05/D_NQ_NP_957202-MLU71414064667_082023-O.webp
14370	https://api.ferreterialavalleja.com/wp-content/uploads/2025/05/nivel-aluminio-100cm-nivel-aluminio-100cm-1.webp
14372	https://api.ferreterialavalleja.com/wp-content/uploads/2025/05/864b9e435b47a0f33ebee0e630c7e1ce.webp
14375	https://api.ferreterialavalleja.com/wp-content/uploads/2025/05/D_NQ_NP_866253-MLA82618118221_022025-O.webp
14378	https://api.ferreterialavalleja.com/wp-content/uploads/2025/05/OIP-61.jpeg
14379	https://api.ferreterialavalleja.com/wp-content/uploads/2025/05/D_NQ_NP_905003-MLU73801802769_012024-O.webp
14382	https://api.ferreterialavalleja.com/wp-content/uploads/2025/05/D_NQ_NP_759311-MLU83013502487_032025-O.webp
14384	https://api.ferreterialavalleja.com/wp-content/uploads/2025/05/5-3.jpg
14386	https://api.ferreterialavalleja.com/wp-content/uploads/2025/05/D_NQ_NP_952016-MLU50058472132_052022-O.webp
14388	https://api.ferreterialavalleja.com/wp-content/uploads/2025/05/425.webp
14390	https://api.ferreterialavalleja.com/wp-content/uploads/2025/05/D_NQ_NP_2X_630514-MLU28003107224_082018-F.jpg
14392	https://api.ferreterialavalleja.com/wp-content/uploads/2025/05/550x619.jpg
14394	https://api.ferreterialavalleja.com/wp-content/uploads/2025/05/40mm-laminated-coated-padlock.png
14396	https://api.ferreterialavalleja.com/wp-content/uploads/2025/05/2025-05-24-10-35-22-356.png
14398	https://api.ferreterialavalleja.com/wp-content/uploads/2025/05/00260o_web.jpg
14400	https://api.ferreterialavalleja.com/wp-content/uploads/2025/05/2025-05-24-10-42-44-052.png
14402	https://api.ferreterialavalleja.com/wp-content/uploads/2025/05/D_NQ_NP_748081-MLU31370167836_072019-O.webp
14404	https://api.ferreterialavalleja.com/wp-content/uploads/2025/05/D_NQ_NP_870610-MLU73930532782_012024-O-1.webp
14406	https://api.ferreterialavalleja.com/wp-content/uploads/2025/05/D_NQ_NP_809179-MLU41851899887_052020-O-1.webp
14410	https://api.ferreterialavalleja.com/wp-content/uploads/2023/07/D_NQ_NP_728631-MLU76305217943_052024-O.webp
14411	https://api.ferreterialavalleja.com/wp-content/uploads/2025/05/hoja-sierra-calar-starrett-bu418-5-multiaplicacion.webp
14415	https://api.ferreterialavalleja.com/wp-content/uploads/2025/06/D_NQ_NP_996603-MLU84078232957_042025-O.webp
14416	https://api.ferreterialavalleja.com/wp-content/uploads/2025/06/D_NQ_NP_694458-MLU84078546649_042025-O.webp
14417	https://api.ferreterialavalleja.com/wp-content/uploads/2025/06/D_NQ_NP_979462-MLU83784251082_042025-O.webp
14418	https://api.ferreterialavalleja.com/wp-content/uploads/2025/06/D_NQ_NP_923234-MLU83784555728_042025-O.webp
14419	https://api.ferreterialavalleja.com/wp-content/uploads/2025/06/D_NQ_NP_878351-MLU84078379329_042025-O.webp
14421	https://api.ferreterialavalleja.com/wp-content/uploads/2025/06/D_NQ_NP_880437-MLU83819228201_042025-O.webp
14422	https://api.ferreterialavalleja.com/wp-content/uploads/2025/06/D_NQ_NP_817914-MLU83819228199_042025-O.webp
14424	https://api.ferreterialavalleja.com/wp-content/uploads/2025/06/D_NQ_NP_635059-MLA80170446956_112024-O.webp
14426	https://api.ferreterialavalleja.com/wp-content/uploads/2025/06/D_NQ_NP_659753-MLA84476711209_052025-O.webp
14427	https://api.ferreterialavalleja.com/wp-content/uploads/2025/06/D_NQ_NP_2X_780732-MLU73811908899_012024-F.webp
14429	https://api.ferreterialavalleja.com/wp-content/uploads/2025/06/D_NQ_NP_608434-MLU78204707745_082024-O.webp
14431	https://api.ferreterialavalleja.com/wp-content/uploads/2025/06/D_NQ_NP_922463-MLU78777856694_092024-O.webp
14432	https://api.ferreterialavalleja.com/wp-content/uploads/2025/06/D_NQ_NP_615218-MLU79013941099_092024-O.webp
14433	https://api.ferreterialavalleja.com/wp-content/uploads/2025/06/D_NQ_NP_763305-MLU79013783105_092024-O.webp
14434	https://api.ferreterialavalleja.com/wp-content/uploads/2025/06/D_NQ_NP_941775-MLU79013783099_092024-O.webp
14435	https://api.ferreterialavalleja.com/wp-content/uploads/2025/06/D_NQ_NP_692670-MLA84405049360_052025-O.webp
14437	https://api.ferreterialavalleja.com/wp-content/uploads/2025/06/D_NQ_NP_969473-MLU70337590009_072023-O.webp
14439	https://api.ferreterialavalleja.com/wp-content/uploads/2025/06/set-de-2-puntas-atornillador-de-impacto-phillips-ph2-5cm-set-de-2-puntas-atornillador-de-impacto-phillips-ph2-5cm.webp
14441	https://api.ferreterialavalleja.com/wp-content/uploads/2025/06/antiparras-de-seguridad-transparentes-antiparras-de-seguridad-transparentes.webp
14443	https://api.ferreterialavalleja.com/wp-content/uploads/2025/07/D_NQ_NP_975898-MLU85663595312_062025-O.webp
14446	https://api.ferreterialavalleja.com/wp-content/uploads/2025/07/D_NQ_NP_948598-MLU85973668947_062025-O.webp
14450	https://api.ferreterialavalleja.com/wp-content/uploads/2025/07/D_NQ_NP_798676-MLU81531504681_122024-O.webp
14451	https://api.ferreterialavalleja.com/wp-content/uploads/2025/07/D_NQ_NP_773843-MLU73507592572_122023-O.webp
14455	https://api.ferreterialavalleja.com/wp-content/uploads/2025/07/M.1.png
14458	https://api.ferreterialavalleja.com/wp-content/uploads/2025/07/D_NQ_NP_857590-MLU74396313676_022024-O.webp
14460	https://api.ferreterialavalleja.com/wp-content/uploads/2025/07/G.1.png
14462	https://api.ferreterialavalleja.com/wp-content/uploads/2025/07/D_NQ_NP_915780-MLU78733374783_082024-O.webp
14463	https://api.ferreterialavalleja.com/wp-content/uploads/2025/07/D_NQ_NP_976665-MLU78733345055_082024-O.webp
14464	https://api.ferreterialavalleja.com/wp-content/uploads/2025/07/D_NQ_NP_649236-MLU78733354955_082024-O.webp
14466	https://api.ferreterialavalleja.com/wp-content/uploads/2025/07/D_NQ_NP_664099-MLU78734050293_082024-O.webp
14470	https://api.ferreterialavalleja.com/wp-content/uploads/2025/07/D_NQ_NP_962380-MLU74273545874_022024-O.webp
14472	https://api.ferreterialavalleja.com/wp-content/uploads/2025/07/D_NQ_NP_919433-MLU75465497314_042024-O.webp
14473	https://api.ferreterialavalleja.com/wp-content/uploads/2025/07/D_NQ_NP_680603-MLU79146962265_092024-O.webp
14477	https://api.ferreterialavalleja.com/wp-content/uploads/2025/07/27106_1.jpg
14479	https://api.ferreterialavalleja.com/wp-content/uploads/2025/08/44818115PDM001G-1.jpg
14481	https://api.ferreterialavalleja.com/wp-content/uploads/2025/08/6-22.jpg
14482	https://api.ferreterialavalleja.com/wp-content/uploads/2025/08/disco-diamantado-115mm-serie-80-segmentado-box.jpg
14486	https://api.ferreterialavalleja.com/wp-content/uploads/2025/08/D_NQ_NP_644478-MLA43844398565_102020-O.webp
14487	https://api.ferreterialavalleja.com/wp-content/uploads/2025/08/11-5.jpg
14490	https://api.ferreterialavalleja.com/wp-content/uploads/2025/08/2025-08-12-09-12-19-584.png
14493	https://api.ferreterialavalleja.com/wp-content/uploads/2025/08/D_NQ_NP_801709-MLU71963814458_092023-O.webp
14498	https://api.ferreterialavalleja.com/wp-content/uploads/2025/08/tubo-termocontraible-blanco-14-7mm-s-adhesivo-cf3331.webp
14502	https://api.ferreterialavalleja.com/wp-content/uploads/2025/08/MANGUERA-FLEXIBLE-DE-UNA-1200x800-1.jpg
14503	https://api.ferreterialavalleja.com/wp-content/uploads/2025/01/D_NQ_NP_678796-MLU86206104444_062025-O.webp
14506	https://api.ferreterialavalleja.com/wp-content/uploads/2025/08/LINTERNA_1_LED_ALUMINIO_1_WATT_3_PILAS_AAA__CON_ZOOM_3.jpg
14509	https://api.ferreterialavalleja.com/wp-content/uploads/2025/08/D_NQ_NP_958450-MLA80083417566_102024-O.webp
14510	https://api.ferreterialavalleja.com/wp-content/uploads/2025/08/D_NQ_NP_778333-MLU50851657630_072022-O.webp
14511	https://api.ferreterialavalleja.com/wp-content/uploads/2025/08/D_NQ_NP_697604-MLU50851670447_072022-O.webp
14513	https://api.ferreterialavalleja.com/wp-content/uploads/2025/08/D_NQ_NP_869295-MLU75836831228_042024-O.webp
14516	https://api.ferreterialavalleja.com/wp-content/uploads/2023/07/D_NQ_NP_888949-MLU83715884517_042025-O.webp
14518	https://api.ferreterialavalleja.com/wp-content/uploads/2025/08/D_NQ_NP_888949-MLU83715884517_042025-O.webp
14520	https://api.ferreterialavalleja.com/wp-content/uploads/2025/08/D_NQ_NP_888949-MLU83715884517_042025-O-1.webp
14522	https://api.ferreterialavalleja.com/wp-content/uploads/2025/08/12.jpg
14523	https://api.ferreterialavalleja.com/wp-content/uploads/2023/07/c30344af9de0e427916bfa34f9685c75.webp
14524	https://api.ferreterialavalleja.com/wp-content/uploads/2025/03/2025-08-30-09-46-06-350.png
14531	https://api.ferreterialavalleja.com/wp-content/uploads/2025/09/D_NQ_NP_963531-MLU91044618095_082025-O.webp
14533	https://api.ferreterialavalleja.com/wp-content/uploads/2025/09/D_NQ_NP_886679-MLU79990011409_102024-O.webp
14535	https://api.ferreterialavalleja.com/wp-content/uploads/2025/09/D_NQ_NP_804894-MLU79989932583_102024-O.webp
14538	https://api.ferreterialavalleja.com/wp-content/uploads/2025/09/D_NQ_NP_796762-MLU84213261784_052025-O.webp
14540	https://api.ferreterialavalleja.com/wp-content/uploads/2025/09/59571128_2.jpg
14543	https://api.ferreterialavalleja.com/wp-content/uploads/2025/09/e2881617-9932-4fb3-85d0-c2b6ea210678_1.1195a1a6538083ae704f77e7dc5ed153.webp
14544	https://api.ferreterialavalleja.com/wp-content/uploads/2025/09/D_NQ_NP_822827-MLU84213330396_052025-O.webp
14545	https://api.ferreterialavalleja.com/wp-content/uploads/2025/09/R-12.jpeg
14547	https://api.ferreterialavalleja.com/wp-content/uploads/2025/09/Imagen-de-WhatsApp-2024-01-09-a-las-09.07.45_c3440383-PhotoRoom.jpg
14548	https://api.ferreterialavalleja.com/wp-content/uploads/2025/09/D_NQ_NP_702311-MLU76557520676_052024-O.webp
14550	https://api.ferreterialavalleja.com/wp-content/uploads/2025/09/D_NQ_NP_738577-MLU79510887421_092024-O.webp
14551	https://api.ferreterialavalleja.com/wp-content/uploads/2025/09/D_NQ_NP_997373-MLU79510887481_092024-O.webp
14553	https://api.ferreterialavalleja.com/wp-content/uploads/2025/09/toke-2g-1.webp
14556	https://api.ferreterialavalleja.com/wp-content/uploads/2025/09/D_NQ_NP_920320-MLU76306532785_052024-O.webp
14557	https://api.ferreterialavalleja.com/wp-content/uploads/2025/09/D_NQ_NP_678233-MLA83019108559_032025-O.webp
14558	https://api.ferreterialavalleja.com/wp-content/uploads/2025/09/D_NQ_NP_633654-MLA83019108557_032025-O.webp
14560	https://api.ferreterialavalleja.com/wp-content/uploads/2025/09/700-11-rmmcia-grifo-llenado-cisterna-wc-flushing-system-robinet-flotteur-lateral-plastico-plastic-plastique-mar2017.jpg
14561	https://api.ferreterialavalleja.com/wp-content/uploads/2025/09/D_NQ_NP_689316-MLU83176996301_032025-O.webp
14562	https://api.ferreterialavalleja.com/wp-content/uploads/2025/09/D_NQ_NP_748671-MLU82887984564_032025-O.webp
14566	https://api.ferreterialavalleja.com/wp-content/uploads/2025/09/D_NQ_NP_861054-MLU76350315598_052024-O.webp
14568	https://api.ferreterialavalleja.com/wp-content/uploads/2025/09/llana-dentada-10x10-inox-63710-ferrotech-herramienta-maquinaria-constru-llanas-y-rascadores-segundo-priego-s-a-art.jpg
14570	https://api.ferreterialavalleja.com/wp-content/uploads/2025/09/Timbre-inteligente-LUCKARM-1.jpg
14572	https://api.ferreterialavalleja.com/wp-content/uploads/2023/07/OIP-8.webp
14576	https://api.ferreterialavalleja.com/wp-content/uploads/2025/09/D_NQ_NP_709942-MLU51362842885_082022-O.webp
14577	https://api.ferreterialavalleja.com/wp-content/uploads/2025/09/D_NQ_NP_723992-MLU78226572107_082024-O.webp
14578	https://api.ferreterialavalleja.com/wp-content/uploads/2025/09/D_NQ_NP_724302-MLU83016997409_032025-O.webp
14579	https://api.ferreterialavalleja.com/wp-content/uploads/2025/09/D_NQ_NP_723992-MLU78226572107_082024-O-1.webp
14582	https://api.ferreterialavalleja.com/wp-content/uploads/2025/09/D_NQ_NP_914621-MLU49656156602_042022-O.webp
14586	https://api.ferreterialavalleja.com/wp-content/uploads/2025/09/D_NQ_NP_711646-MLA92701741929_092025-O-1.webp
14587	https://api.ferreterialavalleja.com/wp-content/uploads/2025/09/D_NQ_NP_743780-MLA92294629272_092025-O.webp
14588	https://api.ferreterialavalleja.com/wp-content/uploads/2025/09/D_NQ_NP_954221-MLA92701683683_092025-O.webp
14589	https://api.ferreterialavalleja.com/wp-content/uploads/2025/09/D_NQ_NP_954221-MLA92701683683_092025-O-1.webp
14592	https://api.ferreterialavalleja.com/wp-content/uploads/2025/09/D_NQ_NP_640008-MLA90586376213_082025-O-1.webp
14593	https://api.ferreterialavalleja.com/wp-content/uploads/2025/09/D_NQ_NP_697096-MLA90203296010_082025-O-1.webp
14594	https://api.ferreterialavalleja.com/wp-content/uploads/2025/09/D_NQ_NP_809316-MLA90203167522_082025-O.webp
14595	https://api.ferreterialavalleja.com/wp-content/uploads/2025/09/D_NQ_NP_723535-MLA90203068930_082025-O-1.webp
14596	https://api.ferreterialavalleja.com/wp-content/uploads/2025/09/D_NQ_NP_854315-MLU70825792287_082023-O.webp
14597	https://api.ferreterialavalleja.com/wp-content/uploads/2025/09/D_NQ_NP_640008-MLA90586376213_082025-O.webp
14599	https://api.ferreterialavalleja.com/wp-content/uploads/2025/09/D_NQ_NP_614230-MLU70396218886_072023-O.webp
14600	https://api.ferreterialavalleja.com/wp-content/uploads/2025/09/D_NQ_NP_723535-MLA90203068930_082025-O-1-1.webp
14601	https://api.ferreterialavalleja.com/wp-content/uploads/2025/09/D_NQ_NP_943133-MLU70396435588_072023-O.webp
14602	https://api.ferreterialavalleja.com/wp-content/uploads/2025/09/D_NQ_NP_891586-MLU79263964301_092024-O.webp
14604	https://api.ferreterialavalleja.com/wp-content/uploads/2025/09/D_NQ_NP_662173-MLU78675937863_082024-O.webp
14605	https://api.ferreterialavalleja.com/wp-content/uploads/2025/09/D_NQ_NP_665037-MLU78444196648_082024-O.webp
14606	https://api.ferreterialavalleja.com/wp-content/uploads/2025/09/D_NQ_NP_978380-MLU74021436752_012024-O-1.webp
14607	https://api.ferreterialavalleja.com/wp-content/uploads/2025/09/D_NQ_NP_665037-MLU78444196648_082024-O-1.webp
14609	https://api.ferreterialavalleja.com/wp-content/uploads/2025/09/D_NQ_NP_622114-MLA84328487242_052025-O.webp
14611	https://api.ferreterialavalleja.com/wp-content/uploads/2025/09/D_NQ_NP_825386-MLU43805009155_102020-O.webp
14613	https://api.ferreterialavalleja.com/wp-content/uploads/2025/09/destornillador-rachet4531.jpg
14614	https://api.ferreterialavalleja.com/wp-content/uploads/2025/09/1_org_zoom.webp
14615	https://api.ferreterialavalleja.com/wp-content/uploads/2025/09/OIP.webp
14619	https://api.ferreterialavalleja.com/wp-content/uploads/2025/09/D_NQ_NP_602721-MLA92978564791_092025-O.webp
14620	https://api.ferreterialavalleja.com/wp-content/uploads/2025/09/D_NQ_NP_696108-MLA92584895011_092025-O.webp
14621	https://api.ferreterialavalleja.com/wp-content/uploads/2025/09/D_NQ_NP_835484-MLA92978452277_092025-O.webp
14622	https://api.ferreterialavalleja.com/wp-content/uploads/2025/09/D_NQ_NP_696108-MLA92584895011_092025-O-1.webp
14623	https://api.ferreterialavalleja.com/wp-content/uploads/2025/09/D_NQ_NP_680712-MLA92365325158_092025-O.webp
14624	https://api.ferreterialavalleja.com/wp-content/uploads/2025/09/D_NQ_NP_835484-MLA92978452277_092025-O-1.webp
14625	https://api.ferreterialavalleja.com/wp-content/uploads/2025/09/D_NQ_NP_969524-MLA92364989090_092025-O.webp
14628	https://api.ferreterialavalleja.com/wp-content/uploads/2025/09/170259-800-800.png
14629	https://api.ferreterialavalleja.com/wp-content/uploads/2025/09/20211111151608_68295764.jpeg
14630	https://api.ferreterialavalleja.com/wp-content/uploads/2025/09/170259-800-800-1.png
14631	https://api.ferreterialavalleja.com/wp-content/uploads/2025/09/D_NQ_NP_723535-MLA90203068930_082025-O.webp
14632	https://api.ferreterialavalleja.com/wp-content/uploads/2025/09/rodillo-230mm-9-telescopica.jpg
14633	https://api.ferreterialavalleja.com/wp-content/uploads/2025/09/OIP-1.webp
14634	https://api.ferreterialavalleja.com/wp-content/uploads/2025/09/rodillo-230mm-fibra-12mm-mango-telescopico-rodillo-230mm-fibra-12mm-mango-telescopico.jpg
14636	https://api.ferreterialavalleja.com/wp-content/uploads/2025/09/miswag_pJdcE4JagKiZ.jpg
14640	https://api.ferreterialavalleja.com/wp-content/uploads/2025/11/D_NQ_NP_2X_837284-MLU82787419129_022025-F.webp
14641	https://api.ferreterialavalleja.com/wp-content/uploads/2025/11/D_NQ_NP_2X_855294-MLU82787003917_022025-F.webp
14642	https://api.ferreterialavalleja.com/wp-content/uploads/2025/11/D_NQ_NP_2X_882974-MLU82787003923_022025-F.webp
14643	https://api.ferreterialavalleja.com/wp-content/uploads/2025/11/D_NQ_NP_2X_837284-MLU82787419129_022025-F-1.webp
14644	https://api.ferreterialavalleja.com/wp-content/uploads/2025/11/D_NQ_NP_2X_939916-MLU82787389375_022025-F.webp
14645	https://api.ferreterialavalleja.com/wp-content/uploads/2025/11/D_NQ_NP_2X_802949-MLU82501880976_022025-F.webp
14648	https://api.ferreterialavalleja.com/wp-content/uploads/2025/11/D_NQ_NP_2X_677606-MLU84094302192_052025-F.webp
14649	https://api.ferreterialavalleja.com/wp-content/uploads/2025/11/G.2.png
14651	https://api.ferreterialavalleja.com/wp-content/uploads/2025/11/G.1-18.jpg
14653	https://api.ferreterialavalleja.com/wp-content/uploads/2023/06/D_NQ_NP_2X_650490-MLU31243736831_062019-F.webp
14656	https://api.ferreterialavalleja.com/wp-content/uploads/2025/11/D_NQ_NP_2X_650490-MLU31243736831_062019-F.webp
14657	https://api.ferreterialavalleja.com/wp-content/uploads/2025/11/D_NQ_NP_2X_761723-MLU31243736463_062019-F.webp
14658	https://api.ferreterialavalleja.com/wp-content/uploads/2025/11/D_NQ_NP_2X_839331-MLU31243726114_062019-F.webp
14659	https://api.ferreterialavalleja.com/wp-content/uploads/2023/06/D_NQ_NP_2X_839331-MLU31243726114_062019-F.webp
14669	https://api.ferreterialavalleja.com/wp-content/uploads/2025/11/clavo-para-concreto.jpg
14672	https://api.ferreterialavalleja.com/wp-content/uploads/2025/11/71ypuCiGVCL._AC_SX679_.jpg
14673	https://api.ferreterialavalleja.com/wp-content/uploads/2025/11/91IwWfnVOeL._AC_SL1500_.jpg
14674	https://api.ferreterialavalleja.com/wp-content/uploads/2025/11/91TtAoNzB-L._AC_SL1500_.jpg
14677	https://api.ferreterialavalleja.com/wp-content/uploads/2025/11/e118c3f3774a74fe0eb2ff31774e459c.png
14678	https://api.ferreterialavalleja.com/wp-content/uploads/2025/11/8ba460510c737dd4476a89191d7db3fb.png
14679	https://api.ferreterialavalleja.com/wp-content/uploads/2025/11/small_362_8fedf137a6.png
14682	https://api.ferreterialavalleja.com/wp-content/uploads/2025/11/D_NQ_NP_2X_909248-MLU90072061626_082025-F.webp
14683	https://api.ferreterialavalleja.com/wp-content/uploads/2025/11/jpg.jpg
14684	https://api.ferreterialavalleja.com/wp-content/uploads/2025/11/61hYgaW60hL._AC_SL1500_.jpg
14687	https://api.ferreterialavalleja.com/wp-content/uploads/2025/11/OIP-82.jpg
14691	https://api.ferreterialavalleja.com/wp-content/uploads/2025/11/D_NQ_NP_2X_797513-MLU73663082299_122023-F.webp
14692	https://api.ferreterialavalleja.com/wp-content/uploads/2025/11/D_NQ_NP_2X_975309-MLU73569182204_122023-F.webp
14695	https://api.ferreterialavalleja.com/wp-content/uploads/2025/11/16955-750x750_0.jpg
14698	https://api.ferreterialavalleja.com/wp-content/uploads/2025/11/584ae6638215a.jpg
14699	https://api.ferreterialavalleja.com/wp-content/uploads/2025/11/584ae6e206b22.jpg
14701	https://api.ferreterialavalleja.com/wp-content/uploads/2025/11/584ae6638215a-1.jpg
14703	https://api.ferreterialavalleja.com/wp-content/uploads/2025/11/D_NQ_NP_2X_927814-MLU47903173325_102021-F.webp
14705	https://api.ferreterialavalleja.com/wp-content/uploads/2025/11/CMA30U_2.jpg
14706	https://api.ferreterialavalleja.com/wp-content/uploads/2025/11/CMA30U_2-1.jpg
14707	https://api.ferreterialavalleja.com/wp-content/uploads/2025/11/CMA30U_2-2.jpg
14708	https://api.ferreterialavalleja.com/wp-content/uploads/2025/11/CMA30U_1.jpg
14711	https://api.ferreterialavalleja.com/wp-content/uploads/2025/11/D_NQ_NP_2X_837204-MLU93713061117_092025-F.webp
14713	https://api.ferreterialavalleja.com/wp-content/uploads/2025/11/D_NQ_NP_2X_682261-MLU47448940117_092021-F-1.webp
14715	https://api.ferreterialavalleja.com/wp-content/uploads/2025/11/D_NQ_NP_2X_857270-MLU31624013990_072019-F.webp
14717	https://api.ferreterialavalleja.com/wp-content/uploads/2025/11/D_NQ_NP_2X_629983-MLU47448939330_092021-F.webp
14719	https://api.ferreterialavalleja.com/wp-content/uploads/2025/11/D_NQ_NP_2X_793379-MLU76521851079_052024-F.webp
14720	https://api.ferreterialavalleja.com/wp-content/uploads/2025/11/D_NQ_NP_2X_607980-MLU93295897274_092025-F.webp
14721	https://api.ferreterialavalleja.com/wp-content/uploads/2025/11/D_NQ_NP_2X_805892-MLU76329823602_052024-F.webp
14722	https://api.ferreterialavalleja.com/wp-content/uploads/2025/11/D_NQ_NP_2X_607980-MLU93295897274_092025-F-1.webp
14725	https://api.ferreterialavalleja.com/wp-content/uploads/2025/11/D_NQ_NP_2X_892804-MLU98885795917_112025-F.webp
14726	https://api.ferreterialavalleja.com/wp-content/uploads/2025/11/D_NQ_NP_2X_825746-MLU98410418530_112025-F.webp
14727	https://api.ferreterialavalleja.com/wp-content/uploads/2025/11/D_NQ_NP_2X_674542-MLU31242336841_062019-F.webp
14729	https://api.ferreterialavalleja.com/wp-content/uploads/2025/11/D_NQ_NP_603666-MLB77114914623_062024-O.webp
14730	https://api.ferreterialavalleja.com/wp-content/uploads/2025/11/D_NQ_NP_735622-MLB81617610624_012025-O.webp
14732	https://api.ferreterialavalleja.com/wp-content/uploads/2025/11/OIP-12.webp
14734	https://api.ferreterialavalleja.com/wp-content/uploads/2025/11/9e770a6b3d3a0b93d1c005bfe5b016bc.png
14735	https://api.ferreterialavalleja.com/wp-content/uploads/2025/11/D_NQ_NP_2X_946273-MLU74678527047_022024-F.webp
14736	https://api.ferreterialavalleja.com/wp-content/uploads/2025/11/2112444db73ef412031dd5a6b580052b.png
14738	https://api.ferreterialavalleja.com/wp-content/uploads/2025/11/D_NQ_NP_648693-CBT83740017693_042025-O.webp
14739	https://api.ferreterialavalleja.com/wp-content/uploads/2025/11/D_NQ_NP_2X_775486-CBT83264735140_042025-F.webp
14740	https://api.ferreterialavalleja.com/wp-content/uploads/2025/11/D_NQ_NP_2X_643253-CBT83264735128_042025-F.webp
14741	https://api.ferreterialavalleja.com/wp-content/uploads/2025/11/D_NQ_NP_2X_785616-CBT83264735126_042025-F.webp
14742	https://api.ferreterialavalleja.com/wp-content/uploads/2025/11/D_NQ_NP_2X_910686-CBT83264735124_042025-F.webp
14743	https://api.ferreterialavalleja.com/wp-content/uploads/2025/11/c946c99abb9ab229745d5065ade0cd58.png
14744	https://api.ferreterialavalleja.com/wp-content/uploads/2025/11/D_NQ_NP_2X_648900-CBT83264735136_042025-F.webp
14745	https://api.ferreterialavalleja.com/wp-content/uploads/2025/11/D_NQ_NP_2X_956935-CBT83264735138_042025-F.webp
14747	https://api.ferreterialavalleja.com/wp-content/uploads/2025/11/d4ce311e2e9621b3ad955d5178ecd1f6.png
14748	https://api.ferreterialavalleja.com/wp-content/uploads/2025/11/d4ce311e2e9621b3ad955d5178ecd1f6-1.png
14751	https://api.ferreterialavalleja.com/wp-content/uploads/2025/11/productos35_29297.jpg
14755	https://api.ferreterialavalleja.com/wp-content/uploads/2025/11/productos35_19682.jpg
14756	https://api.ferreterialavalleja.com/wp-content/uploads/2025/11/productos35_19685.png
14758	https://api.ferreterialavalleja.com/wp-content/uploads/2025/11/productos35_39436.jpg
14759	https://api.ferreterialavalleja.com/wp-content/uploads/2025/11/productos35_39436-1.jpg
14760	https://api.ferreterialavalleja.com/wp-content/uploads/2025/11/D_NQ_NP_2X_731775-MLC71543209380_092023-F-set-6-marcadores-permanentes-para-madera-o-muebles.webp
14761	https://api.ferreterialavalleja.com/wp-content/uploads/2025/11/D_NQ_NP_2X_731775-MLC71543209380_092023-F-set-6-marcadores-permanentes-para-madera-o-muebles-1.webp
14762	https://api.ferreterialavalleja.com/wp-content/uploads/2025/11/D_NQ_NP_2X_654927-MLC71543277384_092023-F-set-6-marcadores-permanentes-para-madera-o-muebles.webp
14764	https://api.ferreterialavalleja.com/wp-content/uploads/2025/11/D_NQ_NP_2X_910101-MLU70714456680_072023-F-2.webp
14765	https://api.ferreterialavalleja.com/wp-content/uploads/2025/11/D_NQ_NP_2X_738233-MLU70744676833_072023-F.webp
14767	https://api.ferreterialavalleja.com/wp-content/uploads/2025/11/D_NQ_NP_2X_910101-MLU70714456680_072023-F-2-1.webp
14770	https://api.ferreterialavalleja.com/wp-content/uploads/2025/11/D_NQ_NP_2X_721053-MLA47578577803_092021-F.webp
14771	https://api.ferreterialavalleja.com/wp-content/uploads/2025/11/D_NQ_NP_2X_849522-MLU41088701633_032020-F.webp
14776	https://api.ferreterialavalleja.com/wp-content/uploads/2025/11/D_NQ_NP_2X_933326-MLU72118925810_102023-F.webp
14777	https://api.ferreterialavalleja.com/wp-content/uploads/2025/11/D_NQ_NP_2X_620820-MLU72118719942_102023-F.webp
14778	https://api.ferreterialavalleja.com/wp-content/uploads/2025/11/D_NQ_NP_2X_924724-MLU72118582056_102023-F.webp
14780	https://api.ferreterialavalleja.com/wp-content/uploads/2025/11/D_NQ_NP_2X_664846-MLU72179078555_102023-F.webp
14781	https://api.ferreterialavalleja.com/wp-content/uploads/2025/11/D_NQ_NP_2X_709796-MLU72179048499_102023-F.webp
14782	https://api.ferreterialavalleja.com/wp-content/uploads/2025/11/D_NQ_NP_2X_605774-MLU72118343950_102023-F.webp
14784	https://api.ferreterialavalleja.com/wp-content/uploads/2025/11/D_NQ_NP_2X_636695-MLU43494767555_092020-F.webp
14787	https://api.ferreterialavalleja.com/wp-content/uploads/2025/11/D_NQ_NP_2X_924867-MLU98195984318_112025-F.webp
14789	https://api.ferreterialavalleja.com/wp-content/uploads/2025/11/D_NQ_NP_2X_862734-MLU95383875223_102025-F.webp
14791	https://api.ferreterialavalleja.com/wp-content/uploads/2025/11/D_NQ_NP_2X_690007-MLU88719361976_072025-F.webp
14792	https://api.ferreterialavalleja.com/wp-content/uploads/2025/11/D_NQ_NP_2X_690007-MLU88719361976_072025-F-1.webp
14793	https://api.ferreterialavalleja.com/wp-content/uploads/2025/11/D_NQ_NP_2X_926117-MLU88719272234_072025-F.webp
14795	https://api.ferreterialavalleja.com/wp-content/uploads/2025/11/208160-1.jpg
14797	https://api.ferreterialavalleja.com/wp-content/uploads/2025/11/20816120a-600x600-1.jpg
14801	https://api.ferreterialavalleja.com/wp-content/uploads/2025/11/D_NQ_NP_2X_736381-MLU99405853613_112025-F.webp
14802	https://api.ferreterialavalleja.com/wp-content/uploads/2025/11/D_NQ_NP_2X_622022-MLU72936647436_112023-F.webp
14803	https://api.ferreterialavalleja.com/wp-content/uploads/2025/11/D_NQ_NP_2X_658674-MLU99406834773_112025-F.webp
14804	https://api.ferreterialavalleja.com/wp-content/uploads/2025/11/D_NQ_NP_2X_711537-MLU99406119613_112025-F.webp
14805	https://api.ferreterialavalleja.com/wp-content/uploads/2025/11/D_NQ_NP_2X_622022-MLU72936647436_112023-F-1.webp
14807	https://api.ferreterialavalleja.com/wp-content/uploads/2025/11/D_NQ_NP_2X_786154-MLU82170414899_012025-F.webp
14810	https://api.ferreterialavalleja.com/wp-content/uploads/2025/12/1708-1.png
14811	https://api.ferreterialavalleja.com/wp-content/uploads/2025/12/1708-2.png
14812	https://api.ferreterialavalleja.com/wp-content/uploads/2025/12/1708-3.png
14814	https://api.ferreterialavalleja.com/wp-content/uploads/2025/12/1245-1-1.jpg
14815	https://api.ferreterialavalleja.com/wp-content/uploads/2025/12/1245-3-1.png
14818	https://api.ferreterialavalleja.com/wp-content/uploads/2025/12/D_NQ_NP_2X_794246-MLU86415997959_062025-F.webp
14819	https://api.ferreterialavalleja.com/wp-content/uploads/2025/12/D_NQ_NP_2X_799792-MLU86416077313_062025-F.webp
14820	https://api.ferreterialavalleja.com/wp-content/uploads/2025/12/D_NQ_NP_2X_875844-MLU86100166674_062025-F.webp
14821	https://api.ferreterialavalleja.com/wp-content/uploads/2025/12/D_NQ_NP_2X_930062-MLU86099702042_062025-F.webp
14822	https://api.ferreterialavalleja.com/wp-content/uploads/2025/12/D_NQ_NP_2X_985206-MLU86725165583_062025-F.webp
14823	https://api.ferreterialavalleja.com/wp-content/uploads/2025/12/D_NQ_NP_2X_794246-MLU86415997959_062025-F-1.webp
14825	https://api.ferreterialavalleja.com/wp-content/uploads/2025/12/143-2.png
14826	https://api.ferreterialavalleja.com/wp-content/uploads/2025/12/143h.jpg
14827	https://api.ferreterialavalleja.com/wp-content/uploads/2025/12/143-2-1.png
14828	https://api.ferreterialavalleja.com/wp-content/uploads/2025/12/D_NQ_NP_688401-MLA95587544211_102025-F.jpg
14830	https://api.ferreterialavalleja.com/wp-content/uploads/2025/12/D_NQ_NP_2X_928555-MLU54194984519_032023-F-1.webp
14832	https://api.ferreterialavalleja.com/wp-content/uploads/2025/12/D_NQ_NP_690538-MLB76247466443_052024-O.webp
14835	https://api.ferreterialavalleja.com/wp-content/uploads/2025/12/D_NQ_NP_2X_657128-MLU78390068227_082024-F.webp
14837	https://api.ferreterialavalleja.com/wp-content/uploads/2025/12/D_NQ_NP_2X_850647-MLU43571882730_092020-F.webp
14841	https://api.ferreterialavalleja.com/wp-content/uploads/2025/12/D_NQ_NP_2X_802228-MLU41221400293_032020-F.webp
14842	https://api.ferreterialavalleja.com/wp-content/uploads/2025/12/D_NQ_NP_2X_804624-MLU79413703160_092024-F.webp
14845	https://api.ferreterialavalleja.com/wp-content/uploads/2025/12/1000077760.png
14846	https://api.ferreterialavalleja.com/wp-content/uploads/2025/12/1000077759-1-100x100-1.png
14848	https://api.ferreterialavalleja.com/wp-content/uploads/2025/12/D_NQ_NP_804369-MLU40996863533_032020-O.webp
14849	https://api.ferreterialavalleja.com/wp-content/uploads/2025/12/D_NQ_NP_839904-MLU70779284166_082023-O.webp
14852	https://api.ferreterialavalleja.com/wp-content/uploads/2025/12/D_NQ_NP_2X_759825-MLU73388904769_122023-F-1.webp
14853	https://api.ferreterialavalleja.com/wp-content/uploads/2025/12/D_NQ_NP_2X_651711-MLU73388263683_122023-F.webp
14855	https://api.ferreterialavalleja.com/wp-content/uploads/2025/12/D_NQ_NP_2X_760194-MLU92316959048_092025-F.webp
14859	https://api.ferreterialavalleja.com/wp-content/uploads/2025/12/D_NQ_NP_2X_928943-MLU52663612226_112022-F.webp
14861	https://api.ferreterialavalleja.com/wp-content/uploads/2025/12/D_NQ_NP_2X_925409-MLU92719063669_092025-F.webp
14862	https://api.ferreterialavalleja.com/wp-content/uploads/2025/12/D_NQ_NP_2X_700970-MLU80836650010_122024-F.webp
14863	https://api.ferreterialavalleja.com/wp-content/uploads/2025/12/D_NQ_NP_2X_995772-MLU80836493352_122024-F.webp
14864	https://api.ferreterialavalleja.com/wp-content/uploads/2025/12/D_NQ_NP_2X_608442-MLU81102040585_122024-F.webp
14867	https://api.ferreterialavalleja.com/wp-content/uploads/2025/12/D_NQ_NP_824820-MLC70585172815_072023-O.webp
14870	https://api.ferreterialavalleja.com/wp-content/uploads/2025/12/D_NQ_NP_2X_703758-MLU95084074289_102025-F-1.webp
14872	https://api.ferreterialavalleja.com/wp-content/uploads/2025/12/D_NQ_NP_2X_938585-MLU41262267566_032020-F.webp
14874	https://api.ferreterialavalleja.com/wp-content/uploads/2025/12/D_Q_NP_2X_874941-MLA99566851648_122025-F.webp
14880	https://api.ferreterialavalleja.com/wp-content/uploads/2025/12/D_NQ_NP_2X_619017-MLU94685399330_102025-F.webp
14881	https://api.ferreterialavalleja.com/wp-content/uploads/2025/12/D_NQ_NP_2X_783346-MLU95118218259_102025-F.webp
14882	https://api.ferreterialavalleja.com/wp-content/uploads/2025/12/D_NQ_NP_2X_941288-MLU95118097689_102025-F-1.webp
14884	https://api.ferreterialavalleja.com/wp-content/uploads/2025/12/D_NQ_NP_2X_698787-MLU53420376088_012023-F.webp
14889	https://api.ferreterialavalleja.com/wp-content/uploads/2025/12/D_NQ_NP_2X_655187-MLU42137273514_062020-F.webp
14890	https://api.ferreterialavalleja.com/wp-content/uploads/2025/12/D_NQ_NP_2X_861903-MLU81312746758_122024-F.webp
14891	https://api.ferreterialavalleja.com/wp-content/uploads/2025/12/D_NQ_NP_2X_621927-MLU41766349676_052020-F.webp
14894	https://api.ferreterialavalleja.com/wp-content/uploads/2025/12/G.3.png
14895	https://api.ferreterialavalleja.com/wp-content/uploads/2025/12/G.1.png
14898	https://api.ferreterialavalleja.com/wp-content/uploads/2025/12/K0202003_M.jpg
14900	https://api.ferreterialavalleja.com/wp-content/uploads/2025/12/D_NQ_NP_2X_665401-MLU88573328940_072025-F.webp
14901	https://api.ferreterialavalleja.com/wp-content/uploads/2025/12/D_NQ_NP_2X_750599-MLU83410838774_042025-F.webp
14902	https://api.ferreterialavalleja.com/wp-content/uploads/2025/12/D_NQ_NP_2X_665401-MLU88573328940_072025-F-1.webp
14904	https://api.ferreterialavalleja.com/wp-content/uploads/2025/12/D_NQ_NP_2X_887463-MLU89828199495_082025-F.webp
14906	https://api.ferreterialavalleja.com/wp-content/uploads/2025/12/D_NQ_NP_2X_750599-MLU83410838774_042025-F-1.webp
14911	https://api.ferreterialavalleja.com/wp-content/uploads/2025/12/D_NQ_NP_2X_987639-MLU82500741758_022025-F.webp
14914	https://api.ferreterialavalleja.com/wp-content/uploads/2025/04/Candado-bulit-acero-macizo-50mm.webp
14915	https://api.ferreterialavalleja.com/wp-content/uploads/2025/04/candado-bulit-hierro-macizo-40mm.webp
14918	https://api.ferreterialavalleja.com/wp-content/uploads/2025/12/D_NQ_NP_782296-MLA51696217721_092022-O.webp
14919	https://api.ferreterialavalleja.com/wp-content/uploads/2025/12/D_NQ_NP_2X_881546-MLA51696238642_092022-F.webp
14922	https://api.ferreterialavalleja.com/wp-content/uploads/2026/01/G.1-1.png
14925	https://api.ferreterialavalleja.com/wp-content/uploads/2026/01/D_NQ_NP_2X_678062-MLU75929665039_042024-F.webp
14926	https://api.ferreterialavalleja.com/wp-content/uploads/2026/01/D_NQ_NP_2X_894625-MLU75929684941_042024-F.webp
14927	https://api.ferreterialavalleja.com/wp-content/uploads/2026/01/D_NQ_NP_2X_981022-MLA100002856231_112025-F.webp
14928	https://api.ferreterialavalleja.com/wp-content/uploads/2026/01/D_NQ_NP_2X_622662-MLU72760183060_112023-F.webp
14929	https://api.ferreterialavalleja.com/wp-content/uploads/2026/01/D_NQ_NP_2X_981022-MLA100002856231_112025-F-1.webp
14931	https://api.ferreterialavalleja.com/wp-content/uploads/2026/01/smarter.jpeg
14933	https://api.ferreterialavalleja.com/wp-content/uploads/2026/01/hoja-trapezoidal.avif-1.jpg
14935	https://api.ferreterialavalleja.com/wp-content/uploads/2026/01/punta-s5-pcs.jpg
14937	https://api.ferreterialavalleja.com/wp-content/uploads/2026/01/Set-de-puntas-Medida-2_-1.webp
14939	https://api.ferreterialavalleja.com/wp-content/uploads/2026/01/FELPUDO-PERRO-1.webp
14940	https://api.ferreterialavalleja.com/wp-content/uploads/2026/01/FELPUDO-PERRO-2.webp
14941	https://api.ferreterialavalleja.com/wp-content/uploads/2026/01/FELPUDO-PERRO.webp
14943	https://api.ferreterialavalleja.com/wp-content/uploads/2026/01/D_NQ_NP_2X_846195-MLU77769859485_072024-F.webp
14944	https://api.ferreterialavalleja.com/wp-content/uploads/2026/01/D_NQ_NP_2X_900206-MLU77552026494_072024-F.webp
14945	https://api.ferreterialavalleja.com/wp-content/uploads/2026/01/D_NQ_NP_2X_898211-MLU77552075772_072024-F.webp
14946	https://api.ferreterialavalleja.com/wp-content/uploads/2026/01/D_NQ_NP_2X_949104-MLU77769790283_072024-F.webp
14948	https://api.ferreterialavalleja.com/wp-content/uploads/2026/01/D_NQ_NP_2X_949104-MLU77769790283_072024-F-1.webp
14949	https://api.ferreterialavalleja.com/wp-content/uploads/2026/01/D_NQ_NP_2X_943411-MLU73111000032_122023-F.webp
14950	https://api.ferreterialavalleja.com/wp-content/uploads/2026/01/D_NQ_NP_2X_943411-MLU73111000032_122023-F-1.webp
14951	https://api.ferreterialavalleja.com/wp-content/uploads/2026/01/ALFOMBRA-PERRO.webp
14953	https://api.ferreterialavalleja.com/wp-content/uploads/2026/01/D_NQ_NP_2X_840171-MLU72003138653_092023-F.webp
14955	https://api.ferreterialavalleja.com/wp-content/uploads/2026/01/D_NQ_NP_2X_601283-MLU31240743537_062019-F.webp
14957	https://api.ferreterialavalleja.com/wp-content/uploads/2026/01/G.1-1-1.png
14958	https://api.ferreterialavalleja.com/wp-content/uploads/2026/01/G.1-21.jpg
14961	https://api.ferreterialavalleja.com/wp-content/uploads/2026/01/637678333898972124340201-1.pdf
14962	https://api.ferreterialavalleja.com/wp-content/uploads/2026/01/40542321bbf02879b435cef52be61451.png
14963	https://api.ferreterialavalleja.com/wp-content/uploads/2026/01/1724244598-340201-Aplicacao.png
14964	https://api.ferreterialavalleja.com/wp-content/uploads/2026/01/637678333898972124340201-1-1.pdf
14965	https://api.ferreterialavalleja.com/wp-content/uploads/2026/01/637678333898972124340201-1-2.pdf
14966	https://api.ferreterialavalleja.com/wp-content/uploads/2026/01/340201.png
14969	https://api.ferreterialavalleja.com/wp-content/uploads/2026/01/D_NQ_NP_2X_918992-MLU43625131489_092020-F.webp
14970	https://api.ferreterialavalleja.com/wp-content/uploads/2026/01/D_NQ_NP_2X_875571-MLU43625147024_092020-F.webp
14972	https://api.ferreterialavalleja.com/wp-content/uploads/2026/01/D_NQ_NP_2X_888645-MLU100754238178_122025-F.webp
14974	https://api.ferreterialavalleja.com/wp-content/uploads/2026/01/D_NQ_NP_2X_696334-MLU94564670693_102025-F.webp
14975	https://api.ferreterialavalleja.com/wp-content/uploads/2026/01/D_NQ_NP_2X_713089-MLU94136393300_102025-F-1.webp
14976	https://api.ferreterialavalleja.com/wp-content/uploads/2026/01/D_NQ_NP_2X_995813-MLU94564590937_102025-F.webp
14977	https://api.ferreterialavalleja.com/wp-content/uploads/2026/01/D_NQ_NP_2X_601702-MLU94678309686_102025-F.webp
14982	https://api.ferreterialavalleja.com/wp-content/uploads/2026/01/D_NQ_NP_2X_686360-MLU83542867329_042025-F.webp
14983	https://api.ferreterialavalleja.com/wp-content/uploads/2026/01/D_NQ_NP_2X_898398-MLU83764358109_042025-F.webp
14985	https://api.ferreterialavalleja.com/wp-content/uploads/2026/01/D_NQ_NP_2X_600844-MLB77677859901_072024-F-broca-serra-copo-aco-ferro-aluminio-5-pecas-metal-escovado-1.webp
14986	https://api.ferreterialavalleja.com/wp-content/uploads/2026/01/D_NQ_NP_2X_605198-MLB77677859899_072024-F-broca-serra-copo-aco-ferro-aluminio-5-pecas-metal-escovado.webp
14987	https://api.ferreterialavalleja.com/wp-content/uploads/2026/01/D_NQ_NP_2X_605300-MLB77677859895_072024-F-broca-serra-copo-aco-ferro-aluminio-5-pecas-metal-escovado.webp
14988	https://api.ferreterialavalleja.com/wp-content/uploads/2026/01/D_NQ_NP_2X_605300-MLB77677859895_072024-F-broca-serra-copo-aco-ferro-aluminio-5-pecas-metal-escovado-1.webp
14989	https://api.ferreterialavalleja.com/wp-content/uploads/2026/01/D_NQ_NP_2X_981607-MLB77677859897_072024-F-broca-serra-copo-aco-ferro-aluminio-5-pecas-metal-escovado.webp
14990	https://api.ferreterialavalleja.com/wp-content/uploads/2026/01/D_NQ_NP_966853-MLB77677859893_072024-O.webp
14992	https://api.ferreterialavalleja.com/wp-content/uploads/2026/01/CADENA.webp
14996	https://api.ferreterialavalleja.com/wp-content/uploads/2026/01/CADENA-1.webp
14997	https://api.ferreterialavalleja.com/wp-content/uploads/2026/01/banderola.jpg
15001	https://api.ferreterialavalleja.com/wp-content/uploads/2026/01/14248_tims2-kit-6-ganchos-bella-cocina-1451-stolf.jpg
15006	https://api.ferreterialavalleja.com/wp-content/uploads/2026/01/D_NQ_NP_2X_996166-MLA104791007866_012026-F-1.webp
15007	https://api.ferreterialavalleja.com/wp-content/uploads/2026/01/D_NQ_NP_2X_997878-MLU105355225713_012026-F-1.webp
15008	https://api.ferreterialavalleja.com/wp-content/uploads/2026/01/D_NQ_NP_2X_997878-MLU105355225713_012026-F-1-1.webp
15009	https://api.ferreterialavalleja.com/wp-content/uploads/2026/01/D_NQ_NP_2X_994123-MLA105355356131_012026-F.webp
15010	https://api.ferreterialavalleja.com/wp-content/uploads/2026/01/D_NQ_NP_2X_993718-MLU105355195777_012026-F.webp
15011	https://api.ferreterialavalleja.com/wp-content/uploads/2026/01/D_NQ_NP_2X_956134-MLA105355858403_012026-F.webp
15013	https://api.ferreterialavalleja.com/wp-content/uploads/2026/01/D_NQ_NP_2X_677397-MLU90048635530_082025-F.webp
15014	https://api.ferreterialavalleja.com/wp-content/uploads/2026/01/D_Q_NP_693894-MLU83675390906_042025-R.webp
15016	https://api.ferreterialavalleja.com/wp-content/uploads/2026/01/1223-1.jpg
15018	https://api.ferreterialavalleja.com/wp-content/uploads/2026/01/D_NQ_NP_2X_774271-MLU92314576292_092025-F.webp
15023	https://api.ferreterialavalleja.com/wp-content/uploads/2026/01/D_NQ_NP_2X_932514-MLU49689473987_042022-F.webp
15027	https://api.ferreterialavalleja.com/wp-content/uploads/2026/01/1__07476.webp
15031	https://api.ferreterialavalleja.com/wp-content/uploads/2026/01/OIP-1.webp
15032	https://api.ferreterialavalleja.com/wp-content/uploads/2026/01/productos37_155684.jpg
15035	https://api.ferreterialavalleja.com/wp-content/uploads/2023/06/1411.jpg
15038	https://api.ferreterialavalleja.com/wp-content/uploads/2023/06/D_NQ_NP_705935-MLC46016727472_052021-O.webp
15040	https://api.ferreterialavalleja.com/wp-content/uploads/2023/06/7589-1536x1536-1.png
15043	https://api.ferreterialavalleja.com/wp-content/uploads/2026/02/924.-Cod.-01-030-00034-126-Serrucho-Tramontina-1822-600x234-1.webp
15047	https://api.ferreterialavalleja.com/wp-content/uploads/2026/02/OIP-15.webp
15048	https://api.ferreterialavalleja.com/wp-content/uploads/2026/02/OIP-16.webp
15049	https://api.ferreterialavalleja.com/wp-content/uploads/2026/02/OIP-13.webp
15051	https://api.ferreterialavalleja.com/wp-content/uploads/2023/07/BUILT-CUTTER-GRANDE-POP-MAYORISTA-300x300-1.jpg
15053	https://api.ferreterialavalleja.com/wp-content/uploads/2026/02/D_NQ_NP_2X_917389-MLU70919226928_082023-F.webp
15058	https://api.ferreterialavalleja.com/wp-content/uploads/2026/02/D_NQ_NP_2X_983740-MLU43978039055_112020-F.webp
15060	https://api.ferreterialavalleja.com/wp-content/uploads/2026/02/FIELTRO-REDONDO.jpg
15061	https://api.ferreterialavalleja.com/wp-content/uploads/2026/02/FIELTRO-1.webp
15062	https://api.ferreterialavalleja.com/wp-content/uploads/2026/02/FIELTRO.webp
15064	https://api.ferreterialavalleja.com/wp-content/uploads/2026/02/8421196103092_1.jpg
15066	https://api.ferreterialavalleja.com/wp-content/uploads/2026/02/1197899.webp
15068	https://api.ferreterialavalleja.com/wp-content/uploads/2026/02/D_NQ_NP_693018-MLB48958270156_012022-O.webp
15070	https://api.ferreterialavalleja.com/wp-content/uploads/2026/02/138325678_1.jpg
15071	https://api.ferreterialavalleja.com/wp-content/uploads/2026/02/productos35_4674.png
15072	https://api.ferreterialavalleja.com/wp-content/uploads/2026/02/32250c03-6eda-485f-8ec5-d2d26840a540.jpg
15073	https://api.ferreterialavalleja.com/wp-content/uploads/2026/02/image.webp
15074	https://api.ferreterialavalleja.com/wp-content/uploads/2026/02/s-l1600-2.jpg
15080	https://api.ferreterialavalleja.com/wp-content/uploads/2026/02/D_NQ_NP_2X_727133-MLU71232802040_082023-F.webp
15081	https://api.ferreterialavalleja.com/wp-content/uploads/2026/02/D_NQ_NP_2X_915516-MLU71273932815_082023-F.webp
15082	https://api.ferreterialavalleja.com/wp-content/uploads/2026/02/D_NQ_NP_2X_982054-MLU71273893443_082023-F.webp
15084	https://api.ferreterialavalleja.com/wp-content/uploads/2026/02/G.1-22.jpg
15085	https://api.ferreterialavalleja.com/wp-content/uploads/2026/02/D_NQ_NP_2X_844911-MLU89960977785_082025-F.webp
15086	https://api.ferreterialavalleja.com/wp-content/uploads/2026/02/D_NQ_NP_2X_839484-MLU84029167929_042025-F.webp
15087	https://api.ferreterialavalleja.com/wp-content/uploads/2026/02/D_NQ_NP_2X_890808-MLU82985863775_032025-F.webp
15088	https://api.ferreterialavalleja.com/wp-content/uploads/2026/02/D_NQ_NP_2X_883313-MLU73911080580_012024-F-1.webp
15090	https://api.ferreterialavalleja.com/wp-content/uploads/2026/02/D_NQ_NP_2X_890808-MLU82985863775_032025-F-1.webp
15094	https://api.ferreterialavalleja.com/wp-content/uploads/2026/02/302258468.jpg
15095	https://api.ferreterialavalleja.com/wp-content/uploads/2026/02/004117bcc94cd9126613df8ff6ea82a8.png
15096	https://api.ferreterialavalleja.com/wp-content/uploads/2026/02/OIP-17.webp
15099	https://api.ferreterialavalleja.com/wp-content/uploads/2026/02/D_NQ_NP_2X_890328-MLU97657385866_112025-F.webp
15100	https://api.ferreterialavalleja.com/wp-content/uploads/2026/02/D_NQ_NP_2X_907441-MLU98121406581_112025-F.webp
15101	https://api.ferreterialavalleja.com/wp-content/uploads/2026/02/D_NQ_NP_2X_684084-MLU98120304375_112025-F.webp
15102	https://api.ferreterialavalleja.com/wp-content/uploads/2025/04/D_NQ_NP_2X_826159-MLU91421007029_092025-F.webp
15103	https://api.ferreterialavalleja.com/wp-content/uploads/2025/04/D_NQ_NP_2X_877959-MLU84776796562_052025-F.webp
15104	https://api.ferreterialavalleja.com/wp-content/uploads/2025/04/D_NQ_NP_2X_648117-MLU85076505967_052025-F.webp
15105	https://api.ferreterialavalleja.com/wp-content/uploads/2025/04/D_NQ_NP_2X_610849-MLU85076546161_052025-F.webp
15106	https://api.ferreterialavalleja.com/wp-content/uploads/2025/04/D_NQ_NP_2X_648117-MLU85076505967_052025-F-1.webp
15108	https://api.ferreterialavalleja.com/wp-content/uploads/2026/02/D_NQ_NP_2X_617379-MLU43636144017_092020-F.webp
15109	https://api.ferreterialavalleja.com/wp-content/uploads/2026/02/D_NQ_NP_2X_818121-MLU76768846054_062024-F.webp
15110	https://api.ferreterialavalleja.com/wp-content/uploads/2026/02/D_NQ_NP_2X_947179-MLU75539330828_042024-F.webp
15112	https://api.ferreterialavalleja.com/wp-content/uploads/2026/02/D_NQ_NP_2X_924753-MLU88893938246_082025-F.webp
15114	https://api.ferreterialavalleja.com/wp-content/uploads/2023/06/CERRADURA-DIDA-AL-601-1.webp
15115	https://api.ferreterialavalleja.com/wp-content/uploads/2023/06/D_NQ_NP_2X_768206-MLU52012067323_102022-F.webp
15116	https://api.ferreterialavalleja.com/wp-content/uploads/2023/06/D_NQ_NP_2X_995385-MLU91624387988_092025-F.webp
15119	https://api.ferreterialavalleja.com/wp-content/uploads/2026/02/bulon-cabeza-redonda-galvanizada-5-16-x-10.webp
15121	https://api.ferreterialavalleja.com/wp-content/uploads/2026/02/D_NQ_NP_870382-MLU47559585843_092021-O-1.webp
15127	https://api.ferreterialavalleja.com/wp-content/uploads/2026/02/D_NQ_NP_717606-MLM40727671437_022020-O.webp
15129	https://api.ferreterialavalleja.com/wp-content/uploads/2026/02/D_NQ_NP_2X_622912-MLA79929870557_102024-F.webp
15130	https://api.ferreterialavalleja.com/wp-content/uploads/2026/02/D_NQ_NP_2X_698612-MLA79680167990_102024-F.webp
15131	https://api.ferreterialavalleja.com/wp-content/uploads/2026/02/D_NQ_NP_2X_698612-MLA79680167990_102024-F-1.webp
15133	https://api.ferreterialavalleja.com/wp-content/uploads/2026/02/D_NQ_NP_2X_929861-MLU78218295846_082024-F.webp
15134	https://api.ferreterialavalleja.com/wp-content/uploads/2026/02/D_NQ_NP_2X_920133-MLU99138793797_112025-F.webp
15135	https://api.ferreterialavalleja.com/wp-content/uploads/2026/02/D_NQ_NP_2X_619944-MLU99138724555_112025-F.webp
15137	https://api.ferreterialavalleja.com/wp-content/uploads/2026/02/D_NQ_NP_2X_718798-MLU93403699283_092025-F-1.webp
15138	https://api.ferreterialavalleja.com/wp-content/uploads/2026/02/D_NQ_NP_2X_744737-MLU92988834532_092025-F.webp
15139	https://api.ferreterialavalleja.com/wp-content/uploads/2026/02/D_NQ_NP_2X_817400-MLU93404065211_092025-F.webp
15140	https://api.ferreterialavalleja.com/wp-content/uploads/2026/02/D_NQ_NP_2X_852548-MLU93404025787_092025-F.webp
15141	https://api.ferreterialavalleja.com/wp-content/uploads/2026/02/D_NQ_NP_2X_817400-MLU93404065211_092025-F-1.webp
15142	https://api.ferreterialavalleja.com/wp-content/uploads/2026/02/D_NQ_NP_2X_852548-MLU93404025787_092025-F-1.webp
15143	https://api.ferreterialavalleja.com/wp-content/uploads/2026/02/D_NQ_NP_2X_682765-MLU93403738623_092025-F.webp
15145	https://api.ferreterialavalleja.com/wp-content/uploads/2026/02/D_NQ_NP_2X_984807-MLU74853088723_032024-F-1.webp
15147	https://api.ferreterialavalleja.com/wp-content/uploads/2026/02/6351.jpg
15150	https://api.ferreterialavalleja.com/wp-content/uploads/2023/06/1419-juego-destornillador-precision-rlu602.png
15153	https://api.ferreterialavalleja.com/wp-content/uploads/2026/02/1058-1-1.png
15155	https://api.ferreterialavalleja.com/wp-content/uploads/2024/09/D_NQ_NP_2X_687553-MLU74645595890_022024-F-1.webp
15158	https://api.ferreterialavalleja.com/wp-content/uploads/2026/02/OIP-2.webp
15159	https://api.ferreterialavalleja.com/wp-content/uploads/2026/02/borkorona-sistema-320-bi-metal-f33-364169-1.webp
15161	https://api.ferreterialavalleja.com/wp-content/uploads/2026/02/borkorona-sistema-320-bi-metal-f33-364169-1-1.webp
15164	https://api.ferreterialavalleja.com/wp-content/uploads/2026/02/D_NQ_NP_845524-MLA70579529463_072023-O.webp
15167	https://api.ferreterialavalleja.com/wp-content/uploads/2026/03/VIRUTA.webp
15169	https://api.ferreterialavalleja.com/wp-content/uploads/2023/06/productos35_5883.jpg
15173	https://api.ferreterialavalleja.com/wp-content/uploads/2026/03/original_5827.jpg
15175	https://api.ferreterialavalleja.com/wp-content/uploads/2026/03/LX139TC-OR_dcdd63cf30674c54addb62ec8c5d7755.jpg
15177	https://api.ferreterialavalleja.com/wp-content/uploads/2026/03/f104b33f755e49861329f48c2969a403.webp
15182	https://api.ferreterialavalleja.com/wp-content/uploads/2026/03/D_NQ_NP_2X_678310-MLU88350260328_072025-F.webp
15183	https://api.ferreterialavalleja.com/wp-content/uploads/2026/03/D_NQ_NP_2X_804794-MLU88695667991_072025-F.webp
15184	https://api.ferreterialavalleja.com/wp-content/uploads/2026/03/D_NQ_NP_2X_996604-MLU88695192707_072025-F.webp
15185	https://api.ferreterialavalleja.com/wp-content/uploads/2026/03/D_NQ_NP_2X_992252-MLU77735004344_072024-F.webp
15186	https://api.ferreterialavalleja.com/wp-content/uploads/2026/03/D_NQ_NP_2X_800728-MLU77735378170_072024-F.webp
15187	https://api.ferreterialavalleja.com/wp-content/uploads/2026/03/D_NQ_NP_2X_758525-MLU77735378126_072024-F.webp
15189	https://api.ferreterialavalleja.com/wp-content/uploads/2026/03/D_NQ_NP_2X_964528-CBT84112213665_042025-F.webp
15190	https://api.ferreterialavalleja.com/wp-content/uploads/2026/03/D_NQ_NP_2X_754360-CBT84112213669_042025-F.webp
15191	https://api.ferreterialavalleja.com/wp-content/uploads/2026/03/D_NQ_NP_2X_998776-CBT84112213663_042025-F.webp
15192	https://api.ferreterialavalleja.com/wp-content/uploads/2026/03/D_NQ_NP_2X_787677-CBT84112213657_042025-F.webp
15193	https://api.ferreterialavalleja.com/wp-content/uploads/2026/03/D_NQ_NP_2X_704706-MLU108414397883_032026-F.webp
15195	https://api.ferreterialavalleja.com/wp-content/uploads/2026/03/D_NQ_NP_2X_701940-MLU80797609749_112024-F.webp
15196	https://api.ferreterialavalleja.com/wp-content/uploads/2026/03/D_NQ_NP_2X_777515-MLA105162932396_012026-F.webp
15197	https://api.ferreterialavalleja.com/wp-content/uploads/2026/03/D_NQ_NP_2X_788105-MLU75148436036_032024-F.webp
15198	https://api.ferreterialavalleja.com/wp-content/uploads/2026/03/D_NQ_NP_2X_777515-MLA105162932396_012026-F-1.webp
15200	https://api.ferreterialavalleja.com/wp-content/uploads/2026/03/D_NQ_NP_2X_737026-MLU81809246546_012025-F.webp
15201	https://api.ferreterialavalleja.com/wp-content/uploads/2026/03/D_NQ_NP_2X_639768-MLU81809296300_012025-F.webp
15202	https://api.ferreterialavalleja.com/wp-content/uploads/2026/03/D_NQ_NP_2X_809532-MLU81809296306_012025-F.webp
15203	https://api.ferreterialavalleja.com/wp-content/uploads/2026/03/D_NQ_NP_2X_634733-MLU81809296296_012025-F.webp
15204	https://api.ferreterialavalleja.com/wp-content/uploads/2026/03/D_NQ_NP_2X_649891-MLU81809069308_012025-F.webp
15205	https://api.ferreterialavalleja.com/wp-content/uploads/2026/03/D_NQ_NP_2X_862629-MLU81809296298_012025-F.webp
15206	https://api.ferreterialavalleja.com/wp-content/uploads/2026/03/D_NQ_NP_2X_737026-MLU81809246546_012025-F-1.webp
15210	https://api.ferreterialavalleja.com/wp-content/uploads/2026/03/D_NQ_NP_2X_892528-MLU80538271915_112024-F.webp
15212	https://api.ferreterialavalleja.com/wp-content/uploads/2026/03/grapa-omega-de-16-a-20-mm-para-grapadoras-de-alambradas-clavex.jpg
15214	https://api.ferreterialavalleja.com/wp-content/uploads/2026/03/D_NQ_NP_2X_899567-MLU108880724733_032026-F.webp
15215	https://api.ferreterialavalleja.com/wp-content/uploads/2026/03/D_NQ_NP_2X_848418-MLU108881229381_032026-F.webp
15218	https://api.ferreterialavalleja.com/wp-content/uploads/2026/03/istockphoto-2047080979-612x612-1.jpg
15220	https://api.ferreterialavalleja.com/wp-content/uploads/2026/03/ef711a0167cf2e16a6206b045f856b19.webp
15222	https://api.ferreterialavalleja.com/wp-content/uploads/2025/06/D_NQ_NP_2X_685730-MLU32749202513_112019-F.webp
15223	https://api.ferreterialavalleja.com/wp-content/uploads/2025/06/D_NQ_NP_2X_665648-MLU77093019409_062024-F.webp
15227	https://api.ferreterialavalleja.com/wp-content/uploads/2026/03/D_NQ_NP_2X_905240-MLA92743525397_092025-F.webp
15228	https://api.ferreterialavalleja.com/wp-content/uploads/2026/03/D_NQ_NP_2X_633910-MLA92335456366_092025-F.webp
15229	https://api.ferreterialavalleja.com/wp-content/uploads/2026/03/D_NQ_NP_2X_696371-MLA81007076491_112024-F.webp
15230	https://api.ferreterialavalleja.com/wp-content/uploads/2026/03/D_NQ_NP_2X_925389-MLA99527777344_122025-F.webp
15231	https://api.ferreterialavalleja.com/wp-content/uploads/2026/03/D_NQ_NP_2X_695429-MLA92743525391_092025-F.webp
15232	https://api.ferreterialavalleja.com/wp-content/uploads/2023/06/OIP-20.webp
15233	https://api.ferreterialavalleja.com/wp-content/uploads/2023/06/OIP-20-1.webp
15234	https://api.ferreterialavalleja.com/wp-content/uploads/2023/06/5415659a-6ccf-4888-8613-9cce79ade4b6_1.516947ffb97f09405c53c7d68642a96d.webp
15235	https://api.ferreterialavalleja.com/wp-content/uploads/2023/06/08690943.jpg
15237	https://api.ferreterialavalleja.com/wp-content/uploads/2026/03/1557.jpg
15239	https://api.ferreterialavalleja.com/wp-content/uploads/2026/03/f6d8c1fff07a06d391a8e5651a1ff3eb.webp
15241	https://api.ferreterialavalleja.com/wp-content/uploads/2026/03/52d71acab552ece9503543fd72e14440.webp
15244	https://api.ferreterialavalleja.com/wp-content/uploads/2026/03/D_NQ_NP_2X_921808-MLA100575399442_122025-F.webp
15245	https://api.ferreterialavalleja.com/wp-content/uploads/2026/03/D_NQ_NP_2X_935517-MLA101069593211_122025-F.webp
15246	https://api.ferreterialavalleja.com/wp-content/uploads/2026/03/D_NQ_NP_2X_713357-MLA101069890299_122025-F.webp
15247	https://api.ferreterialavalleja.com/wp-content/uploads/2026/03/D_NQ_NP_2X_821960-MLA101069939921_122025-F.webp
15248	https://api.ferreterialavalleja.com/wp-content/uploads/2026/03/D_NQ_NP_2X_785464-MLA101069850531_122025-F.webp
15249	https://api.ferreterialavalleja.com/wp-content/uploads/2026/03/D_NQ_NP_2X_713691-MLA100575350212_122025-F.webp
15250	https://api.ferreterialavalleja.com/wp-content/uploads/2026/03/D_NQ_NP_2X_918130-MLA100091836953_122025-F.webp
15252	https://api.ferreterialavalleja.com/wp-content/uploads/2026/03/D_NQ_NP_2X_662459-MLA80174101229_102024-F.webp
15253	https://api.ferreterialavalleja.com/wp-content/uploads/2026/03/D_NQ_NP_2X_662459-MLA80174101229_102024-F-1.webp
15254	https://api.ferreterialavalleja.com/wp-content/uploads/2026/03/D_NQ_NP_2X_633867-MLA99830476173_112025-F.webp
15255	https://api.ferreterialavalleja.com/wp-content/uploads/2026/03/D_NQ_NP_2X_869204-CBT84889922675_052025-F.webp
15256	https://api.ferreterialavalleja.com/wp-content/uploads/2026/03/D_NQ_NP_2X_725037-CBT84592405698_052025-F.webp
15257	https://api.ferreterialavalleja.com/wp-content/uploads/2026/03/D_NQ_NP_2X_873875-CBT84890826333_052025-F.webp
15258	https://api.ferreterialavalleja.com/wp-content/uploads/2026/03/D_NQ_NP_2X_869204-CBT84889922675_052025-F-1.webp
15259	https://api.ferreterialavalleja.com/wp-content/uploads/2026/03/D_NQ_NP_2X_833288-CBT84889922639_052025-F.webp
15260	https://api.ferreterialavalleja.com/wp-content/uploads/2026/03/D_NQ_NP_2X_735875-CBT84889614557_052025-F.webp
15261	https://api.ferreterialavalleja.com/wp-content/uploads/2026/03/D_NQ_NP_2X_773725-CBT84592048908_052025-F.webp
15262	https://api.ferreterialavalleja.com/wp-content/uploads/2026/03/D_NQ_NP_2X_983248-CBT84889922635_052025-F.webp
15266	https://api.ferreterialavalleja.com/wp-content/uploads/2026/03/D_NQ_NP_2X_869504-MLU93588648338_102025-F.webp
15267	https://api.ferreterialavalleja.com/wp-content/uploads/2026/03/D_NQ_NP_2X_830484-MLU70017270271_062023-F.webp
15270	https://api.ferreterialavalleja.com/wp-content/uploads/2026/03/516afc052e34465264e2ce4ab442700f.jpg_720x720q80.jpg_.webp
15271	https://api.ferreterialavalleja.com/wp-content/uploads/2026/03/e1dbdf54-ffa2-42e0-922a-fae1bc672d6a.a9f3446710eee6fa06d099b3b2dcab6b.webp
15272	https://api.ferreterialavalleja.com/wp-content/uploads/2026/03/OIP-21.webp
15274	https://api.ferreterialavalleja.com/wp-content/uploads/2026/03/D_NQ_NP_2X_603169-MLA99597606664_122025-F.webp
15275	https://api.ferreterialavalleja.com/wp-content/uploads/2026/03/D_NQ_NP_2X_692398-MLA92052182265_092025-F.webp
15276	https://api.ferreterialavalleja.com/wp-content/uploads/2026/03/D_NQ_NP_2X_647839-MLA91652359472_092025-F.webp
15280	https://api.ferreterialavalleja.com/wp-content/uploads/2026/03/e8e46a7f72acd4163744797ce95ce462.png
15282	https://api.ferreterialavalleja.com/wp-content/uploads/2026/03/65b0a97cc0262282725e47c4d29bbdc3.png
15283	https://api.ferreterialavalleja.com/wp-content/uploads/2026/03/f6802e37cd8e9d2a9a58bda884ca3673.png
15284	https://api.ferreterialavalleja.com/wp-content/uploads/2026/03/4164ea5b8f9d785f04d1f602dd8a27a9.png
15285	https://api.ferreterialavalleja.com/wp-content/uploads/2026/03/bda1aeadc0e8bd3923b463d546e1be74.png
15286	https://api.ferreterialavalleja.com/wp-content/uploads/2026/03/4d4329653e744dbca7381f7171587cea.png
15287	https://api.ferreterialavalleja.com/wp-content/uploads/2026/03/e8e46a7f72acd4163744797ce95ce462-1.png
15288	https://api.ferreterialavalleja.com/wp-content/uploads/2026/03/ca90e1fda5037dd3ee90ef4be40b20b3.png
15289	https://api.ferreterialavalleja.com/wp-content/uploads/2026/03/668982303e1811a572074e76e41c20b4.png
15290	https://api.ferreterialavalleja.com/wp-content/uploads/2026/03/668982303e1811a572074e76e41c20b4-1.png
15291	https://api.ferreterialavalleja.com/wp-content/uploads/2026/03/bf9c984254c264baa9913b6449a65f06.png
15305	https://api.ferreterialavalleja.com/wp-content/uploads/2023/06/OIP-23.webp
15307	https://api.ferreterialavalleja.com/wp-content/uploads/2026/04/OIP-24.webp
15309	https://api.ferreterialavalleja.com/wp-content/uploads/2026/04/1050447.webp
15317	https://api.ferreterialavalleja.com/wp-content/uploads/2026/04/D_NQ_NP_2X_972146-MLA31123187518_062019-F.webp
15318	https://api.ferreterialavalleja.com/wp-content/uploads/2026/04/D_NQ_NP_813538-MLA54049841308_022023-O.webp
15319	https://api.ferreterialavalleja.com/wp-content/uploads/2026/04/D_660184-MLA29090812830_012019-F-300x300-1.jpg
15320	https://api.ferreterialavalleja.com/wp-content/uploads/2026/04/CIN3044.jpg
15321	https://api.ferreterialavalleja.com/wp-content/uploads/2026/04/R-1.png
15322	https://api.ferreterialavalleja.com/wp-content/uploads/2026/04/R-1-1.png
15323	https://api.ferreterialavalleja.com/wp-content/uploads/2026/04/D_NQ_NP_2X_972146-MLA31123187518_062019-F-1.webp
15324	https://api.ferreterialavalleja.com/wp-content/uploads/2026/04/D_NQ_NP_812708-MLB47756891774_102021-O.webp
15325	https://api.ferreterialavalleja.com/wp-content/uploads/2026/04/D_660184-MLA29090812830_012019-F-300x300-2.jpg
15326	https://api.ferreterialavalleja.com/wp-content/uploads/2026/04/D_NQ_NP_637833-MLA45880778862_052021-O.webp
15328	https://api.ferreterialavalleja.com/wp-content/uploads/2023/08/D_NQ_NP_2X_955027-MLU82839282271_032025-F.webp
15329	https://api.ferreterialavalleja.com/wp-content/uploads/2023/08/D_NQ_NP_2X_767098-MLA107459054195_022026-F.webp
15330	https://api.ferreterialavalleja.com/wp-content/uploads/2023/08/D_NQ_NP_2X_750839-MLA107458934607_022026-F.webp
15336	https://api.ferreterialavalleja.com/wp-content/uploads/2026/04/b86fcbd5d8d1f591e271b7295526cd20.png
15339	https://api.ferreterialavalleja.com/wp-content/uploads/2023/06/PINTURA-GENERICO-2-1.png
15340	https://api.ferreterialavalleja.com/wp-content/uploads/2025/08/6-22-768x768-1.jpg
15341	https://api.ferreterialavalleja.com/wp-content/uploads/2025/08/5-22-768x768-1.jpg
15347	https://api.ferreterialavalleja.com/wp-content/uploads/2026/05/999fddb92bc6f3c125ce5e37a8511025.png
15348	https://api.ferreterialavalleja.com/wp-content/uploads/2026/05/1000056115-1.png
15353	https://api.ferreterialavalleja.com/wp-content/uploads/2026/05/toma-exterior-3-linea.png
15354	https://api.ferreterialavalleja.com/wp-content/uploads/2026/05/toma-exterior-3-linea-2.png
15358	https://api.ferreterialavalleja.com/wp-content/uploads/2026/05/D_NQ_NP_2X_992559-MLA99974289283_112025-F.webp
15362	https://api.ferreterialavalleja.com/wp-content/uploads/2026/05/cg-jumbo-regulators_01-480x467-1.jpg
15363	https://api.ferreterialavalleja.com/wp-content/uploads/2026/05/329141-A-03-1.jpg
15367	https://api.ferreterialavalleja.com/wp-content/uploads/2026/05/D_NQ_NP_2X_936588-MLU92111295584_092025-F.webp
15369	https://api.ferreterialavalleja.com/wp-content/uploads/2026/05/D_NQ_NP_2X_996951-MLU76385125839_052024-F.webp
15371	https://api.ferreterialavalleja.com/wp-content/uploads/2026/05/D_Q_NP_766979-MLA105576301920_012026-R.webp
15372	https://api.ferreterialavalleja.com/wp-content/uploads/2026/05/D_NQ_NP_2X_680232-MLA99599404700_122025-F.webp
15373	https://api.ferreterialavalleja.com/wp-content/uploads/2026/05/D_Q_NP_923560-MLU74316014684_022024-R.webp
15378	https://api.ferreterialavalleja.com/wp-content/uploads/2026/05/D_Q_NP_2X_862799-MLA110122362507_042026-F.webp
15379	https://api.ferreterialavalleja.com/wp-content/uploads/2026/05/D_Q_NP_2X_925529-MLA109272017506_042026-F.webp
15381	https://api.ferreterialavalleja.com/wp-content/uploads/2026/05/D_NQ_NP_2X_603797-MLU110078339641_042026-F.webp
15382	https://api.ferreterialavalleja.com/wp-content/uploads/2026/05/D_NQ_NP_2X_893156-MLU110077747985_042026-F.webp
15383	https://api.ferreterialavalleja.com/wp-content/uploads/2026/05/D_NQ_NP_2X_923550-MLU109230716884_042026-F.webp
15384	https://api.ferreterialavalleja.com/wp-content/uploads/2026/05/D_NQ_NP_2X_654010-MLU110077688413_042026-F.webp
15385	https://api.ferreterialavalleja.com/wp-content/uploads/2026/05/D_NQ_NP_2X_893156-MLU110077747985_042026-F-1.webp
15386	https://api.ferreterialavalleja.com/wp-content/uploads/2026/03/D_NQ_NP_2X_793761-MLU108703993645_032026-F-2.webp
15387	https://api.ferreterialavalleja.com/wp-content/uploads/2026/03/D_NQ_NP_2X_788305-MLU107940542482_032026-F.webp
15388	https://api.ferreterialavalleja.com/wp-content/uploads/2026/03/D_NQ_NP_2X_788305-MLU107940542482_032026-F-1.webp
15389	https://api.ferreterialavalleja.com/wp-content/uploads/2026/03/D_NQ_NP_2X_926710-MLU108702770341_032026-F.webp
15395	https://api.ferreterialavalleja.com/wp-content/uploads/2024/05/D_NQ_NP_861827-MLU54594846499_032023-O.webp
15398	https://api.ferreterialavalleja.com/wp-content/uploads/2026/05/D_NQ_NP_2X_763799-MLU74486036554_022024-F.webp
15400	https://api.ferreterialavalleja.com/wp-content/uploads/2023/06/D_NQ_NP_2X_629238-MLU72477455187_102023-F.webp
15401	https://api.ferreterialavalleja.com/wp-content/uploads/2023/07/365329_lamina_para_serra_tico_tico_cortes_curvos_50_mm_24_dentes_com_5_pecas_bu224s.jpg
15403	https://api.ferreterialavalleja.com/wp-content/uploads/2026/05/D_NQ_NP_2X_852839-MLU97786319814_112025-F.webp
15405	https://api.ferreterialavalleja.com/wp-content/uploads/2026/05/D_NQ_NP_2X_983780-MLU97786172802_112025-F.webp
15407	https://api.ferreterialavalleja.com/wp-content/uploads/2026/05/71KT856n7NL._AC_SX569_.jpg
15411	https://api.ferreterialavalleja.com/wp-content/uploads/2026/05/D_NQ_NP_2X_852839-MLU97786319814_112025-F-1.webp
15414	https://api.ferreterialavalleja.com/wp-content/uploads/2026/03/D_NQ_NP_2X_727029-MLU105891009504_022026-F.webp
15415	https://api.ferreterialavalleja.com/wp-content/uploads/2026/03/D_NQ_NP_2X_860778-MLU106504081469_022026-F.webp
15416	https://api.ferreterialavalleja.com/wp-content/uploads/2026/03/D_NQ_NP_2X_948178-MLU105890443014_022026-F.webp
15419	https://api.ferreterialavalleja.com/wp-content/uploads/2026/05/51RwcdhLfIL.__AC_SX300_SY300_QL70_ML2_.jpg
15421	https://api.ferreterialavalleja.com/wp-content/uploads/2026/05/O1CN01vXwQip2MTHABziAUZ_2202405779828-0-lubanu-s.webp
15422	https://api.ferreterialavalleja.com/wp-content/uploads/2026/05/OIP-25.webp
15424	https://api.ferreterialavalleja.com/wp-content/uploads/2026/05/D_NQ_NP_2X_792886-MLU74082962575_012024-F.webp
15425	https://api.ferreterialavalleja.com/wp-content/uploads/2026/05/D_NQ_NP_2X_833123-MLU74082972605_012024-F.webp
15426	https://api.ferreterialavalleja.com/wp-content/uploads/2026/05/D_NQ_NP_2X_703197-MLU73978392672_012024-F.webp
15427	https://api.ferreterialavalleja.com/wp-content/uploads/2026/03/D_NQ_NP_2X_948178-MLU105890443014_022026-F-1.webp
15429	https://api.ferreterialavalleja.com/wp-content/uploads/2026/05/D_NQ_NP_2X_997338-MLA99509049290_112025-F.webp
15432	https://api.ferreterialavalleja.com/wp-content/uploads/2026/05/D_NQ_NP_2X_791833-MLA99460445840_112025-F.webp
15433	https://api.ferreterialavalleja.com/wp-content/uploads/2026/05/D_NQ_NP_2X_897980-MLU92710230125_092025-F.webp
15440	https://api.ferreterialavalleja.com/wp-content/uploads/2026/05/D_NQ_NP_2X_822636-MLA99252004030_112025-F.webp
15441	https://api.ferreterialavalleja.com/wp-content/uploads/2026/05/D_NQ_NP_2X_986016-MLA82481407993_022025-F.webp
15444	https://api.ferreterialavalleja.com/wp-content/uploads/2024/10/D_NQ_NP_2X_628399-MLA99504281748_112025-F.webp
15446	https://api.ferreterialavalleja.com/wp-content/uploads/2026/05/D_NQ_NP_2X_775604-MLA99453147436_112025-F.webp
15448	https://api.ferreterialavalleja.com/wp-content/uploads/2023/06/D_NQ_NP_2X_845198-MLU108542857040_032026-F.webp
15449	https://api.ferreterialavalleja.com/wp-content/uploads/2023/06/D_NQ_NP_2X_974102-MLU108542857034_032026-F.webp
15450	https://api.ferreterialavalleja.com/wp-content/uploads/2023/06/D_NQ_NP_2X_651759-MLU108542199560_032026-F.webp
15452	https://api.ferreterialavalleja.com/wp-content/uploads/2026/05/D_NQ_NP_2X_636325-MLU108544023044_032026-F.webp
15454	https://api.ferreterialavalleja.com/wp-content/uploads/2025/12/D_NQ_NP_2X_705782-MLA103493534766_012026-F.webp
15455	https://api.ferreterialavalleja.com/wp-content/uploads/2025/12/D_NQ_NP_2X_679275-MLU92780878189_092025-F.webp
15457	https://api.ferreterialavalleja.com/wp-content/uploads/2023/09/D_NQ_NP_2X_700255-MLA106065668075_012026-F.webp
15458	https://api.ferreterialavalleja.com/wp-content/uploads/2023/09/D_NQ_NP_2X_951279-MLA105466595550_012026-F.webp
15459	https://api.ferreterialavalleja.com/wp-content/uploads/2023/09/D_NQ_NP_2X_679275-MLU92780878189_092025-F.webp
15460	https://api.ferreterialavalleja.com/wp-content/uploads/2023/09/D_NQ_NP_2X_923615-MLA105470509874_012026-F.webp
15461	https://api.ferreterialavalleja.com/wp-content/uploads/2023/09/D_NQ_NP_2X_794879-MLU97782556352_112025-F.webp
15462	https://api.ferreterialavalleja.com/wp-content/uploads/2023/09/D_NQ_NP_2X_679275-MLU92780878189_092025-F-1.webp
15463	https://api.ferreterialavalleja.com/wp-content/uploads/2023/09/D_NQ_NP_2X_679275-MLU92780878189_092025-F-2.webp
15464	https://api.ferreterialavalleja.com/wp-content/uploads/2023/09/D_NQ_NP_2X_797775-MLU92371544484_092025-F.webp
15465	https://api.ferreterialavalleja.com/wp-content/uploads/2023/09/D_NQ_NP_2X_648633-MLU92372616884_092025-F.webp
15477	https://api.ferreterialavalleja.com/wp-content/uploads/2026/06/D_NQ_NP_2X_723692-MLA99948449561_112025-F.webp
15478	https://api.ferreterialavalleja.com/wp-content/uploads/2026/06/D_NQ_NP_2X_684072-MLA110232492907_042026-F.webp
15479	https://api.ferreterialavalleja.com/wp-content/uploads/2026/06/D_NQ_NP_2X_981341-MLA109372099452_042026-F.webp
15480	https://api.ferreterialavalleja.com/wp-content/uploads/2026/06/D_NQ_NP_2X_922649-MLA109372248316_042026-F.webp
15481	https://api.ferreterialavalleja.com/wp-content/uploads/2026/06/D_NQ_NP_2X_922649-MLA109372248316_042026-F-1.webp
15483	https://api.ferreterialavalleja.com/wp-content/uploads/2026/06/D_NQ_NP_2X_796567-MLA101773930895_122025-F.webp
15484	https://api.ferreterialavalleja.com/wp-content/uploads/2026/06/D_NQ_NP_2X_919481-MLA101273397700_122025-F.webp
15485	https://api.ferreterialavalleja.com/wp-content/uploads/2026/06/D_NQ_NP_2X_941008-MLA100590295832_122025-F.webp
15486	https://api.ferreterialavalleja.com/wp-content/uploads/2026/06/D_NQ_NP_2X_620915-MLA81690713961_122024-F.webp
15488	https://api.ferreterialavalleja.com/wp-content/uploads/2026/06/D_NQ_NP_2X_772095-MLA112986349395_062026-F.webp
15489	https://api.ferreterialavalleja.com/wp-content/uploads/2026/06/D_NQ_NP_2X_772095-MLA112986349395_062026-F-1.webp
15490	https://api.ferreterialavalleja.com/wp-content/uploads/2026/06/D_NQ_NP_2X_722003-MLA100067844443_122025-F.webp
15491	https://api.ferreterialavalleja.com/wp-content/uploads/2026/06/D_NQ_NP_2X_826652-MLA112987374889_062026-F.webp
15493	https://api.ferreterialavalleja.com/wp-content/uploads/2026/06/D_NQ_NP_2X_901106-MLA82009101848_022025-F.webp
15494	https://api.ferreterialavalleja.com/wp-content/uploads/2026/06/D_NQ_NP_2X_835772-MLA92786898387_092025-F.webp
15496	https://api.ferreterialavalleja.com/wp-content/uploads/2026/06/D_NQ_NP_2X_720780-MLA94065997579_102025-F-1.webp
15497	https://api.ferreterialavalleja.com/wp-content/uploads/2026/06/D_NQ_NP_2X_943247-MLA110240363955_042026-F.webp
15499	https://api.ferreterialavalleja.com/wp-content/uploads/2026/06/D_NQ_NP_2X_949516-MLA105664165552_012026-F.webp
15500	https://api.ferreterialavalleja.com/wp-content/uploads/2026/06/D_NQ_NP_2X_787607-MLU111195264764_052026-F.webp
15501	https://api.ferreterialavalleja.com/wp-content/uploads/2026/06/D_NQ_NP_2X_952436-MLA112207878701_052026-F.webp
15503	https://api.ferreterialavalleja.com/wp-content/uploads/2026/06/D_NQ_NP_2X_771602-MLA99989653885_112025-F.webp
15505	https://api.ferreterialavalleja.com/wp-content/uploads/2026/06/D_Q_NP_666567-MLA82623620445_022025-R.webp
15508	https://api.ferreterialavalleja.com/wp-content/uploads/2026/06/D_NQ_NP_2X_851505-MLU79075080570_092024-F.webp
15510	https://api.ferreterialavalleja.com/wp-content/uploads/2026/06/D_NQ_NP_2X_666567-MLA82623620445_022025-F.webp
15511	https://api.ferreterialavalleja.com/wp-content/uploads/2026/06/D_NQ_NP_2X_768778-MLA106586811043_022026-F.webp
15520	https://api.ferreterialavalleja.com/wp-content/uploads/2026/06/D_NQ_NP_2X_675137-MLA95555141641_102025-F.webp
15522	https://api.ferreterialavalleja.com/wp-content/uploads/2026/06/D_NQ_NP_2X_644356-MLA92826280675_092025-F.webp
15524	https://api.ferreterialavalleja.com/wp-content/uploads/2026/06/D_NQ_NP_2X_967723-MLA99956817237_112025-F-1.webp
15525	https://api.ferreterialavalleja.com/wp-content/uploads/2026/06/D_NQ_NP_2X_630966-MLA99472737988_112025-F.webp
15526	https://api.ferreterialavalleja.com/wp-content/uploads/2026/06/D_NQ_NP_2X_751596-MLA99472659376_112025-F.webp
15528	https://api.ferreterialavalleja.com/wp-content/uploads/2026/06/D_NQ_NP_2X_744864-MLA113053741199_062026-F.webp
15529	https://api.ferreterialavalleja.com/wp-content/uploads/2026/06/D_NQ_NP_2X_970138-MLA111928923520_062026-F.webp
15530	https://api.ferreterialavalleja.com/wp-content/uploads/2026/06/D_NQ_NP_2X_988279-MLA99963659707_112025-F.webp
15532	https://api.ferreterialavalleja.com/wp-content/uploads/2026/07/D_NQ_NP_2X_905145-MLA92903227367_092025-F.webp
15534	https://api.ferreterialavalleja.com/wp-content/uploads/2026/07/D_NQ_NP_2X_940762-MLA84275062612_052025-F.webp
15535	https://api.ferreterialavalleja.com/wp-content/uploads/2026/07/D_NQ_NP_2X_989911-MLA82922339258_032025-F.webp
15536	https://api.ferreterialavalleja.com/wp-content/uploads/2026/07/D_NQ_NP_2X_940762-MLA84275062612_052025-F-1.webp
15537	https://api.ferreterialavalleja.com/wp-content/uploads/2026/07/D_NQ_NP_2X_989911-MLA82922339258_032025-F-1.webp
15538	https://api.ferreterialavalleja.com/wp-content/uploads/2026/07/D_NQ_NP_2X_928910-MLA84275209848_052025-F.webp
15540	https://api.ferreterialavalleja.com/wp-content/uploads/2026/07/D_NQ_NP_2X_974506-MLA110233121021_042026-F-1.webp
15542	https://api.ferreterialavalleja.com/wp-content/uploads/2026/07/D_NQ_NP_2X_714502-MLA95619293528_102025-F.webp
15543	https://api.ferreterialavalleja.com/wp-content/uploads/2026/07/D_NQ_NP_2X_635859-MLA99474069902_112025-F.webp
15544	https://api.ferreterialavalleja.com/wp-content/uploads/2026/07/D_NQ_NP_2X_974506-MLA110233121021_042026-F-1-1.webp
15545	https://api.ferreterialavalleja.com/wp-content/uploads/2026/07/D_NQ_NP_2X_974506-MLA110233121021_042026-F.webp
15546	https://api.ferreterialavalleja.com/wp-content/uploads/2026/07/D_NQ_NP_2X_928910-MLA84275209848_052025-F-1.webp
15547	https://api.ferreterialavalleja.com/wp-content/uploads/2026/07/D_NQ_NP_2X_940762-MLA84275062612_052025-F-2.webp
15548	https://api.ferreterialavalleja.com/wp-content/uploads/2026/07/D_NQ_NP_2X_989911-MLA82922339258_032025-F-2.webp
15549	https://api.ferreterialavalleja.com/wp-content/uploads/2026/07/D_NQ_NP_2X_905145-MLA92903227367_092025-F-1.webp
15550	https://api.ferreterialavalleja.com/wp-content/uploads/2026/07/D_NQ_NP_2X_635859-MLA99474069902_112025-F-1.webp
15552	https://api.ferreterialavalleja.com/wp-content/uploads/2026/07/D_NQ_NP_2X_838688-MLA100063225085_122025-F.webp
15554	https://api.ferreterialavalleja.com/wp-content/uploads/2026/07/D_NQ_NP_2X_884665-MLU76618401681_052024-F.webp
15555	https://api.ferreterialavalleja.com/wp-content/uploads/2026/07/D_NQ_NP_2X_786135-MLU112258399842_062026-F.webp
15556	https://api.ferreterialavalleja.com/wp-content/uploads/2026/07/D_NQ_NP_2X_909415-MLU112258399708_062026-F.webp
15559	https://api.ferreterialavalleja.com/wp-content/uploads/2026/07/D_NQ_NP_2X_761055-MLU92668102239_092025-F.webp
15560	https://api.ferreterialavalleja.com/wp-content/uploads/2026/07/D_NQ_NP_2X_939881-MLU92261073764_092025-F.webp
15561	https://api.ferreterialavalleja.com/wp-content/uploads/2026/07/D_NQ_NP_2X_975615-MLU92260964072_092025-F.webp
15562	https://api.ferreterialavalleja.com/wp-content/uploads/2026/07/D_NQ_NP_2X_888884-MLU92262185876_092025-F.webp
15564	https://api.ferreterialavalleja.com/wp-content/uploads/2026/07/D_NQ_NP_2X_896672-MLA100010259051_122025-F.webp
15566	https://api.ferreterialavalleja.com/wp-content/uploads/2026/07/D_NQ_NP_2X_720499-MLA99597225328_122025-F.webp
15568	https://api.ferreterialavalleja.com/wp-content/uploads/2026/07/D_NQ_NP_2X_926632-MLA112584566688_062026-F.webp
15569	https://api.ferreterialavalleja.com/wp-content/uploads/2026/07/D_NQ_NP_2X_783779-MLA112991990295_062026-F.webp
15570	https://api.ferreterialavalleja.com/wp-content/uploads/2026/07/D_NQ_NP_2X_626414-MLA100078168627_122025-F.webp
15571	https://api.ferreterialavalleja.com/wp-content/uploads/2026/07/D_NQ_NP_2X_829843-MLA112992542161_062026-F.webp
15577	https://api.ferreterialavalleja.com/wp-content/uploads/2026/07/D_NQ_NP_2X_747874-MLA106258700985_012026-F.webp
15578	https://api.ferreterialavalleja.com/wp-content/uploads/2026/07/D_NQ_NP_2X_756727-MLU79592235831_092024-F.webp
15579	https://api.ferreterialavalleja.com/wp-content/uploads/2026/07/D_NQ_NP_2X_884571-MLU90815782420_082025-F.webp
15582	https://api.ferreterialavalleja.com/wp-content/uploads/2026/07/D_NQ_NP_2X_639934-MLU80531437761_112024-F.webp
15583	https://api.ferreterialavalleja.com/wp-content/uploads/2026/07/D_NQ_NP_2X_895914-MLU80273988898_112024-F.webp
15584	https://api.ferreterialavalleja.com/wp-content/uploads/2026/07/D_NQ_NP_2X_661647-MLU90066908226_082025-F.webp
15585	https://api.ferreterialavalleja.com/wp-content/uploads/2026/07/D_NQ_NP_2X_704005-MLU80274167712_112024-F.webp
15587	https://api.ferreterialavalleja.com/wp-content/uploads/2026/07/D_NQ_NP_2X_853746-MLU84504935782_052025-F.webp
15589	https://api.ferreterialavalleja.com/wp-content/uploads/2026/07/D_NQ_NP_2X_853746-MLU84504935782_052025-F-1.webp
15594	https://api.ferreterialavalleja.com/wp-content/uploads/2026/07/D_NQ_NP_2X_414901-MLU20440923626_102015-F.webp
15595	https://api.ferreterialavalleja.com/wp-content/uploads/2026/07/D_NQ_NP_2X_649600-MLU47457742476_092021-F.webp
15596	https://api.ferreterialavalleja.com/wp-content/uploads/2026/07/D_NQ_NP_2X_833131-MLU47457756474_092021-F.webp
15600	https://api.ferreterialavalleja.com/wp-content/uploads/2026/03/D_NQ_NP_2X_659520-MLU91144649403_082025-F.webp
15602	https://api.ferreterialavalleja.com/wp-content/uploads/2026/07/D_NQ_NP_2X_746474-MLU75184974204_032024-F.webp
15603	https://api.ferreterialavalleja.com/wp-content/uploads/2026/07/D_NQ_NP_2X_767728-MLU79115469422_092024-F.webp
15604	https://api.ferreterialavalleja.com/wp-content/uploads/2026/07/D_NQ_NP_2X_881281-MLU79115469428_092024-F.webp
15605	https://api.ferreterialavalleja.com/wp-content/uploads/2026/07/D_NQ_NP_2X_892400-MLU79115341922_092024-F.webp
15606	https://api.ferreterialavalleja.com/wp-content/uploads/2026/07/D_NQ_NP_2X_609567-MLU72755001362_112023-F.webp
15607	https://api.ferreterialavalleja.com/wp-content/uploads/2026/07/D_NQ_NP_2X_673412-MLA79585934340_102024-F.webp
15608	https://api.ferreterialavalleja.com/wp-content/uploads/2026/07/D_NQ_NP_2X_785073-MLA99583793464_122025-F.webp
15609	https://api.ferreterialavalleja.com/wp-content/uploads/2026/07/D_NQ_NP_2X_780727-MLA79586085330_102024-F.webp
15610	https://api.ferreterialavalleja.com/wp-content/uploads/2026/07/D_NQ_NP_2X_847447-MLA79586085318_102024-F.webp
15612	https://api.ferreterialavalleja.com/wp-content/uploads/2026/07/D_NQ_NP_2X_673412-MLA79585934340_102024-F-1.webp
15614	https://api.ferreterialavalleja.com/wp-content/uploads/2026/07/D_NQ_NP_2X_785073-MLA99583793464_122025-F-1.webp
15615	https://api.ferreterialavalleja.com/wp-content/uploads/2026/07/D_NQ_NP_2X_694114-MLU105817253818_022026-F.webp
15618	https://api.ferreterialavalleja.com/wp-content/uploads/2026/07/0086921_escoba-plastica-negra-30d-1.png
15619	https://api.ferreterialavalleja.com/wp-content/uploads/2026/07/D_NQ_NP_2X_928672-MLA96283000990_102025-F.webp
15621	https://api.ferreterialavalleja.com/wp-content/uploads/2026/07/D_NQ_NP_2X_612906-MLA93869039576_102025-F.webp
15622	https://api.ferreterialavalleja.com/wp-content/uploads/2026/07/D_NQ_NP_2X_649728-MLA93869234784_102025-F.webp
15623	https://api.ferreterialavalleja.com/wp-content/uploads/2026/07/D_NQ_NP_2X_733936-MLA93869195136_102025-F.webp
15625	https://api.ferreterialavalleja.com/wp-content/uploads/2026/07/42d96287c7f7fd9afe6ef2cd49ec8b5d.png
15626	https://api.ferreterialavalleja.com/wp-content/uploads/2026/07/51327164.webp
15627	https://api.ferreterialavalleja.com/wp-content/uploads/2026/07/D_NQ_NP_2X_846012-MLU77342607587_062024-F.webp
15630	https://api.ferreterialavalleja.com/wp-content/uploads/2023/06/D_NQ_NP_2X_907786-MLU97529730992_112025-F-1.webp
15631	https://api.ferreterialavalleja.com/wp-content/uploads/2023/06/D_NQ_NP_2X_858054-MLU97993054687_112025-F-1.webp
15632	https://api.ferreterialavalleja.com/wp-content/uploads/2023/06/D_NQ_NP_2X_907786-MLU97529730992_112025-F-1-1.webp
15633	https://api.ferreterialavalleja.com/wp-content/uploads/2023/06/D_NQ_NP_2X_924759-MLU97994165311_112025-F-1.webp
15634	https://api.ferreterialavalleja.com/wp-content/uploads/2023/06/D_NQ_NP_2X_924759-MLU97994165311_112025-F.webp
15636	https://api.ferreterialavalleja.com/wp-content/uploads/2026/07/0023486_nivel-aluminio-20-ciman-nii020-uyustools_600.jpeg
15638	https://api.ferreterialavalleja.com/wp-content/uploads/2026/07/D_NQ_NP_977693-MLC80811409642_112024-O-nivel-aluminio-c-iman-3-burbujas-20-pulgadas-50cm-uyust.webp
15639	https://api.ferreterialavalleja.com/wp-content/uploads/2026/07/0023486_nivel-aluminio-20-ciman-nii020-uyustools_600-1.jpeg
15640	https://api.ferreterialavalleja.com/wp-content/uploads/2026/07/D_NQ_NP_2X_848666-MLA95137797088_102025-F.webp
15642	https://api.ferreterialavalleja.com/wp-content/uploads/2026/07/G.1.jpg
15645	https://api.ferreterialavalleja.com/wp-content/uploads/2026/07/D_NQ_NP_2X_979378-MLU81846550550_012025-F.webp
15647	https://api.ferreterialavalleja.com/wp-content/uploads/2026/07/G.1-1.jpg
15649	https://api.ferreterialavalleja.com/wp-content/uploads/2026/07/D_NQ_NP_2X_613342-MLU111027030864_052026-F.webp
15650	https://api.ferreterialavalleja.com/wp-content/uploads/2026/07/D_NQ_NP_2X_831080-MLU111026941440_052026-F.webp
15651	https://api.ferreterialavalleja.com/wp-content/uploads/2026/07/D_NQ_NP_2X_907461-MLU111028516172_052026-F.webp
15652	https://api.ferreterialavalleja.com/wp-content/uploads/2026/07/D_NQ_NP_2X_962874-MLU112004014371_052026-F.webp
15655	https://api.ferreterialavalleja.com/wp-content/uploads/2026/07/D_NQ_NP_2X_605774-MLU72118343950_102023-F.webp
15656	https://api.ferreterialavalleja.com/wp-content/uploads/2026/07/D_NQ_NP_2X_651617-MLU70451005686_072023-F.webp
15657	https://api.ferreterialavalleja.com/wp-content/uploads/2026/07/D_NQ_NP_2X_640840-MLU110702162671_042026-F.webp
15658	https://api.ferreterialavalleja.com/wp-content/uploads/2026/07/D_NQ_NP_2X_627762-MLU70435102336_072023-F.webp
15659	https://api.ferreterialavalleja.com/wp-content/uploads/2026/07/D_NQ_NP_2X_664846-MLU72179078555_102023-F.webp
15660	https://api.ferreterialavalleja.com/wp-content/uploads/2026/07/D_NQ_NP_2X_712695-MLU70460767271_072023-F.webp
15661	https://api.ferreterialavalleja.com/wp-content/uploads/2026/07/D_NQ_NP_2X_605774-MLU72118343950_102023-F-1.webp
15662	https://api.ferreterialavalleja.com/wp-content/uploads/2026/07/D_NQ_NP_2X_736043-MLU70460825289_072023-F.webp
15663	https://api.ferreterialavalleja.com/wp-content/uploads/2026/07/D_NQ_NP_2X_771543-MLU96236403431_102025-F.webp
15665	https://api.ferreterialavalleja.com/wp-content/uploads/2026/07/D_NQ_NP_2X_645395-MLU77015133369_062024-F.webp
15666	https://api.ferreterialavalleja.com/wp-content/uploads/2026/07/D_NQ_NP_2X_655731-MLU103359207654_012026-F.webp
15667	https://api.ferreterialavalleja.com/wp-content/uploads/2026/07/D_NQ_NP_2X_655731-MLU103359207654_012026-F-1.webp
15669	https://api.ferreterialavalleja.com/wp-content/uploads/2026/07/D_NQ_NP_2X_605537-MLU95285532046_102025-F-1.webp
15670	https://api.ferreterialavalleja.com/wp-content/uploads/2026/07/D_NQ_NP_2X_605537-MLU95285532046_102025-F-1-1.webp
15671	https://api.ferreterialavalleja.com/wp-content/uploads/2026/07/D_NQ_NP_2X_670551-MLU69949573222_062023-F.webp
15672	https://api.ferreterialavalleja.com/wp-content/uploads/2026/07/D_NQ_NP_2X_707129-MLU69949725622_062023-F.webp
15675	https://api.ferreterialavalleja.com/wp-content/uploads/2026/07/D_NQ_NP_2X_838669-MLU105969577850_022026-F.webp
15676	https://api.ferreterialavalleja.com/wp-content/uploads/2026/07/D_NQ_NP_2X_611373-MLU106585078231_022026-F.webp
15677	https://api.ferreterialavalleja.com/wp-content/uploads/2026/07/D_NQ_NP_2X_910394-MLU105969458326_022026-F.webp
15678	https://api.ferreterialavalleja.com/wp-content/uploads/2026/07/D_NQ_NP_2X_635239-MLU79906036959_102024-F.webp
15681	https://api.ferreterialavalleja.com/wp-content/uploads/2026/07/D_NQ_NP_2X_958930-MLU70325438433_072023-F.webp
15682	https://api.ferreterialavalleja.com/wp-content/uploads/2026/07/D_NQ_NP_2X_828714-MLU70302155574_072023-F.webp
15684	https://api.ferreterialavalleja.com/wp-content/uploads/2026/07/D_NQ_NP_2X_747467-MLU81791541234_012025-F.webp
15686	https://api.ferreterialavalleja.com/wp-content/uploads/2026/07/D_NQ_NP_2X_679341-MLU93700704351_092025-F.webp
15687	https://api.ferreterialavalleja.com/wp-content/uploads/2026/07/D_NQ_NP_2X_671590-MLU93284024848_092025-F.webp
15689	https://api.ferreterialavalleja.com/wp-content/uploads/2026/07/TIRAGE-UNIVERSEL-POMEROL-NOIR-1.webp
15692	https://api.ferreterialavalleja.com/wp-content/uploads/2026/07/D_NQ_NP_918294-MLA94705663238_102025-O.webp
15695	https://api.ferreterialavalleja.com/wp-content/uploads/2026/07/OIP-26.webp
15697	https://api.ferreterialavalleja.com/wp-content/uploads/2026/07/descargar.webp
15698	https://api.ferreterialavalleja.com/wp-content/uploads/2026/07/D_NQ_NP_712261-MLA84514987045_052025-O.webp
15700	https://api.ferreterialavalleja.com/wp-content/uploads/2026/07/OIP-26-1.webp
15708	https://api.ferreterialavalleja.com/wp-content/uploads/2026/07/D_NQ_NP_870729-MLC48888973167_012022-O.jpg
15714	https://api.ferreterialavalleja.com/wp-content/uploads/2026/07/D_NQ_NP_2X_622857-MLU41311448544_042020-F.webp
15716	https://api.ferreterialavalleja.com/wp-content/uploads/2026/07/D_NQ_NP_2X_733932-MLU93991574989_102025-F.webp
15717	https://api.ferreterialavalleja.com/wp-content/uploads/2026/07/D_NQ_NP_2X_813858-MLU86883862276_072025-F.webp
15719	https://api.ferreterialavalleja.com/wp-content/uploads/2026/07/D_NQ_NP_2X_702406-MLU113928144527_062026-F.webp
15720	https://api.ferreterialavalleja.com/wp-content/uploads/2026/07/D_NQ_NP_2X_714378-MLU113928554697_062026-F.webp
15721	https://api.ferreterialavalleja.com/wp-content/uploads/2026/07/D_Q_NP_617858-MLU113928791343_062026-R.webp
15722	https://api.ferreterialavalleja.com/wp-content/uploads/2026/07/D_NQ_NP_2X_663183-MLU113928554693_062026-F.webp
15724	https://api.ferreterialavalleja.com/wp-content/uploads/2026/07/D_NQ_NP_2X_747493-MLU74999295574_032024-F.webp
15725	https://api.ferreterialavalleja.com/wp-content/uploads/2026/07/D_NQ_NP_2X_976665-MLA92777467407_092025-F.webp
15726	https://api.ferreterialavalleja.com/wp-content/uploads/2026/07/D_NQ_NP_2X_988512-MLU75139004249_032024-F.webp
15727	https://api.ferreterialavalleja.com/wp-content/uploads/2026/07/D_NQ_NP_2X_762888-MLA95535616774_102025-F.webp
15728	https://api.ferreterialavalleja.com/wp-content/uploads/2026/07/D_NQ_NP_2X_961505-MLU74998361768_032024-F.webp
15730	https://api.ferreterialavalleja.com/wp-content/uploads/2026/07/D_NQ_NP_2X_814981-MLA110792364232_052026-F.webp
15731	https://api.ferreterialavalleja.com/wp-content/uploads/2026/07/D_NQ_NP_2X_610480-MLU77736086406_072024-F.webp
15732	https://api.ferreterialavalleja.com/wp-content/uploads/2026/07/D_NQ_NP_2X_910120-MLA110792336840_052026-F.webp
15733	https://api.ferreterialavalleja.com/wp-content/uploads/2026/07/D_NQ_NP_2X_745668-MLA111753595163_052026-F.webp
15734	https://api.ferreterialavalleja.com/wp-content/uploads/2026/07/D_NQ_NP_2X_946439-MLU77380359139_072024-F.webp
15736	https://api.ferreterialavalleja.com/wp-content/uploads/2026/07/51c3911cb7f81b696151e63f03caac4e.png
15737	https://api.ferreterialavalleja.com/wp-content/uploads/2026/07/0cbb661ae1d9751a5f2585ee293e16bf.png
15738	https://api.ferreterialavalleja.com/wp-content/uploads/2026/07/e5157e6df7df0541d0b90ec22ba546f4.png
15739	https://api.ferreterialavalleja.com/wp-content/uploads/2026/07/54f3eea30b05020d95c0af1e53d4b878.png
15740	https://api.ferreterialavalleja.com/wp-content/uploads/2026/07/acbd36a4619481492f6b9e9d24467ef7.png
15741	https://api.ferreterialavalleja.com/wp-content/uploads/2026/07/D_NQ_NP_2X_912386-MLU77602470677_072024-F.webp
15743	https://api.ferreterialavalleja.com/wp-content/uploads/2026/07/D_NQ_NP_2X_687367-MLU84220395834_052025-F.webp
15745	https://api.ferreterialavalleja.com/wp-content/uploads/2026/07/D_NQ_NP_2X_669333-MLU72958998731_112023-F.webp
15747	https://api.ferreterialavalleja.com/wp-content/uploads/2026/07/D_NQ_NP_909263-MLU72316966423_102023-O.webp
15749	https://api.ferreterialavalleja.com/wp-content/uploads/2025/09/D_NQ_NP_948560-MLU75540711336_042024-O.webp
15753	https://api.ferreterialavalleja.com/wp-content/uploads/2026/07/D_NQ_NP_2X_918246-MLU69940260907_062023-F.webp
15754	https://api.ferreterialavalleja.com/wp-content/uploads/2026/07/D_NQ_NP_2X_964791-MLU110594293490_052026-F.webp
15756	https://api.ferreterialavalleja.com/wp-content/uploads/2026/07/D_NQ_NP_2X_952434-MLA94267290194_102025-F.webp
15758	https://api.ferreterialavalleja.com/wp-content/uploads/2026/07/D_NQ_NP_2X_719816-MLU54104612043_032023-F.webp
15760	https://api.ferreterialavalleja.com/wp-content/uploads/2026/07/D_NQ_NP_2X_630890-MLU88362992757_072025-F.webp
15761	https://api.ferreterialavalleja.com/wp-content/uploads/2026/07/D_NQ_NP_2X_980013-MLU98866572409_112025-F.webp
15762	https://api.ferreterialavalleja.com/wp-content/uploads/2026/07/D_NQ_NP_2X_851366-MLU98866422633_112025-F.webp
15763	https://api.ferreterialavalleja.com/wp-content/uploads/2026/07/D_NQ_NP_2X_833118-MLU98867260789_112025-F.webp
15764	https://api.ferreterialavalleja.com/wp-content/uploads/2026/07/D_NQ_NP_2X_816884-MLU81702159532_012025-F.webp
15768	https://api.ferreterialavalleja.com/wp-content/uploads/2026/07/D_NQ_NP_2X_700619-MLU109362467032_042026-F.webp
15769	https://api.ferreterialavalleja.com/wp-content/uploads/2026/07/D_NQ_NP_2X_718103-MLU110220229679_042026-F.webp
15770	https://api.ferreterialavalleja.com/wp-content/uploads/2026/07/D_NQ_NP_2X_950548-MLA99871134885_112025-F.webp
15771	https://api.ferreterialavalleja.com/wp-content/uploads/2026/07/D_NQ_NP_2X_947622-MLU109362438458_042026-F.webp
15774	https://api.ferreterialavalleja.com/wp-content/uploads/2023/07/994d642e-71d5-4646-b616-c99373c2bda9.c9c2a611b702b71f30336487c57e6af5.avif
15775	https://api.ferreterialavalleja.com/wp-content/uploads/2023/07/3bb509cb-b669-4c88-8232-5a6c056d4690.1024a8ca3e47d36b689f640a0cb4e546.avif
15778	https://api.ferreterialavalleja.com/wp-content/uploads/2026/07/D_NQ_NP_2X_959683-MLU70632848981_072023-F.webp
15787	https://api.ferreterialavalleja.com/wp-content/uploads/2026/07/D_NQ_NP_2X_751012-MLU84097895788_052025-F.webp
15788	https://api.ferreterialavalleja.com/wp-content/uploads/2026/07/D_NQ_NP_2X_685706-MLU84097766872_052025-F.webp
15789	https://api.ferreterialavalleja.com/wp-content/uploads/2026/07/D_NQ_NP_2X_847439-MLU84097776974_052025-F.webp
15790	https://api.ferreterialavalleja.com/wp-content/uploads/2026/07/D_NQ_NP_2X_714727-MLU84097609340_052025-F.webp
15794	https://api.ferreterialavalleja.com/wp-content/uploads/2026/07/D_NQ_NP_2X_712828-MLA95526067342_102025-F.webp
15798	https://api.ferreterialavalleja.com/wp-content/uploads/2026/07/Cinta_carga_porta_equipaje_x4_25mmx5mtrs_catraca_Wokin.jpg
15799	https://api.ferreterialavalleja.com/wp-content/uploads/2023/06/Escuadra_Carpintero_8_Metalica_Wokin_1.jpg
15801	https://api.ferreterialavalleja.com/wp-content/uploads/2026/07/public.webp
15804	https://api.ferreterialavalleja.com/wp-content/uploads/2026/07/D_NQ_NP_2X_829524-MLA113762275111_062026-F.webp
15806	https://api.ferreterialavalleja.com/wp-content/uploads/2026/07/D_NQ_NP_2X_707688-MLU54945581689_042023-F-1.webp
15807	https://api.ferreterialavalleja.com/wp-content/uploads/2026/07/D_NQ_NP_2X_981432-MLU109713349267_032026-F.webp
15808	https://api.ferreterialavalleja.com/wp-content/uploads/2026/07/D_NQ_NP_2X_737300-MLU109713349491_032026-F.webp
15809	https://api.ferreterialavalleja.com/wp-content/uploads/2026/07/D_NQ_NP_2X_695711-MLU110662007229_042026-F.webp
15810	https://api.ferreterialavalleja.com/wp-content/uploads/2026/07/D_NQ_NP_2X_890099-MLU110662128095_042026-F.webp
15812	https://api.ferreterialavalleja.com/wp-content/uploads/2026/07/D_NQ_NP_900637-MLC48483455812_122021-O.webp
15814	https://api.ferreterialavalleja.com/wp-content/uploads/2026/07/D_NQ_NP_929094-MLU107817575271_022026-O.webp
15816	https://api.ferreterialavalleja.com/wp-content/uploads/2026/07/D_NQ_NP_2X_817144-MLU80308994497_102024-F.webp
15817	https://api.ferreterialavalleja.com/wp-content/uploads/2026/07/D_NQ_NP_2X_683090-MLU80308994487_102024-F.webp
15818	https://api.ferreterialavalleja.com/wp-content/uploads/2026/07/D_NQ_NP_2X_863079-MLU80308994503_102024-F.webp
15819	https://api.ferreterialavalleja.com/wp-content/uploads/2026/07/D_NQ_NP_2X_613801-MLU80308994495_102024-F.webp
15820	https://api.ferreterialavalleja.com/wp-content/uploads/2026/07/D_NQ_NP_2X_976850-MLU80308994493_102024-F.webp
15821	https://api.ferreterialavalleja.com/wp-content/uploads/2026/07/D_NQ_NP_2X_888072-MLU89606458384_082025-F.webp
15825	https://api.ferreterialavalleja.com/wp-content/uploads/2026/07/D_NQ_NP_2X_626299-MLA99904178623_112025-F.webp
15826	https://api.ferreterialavalleja.com/wp-content/uploads/2026/07/D_NQ_NP_2X_884018-MLA113156262227_062026-F.webp
15827	https://api.ferreterialavalleja.com/wp-content/uploads/2026/07/D_NQ_NP_2X_994170-MLA113156174119_062026-F.webp
15829	https://api.ferreterialavalleja.com/wp-content/uploads/2026/07/D_NQ_NP_2X_751998-MLA111916751892_062026-F.webp
15830	https://api.ferreterialavalleja.com/wp-content/uploads/2026/07/D_NQ_NP_2X_996411-MLA111916900468_062026-F.webp
15831	https://api.ferreterialavalleja.com/wp-content/uploads/2026/07/D_NQ_NP_2X_618894-MLA100080957197_122025-F.webp
15833	https://api.ferreterialavalleja.com/wp-content/uploads/2026/03/D_NQ_NP_2X_687869-MLU111187235535_052026-F.webp
15834	https://api.ferreterialavalleja.com/wp-content/uploads/2026/03/D_NQ_NP_2X_920835-MLU110261092906_052026-F.webp
15835	https://api.ferreterialavalleja.com/wp-content/uploads/2026/03/D_NQ_NP_2X_604399-MLU110261093212_052026-F.webp
15836	https://api.ferreterialavalleja.com/wp-content/uploads/2026/03/D_NQ_NP_2X_652673-MLU111187530811_052026-F.webp
15841	https://api.ferreterialavalleja.com/wp-content/uploads/2026/07/5aa4f3bb0b7f683e009b9f605e4f1c85.png
15843	https://api.ferreterialavalleja.com/wp-content/uploads/2026/07/03591c768bb31c0a70e244c6e44d4ed4.png
15845	https://api.ferreterialavalleja.com/wp-content/uploads/2026/07/3e3a8aeb1ba1d792f30577243cafeaac.png
15848	https://api.ferreterialavalleja.com/wp-content/uploads/2026/07/D_NQ_NP_2X_766166-MLU107962813301_032026-F.webp
15850	https://api.ferreterialavalleja.com/wp-content/uploads/2026/07/D_Q_NP_2X_916701-MLA80513133651_112024-F.webp
15852	https://api.ferreterialavalleja.com/wp-content/uploads/2026/07/726709.webp
15854	https://api.ferreterialavalleja.com/wp-content/uploads/2026/07/467d320ecc9604380a95daf61b1c568e.png
15856	https://api.ferreterialavalleja.com/wp-content/uploads/2026/07/74ff05ddc1a50c39df76095045ea7470.png
15857	https://api.ferreterialavalleja.com/wp-content/uploads/2026/07/aa40da839413a27ab0380d4b384329d4.png
15858	https://api.ferreterialavalleja.com/wp-content/uploads/2026/07/c31655848e8488e348fd798e7957e7ec.png
15862	https://api.ferreterialavalleja.com/wp-content/uploads/2026/07/D_NQ_NP_2X_933391-MLU76683665652_062024-F.webp
15864	https://api.ferreterialavalleja.com/wp-content/uploads/2026/07/D_NQ_NP_2X_911452-MLA99915304509_112025-F-1.webp
15866	https://api.ferreterialavalleja.com/wp-content/uploads/2026/07/D_NQ_NP_2X_911452-MLA99915304509_112025-F-1-1.webp
15869	https://api.ferreterialavalleja.com/wp-content/uploads/2026/07/OIP-27.webp
15871	https://api.ferreterialavalleja.com/wp-content/uploads/2026/07/asfalkote-300x300-1.webp
15873	https://api.ferreterialavalleja.com/wp-content/uploads/2026/07/asfalkote-300x300-2.webp
15877	https://api.ferreterialavalleja.com/wp-content/uploads/2026/07/D_NQ_NP_2X_628216-MLA113358778775_062026-F.webp
15878	https://api.ferreterialavalleja.com/wp-content/uploads/2026/07/D_NQ_NP_2X_631829-MLA113357959585_062026-F.webp
15879	https://api.ferreterialavalleja.com/wp-content/uploads/2026/07/D_NQ_NP_2X_876349-MLA113358807751_062026-F.webp
15884	https://api.ferreterialavalleja.com/wp-content/uploads/2026/07/D_NQ_NP_2X_728423-MLA103023362306_012026-F.webp
15885	https://api.ferreterialavalleja.com/wp-content/uploads/2026/07/D_NQ_NP_2X_985188-MLU112336700991_052026-F.webp
15887	https://api.ferreterialavalleja.com/wp-content/uploads/2026/07/D_NQ_NP_2X_920444-MLA109562231475_032026-F.webp
15889	https://api.ferreterialavalleja.com/wp-content/uploads/2026/07/208120.jpg
15891	https://api.ferreterialavalleja.com/wp-content/uploads/2026/07/208121.jpg
15893	https://api.ferreterialavalleja.com/wp-content/uploads/2026/07/D_NQ_NP_2X_889490-MLU79112065562_092024-F.webp
15895	https://api.ferreterialavalleja.com/wp-content/uploads/2026/07/D_NQ_NP_2X_652587-MLU82576111346_032025-F.webp
15896	https://api.ferreterialavalleja.com/wp-content/uploads/2026/07/D_NQ_NP_2X_815109-MLU46258980138_062021-F.webp
15897	https://api.ferreterialavalleja.com/wp-content/uploads/2026/07/D_NQ_NP_2X_734357-MLU74553146745_022024-F.webp
15899	https://api.ferreterialavalleja.com/wp-content/uploads/2026/07/D_NQ_NP_2X_808429-MLU42250193537_062020-F.webp
15901	https://api.ferreterialavalleja.com/wp-content/uploads/2026/07/D_NQ_NP_2X_871227-MLA109110674995_032026-F.webp
15902	https://api.ferreterialavalleja.com/wp-content/uploads/2026/07/D_NQ_NP_2X_716164-MLA109110945561_032026-F.webp
15903	https://api.ferreterialavalleja.com/wp-content/uploads/2026/07/D_NQ_NP_2X_871227-MLA109110674995_032026-F-1.webp
15905	https://api.ferreterialavalleja.com/wp-content/uploads/2026/07/D_NQ_NP_2X_716164-MLA109110945561_032026-F-1.webp
15906	https://api.ferreterialavalleja.com/wp-content/uploads/2026/07/D_NQ_NP_2X_638619-MLA109112726813_032026-F.webp
15911	https://api.ferreterialavalleja.com/wp-content/uploads/2026/07/D_NQ_NP_861293-MLU70767192173_072023-O-1.webp
15914	https://api.ferreterialavalleja.com/wp-content/uploads/2026/07/D_NQ_NP_2X_893156-MLU110077747985_042026-F-1.webp
15916	https://api.ferreterialavalleja.com/wp-content/uploads/2026/07/productos34_9069.webp
15918	https://api.ferreterialavalleja.com/wp-content/uploads/2026/07/D_NQ_NP_2X_790540-MLU112808913383_062026-F.webp
15920	https://api.ferreterialavalleja.com/wp-content/uploads/2026/07/D_NQ_NP_2X_942219-MLU112809836183_062026-F.webp
15922	https://api.ferreterialavalleja.com/wp-content/uploads/2026/07/D_NQ_NP_2X_817180-MLU112808915241_062026-F.webp
15924	https://api.ferreterialavalleja.com/wp-content/uploads/2026/07/D_NQ_NP_2X_932204-MLA111721582434_062026-F.webp
15927	https://api.ferreterialavalleja.com/wp-content/uploads/2026/07/D_NQ_NP_747938-MLU81313694383_122024-O-1.webp
15929	https://api.ferreterialavalleja.com/wp-content/uploads/2026/07/productos35_11128.webp
15930	https://api.ferreterialavalleja.com/wp-content/uploads/2026/07/MEGAWELD-PUNTA-DE-CONTACTO-1.0-M8-600x600-1.jpg
15933	https://api.ferreterialavalleja.com/wp-content/uploads/2026/07/D_NQ_NP_2X_651468-MLA92877794165_092025-F.webp
15935	https://api.ferreterialavalleja.com/wp-content/uploads/2026/07/productos34_9768.webp
15937	https://api.ferreterialavalleja.com/wp-content/uploads/2026/07/D_NQ_NP_2X_781593-MLU106387825384_022026-F.webp
15938	https://api.ferreterialavalleja.com/wp-content/uploads/2026/07/D_NQ_NP_2X_602923-MLU77485219677_072024-F.webp
15942	https://api.ferreterialavalleja.com/wp-content/uploads/2026/07/D_NQ_NP_757660-MLU74089584574_012024-O.webp
15943	https://api.ferreterialavalleja.com/wp-content/uploads/2026/07/w1200h1200fitcover.webp
15945	https://api.ferreterialavalleja.com/wp-content/uploads/2026/07/OIP-28.webp
15947	https://api.ferreterialavalleja.com/wp-content/uploads/2026/07/550x550.jpg
15949	https://api.ferreterialavalleja.com/wp-content/uploads/2026/07/D_NQ_NP_2X_898406-MLU113286977278_072026-F.webp
15950	https://api.ferreterialavalleja.com/wp-content/uploads/2026/07/D_NQ_NP_2X_919703-MLU114529297557_072026-F.webp
15951	https://api.ferreterialavalleja.com/wp-content/uploads/2026/07/D_NQ_NP_2X_683324-MLU113286147426_072026-F.webp
15952	https://api.ferreterialavalleja.com/wp-content/uploads/2026/07/D_NQ_NP_2X_973851-MLU113285972772_072026-F.webp
15953	https://api.ferreterialavalleja.com/wp-content/uploads/2026/07/D_NQ_NP_2X_931118-MLU114486332873_072026-F.webp
15958	https://api.ferreterialavalleja.com/wp-content/uploads/2026/07/D_NQ_NP_2X_703236-MLA99601154508_122025-F.webp
15961	https://api.ferreterialavalleja.com/wp-content/uploads/2026/07/D_NQ_NP_2X_703236-MLA99601154508_122025-F-1.webp
15971	https://api.ferreterialavalleja.com/wp-content/uploads/2026/07/D_NQ_NP_2X_678805-MLA109748593161_032026-F.webp
15972	https://api.ferreterialavalleja.com/wp-content/uploads/2026/07/D_NQ_NP_2X_718033-MLA109748593157_032026-F.webp
15973	https://api.ferreterialavalleja.com/wp-content/uploads/2026/07/D_NQ_NP_2X_878336-MLA109750201961_032026-F.webp
15974	https://api.ferreterialavalleja.com/wp-content/uploads/2026/07/D_NQ_NP_2X_701675-MLA109749399151_032026-F.webp
15975	https://api.ferreterialavalleja.com/wp-content/uploads/2026/07/D_NQ_NP_2X_695468-MLA108923994070_032026-F.webp
15977	https://api.ferreterialavalleja.com/wp-content/uploads/2026/07/D_NQ_NP_2X_653657-MLA100072564405_122025-F.webp
15981	https://api.ferreterialavalleja.com/wp-content/uploads/2026/03/D_NQ_NP_2X_919038-MLU106704002300_022026-F.webp
15983	https://api.ferreterialavalleja.com/wp-content/uploads/2023/06/D_NQ_NP_2X_695611-MLA107368621471_022026-F.webp
15985	https://api.ferreterialavalleja.com/wp-content/uploads/2026/07/Copia-de-RIENDA-Y-ATILLO-1024x683-1.jpg
15987	https://api.ferreterialavalleja.com/wp-content/uploads/2023/06/Copia-de-RIENDA-Y-ATILLO-1024x683-1.jpg
15988	https://api.ferreterialavalleja.com/wp-content/uploads/2023/06/OIP-29.webp
15989	https://api.ferreterialavalleja.com/wp-content/uploads/2023/06/trellising-1-600x800-1.jpg
15990	https://api.ferreterialavalleja.com/wp-content/uploads/2023/06/istockphoto-186883785-170667a.jpg
15991	https://api.ferreterialavalleja.com/wp-content/uploads/2023/06/6982.jpg
15995	https://api.ferreterialavalleja.com/wp-content/uploads/2026/07/D_NQ_NP_2X_601023-MLU95847853551_102025-F.webp
15996	https://api.ferreterialavalleja.com/wp-content/uploads/2026/07/D_NQ_NP_2X_987618-MLU95848102651_102025-F.webp
15998	https://api.ferreterialavalleja.com/wp-content/uploads/2026/07/Copia-de-Alambres-n18-x-5-x-3-900x600-1.jpg
16000	https://api.ferreterialavalleja.com/wp-content/uploads/2026/07/Copia-de-Alambres-n19-x-5-x-3-600x400-1.jpg
16001	https://api.ferreterialavalleja.com/wp-content/uploads/2026/07/D_NQ_NP_2X_601023-MLU95847853551_102025-F-1.webp
16006	https://api.ferreterialavalleja.com/wp-content/uploads/2026/07/Copia-de-Alambres-18-600x400-1.jpg
16008	https://api.ferreterialavalleja.com/wp-content/uploads/2026/07/D_NQ_NP_2X_772880-MLA106067121895_012026-F.webp
16009	https://api.ferreterialavalleja.com/wp-content/uploads/2026/07/D_NQ_NP_2X_981771-MLA105474322410_012026-F.webp
16010	https://api.ferreterialavalleja.com/wp-content/uploads/2026/07/D_NQ_NP_2X_863017-MLA105474768320_012026-F.webp
16011	https://api.ferreterialavalleja.com/wp-content/uploads/2026/07/D_NQ_NP_2X_816113-MLA105471933726_012026-F.webp
16013	https://api.ferreterialavalleja.com/wp-content/uploads/2026/07/kit-herramientas-148-piezas-taladro-12v-total-thkthp41487.webp-2.webp
16015	https://api.ferreterialavalleja.com/wp-content/uploads/2026/07/D_NQ_NP_2X_738692-MLA101583295836_122025-F.webp
16017	https://api.ferreterialavalleja.com/wp-content/uploads/2026/07/D_NQ_NP_2X_935491-MLU104977281705_012026-F.webp
16018	https://api.ferreterialavalleja.com/wp-content/uploads/2026/07/D_NQ_NP_2X_860760-MLA99442299080_112025-F.webp
16019	https://api.ferreterialavalleja.com/wp-content/uploads/2026/07/D_NQ_NP_2X_980294-MLU104431049372_012026-F.webp
16022	https://api.ferreterialavalleja.com/wp-content/uploads/2026/07/D_NQ_NP_2X_828457-MLU105977817790_022026-F.webp
16024	https://api.ferreterialavalleja.com/wp-content/uploads/2026/07/D_NQ_NP_2X_665038-MLU94347345079_102025-F.webp
16026	https://api.ferreterialavalleja.com/wp-content/uploads/2024/12/D_NQ_NP_2X_755169-MLU93390679081_092025-F.webp
16027	https://api.ferreterialavalleja.com/wp-content/uploads/2024/12/D_NQ_NP_2X_749037-MLA92856884447_092025-F.webp
16029	https://api.ferreterialavalleja.com/wp-content/uploads/2026/07/D_NQ_NP_2X_816187-MLU72738741704_112023-F-1.webp
16030	https://api.ferreterialavalleja.com/wp-content/uploads/2026/07/D_NQ_NP_2X_744058-MLA113294959032_072026-F.webp
16031	https://api.ferreterialavalleja.com/wp-content/uploads/2026/07/D_NQ_NP_2X_826805-MLA114538472141_072026-F.webp
16032	https://api.ferreterialavalleja.com/wp-content/uploads/2026/07/D_NQ_NP_2X_686203-MLA113293150994_072026-F.webp
16033	https://api.ferreterialavalleja.com/wp-content/uploads/2026/07/D_NQ_NP_2X_705569-MLA92191570372_092025-F.webp
16034	https://api.ferreterialavalleja.com/wp-content/uploads/2026/07/D_NQ_NP_2X_924166-MLA92598215261_092025-F.webp
16036	https://api.ferreterialavalleja.com/wp-content/uploads/2026/07/D_NQ_NP_2X_947692-MLA114595015427_072026-F.webp
16037	https://api.ferreterialavalleja.com/wp-content/uploads/2026/07/D_NQ_NP_2X_973506-MLA82197412258_022025-F.webp
16038	https://api.ferreterialavalleja.com/wp-content/uploads/2026/07/D_NQ_NP_2X_973506-MLA82197412258_022025-F-1.webp
16039	https://api.ferreterialavalleja.com/wp-content/uploads/2026/07/D_NQ_NP_2X_984325-MLA82197412310_022025-F.webp
16040	https://api.ferreterialavalleja.com/wp-content/uploads/2026/07/D_NQ_NP_2X_925317-MLA82197426810_022025-F.webp
16041	https://api.ferreterialavalleja.com/wp-content/uploads/2026/07/D_NQ_NP_2X_867301-MLA82197426768_022025-F.webp
16042	https://api.ferreterialavalleja.com/wp-content/uploads/2026/07/D_NQ_NP_2X_984325-MLA82197412310_022025-F-1.webp
16046	https://api.ferreterialavalleja.com/wp-content/uploads/2025/04/D_NQ_NP_2X_770469-MLU99937658483_112025-F.webp
16047	https://api.ferreterialavalleja.com/wp-content/uploads/2025/04/D_NQ_NP_2X_803502-MLU99937658481_112025-F.webp
16048	https://api.ferreterialavalleja.com/wp-content/uploads/2025/04/D_NQ_NP_2X_952107-MLU112753650109_062026-F.webp
16049	https://api.ferreterialavalleja.com/wp-content/uploads/2025/04/D_NQ_NP_2X_822625-MLU99937658479_112025-F.webp
16051	https://api.ferreterialavalleja.com/wp-content/uploads/2026/08/Cinta-Enmascarar-Wurth-18mmx50m_3.png
16052	https://api.ferreterialavalleja.com/wp-content/uploads/2026/08/D_NQ_NP_790229-MLU109511534916_042026-O.webp
16054	https://api.ferreterialavalleja.com/wp-content/uploads/2026/08/macaneta_alavanca_de_reposicao_alianca_cromada_inox_premium_4411_1_3b7868e81a7d40b45f2ccce4c44136cc.webp
16056	https://api.ferreterialavalleja.com/wp-content/uploads/2026/08/D_NQ_NP_2X_954137-MLU76712692253_052024-F.webp
16057	https://api.ferreterialavalleja.com/wp-content/uploads/2026/08/D_NQ_NP_2X_654810-MLU76514573380_052024-F.webp
16058	https://api.ferreterialavalleja.com/wp-content/uploads/2026/08/D_NQ_NP_2X_961152-MLU76712712131_052024-F.webp
16059	https://api.ferreterialavalleja.com/wp-content/uploads/2026/08/D_NQ_NP_2X_793178-MLU76712692237_052024-F.webp
16061	https://api.ferreterialavalleja.com/wp-content/uploads/2026/08/D_NQ_NP_2X_753134-MLA79381981318_092024-F.webp
16063	https://api.ferreterialavalleja.com/wp-content/uploads/2026/08/177465-800-auto.webp
16064	https://api.ferreterialavalleja.com/wp-content/uploads/2026/08/D_NQ_NP_626226-MLA83470166374_042025-O.webp
16065	https://api.ferreterialavalleja.com/wp-content/uploads/2026/08/mecha-hss-cromada-22-0-x-210-mm-cola-rebajada-ct5256.webp
16068	https://api.ferreterialavalleja.com/wp-content/uploads/2026/08/D_NQ_NP_885166-MCO43978927271_112020-O-1.webp
16069	https://api.ferreterialavalleja.com/wp-content/uploads/2026/08/D_NQ_NP_2X_723890-MLU81208421635_122024-F.webp
16070	https://api.ferreterialavalleja.com/wp-content/uploads/2026/08/D_NQ_NP_2X_967791-MLA99985089553_112025-F.webp
16071	https://api.ferreterialavalleja.com/wp-content/uploads/2026/08/PINCELES-ATLAS.jpg
16072	https://api.ferreterialavalleja.com/wp-content/uploads/2026/08/D_NQ_NP_2X_673328-MLA92305057358_092025-F.webp
16073	https://api.ferreterialavalleja.com/wp-content/uploads/2026/08/D_NQ_NP_2X_927506-MLA92305116784_092025-F.webp
16074	https://api.ferreterialavalleja.com/wp-content/uploads/2026/08/D_NQ_NP_2X_664531-MLA92712748305_092025-F.webp
16075	https://api.ferreterialavalleja.com/wp-content/uploads/2026/08/D_NQ_NP_2X_666005-MLA99950871021_112025-F.webp
16077	https://api.ferreterialavalleja.com/wp-content/uploads/2026/08/D_NQ_NP_2X_664531-MLA92712748305_092025-F-1.webp
16080	https://api.ferreterialavalleja.com/wp-content/uploads/2026/08/D_NQ_NP_2X_764252-MLA95846228671_102025-F.webp
16083	https://api.ferreterialavalleja.com/wp-content/uploads/2026/08/10850.jpeg
16084	https://api.ferreterialavalleja.com/wp-content/uploads/2026/08/silverline-sledge-hammer-hickory-10lb-4-54kg-5024763006500_01c_MP.webp
16086	https://api.ferreterialavalleja.com/wp-content/uploads/2026/08/D_NQ_NP_2X_884070-MLU108099949973_032026-F.webp
16087	https://api.ferreterialavalleja.com/wp-content/uploads/2026/08/D_NQ_NP_2X_958169-MLU107387225916_032026-F.webp
16088	https://api.ferreterialavalleja.com/wp-content/uploads/2026/08/D_NQ_NP_2X_789759-MLU49875895799_052022-F.webp
16089	https://api.ferreterialavalleja.com/wp-content/uploads/2026/08/D_NQ_NP_2X_630470-MLU91213605733_082025-F.webp
16093	https://api.ferreterialavalleja.com/wp-content/uploads/2026/08/mecha-chata-para-madera-1-4-tramontina-mecha-chata-para-madera-1-4-tramontina.jpg
16095	https://api.ferreterialavalleja.com/wp-content/uploads/2026/08/1781893042904-D_842321-MLA108582095207_032026-O.webp
16097	https://api.ferreterialavalleja.com/wp-content/uploads/2026/08/D_NQ_NP_755023-MLA46373137634_062021-O.webp
16099	https://api.ferreterialavalleja.com/wp-content/uploads/2026/08/43144105PDM001G-1.jpg
16104	https://api.ferreterialavalleja.com/wp-content/uploads/2026/08/43144101EBM001G-1.webp
16105	https://api.ferreterialavalleja.com/wp-content/uploads/2026/08/mecha-chata-para-madera-3-4-tramontina-mecha-chata-para-madera-3-4-tramontina.jpg
16106	https://api.ferreterialavalleja.com/wp-content/uploads/2026/08/OIP-30.webp
16107	https://api.ferreterialavalleja.com/wp-content/uploads/2026/08/D_NQ_NP_890162-MLA46373144822_062021-O.webp
16108	https://api.ferreterialavalleja.com/wp-content/uploads/2026/08/OIP-31.webp
16110	https://api.ferreterialavalleja.com/wp-content/uploads/2026/08/OIP-32.webp
16111	https://api.ferreterialavalleja.com/wp-content/uploads/2023/10/jogo_de_brocas_chatas_6_pecas_fertak_827_1_50c3deb86fe2626f5f9733de47feb2f5.webp
16115	https://api.ferreterialavalleja.com/wp-content/uploads/2026/08/69828ce47d99a.webp
16116	https://api.ferreterialavalleja.com/wp-content/uploads/2026/08/69828ce4a08eb.webp
16117	https://api.ferreterialavalleja.com/wp-content/uploads/2026/08/69828ce48fece.webp
16118	https://api.ferreterialavalleja.com/wp-content/uploads/2026/08/69828ce4692bc-1.webp
16120	https://api.ferreterialavalleja.com/wp-content/uploads/2026/08/mensula-scaled-1.jpg
16122	https://api.ferreterialavalleja.com/wp-content/uploads/2026/08/D_NQ_NP_2X_874355-MLU89542343004_082025-F.webp
16125	https://api.ferreterialavalleja.com/wp-content/uploads/2026/08/51YAAKF5jfL._AC_SX679_.jpg
16127	https://api.ferreterialavalleja.com/wp-content/uploads/2026/08/OIP-33.webp
16129	https://api.ferreterialavalleja.com/wp-content/uploads/2026/08/R-08JW-609_00-2.avif
16133	https://api.ferreterialavalleja.com/wp-content/uploads/2026/08/s-l1600-3.jpg
16134	https://api.ferreterialavalleja.com/wp-content/uploads/2026/08/forged-iron-hotbed-pull-handle-152-x-18mm-black-antique-door-handle5056492561487_01c_MP.webp
16148	https://api.ferreterialavalleja.com/wp-content/uploads/2026/08/202402-clavos-espiralado-zincado.jpg
16150	https://api.ferreterialavalleja.com/wp-content/uploads/2026/08/D_NQ_NP_718799-MLU71094564784_082023-O.webp
16152	https://api.ferreterialavalleja.com/wp-content/uploads/2026/08/dcp310.webp
16155	https://api.ferreterialavalleja.com/wp-content/uploads/2026/08/D_NQ_NP_2X_804639-MLU75373809158_042024-F.webp
16156	https://api.ferreterialavalleja.com/wp-content/uploads/2026/08/D_NQ_NP_2X_760637-MLU78910218552_092024-F.webp
16157	https://api.ferreterialavalleja.com/wp-content/uploads/2026/08/D_NQ_NP_2X_925429-MLU75527017091_042024-F.webp
16158	https://api.ferreterialavalleja.com/wp-content/uploads/2026/08/D_NQ_NP_2X_816773-MLU78910043720_092024-F.webp
16159	https://api.ferreterialavalleja.com/wp-content/uploads/2026/08/D_NQ_NP_2X_760637-MLU78910218552_092024-F-1.webp
16160	https://api.ferreterialavalleja.com/wp-content/uploads/2026/08/D_NQ_NP_2X_683753-MLU78910218556_092024-F.webp
16161	https://api.ferreterialavalleja.com/wp-content/uploads/2026/08/631004.jpg
16166	https://api.ferreterialavalleja.com/wp-content/uploads/2026/08/LAMPAZO-1.webp
16168	https://api.ferreterialavalleja.com/wp-content/uploads/2023/06/132-2-100x100-1.jpg
16169	https://api.ferreterialavalleja.com/wp-content/uploads/2023/06/Slide1-17-1024x576-1.jpg
16170	https://api.ferreterialavalleja.com/wp-content/uploads/2023/06/132-1.jpg
16171	https://api.ferreterialavalleja.com/wp-content/uploads/2023/06/132-4.jpg
16172	https://api.ferreterialavalleja.com/wp-content/uploads/2023/06/132-5.jpg
16173	https://api.ferreterialavalleja.com/wp-content/uploads/2023/06/LAMPAZO-1-1.webp
16175	https://api.ferreterialavalleja.com/wp-content/uploads/2026/08/D_NQ_NP_2X_653347-MLA113072376374_072026-F.webp
16177	https://api.ferreterialavalleja.com/wp-content/uploads/2026/08/D_NQ_NP_2X_783061-MLU96075358148_102025-F.webp
16179	https://api.ferreterialavalleja.com/wp-content/uploads/2026/08/D_NQ_NP_2X_936492-MLU96518264629_102025-F.webp
16181	https://api.ferreterialavalleja.com/wp-content/uploads/2026/08/detergente-desinfectante-multiuso-px7-pack-1-2-lt-detergente-desinfectante-multiuso-px7-pack-1-2-lt.jpg
16184	https://api.ferreterialavalleja.com/wp-content/uploads/2026/08/D_NQ_NP_774410-MLA74149342906_012024-O.webp
16186	https://api.ferreterialavalleja.com/wp-content/uploads/2026/08/limpiador-px7-vidrios-c-gatillo-pronto-uso-1-2-litro-n-a.jpg
16188	https://api.ferreterialavalleja.com/wp-content/uploads/2026/08/D_NQ_NP_2X_974116-MLU114215711017_072026-F.webp
16190	https://api.ferreterialavalleja.com/wp-content/uploads/2026/08/D_NQ_NP_2X_974116-MLU114215711017_072026-F-1.webp
16191	https://api.ferreterialavalleja.com/wp-content/uploads/2026/08/OIP-34.webp
16193	https://api.ferreterialavalleja.com/wp-content/uploads/2026/08/OIP-35.webp
16195	https://api.ferreterialavalleja.com/wp-content/uploads/2025/01/D_NQ_NP_2X_624333-MLU78156766045_082024-F.webp
16199	https://api.ferreterialavalleja.com/wp-content/uploads/2026/08/D_NQ_NP_2X_624333-MLU78156766045_082024-F.webp
16203	https://api.ferreterialavalleja.com/wp-content/uploads/2026/08/D_NQ_NP_2X_624333-MLU78156766045_082024-F-1.webp
16208	https://api.ferreterialavalleja.com/wp-content/uploads/2026/08/OIP-57.jpeg
16210	https://api.ferreterialavalleja.com/wp-content/uploads/2026/08/OIP-57-1.jpeg
16212	https://api.ferreterialavalleja.com/wp-content/uploads/2026/08/D_NQ_NP_2X_614025-MLA79412456261_092024-F.webp
16214	https://api.ferreterialavalleja.com/wp-content/uploads/2026/08/D_NQ_NP_2X_643195-MLA99900429569_112025-F.webp
16216	https://api.ferreterialavalleja.com/wp-content/uploads/2026/08/D_NQ_NP_708004-MLM74435301881_022024-O-disco-corte-desbrozadora-60-dientes-10in.webp
16217	https://api.ferreterialavalleja.com/wp-content/uploads/2026/08/D_NQ_NP_2X_856619-MLA92928494639_092025-F.webp
16219	https://api.ferreterialavalleja.com/wp-content/uploads/2026/08/D_NQ_NP_2X_839833-MLU85006461624_052025-F.webp
16220	https://api.ferreterialavalleja.com/wp-content/uploads/2026/08/D_NQ_NP_2X_605660-MLU85006461620_052025-F.webp
16221	https://api.ferreterialavalleja.com/wp-content/uploads/2026/08/D_NQ_NP_2X_970684-MLU85307528719_052025-F.webp
16222	https://api.ferreterialavalleja.com/wp-content/uploads/2026/08/D_NQ_NP_2X_852516-MLU85006827666_052025-F.webp
16224	https://api.ferreterialavalleja.com/wp-content/uploads/2026/08/D_NQ_NP_2X_983467-MLU93568503708_102025-F.webp
16225	https://api.ferreterialavalleja.com/wp-content/uploads/2026/08/D_NQ_NP_2X_979702-MLU84617231474_052025-F.webp
16226	https://api.ferreterialavalleja.com/wp-content/uploads/2026/08/D_NQ_NP_2X_726742-MLU84617559494_052025-F.webp
16227	https://api.ferreterialavalleja.com/wp-content/uploads/2026/08/D_NQ_NP_2X_728169-MLU84617519584_052025-F.webp
16229	https://api.ferreterialavalleja.com/wp-content/uploads/2026/08/D_NQ_NP_2X_975314-MLU73510648840_122023-F.webp
16230	https://api.ferreterialavalleja.com/wp-content/uploads/2026/08/D_NQ_NP_2X_912872-MLU73510696868_122023-F.webp
16231	https://api.ferreterialavalleja.com/wp-content/uploads/2026/08/D_NQ_NP_2X_840517-MLU73510648838_122023-F.webp
16232	https://api.ferreterialavalleja.com/wp-content/uploads/2026/08/D_NQ_NP_2X_741467-MLU89651960993_082025-F.webp
16233	https://api.ferreterialavalleja.com/wp-content/uploads/2026/08/D_NQ_NP_2X_799594-MLU73510523980_122023-F.webp
16235	https://api.ferreterialavalleja.com/wp-content/uploads/2026/08/D_NQ_NP_2X_849504-MLU113287344156_072026-F.webp
16236	https://api.ferreterialavalleja.com/wp-content/uploads/2026/08/D_NQ_NP_2X_610074-MLU114530919735_072026-F.webp
16237	https://api.ferreterialavalleja.com/wp-content/uploads/2026/08/D_NQ_NP_2X_676121-MLU113287354820_072026-F.webp
16238	https://api.ferreterialavalleja.com/wp-content/uploads/2026/08/D_NQ_NP_2X_959795-MLU113287354516_072026-F.webp
16239	https://api.ferreterialavalleja.com/wp-content/uploads/2026/08/D_NQ_NP_2X_604931-MLA86046152783_062025-F.webp
16240	https://api.ferreterialavalleja.com/wp-content/uploads/2026/08/D_NQ_NP_2X_676121-MLU113287354820_072026-F-1.webp
16243	https://api.ferreterialavalleja.com/wp-content/uploads/2026/08/D_NQ_NP_2X_829048-MLU110800544361_042026-F.webp
16244	https://api.ferreterialavalleja.com/wp-content/uploads/2026/08/D_Q_NP_625143-MLU110801255913_042026-R.webp
16245	https://api.ferreterialavalleja.com/wp-content/uploads/2026/08/D_NQ_NP_658917-MLU109899343810_042026-O.webp
16249	https://api.ferreterialavalleja.com/wp-content/uploads/2026/08/D_NQ_NP_2X_908038-MLU77879630362_082024-F.webp
16250	https://api.ferreterialavalleja.com/wp-content/uploads/2026/08/D_NQ_NP_2X_925367-MLU77879600774_082024-F.webp
16251	https://api.ferreterialavalleja.com/wp-content/uploads/2026/08/D_NQ_NP_2X_976371-MLA103498451042_012026-F.webp
16252	https://api.ferreterialavalleja.com/wp-content/uploads/2026/08/D_NQ_NP_2X_837304-MLA104021239101_012026-F.webp
16253	https://api.ferreterialavalleja.com/wp-content/uploads/2026/08/balanza-2026-04-07T112143.736-1000x1000-1.jpg
16255	https://api.ferreterialavalleja.com/wp-content/uploads/2026/08/D_NQ_NP_2X_986028-MLU90377791918_082025-F.webp
16258	https://api.ferreterialavalleja.com/wp-content/uploads/2026/08/D_NQ_NP_2X_872735-MLU95732894558_102025-F.webp
16259	https://api.ferreterialavalleja.com/wp-content/uploads/2026/08/D_NQ_NP_2X_872735-MLU95732894558_102025-F-1.webp
16260	https://api.ferreterialavalleja.com/wp-content/uploads/2026/08/D_NQ_NP_2X_783247-MLU96175595937_102025-F.webp
16261	https://api.ferreterialavalleja.com/wp-content/uploads/2026/08/D_NQ_NP_2X_733673-MLU96177008469_102025-F.webp
16263	https://api.ferreterialavalleja.com/wp-content/uploads/2026/08/D_NQ_NP_2X_729219-MLU97564991695_112025-F.webp
16264	https://api.ferreterialavalleja.com/wp-content/uploads/2026/08/D_NQ_NP_2X_631377-MLU104788602599_012026-F.webp
16265	https://api.ferreterialavalleja.com/wp-content/uploads/2026/08/D_NQ_NP_2X_763410-MLU104789493607_012026-F.webp
16267	https://api.ferreterialavalleja.com/wp-content/uploads/2026/08/D_NQ_NP_2X_829467-MLU79440102690_102024-F.webp
16268	https://api.ferreterialavalleja.com/wp-content/uploads/2026/08/D_NQ_NP_2X_976148-MLU79686105041_102024-F.webp
16269	https://api.ferreterialavalleja.com/wp-content/uploads/2026/08/D_NQ_NP_885563-MLB77351700856_072024-O-valvula-ralo-click-luxo-inteligente-inox-pcuba-34-dourada.webp
16272	https://api.ferreterialavalleja.com/wp-content/uploads/2026/08/D_NQ_NP_2X_666943-MLA96669603369_102025-F.webp
16273	https://api.ferreterialavalleja.com/wp-content/uploads/2026/08/D_NQ_NP_2X_777713-MLA96426209119_102025-F.webp
16275	https://api.ferreterialavalleja.com/wp-content/uploads/2026/08/D_NQ_NP_2X_860002-MLU94156934923_102025-F.webp
16278	https://api.ferreterialavalleja.com/wp-content/uploads/2026/08/D_NQ_NP_2X_916737-MLU42446684700_072020-F.webp
16279	https://api.ferreterialavalleja.com/wp-content/uploads/2026/08/D_NQ_NP_2X_986088-MLU28142901381_092018-F.webp
16282	https://api.ferreterialavalleja.com/wp-content/uploads/2026/08/D_NQ_NP_735956-MLC78339888518_082024-O.webp
16283	https://api.ferreterialavalleja.com/wp-content/uploads/2026/08/D_NQ_NP_826077-MLC75863347468_042024-O.webp
16286	https://api.ferreterialavalleja.com/wp-content/uploads/2026/08/D_NQ_NP_2X_635239-MLU79906036959_102024-F-1.webp
16288	https://api.ferreterialavalleja.com/wp-content/uploads/2026/08/OIP-36.webp
16289	https://api.ferreterialavalleja.com/wp-content/uploads/2026/08/D_NQ_NP_2X_877600-MLU94471554929_102025-F.webp
16290	https://api.ferreterialavalleja.com/wp-content/uploads/2026/08/D_NQ_NP_2X_701294-MLU93553516830_102025-F.webp
16292	https://api.ferreterialavalleja.com/wp-content/uploads/2023/07/D_NQ_NP_2X_857486-MLA53969719018_022023-F.webp
16294	https://api.ferreterialavalleja.com/wp-content/uploads/2026/08/OIP-37.webp
16296	https://api.ferreterialavalleja.com/wp-content/uploads/2026/08/D_NQ_NP_2X_668791-MLA96667129094_112025-F.webp
16298	https://api.ferreterialavalleja.com/wp-content/uploads/2026/08/D_NQ_NP_2X_721658-MLA53969526171_022023-F.webp
16300	https://api.ferreterialavalleja.com/wp-content/uploads/2026/08/D_NQ_NP_2X_671034-MLU108740733082_032026-F.webp
16301	https://api.ferreterialavalleja.com/wp-content/uploads/2026/08/D_NQ_NP_2X_671034-MLU108740733082_032026-F-1.webp
16303	https://api.ferreterialavalleja.com/wp-content/uploads/2026/08/D_NQ_NP_2X_628553-MLU110462490008_052026-F.webp
16305	https://api.ferreterialavalleja.com/wp-content/uploads/2026/08/D_NQ_NP_2X_947179-MLA110379857597_042026-F.webp
16307	https://api.ferreterialavalleja.com/wp-content/uploads/2026/08/D_NQ_NP_2X_934710-MLU110894280581_042026-F.webp
16309	https://api.ferreterialavalleja.com/wp-content/uploads/2026/08/D_NQ_NP_2X_611275-MLA113355094570_072026-F.webp
16311	https://api.ferreterialavalleja.com/wp-content/uploads/2026/08/D_NQ_NP_2X_930235-MLU31244868923_062019-F-1.webp
16313	https://api.ferreterialavalleja.com/wp-content/uploads/2026/08/D_NQ_NP_2X_761004-MLA92761602131_092025-F.webp
16315	https://api.ferreterialavalleja.com/wp-content/uploads/2026/08/D_NQ_NP_2X_680477-MLU113248040920_072026-F.webp
16317	https://api.ferreterialavalleja.com/wp-content/uploads/2026/08/D_NQ_NP_2X_908581-MLA114211620461_072026-F.webp
16318	https://api.ferreterialavalleja.com/wp-content/uploads/2026/08/D_NQ_NP_2X_623657-MLA114211444227_072026-F.webp
16319	https://api.ferreterialavalleja.com/wp-content/uploads/2026/08/D_NQ_NP_2X_908581-MLA114211620461_072026-F-1.webp
16321	https://api.ferreterialavalleja.com/wp-content/uploads/2026/08/D_NQ_NP_2X_701171-MLU114850875401_072026-F.webp
16322	https://api.ferreterialavalleja.com/wp-content/uploads/2026/08/D_NQ_NP_2X_815876-MLU107883014144_032026-F.webp
16323	https://api.ferreterialavalleja.com/wp-content/uploads/2026/08/D_NQ_NP_2X_866185-MLU114851756103_072026-F.webp
16324	https://api.ferreterialavalleja.com/wp-content/uploads/2026/08/D_NQ_NP_2X_873754-MLA113577389438_072026-F.webp
16327	https://api.ferreterialavalleja.com/wp-content/uploads/2023/07/D_NQ_NP_2X_866786-MLU90313013158_082025-F.webp
16328	https://api.ferreterialavalleja.com/wp-content/uploads/2023/06/productos5_153752.jpg
16329	https://api.ferreterialavalleja.com/wp-content/uploads/2023/06/D_NQ_NP_2X_685971-MLU74717764873_022024-F.webp
16330	https://api.ferreterialavalleja.com/wp-content/uploads/2023/06/D_NQ_NP_2X_640816-MLU75718188965_042024-F.webp
16331	https://api.ferreterialavalleja.com/wp-content/uploads/2023/06/D_NQ_NP_2X_640816-MLU75718188965_042024-F-1.webp
16332	https://api.ferreterialavalleja.com/wp-content/uploads/2023/06/OIP-38.webp
16333	https://api.ferreterialavalleja.com/wp-content/uploads/2023/06/D_NQ_NP_757731-MLU74590025786_022024-O.webp
16334	https://api.ferreterialavalleja.com/wp-content/uploads/2023/06/productos34_153772.jpg
16335	https://api.ferreterialavalleja.com/wp-content/uploads/2023/06/productos34_153717.jpg
16336	https://api.ferreterialavalleja.com/wp-content/uploads/2023/06/D_NQ_NP_737012-MLU92042479615_092025-O.webp
16337	https://api.ferreterialavalleja.com/wp-content/uploads/2023/06/OIP-39.webp
16338	https://api.ferreterialavalleja.com/wp-content/uploads/2023/06/D_NQ_NP_2X_866786-MLU90313013158_082025-F.webp
16340	https://api.ferreterialavalleja.com/wp-content/uploads/2026/08/D_NQ_NP_2X_836172-MLU86684906589_062025-F.webp
16342	https://api.ferreterialavalleja.com/wp-content/uploads/2026/08/D_NQ_NP_2X_732032-MLU86366199354_062025-F-1.webp
16344	https://api.ferreterialavalleja.com/wp-content/uploads/2026/08/D_NQ_NP_2X_732032-MLU86366199354_062025-F.webp
16347	https://api.ferreterialavalleja.com/wp-content/uploads/2026/08/D_NQ_NP_2X_836172-MLU86684906589_062025-F-1.webp
16348	https://api.ferreterialavalleja.com/wp-content/uploads/2026/08/D_NQ_NP_2X_634658-MLU86685014505_062025-F.webp
16350	https://api.ferreterialavalleja.com/wp-content/uploads/2026/08/D_NQ_NP_2X_695920-MLA99951631325_112025-F.webp
16351	https://api.ferreterialavalleja.com/wp-content/uploads/2026/08/D_Q_NP_2X_892177-MLA99951244507_112025-F.webp
16353	https://api.ferreterialavalleja.com/wp-content/uploads/2026/08/D_NQ_NP_2X_695920-MLA99951631325_112025-F-1.webp
16355	https://api.ferreterialavalleja.com/wp-content/uploads/2023/06/D_NQ_NP_2X_927120-MLA99502700626_112025-F.webp
16358	https://api.ferreterialavalleja.com/wp-content/uploads/2026/08/7-Candado-Perno-Horizontal-bulit-768x768-1.jpg
16359	https://api.ferreterialavalleja.com/wp-content/uploads/2026/08/6-Candado-Perno-Horizontal-bulit-768x768-1.jpg
16360	https://api.ferreterialavalleja.com/wp-content/uploads/2026/08/5-Candado-Perno-Horizontal-bulit-768x768-1.jpg
16362	https://api.ferreterialavalleja.com/wp-content/uploads/2026/08/3-Candado-Perno-Horizontal-bulit-1.jpg
16364	https://api.ferreterialavalleja.com/wp-content/uploads/2026/08/D_NQ_NP_2X_869024-MLA82916524851_032025-F.webp
16365	https://api.ferreterialavalleja.com/wp-content/uploads/2026/08/D_NQ_NP_2X_706494-MLA82916404331_032025-F.webp
16367	https://api.ferreterialavalleja.com/wp-content/uploads/2026/08/D_NQ_NP_2X_899974-MLU93566118344_102025-F.webp
16369	https://api.ferreterialavalleja.com/wp-content/uploads/2026/08/D_NQ_NP_2X_801302-MLU92128084717_092025-F.webp
16377	https://api.ferreterialavalleja.com/wp-content/uploads/2026/08/D_NQ_NP_2X_780012-MLU88988569609_072025-F.webp
16379	https://api.ferreterialavalleja.com/wp-content/uploads/2023/10/D_NQ_NP_2X_687225-MLU95560349004_102025-F.webp
16380	https://api.ferreterialavalleja.com/wp-content/uploads/2023/10/D_NQ_NP_2X_925504-MLU115682808127_082026-F.webp
16381	https://api.ferreterialavalleja.com/wp-content/uploads/2023/10/D_NQ_NP_2X_853793-MLU95561084794_102025-F.webp
16383	https://api.ferreterialavalleja.com/wp-content/uploads/2026/08/D_NQ_NP_2X_788731-MLU111688274339_052026-F.webp
16386	https://api.ferreterialavalleja.com/wp-content/uploads/2026/08/D_NQ_NP_2X_788731-MLU111688274339_052026-F-1.webp
16388	https://api.ferreterialavalleja.com/wp-content/uploads/2026/08/POLEA-OJO-RIGIDO-760100-1024x1024-1.jpg
16390	https://api.ferreterialavalleja.com/wp-content/uploads/2026/08/D_NQ_NP_2X_939990-MLU42167166670_062020-F.webp
16392	https://api.ferreterialavalleja.com/wp-content/uploads/2026/08/D_NQ_NP_2X_848047-MLU42167089929_062020-F.webp
16394	https://api.ferreterialavalleja.com/wp-content/uploads/2026/08/D_NQ_NP_2X_788731-MLU111688274339_052026-F-2.webp
16396	https://api.ferreterialavalleja.com/wp-content/uploads/2026/08/D_NQ_NP_2X_918944-MLU98891283391_112025-F.webp
16399	https://api.ferreterialavalleja.com/wp-content/uploads/2026/08/D_NQ_NP_2X_919219-CBT113126563320_072026-F.webp
16400	https://api.ferreterialavalleja.com/wp-content/uploads/2026/08/D_NQ_NP_2X_786784-CBT114354831801_072026-F.webp
16401	https://api.ferreterialavalleja.com/wp-content/uploads/2026/08/D_NQ_NP_2X_921879-CBT114355152953_072026-F.webp
16403	https://api.ferreterialavalleja.com/wp-content/uploads/2026/08/D_NQ_NP_2X_979261-MLU94486693723_102025-F.webp
16404	https://api.ferreterialavalleja.com/wp-content/uploads/2026/08/D_NQ_NP_2X_757877-MLU94486381871_102025-F.webp
16405	https://api.ferreterialavalleja.com/wp-content/uploads/2026/08/D_NQ_NP_2X_876025-MLU94487018435_102025-F.webp
16406	https://api.ferreterialavalleja.com/wp-content/uploads/2026/08/D_NQ_NP_2X_752085-MLU107822307597_022026-F.webp
16408	https://api.ferreterialavalleja.com/wp-content/uploads/2026/08/D_NQ_NP_926044-MLU73568656826_122023-O.webp
16410	https://api.ferreterialavalleja.com/wp-content/uploads/2026/08/D_NQ_NP_2X_915635-MLU82796964473_022025-F.webp
16411	https://api.ferreterialavalleja.com/wp-content/uploads/2026/08/D_NQ_NP_2X_675630-MLU88799057136_082025-F.webp
16412	https://api.ferreterialavalleja.com/wp-content/uploads/2026/08/D_NQ_NP_2X_902170-MLU32033227982_092019-F.webp
16413	https://api.ferreterialavalleja.com/wp-content/uploads/2026/08/D_NQ_NP_2X_735197-MLU30470783473_052019-F-1.webp
16414	https://api.ferreterialavalleja.com/wp-content/uploads/2026/08/D_NQ_NP_2X_915635-MLU82796964473_022025-F-1.webp
16419	https://api.ferreterialavalleja.com/wp-content/uploads/2026/08/D_NQ_NP_2X_946834-MLU71476155970_092023-F.webp
16423	https://api.ferreterialavalleja.com/wp-content/uploads/2026/08/D_NQ_NP_2X_686486-MLU54720888358_032023-F.webp
16427	https://api.ferreterialavalleja.com/wp-content/uploads/2026/08/D_NQ_NP_2X_825061-MLU108862875526_032026-F.webp
16429	https://api.ferreterialavalleja.com/wp-content/uploads/2026/08/D_NQ_NP_2X_892030-MLA111083706932_052026-F.webp
16432	https://api.ferreterialavalleja.com/wp-content/uploads/2026/08/D_NQ_NP_2X_773984-MLU109683497157_032026-F.webp
16435	https://api.ferreterialavalleja.com/wp-content/uploads/2026/08/D_NQ_NP_2X_677723-MLA112069881649_052026-F.webp
16437	https://api.ferreterialavalleja.com/wp-content/uploads/2023/07/D_NQ_NP_2X_752908-MLU92460432904_092025-F.webp
16438	https://api.ferreterialavalleja.com/wp-content/uploads/2024/03/D_NQ_NP_2X_950365-MLA113990025640_072026-F.webp
16443	https://api.ferreterialavalleja.com/wp-content/uploads/2026/08/OIP-42.webp
16449	https://api.ferreterialavalleja.com/wp-content/uploads/2026/08/D_NQ_NP_2X_738555-MLU80944239629_112024-F.webp
16451	https://api.ferreterialavalleja.com/wp-content/uploads/2026/08/D_NQ_NP_2X_720005-MLA99584683818_122025-F.webp
16453	https://api.ferreterialavalleja.com/wp-content/uploads/2026/08/Banco-Sanitarios-205.jpg
16456	https://api.ferreterialavalleja.com/wp-content/uploads/2026/08/UYULEF0003-2.jpg
16458	https://api.ferreterialavalleja.com/wp-content/uploads/2026/08/D_NQ_NP_2X_755514-MLU44176094365_112020-F.webp
16460	https://api.ferreterialavalleja.com/wp-content/uploads/2026/08/D_NQ_NP_2X_834553-MLU72265514086_102023-F.webp
16462	https://api.ferreterialavalleja.com/wp-content/uploads/2026/08/D_NQ_NP_2X_706947-MLU52579408333_112022-F.webp
16464	https://api.ferreterialavalleja.com/wp-content/uploads/2026/08/0b091a25613a754312d207bd99e04fd1.png
16467	https://api.ferreterialavalleja.com/wp-content/uploads/2026/08/pvc_rejilla_piso_nicoll.webp
16469	https://api.ferreterialavalleja.com/wp-content/uploads/2026/08/pvc_rejilla_piso_nicoll-1.webp
16471	https://api.ferreterialavalleja.com/wp-content/uploads/2026/08/pvc_rejilla_piso_nicoll-2.webp
16474	https://api.ferreterialavalleja.com/wp-content/uploads/2026/08/portarejilla_pvc-1.webp
16478	https://api.ferreterialavalleja.com/wp-content/uploads/2026/08/D_NQ_NP_2X_892523-MLU108432740939_032026-F.webp
16480	https://api.ferreterialavalleja.com/wp-content/uploads/2026/08/D_NQ_NP_2X_706293-MLU86088363988_062025-F.webp
16481	https://api.ferreterialavalleja.com/wp-content/uploads/2026/08/D_NQ_NP_2X_705606-MLU93087913167_092025-F.webp
16483	https://api.ferreterialavalleja.com/wp-content/uploads/2026/08/D_NQ_NP_2X_671903-MLU114825808178_082026-F.webp
16484	https://api.ferreterialavalleja.com/wp-content/uploads/2026/08/D_NQ_NP_2X_694525-MLU114826370896_082026-F.webp
16486	https://api.ferreterialavalleja.com/wp-content/uploads/2026/08/PISTOLA-DE-ESPUMA-1C-PLASTICO-WURTH.jpg
16488	https://api.ferreterialavalleja.com/wp-content/uploads/2026/08/132593093-1.avif
16490	https://api.ferreterialavalleja.com/wp-content/uploads/2026/08/D_NQ_NP_2X_667066-MLA108664944129_032026-F.webp
16491	https://api.ferreterialavalleja.com/wp-content/uploads/2026/08/D_NQ_NP_2X_975017-MLU86340125188_062025-F.webp
16492	https://api.ferreterialavalleja.com/wp-content/uploads/2026/08/D_NQ_NP_2X_746696-MLU83207032438_042025-F.webp
16494	https://api.ferreterialavalleja.com/wp-content/uploads/2026/08/D_NQ_NP_2X_885791-MLU115013751691_072026-F.webp
16495	https://api.ferreterialavalleja.com/wp-content/uploads/2026/08/D_NQ_NP_2X_831351-MLU105241955677_012026-F.webp
16497	https://api.ferreterialavalleja.com/wp-content/uploads/2026/08/D_NQ_NP_2X_828196-MLU105241033843_012026-F.webp
16499	https://api.ferreterialavalleja.com/wp-content/uploads/2026/08/D_NQ_NP_640321-MLU89128657653_082025-O.webp
16501	https://api.ferreterialavalleja.com/wp-content/uploads/2026/08/D_NQ_NP_2X_606615-MLU89071330571_072025-F.webp
16503	https://api.ferreterialavalleja.com/wp-content/uploads/2026/08/D_NQ_NP_640321-MLU89128657653_082025-O-1.webp
16504	https://api.ferreterialavalleja.com/wp-content/uploads/2026/08/D_NQ_NP_2X_928826-MLU109446415313_032026-F.webp
16505	https://api.ferreterialavalleja.com/wp-content/uploads/2026/08/D_NQ_NP_2X_897099-MLU89071595811_072025-F.webp
16509	https://api.ferreterialavalleja.com/wp-content/uploads/2026/08/D_NQ_NP_2X_775777-MLA95965832721_102025-F.webp
16511	https://api.ferreterialavalleja.com/wp-content/uploads/2026/08/D_NQ_NP_2X_767039-MLU77741279407_072024-F.webp
16514	https://api.ferreterialavalleja.com/wp-content/uploads/2026/09/D_NQ_NP_2X_740761-MLA102548190707_122025-F.webp
16515	https://api.ferreterialavalleja.com/wp-content/uploads/2026/09/D_NQ_NP_2X_857264-MLA99147113279_112025-F.webp
16516	https://api.ferreterialavalleja.com/wp-content/uploads/2026/09/D_NQ_NP_2X_851132-MLA99147113283_112025-F.webp
16518	https://api.ferreterialavalleja.com/wp-content/uploads/2026/09/D_NQ_NP_2X_677489-MLU82394899432_022025-F.webp
16519	https://api.ferreterialavalleja.com/wp-content/uploads/2026/09/D_NQ_NP_2X_767112-MLU80825030267_112024-F.webp
16521	https://api.ferreterialavalleja.com/wp-content/uploads/2026/09/D_NQ_NP_2X_735712-MLU70973336012_082023-F.webp
16522	https://api.ferreterialavalleja.com/wp-content/uploads/2026/09/D_NQ_NP_2X_735712-MLU70973336012_082023-F-1.webp
16525	https://api.ferreterialavalleja.com/wp-content/uploads/2026/09/D_NQ_NP_2X_741298-MLA111081382959_042026-F.webp
16527	https://api.ferreterialavalleja.com/wp-content/uploads/2026/09/D_NQ_NP_937445-MLU46825464798_072021-O.webp
16528	https://api.ferreterialavalleja.com/wp-content/uploads/2025/11/OIP-43.webp
16530	https://api.ferreterialavalleja.com/wp-content/uploads/2026/09/D_NQ_NP_2X_712845-MLU93562898752_102025-F.webp
16532	https://api.ferreterialavalleja.com/wp-content/uploads/2026/09/D_NQ_NP_2X_712845-MLU93562898752_102025-F-1.webp
16534	https://api.ferreterialavalleja.com/wp-content/uploads/2026/09/D_NQ_NP_2X_712845-MLU93562898752_102025-F-1-1.webp
16536	https://api.ferreterialavalleja.com/wp-content/uploads/2026/09/D_NQ_NP_2X_704202-MLA95367625660_102025-F.webp
16538	https://api.ferreterialavalleja.com/wp-content/uploads/2026/09/D_NQ_NP_2X_704202-MLA95367625660_102025-F-1.webp
16541	https://api.ferreterialavalleja.com/wp-content/uploads/2026/09/D_NQ_NP_2X_672166-MLU109676356747_032026-F.webp
16542	https://api.ferreterialavalleja.com/wp-content/uploads/2026/09/D_NQ_NP_2X_765047-MLU109676505333_032026-F.webp
16544	https://api.ferreterialavalleja.com/wp-content/uploads/2026/09/D_NQ_NP_2X_616261-MLU109676386309_032026-F.webp
16548	https://api.ferreterialavalleja.com/wp-content/uploads/2026/09/D_NQ_NP_2X_730386-MLU86347118430_062025-F.webp
16551	https://api.ferreterialavalleja.com/wp-content/uploads/2026/09/D_NQ_NP_2X_938585-MLU41262267566_032020-F.webp
16557	https://api.ferreterialavalleja.com/wp-content/uploads/2026/09/IpexUSA_043219.jpg
16559	https://api.ferreterialavalleja.com/wp-content/uploads/2026/09/maletin-plastico-caja-para-herramientas-19-maletin-plastico-caja-para-herramientas-19.webp
16560	https://api.ferreterialavalleja.com/wp-content/uploads/2026/09/D_NQ_NP_2X_697688-MLA94374814761_102025-F.webp
16561	https://api.ferreterialavalleja.com/wp-content/uploads/2026/09/D_NQ_NP_2X_723778-MLU110270740551_042026-F.webp
16562	https://api.ferreterialavalleja.com/wp-content/uploads/2026/09/D_NQ_NP_2X_944991-MLU114433568022_082026-F.webp
16563	https://api.ferreterialavalleja.com/wp-content/uploads/2026/09/D_NQ_NP_2X_708482-MLA94374727007_102025-F.webp
16564	https://api.ferreterialavalleja.com/wp-content/uploads/2026/09/D_NQ_NP_2X_827900-MLA101076702633_122025-F.webp
16565	https://api.ferreterialavalleja.com/wp-content/uploads/2026/09/D_NQ_NP_2X_916319-MLU114433153658_082026-F.webp
16567	https://api.ferreterialavalleja.com/wp-content/uploads/2026/09/kit-linea-20v-percutor-66nm-amoladora-4-1-2-foco-soplador-2-baterias-4-0ah-kit-linea-20v-percutor-66nm-amoladora-4-1-2-foco-soplador-2-baterias-4-0ah.webp
16568	https://api.ferreterialavalleja.com/wp-content/uploads/2026/09/D_NQ_NP_2X_817678-MLA107718253593_022026-F-1.webp
16569	https://api.ferreterialavalleja.com/wp-content/uploads/2026/09/D_NQ_NP_2X_746499-MLA107028884536_022026-F.webp
16572	https://api.ferreterialavalleja.com/wp-content/uploads/2026/09/D_NQ_NP_2X_710121-MLA114251116487_072026-F.webp
16575	https://api.ferreterialavalleja.com/wp-content/uploads/2026/09/D_NQ_NP_2X_852475-MLU51539921314_092022-F.webp
16576	https://api.ferreterialavalleja.com/wp-content/uploads/2026/09/OIP-44.webp
16578	https://api.ferreterialavalleja.com/wp-content/uploads/2026/09/OIP-46.webp
16579	https://api.ferreterialavalleja.com/wp-content/uploads/2026/09/aXa15vSLA_2000x1500__1.jpg
16581	https://api.ferreterialavalleja.com/wp-content/uploads/2026/09/D_NQ_NP_2X_860458-MLA103442207759_012026-F.webp
16582	https://api.ferreterialavalleja.com/wp-content/uploads/2026/09/D_NQ_NP_2X_642167-MLA102927441888_012026-F.webp
16583	https://api.ferreterialavalleja.com/wp-content/uploads/2026/09/D_NQ_NP_2X_801724-MLA102927600114_012026-F.webp
16585	https://api.ferreterialavalleja.com/wp-content/uploads/2026/09/D_NQ_NP_2X_781173-MLU115302834637_072026-F.webp
16586	https://api.ferreterialavalleja.com/wp-content/uploads/2026/09/D_NQ_NP_2X_666905-MLU113987314596_072026-F.webp
16587	https://api.ferreterialavalleja.com/wp-content/uploads/2026/09/D_NQ_NP_2X_643377-MLU113987842058_072026-F.webp
16588	https://api.ferreterialavalleja.com/wp-content/uploads/2026/09/D_NQ_NP_2X_774750-MLU113987959666_072026-F.webp
16590	https://api.ferreterialavalleja.com/wp-content/uploads/2026/09/D_NQ_NP_2X_759003-MLU108424240875_032026-F.webp
16591	https://api.ferreterialavalleja.com/wp-content/uploads/2026/09/D_NQ_NP_2X_976228-MLU107688468604_032026-F.webp
16592	https://api.ferreterialavalleja.com/wp-content/uploads/2026/09/D_NQ_NP_2X_630183-MLU107687785564_032026-F.webp
16593	https://api.ferreterialavalleja.com/wp-content/uploads/2026/09/D_NQ_NP_2X_630183-MLU107687785564_032026-F-1.webp
16594	https://api.ferreterialavalleja.com/wp-content/uploads/2026/09/D_NQ_NP_2X_630183-MLU107687785564_032026-F-1-1.webp
16595	https://api.ferreterialavalleja.com/wp-content/uploads/2026/09/D_NQ_NP_2X_692287-MLU108423111751_032026-F.webp
16596	https://api.ferreterialavalleja.com/wp-content/uploads/2026/09/D_NQ_NP_2X_781173-MLU115302834637_072026-F-1.webp
16597	https://api.ferreterialavalleja.com/wp-content/uploads/2026/09/D_NQ_NP_2X_633820-MLU107688408784_032026-F.webp
16598	https://api.ferreterialavalleja.com/wp-content/uploads/2026/09/D_NQ_NP_2X_915732-MLU108423021435_032026-F.webp
16605	https://api.ferreterialavalleja.com/wp-content/uploads/2026/09/OIP-47.webp
16606	https://api.ferreterialavalleja.com/wp-content/uploads/2026/09/1593-1024x642-1.jpeg
16608	https://api.ferreterialavalleja.com/wp-content/uploads/2026/09/1255-600x300-1.jpeg
16609	https://api.ferreterialavalleja.com/wp-content/uploads/2026/09/D_NQ_NP_2X_956160-MLU79357362435_092024-F.webp
16610	https://api.ferreterialavalleja.com/wp-content/uploads/2026/09/D_NQ_NP_2X_806632-MLA99475353024_112025-F.webp
16614	https://api.ferreterialavalleja.com/wp-content/uploads/2026/09/D_NQ_NP_2X_960594-MLU50545583157_072022-F.webp
16615	https://api.ferreterialavalleja.com/wp-content/uploads/2026/09/D_NQ_NP_2X_876613-MLU50545421842_072022-F.webp
16616	https://api.ferreterialavalleja.com/wp-content/uploads/2026/09/D_NQ_NP_2X_819756-MLU50545453740_072022-F.webp
16622	https://api.ferreterialavalleja.com/wp-content/uploads/2026/09/D_NQ_NP_2X_997667-MLU86480794058_062025-F.webp
16623	https://api.ferreterialavalleja.com/wp-content/uploads/2026/09/D_NQ_NP_2X_811830-MLU86481189672_062025-F.webp
16624	https://api.ferreterialavalleja.com/wp-content/uploads/2026/09/D_NQ_NP_2X_778169-MLU86480794078_062025-F.webp
16625	https://api.ferreterialavalleja.com/wp-content/uploads/2026/09/s-l500.jpg
16627	https://api.ferreterialavalleja.com/wp-content/uploads/2026/09/D_NQ_NP_2X_679490-MLU47474856436_092021-F-1.webp
16628	https://api.ferreterialavalleja.com/wp-content/uploads/2026/09/D_NQ_NP_2X_706073-MLU47474687951_092021-F.webp
16629	https://api.ferreterialavalleja.com/wp-content/uploads/2026/09/D_NQ_NP_2X_605287-MLU43180166247_082020-F.webp
16631	https://api.ferreterialavalleja.com/wp-content/uploads/2026/09/D_NQ_NP_2X_666313-MLU76271351301_052024-F.webp
16633	https://api.ferreterialavalleja.com/wp-content/uploads/2026/09/productos34_157064.jpg
16635	https://api.ferreterialavalleja.com/wp-content/uploads/2026/09/D_NQ_NP_2X_959911-MLU98090338478_112025-F.webp
16636	https://api.ferreterialavalleja.com/wp-content/uploads/2026/09/D_NQ_NP_2X_630937-MLU54991419684_052023-F.webp
16637	https://api.ferreterialavalleja.com/wp-content/uploads/2026/09/D_NQ_NP_2X_673724-MLU74493619079_022024-F.webp
16638	https://api.ferreterialavalleja.com/wp-content/uploads/2026/09/D_NQ_NP_2X_629321-MLU40280196039_122019-F.webp
16639	https://api.ferreterialavalleja.com/wp-content/uploads/2026/09/D_NQ_NP_2X_791356-MLU69310306272_052023-F.webp
16640	https://api.ferreterialavalleja.com/wp-content/uploads/2026/09/D_NQ_NP_2X_983674-MLU74374325998_022024-F.webp
16641	https://api.ferreterialavalleja.com/wp-content/uploads/2026/09/D_NQ_NP_2X_802775-MLU74493610105_022024-F.webp
16642	https://api.ferreterialavalleja.com/wp-content/uploads/2026/09/D_NQ_NP_2X_630937-MLU54991419684_052023-F-1.webp
16645	https://api.ferreterialavalleja.com/wp-content/uploads/2026/09/fechadura_externa_popline_reta_0711_01_soprano_86843_1_37abac43b16aa869c3a99e9edf6307fe.webp
16646	https://api.ferreterialavalleja.com/wp-content/uploads/2026/09/fechadura_externa_popline_reta_0711_01_soprano_86843_3_61353a36bc4555cd186817e3bdc53225.webp
16648	https://api.ferreterialavalleja.com/wp-content/uploads/2026/09/D_NQ_NP_2X_897768-MLA113073688964_072026-F.webp
16649	https://api.ferreterialavalleja.com/wp-content/uploads/2026/09/D_NQ_NP_2X_976987-MLA107122220747_022026-F.webp
16650	https://api.ferreterialavalleja.com/wp-content/uploads/2026/09/D_NQ_NP_2X_725234-MLA106481513758_022026-F.webp
16651	https://api.ferreterialavalleja.com/wp-content/uploads/2026/09/D_NQ_NP_2X_809360-MLA107121922879_022026-F.webp
16652	https://api.ferreterialavalleja.com/wp-content/uploads/2026/09/D_NQ_NP_2X_725234-MLA106481513758_022026-F-1.webp
16653	https://api.ferreterialavalleja.com/wp-content/uploads/2026/09/D_NQ_NP_2X_976987-MLA107122220747_022026-F-1.webp
16655	https://api.ferreterialavalleja.com/wp-content/uploads/2026/09/D_NQ_NP_2X_613640-MLU99723697861_112025-F.webp
16656	https://api.ferreterialavalleja.com/wp-content/uploads/2026/09/D_NQ_NP_2X_635279-MLU99241915096_112025-F.webp
16657	https://api.ferreterialavalleja.com/wp-content/uploads/2026/09/D_NQ_NP_2X_999933-MLU99723697857_112025-F.webp
16658	https://api.ferreterialavalleja.com/wp-content/uploads/2026/09/D_NQ_NP_2X_621746-MLU99241568532_112025-F-1.webp
16659	https://api.ferreterialavalleja.com/wp-content/uploads/2026/09/D_NQ_NP_2X_845552-MLU99240803038_112025-F.webp
16660	https://api.ferreterialavalleja.com/wp-content/uploads/2026/09/D_NQ_NP_2X_897145-MLU99241915104_112025-F.webp
16661	https://api.ferreterialavalleja.com/wp-content/uploads/2026/09/D_NQ_NP_2X_710521-MLU99240554144_112025-F.webp
16662	https://api.ferreterialavalleja.com/wp-content/uploads/2026/09/D_NQ_NP_2X_677960-MLU99723866267_112025-F.webp
16663	https://api.ferreterialavalleja.com/wp-content/uploads/2026/09/D_NQ_NP_2X_901666-MLU99723866279_112025-F.webp
16664	https://api.ferreterialavalleja.com/wp-content/uploads/2026/09/D_NQ_NP_2X_817127-MLU99241538786_112025-F.webp
16665	https://api.ferreterialavalleja.com/wp-content/uploads/2026/09/D_NQ_NP_2X_613640-MLU99723697861_112025-F-1.webp
16667	https://api.ferreterialavalleja.com/wp-content/uploads/2026/09/D_NQ_NP_2X_623525-MLU114306524700_082026-F.webp
16668	https://api.ferreterialavalleja.com/wp-content/uploads/2026/09/D_NQ_NP_2X_713243-MLU110446277439_042026-F.webp
16669	https://api.ferreterialavalleja.com/wp-content/uploads/2026/09/D_NQ_NP_2X_813479-MLU110446631687_042026-F.webp
16671	https://api.ferreterialavalleja.com/wp-content/uploads/2026/09/SD-067-Photoroom.jpg
16673	https://api.ferreterialavalleja.com/wp-content/uploads/2026/09/D_NQ_NP_2X_833279-MLU76310413718_052024-F.webp
16674	https://api.ferreterialavalleja.com/wp-content/uploads/2026/09/D_NQ_NP_2X_608386-MLU76310413712_052024-F.webp
16675	https://api.ferreterialavalleja.com/wp-content/uploads/2026/09/D_NQ_NP_2X_986871-MLU76310737072_052024-F.webp
16676	https://api.ferreterialavalleja.com/wp-content/uploads/2026/09/D_NQ_NP_2X_755674-MLU76310915234_052024-F.webp
16677	https://api.ferreterialavalleja.com/wp-content/uploads/2026/09/D_NQ_NP_2X_778955-MLU76310423482_052024-F.webp
16678	https://api.ferreterialavalleja.com/wp-content/uploads/2026/09/D_NQ_NP_2X_814505-MLU76310895222_052024-F.webp
16679	https://api.ferreterialavalleja.com/wp-content/uploads/2026/09/D_NQ_NP_2X_950210-MLU76310423488_052024-F.webp
16682	https://api.ferreterialavalleja.com/wp-content/uploads/2026/09/D_NQ_NP_606227-MLU71608144342_092023-O.webp
16684	https://api.ferreterialavalleja.com/wp-content/uploads/2026/09/73651172.webp
16686	https://api.ferreterialavalleja.com/wp-content/uploads/2026/09/s-l1600-1.webp
16687	https://api.ferreterialavalleja.com/wp-content/uploads/2026/09/73651172-1.webp
16689	https://api.ferreterialavalleja.com/wp-content/uploads/2026/09/lija_forma_palma_5pc_102mmx151_120g_Wokin.jpg
16690	https://api.ferreterialavalleja.com/wp-content/uploads/2026/09/10-pc-ponceuse-de-detail-papier-abrasif-11-trous-p.webp
16691	https://api.ferreterialavalleja.com/wp-content/uploads/2026/09/73fab51a-ccab-44bd-a12a-b00bc6426ff8.jpg
16693	https://api.ferreterialavalleja.com/wp-content/uploads/2026/09/D_NQ_NP_2X_767847-MLU88734295346_072025-F.webp
16695	https://api.ferreterialavalleja.com/wp-content/uploads/2026/09/D_NQ_NP_2X_852475-MLU113776967036_072026-F.webp
16696	https://api.ferreterialavalleja.com/wp-content/uploads/2026/09/D_NQ_NP_2X_793039-MLU115071282049_072026-F.webp
16697	https://api.ferreterialavalleja.com/wp-content/uploads/2026/09/D_NQ_NP_2X_993342-MLU115071694033_072026-F.webp
16705	https://api.ferreterialavalleja.com/wp-content/uploads/2026/09/productos32_154109.jpg
16706	https://api.ferreterialavalleja.com/wp-content/uploads/2026/09/D_NQ_NP_2X_817840-MLU98889929657_112025-F.webp
16707	https://api.ferreterialavalleja.com/wp-content/uploads/2026/09/D_NQ_NP_2X_817840-MLU98889929657_112025-F-1.webp
19662	https://api.ferreterialavalleja.com/wp-content/uploads/2026/09/D_NQ_NP_2X_821206-MLU51854482117_102022-F.webp
19664	https://api.ferreterialavalleja.com/wp-content/uploads/2026/09/d36f4ee61b00ae2b807aafe93432cca4.png
19666	https://api.ferreterialavalleja.com/wp-content/uploads/2026/09/98500748455b9791ee3ffdf0b2151162.png
19672	https://api.ferreterialavalleja.com/wp-content/uploads/2026/09/7bddb26a84d75b84fd52d2fa66eaef52.png
19674	https://api.ferreterialavalleja.com/wp-content/uploads/2026/09/D_NQ_NP_2X_952522-MLU109564174709_032026-F-1.webp
19675	https://api.ferreterialavalleja.com/wp-content/uploads/2026/09/D_NQ_NP_2X_954505-MLU109563192617_032026-F.webp
19676	https://api.ferreterialavalleja.com/wp-content/uploads/2026/09/D_NQ_NP_2X_761195-MLU109563252515_032026-F.webp
19679	https://api.ferreterialavalleja.com/wp-content/uploads/2026/09/D_NQ_NP_2X_952613-MLU69224266998_052023-F.webp
19680	https://api.ferreterialavalleja.com/wp-content/uploads/2026/09/D_NQ_NP_2X_810016-MLU69224238574_052023-F.webp
19682	https://api.ferreterialavalleja.com/wp-content/uploads/2026/09/D_NQ_NP_2X_658360-MLU26454618127_112017-F.webp
19686	https://api.ferreterialavalleja.com/wp-content/uploads/2026/09/D_NQ_NP_2X_916171-MLA114307036474_082026-F.webp

