post_id	meta_key	meta_value
5694	_manage_stock	no
4313	_manage_stock	no
4318	_manage_stock	no
4321	_manage_stock	no
4323	_manage_stock	no
4325	_manage_stock	no
4327	_manage_stock	no
4329	_manage_stock	no
4335	_manage_stock	no
4338	_manage_stock	no
4341	_manage_stock	no
4343	_manage_stock	no
4345	_manage_stock	no
4347	_manage_stock	no
4351	_manage_stock	no
4353	_manage_stock	no
4355	_manage_stock	no
4359	_manage_stock	no
4361	_manage_stock	no
4604	_manage_stock	no
4610	_manage_stock	no
4617	_manage_stock	no
4612	_manage_stock	no
4629	_manage_stock	no
4631	_manage_stock	no
4638	_manage_stock	no
4641	_manage_stock	no
9750	_manage_stock	no
4645	_manage_stock	no
4646	_manage_stock	no
4653	_manage_stock	no
4654	_manage_stock	no
4658	_manage_stock	no
4660	_manage_stock	no
4665	_manage_stock	no
4666	_manage_stock	no
4668	_manage_stock	no
4673	_manage_stock	no
4677	_manage_stock	no
4679	_manage_stock	no
4682	_manage_stock	no
4685	_manage_stock	no
4686	_manage_stock	no
4689	_manage_stock	no
4692	_manage_stock	no
4698	_manage_stock	no
4716	_manage_stock	no
4720	_manage_stock	no
4722	_manage_stock	no
4724	_manage_stock	no
4727	_manage_stock	no
4732	_manage_stock	no
4733	_manage_stock	no
4736	_manage_stock	no
4739	_manage_stock	no
4741	_manage_stock	no
4743	_manage_stock	no
4745	_manage_stock	no
4751	_manage_stock	no
4753	_manage_stock	no
4759	_manage_stock	no
4762	_manage_stock	no
4764	_manage_stock	no
4770	_manage_stock	no
4771	_manage_stock	no
4774	_manage_stock	no
4776	_manage_stock	no
4781	_manage_stock	no
4782	_manage_stock	no
4783	_manage_stock	no
4784	_manage_stock	no
4785	_manage_stock	no
4787	_manage_stock	no
4790	_manage_stock	no
4791	_manage_stock	no
4792	_manage_stock	no
4793	_manage_stock	no
4797	_manage_stock	no
4800	_manage_stock	no
4803	_manage_stock	no
4807	_manage_stock	no
4810	_manage_stock	no
4813	_manage_stock	no
4816	_manage_stock	no
4818	_manage_stock	no
4821	_manage_stock	no
4826	_manage_stock	no
4829	_manage_stock	no
4830	_manage_stock	no
4833	_manage_stock	no
4839	_manage_stock	no
4842	_manage_stock	no
4849	_manage_stock	no
4851	_manage_stock	no
4853	_manage_stock	no
4854	_manage_stock	no
4855	_manage_stock	no
4856	_manage_stock	no
4858	_manage_stock	no
4860	_manage_stock	no
4862	_manage_stock	no
4864	_manage_stock	no
4866	_manage_stock	no
4868	_manage_stock	no
4869	_manage_stock	no
4871	_manage_stock	no
4873	_manage_stock	no
4875	_manage_stock	no
4877	_manage_stock	no
4883	_manage_stock	no
4878	_manage_stock	no
4888	_manage_stock	no
4894	_manage_stock	no
4895	_manage_stock	no
4897	_manage_stock	no
4898	_manage_stock	no
4901	_manage_stock	no
4904	_manage_stock	no
4906	_manage_stock	no
4908	_manage_stock	no
4910	_manage_stock	no
4911	_manage_stock	no
4916	_manage_stock	no
4918	_manage_stock	no
4920	_manage_stock	no
4921	_manage_stock	no
4922	_manage_stock	no
4923	_manage_stock	no
4931	_manage_stock	no
4933	_manage_stock	no
4938	_manage_stock	no
4940	_manage_stock	no
4942	_manage_stock	no
4943	_manage_stock	no
4944	_manage_stock	no
4946	_manage_stock	no
4929	_manage_stock	no
4950	_manage_stock	no
4954	_manage_stock	no
9647	_manage_stock	no
4958	_manage_stock	no
4961	_manage_stock	no
4962	_manage_stock	no
15265	_manage_stock	no
4967	_manage_stock	no
4970	_manage_stock	no
4969	_manage_stock	no
4974	_manage_stock	no
4975	_manage_stock	no
4978	_manage_stock	no
4980	_manage_stock	no
4984	_manage_stock	no
4983	_manage_stock	no
4987	_manage_stock	no
4990	_manage_stock	no
4948	_manage_stock	no
4995	_manage_stock	no
5002	_manage_stock	no
5010	_manage_stock	no
5012	_manage_stock	no
5015	_manage_stock	no
5017	_manage_stock	no
15315	_manage_stock	no
5022	_manage_stock	no
5013	_manage_stock	no
5027	_manage_stock	no
5029	_manage_stock	no
5032	_manage_stock	no
5034	_manage_stock	no
5036	_manage_stock	no
5038	_manage_stock	no
5040	_manage_stock	no
5043	_manage_stock	no
5044	_manage_stock	no
5046	_manage_stock	no
5048	_manage_stock	no
5050	_manage_stock	no
5052	_manage_stock	no
5053	_manage_stock	no
5055	_manage_stock	no
5058	_manage_stock	no
5060	_manage_stock	no
5063	_manage_stock	no
5065	_manage_stock	no
5067	_manage_stock	no
5070	_manage_stock	no
5073	_manage_stock	no
5075	_manage_stock	no
5077	_manage_stock	no
5081	_manage_stock	no
5085	_manage_stock	no
5088	_manage_stock	no
5090	_manage_stock	no
5092	_manage_stock	no
5087	_manage_stock	no
5096	_manage_stock	no
5099	_manage_stock	no
5097	_manage_stock	no
5019	_manage_stock	no
5103	_manage_stock	no
5106	_manage_stock	no
5109	_manage_stock	no
5008	_manage_stock	no
5110	_manage_stock	no
5111	_manage_stock	no
5114	_manage_stock	no
5117	_manage_stock	no
5120	_manage_stock	no
5122	_manage_stock	no
5124	_manage_stock	no
5128	_manage_stock	no
5130	_manage_stock	no
5134	_manage_stock	no
5137	_manage_stock	no
5136	_manage_stock	no
5141	_manage_stock	no
5140	_manage_stock	no
5143	_manage_stock	no
5145	_manage_stock	no
5149	_manage_stock	no
5151	_manage_stock	no
5153	_manage_stock	no
5155	_manage_stock	no
5158	_manage_stock	no
5160	_manage_stock	no
5162	_manage_stock	no
5164	_manage_stock	no
5166	_manage_stock	no
5168	_manage_stock	no
5170	_manage_stock	no
5172	_manage_stock	no
5174	_manage_stock	no
5175	_manage_stock	no
5177	_manage_stock	no
5180	_manage_stock	no
5184	_manage_stock	no
5186	_manage_stock	no
5188	_manage_stock	no
5190	_manage_stock	no
12416	_manage_stock	no
5194	_manage_stock	no
5196	_manage_stock	no
5199	_manage_stock	no
5201	_manage_stock	no
5206	_manage_stock	no
5208	_manage_stock	no
5209	_manage_stock	no
4952	_manage_stock	no
4935	_manage_stock	no
4714	_manage_stock	no
5221	_manage_stock	no
5224	_manage_stock	no
5227	_manage_stock	no
5229	_manage_stock	no
5232	_manage_stock	no
5236	_manage_stock	no
5238	_manage_stock	no
5241	_manage_stock	no
5244	_manage_stock	no
5246	_manage_stock	no
5234	_manage_stock	no
5249	_manage_stock	no
5252	_manage_stock	no
5255	_manage_stock	no
5250	_manage_stock	no
5259	_manage_stock	no
5263	_manage_stock	no
5265	_manage_stock	no
5267	_manage_stock	no
5269	_manage_stock	no
5271	_manage_stock	no
5273	_manage_stock	no
5275	_manage_stock	no
5277	_manage_stock	no
5279	_manage_stock	no
5281	_manage_stock	no
5284	_manage_stock	no
5285	_manage_stock	no
5287	_manage_stock	no
5290	_manage_stock	no
5294	_manage_stock	no
5297	_manage_stock	no
5301	_manage_stock	no
5304	_manage_stock	no
5305	_manage_stock	no
5307	_manage_stock	no
5310	_manage_stock	no
5292	_manage_stock	no
5313	_manage_stock	no
8505	_manage_stock	no
5324	_manage_stock	no
5328	_manage_stock	no
5330	_manage_stock	no
8506	_manage_stock	no
5340	_manage_stock	no
5344	_manage_stock	no
5348	_manage_stock	no
5350	_manage_stock	no
8503	_manage_stock	no
8501	_manage_stock	no
5353	_manage_stock	no
5369	_manage_stock	no
5371	_manage_stock	no
5374	_manage_stock	no
5376	_manage_stock	no
5379	_manage_stock	no
5381	_manage_stock	no
5383	_manage_stock	no
5385	_manage_stock	no
5387	_manage_stock	no
5389	_manage_stock	no
5391	_manage_stock	no
5393	_manage_stock	no
5395	_manage_stock	no
5559	_manage_stock	no
5397	_manage_stock	no
5414	_manage_stock	no
5416	_manage_stock	no
5418	_manage_stock	no
5420	_manage_stock	no
5422	_manage_stock	no
5424	_manage_stock	no
5427	_manage_stock	no
8514	_manage_stock	no
8513	_manage_stock	no
8511	_manage_stock	no
8517	_manage_stock	no
8520	_manage_stock	no
5552	_manage_stock	no
5553	_manage_stock	no
5554	_manage_stock	no
5557	_manage_stock	no
5555	_manage_stock	no
5551	_manage_stock	no
5561	_manage_stock	no
5501	_manage_stock	no
5502	_manage_stock	no
5503	_manage_stock	no
5504	_manage_stock	no
5453	_manage_stock	no
5508	_manage_stock	no
5509	_manage_stock	no
5510	_manage_stock	no
5457	_manage_stock	no
5527	_manage_stock	no
5528	_manage_stock	no
5517	_manage_stock	no
5563	_manage_stock	no
5565	_manage_stock	no
5568	_manage_stock	no
5570	_manage_stock	no
5572	_manage_stock	no
5574	_manage_stock	no
5580	_manage_stock	no
5583	_manage_stock	no
5585	_manage_stock	no
5587	_manage_stock	no
5589	_manage_stock	no
5591	_manage_stock	no
5593	_manage_stock	no
5595	_manage_stock	no
8587	_manage_stock	no
5598	_manage_stock	no
5600	_manage_stock	no
8523	_manage_stock	no
5605	_manage_stock	no
8509	_manage_stock	no
5607	_manage_stock	no
5609	_manage_stock	no
5611	_manage_stock	no
5615	_manage_stock	no
5618	_manage_stock	no
5619	_manage_stock	no
5628	_manage_stock	no
5629	_manage_stock	no
5633	_manage_stock	no
5637	_manage_stock	no
5642	_manage_stock	no
5636	_manage_stock	no
5652	_manage_stock	no
5657	_manage_stock	no
5660	_manage_stock	no
5663	_manage_stock	no
5658	_manage_stock	no
5664	_manage_stock	no
5665	_manage_stock	no
5667	_manage_stock	no
9748	_manage_stock	no
5676	_manage_stock	no
5677	_manage_stock	no
5679	_manage_stock	no
5681	_manage_stock	no
5683	_manage_stock	no
5685	_manage_stock	no
5687	_manage_stock	no
5690	_manage_stock	no
5698	_manage_stock	no
5699	_manage_stock	no
5700	_manage_stock	no
5702	_manage_stock	no
5705	_manage_stock	no
5707	_manage_stock	no
5711	_manage_stock	no
5714	_manage_stock	no
5715	_manage_stock	no
5719	_manage_stock	no
5723	_manage_stock	no
5726	_manage_stock	no
5729	_manage_stock	no
5731	_manage_stock	no
5733	_manage_stock	no
6641	_manage_stock	no
5738	_manage_stock	no
5741	_manage_stock	no
5727	_manage_stock	no
5746	_manage_stock	no
5750	_manage_stock	no
5756	_manage_stock	no
5758	_manage_stock	no
5762	_manage_stock	no
5765	_manage_stock	no
5769	_manage_stock	no
5771	_manage_stock	no
5774	_manage_stock	no
5772	_manage_stock	no
5782	_manage_stock	no
5779	_manage_stock	no
8665	_manage_stock	no
5787	_manage_stock	no
5788	_manage_stock	no
5790	_manage_stock	no
5796	_manage_stock	no
5848	_manage_stock	no
5846	_manage_stock	no
5795	_manage_stock	no
5806	_manage_stock	no
5810	_manage_stock	no
5814	_manage_stock	no
5816	_manage_stock	no
5817	_manage_stock	no
5819	_manage_stock	no
5823	_manage_stock	no
5826	_manage_stock	no
5829	_manage_stock	no
5831	_manage_stock	no
5834	_manage_stock	no
5837	_manage_stock	no
5842	_manage_stock	no
5849	_manage_stock	no
5851	_manage_stock	no
5853	_manage_stock	no
5855	_manage_stock	no
8720	_manage_stock	no
5859	_manage_stock	no
5860	_manage_stock	no
5862	_manage_stock	no
5781	_manage_stock	no
5864	_manage_stock	no
5867	_manage_stock	no
5869	_manage_stock	no
5871	_manage_stock	no
5874	_manage_stock	no
5876	_manage_stock	no
5878	_manage_stock	no
5880	_manage_stock	no
5881	_manage_stock	no
5883	_manage_stock	no
5885	_manage_stock	no
5888	_manage_stock	no
5891	_manage_stock	no
5894	_manage_stock	no
5896	_manage_stock	no
5897	_manage_stock	no
5901	_manage_stock	no
5903	_manage_stock	no
5904	_manage_stock	no
5907	_manage_stock	no
5909	_manage_stock	no
5910	_manage_stock	no
5914	_manage_stock	no
5915	_manage_stock	no
5917	_manage_stock	no
5918	_manage_stock	no
5919	_manage_stock	no
5920	_manage_stock	no
5921	_manage_stock	no
5922	_manage_stock	no
5923	_manage_stock	no
5924	_manage_stock	no
5929	_manage_stock	no
5932	_manage_stock	no
5933	_manage_stock	no
5936	_manage_stock	no
5937	_manage_stock	no
5938	_manage_stock	no
5940	_manage_stock	no
5941	_manage_stock	no
5944	_manage_stock	no
5947	_manage_stock	no
5949	_manage_stock	no
5951	_manage_stock	no
5913	_manage_stock	no
5953	_manage_stock	no
5956	_manage_stock	no
5961	_manage_stock	no
5962	_manage_stock	no
5964	_manage_stock	no
5966	_manage_stock	no
5969	_manage_stock	no
5970	_manage_stock	no
5972	_manage_stock	no
5973	_manage_stock	no
5976	_manage_stock	no
5977	_manage_stock	no
5978	_manage_stock	no
5984	_manage_stock	no
5986	_manage_stock	no
5987	_manage_stock	no
5988	_manage_stock	no
5990	_manage_stock	no
5993	_manage_stock	no
5992	_manage_stock	no
5996	_manage_stock	no
5998	_manage_stock	no
5999	_manage_stock	no
6001	_manage_stock	no
6002	_manage_stock	no
6003	_manage_stock	no
6004	_manage_stock	no
8719	_manage_stock	no
6008	_manage_stock	no
6009	_manage_stock	no
6011	_manage_stock	no
6012	_manage_stock	no
6013	_manage_stock	no
6014	_manage_stock	no
6016	_manage_stock	no
6019	_manage_stock	no
6022	_manage_stock	no
6025	_manage_stock	no
6027	_manage_stock	no
6028	_manage_stock	no
6030	_manage_stock	no
6035	_manage_stock	no
6037	_manage_stock	no
6042	_manage_stock	no
6045	_manage_stock	no
6047	_manage_stock	no
6050	_manage_stock	no
6053	_manage_stock	no
6055	_manage_stock	no
6057	_manage_stock	no
6059	_manage_stock	no
6064	_manage_stock	no
6068	_manage_stock	no
6051	_manage_stock	no
6075	_manage_stock	yes
6077	_manage_stock	no
6078	_manage_stock	no
6080	_manage_stock	no
6081	_manage_stock	no
6082	_manage_stock	no
6083	_manage_stock	no
6074	_manage_stock	no
6084	_manage_stock	no
6086	_manage_stock	no
6089	_manage_stock	no
6091	_manage_stock	no
6093	_manage_stock	no
6095	_manage_stock	no
6097	_manage_stock	no
6100	_manage_stock	no
6103	_manage_stock	no
6105	_manage_stock	no
6109	_manage_stock	no
6108	_manage_stock	no
6113	_manage_stock	no
6115	_manage_stock	no
6111	_manage_stock	no
6117	_manage_stock	no
6118	_manage_stock	no
6119	_manage_stock	no
6120	_manage_stock	no
6121	_manage_stock	no
6122	_manage_stock	no
6127	_manage_stock	no
6133	_manage_stock	no
6139	_manage_stock	no
6143	_manage_stock	no
6145	_manage_stock	no
6149	_manage_stock	no
6151	_manage_stock	no
6153	_manage_stock	no
6157	_manage_stock	no
6159	_manage_stock	no
6165	_manage_stock	no
6166	_manage_stock	no
6167	_manage_stock	no
6168	_manage_stock	no
6169	_manage_stock	no
6170	_manage_stock	no
6171	_manage_stock	no
6172	_manage_stock	no
6174	_manage_stock	no
6177	_manage_stock	no
6178	_manage_stock	no
6179	_manage_stock	no
6180	_manage_stock	no
6181	_manage_stock	no
6182	_manage_stock	no
6183	_manage_stock	no
6184	_manage_stock	no
6185	_manage_stock	no
6186	_manage_stock	no
6187	_manage_stock	no
6188	_manage_stock	no
6189	_manage_stock	no
6193	_manage_stock	no
6195	_manage_stock	no
6197	_manage_stock	no
6200	_manage_stock	no
6202	_manage_stock	no
6208	_manage_stock	no
6209	_manage_stock	no
6211	_manage_stock	no
6201	_manage_stock	no
6214	_manage_stock	no
6221	_manage_stock	no
6223	_manage_stock	no
6219	_manage_stock	no
6226	_manage_stock	no
6229	_manage_stock	no
6230	_manage_stock	no
6232	_manage_stock	no
6235	_manage_stock	no
6238	_manage_stock	no
6239	_manage_stock	no
6241	_manage_stock	no
6237	_manage_stock	no
6227	_manage_stock	no
6244	_manage_stock	no
6247	_manage_stock	no
6249	_manage_stock	no
6252	_manage_stock	no
6256	_manage_stock	no
6259	_manage_stock	no
6261	_manage_stock	no
6264	_manage_stock	no
6266	_manage_stock	no
6270	_manage_stock	no
6268	_manage_stock	no
6274	_manage_stock	no
6277	_manage_stock	no
6279	_manage_stock	no
6281	_manage_stock	no
6283	_manage_stock	no
6285	_manage_stock	no
6287	_manage_stock	no
6290	_manage_stock	no
6293	_manage_stock	no
6275	_manage_stock	no
6299	_manage_stock	no
6296	_manage_stock	no
6295	_manage_stock	no
6305	_manage_stock	no
6304	_manage_stock	no
6308	_manage_stock	no
6309	_manage_stock	no
6316	_manage_stock	no
6313	_manage_stock	no
6319	_manage_stock	no
6322	_manage_stock	no
6324	_manage_stock	no
6326	_manage_stock	no
6328	_manage_stock	no
6330	_manage_stock	no
6332	_manage_stock	no
6334	_manage_stock	no
6338	_manage_stock	no
6339	_manage_stock	no
6340	_manage_stock	no
6341	_manage_stock	no
6342	_manage_stock	no
6345	_manage_stock	no
6347	_manage_stock	no
6353	_manage_stock	no
6355	_manage_stock	no
6357	_manage_stock	no
6359	_manage_stock	no
6360	_manage_stock	no
6366	_manage_stock	no
6368	_manage_stock	no
6365	_manage_stock	no
9436	_manage_stock	no
6374	_manage_stock	no
6382	_manage_stock	no
6384	_manage_stock	no
6379	_manage_stock	no
6386	_manage_stock	no
6390	_manage_stock	no
6392	_manage_stock	no
6388	_manage_stock	no
6397	_manage_stock	no
6401	_manage_stock	no
6404	_manage_stock	no
6403	_manage_stock	no
6407	_manage_stock	no
6409	_manage_stock	no
6411	_manage_stock	no
6399	_manage_stock	no
6415	_manage_stock	no
6417	_manage_stock	no
6419	_manage_stock	no
6380	_manage_stock	no
6421	_manage_stock	no
6425	_manage_stock	no
6428	_manage_stock	no
6429	_manage_stock	no
6431	_manage_stock	no
6432	_manage_stock	no
6434	_manage_stock	no
6436	_manage_stock	no
6438	_manage_stock	no
6440	_manage_stock	no
6442	_manage_stock	no
6444	_manage_stock	no
6446	_manage_stock	no
6448	_manage_stock	no
6451	_manage_stock	no
6453	_manage_stock	no
6458	_manage_stock	no
6461	_manage_stock	no
6463	_manage_stock	no
6459	_manage_stock	no
6467	_manage_stock	no
6466	_manage_stock	no
6472	_manage_stock	no
6479	_manage_stock	no
6475	_manage_stock	no
6483	_manage_stock	no
6486	_manage_stock	no
6487	_manage_stock	no
6490	_manage_stock	no
6489	_manage_stock	no
6493	_manage_stock	no
6495	_manage_stock	no
6501	_manage_stock	no
6499	_manage_stock	no
6506	_manage_stock	no
6508	_manage_stock	no
6510	_manage_stock	no
6512	_manage_stock	no
6514	_manage_stock	no
6516	_manage_stock	no
6518	_manage_stock	no
6522	_manage_stock	no
6524	_manage_stock	no
6526	_manage_stock	no
6528	_manage_stock	no
6530	_manage_stock	no
6532	_manage_stock	no
9071	_manage_stock	no
6535	_manage_stock	no
6539	_manage_stock	no
6542	_manage_stock	no
6544	_manage_stock	no
6537	_manage_stock	no
6551	_manage_stock	no
6553	_manage_stock	no
6559	_manage_stock	no
6548	_manage_stock	no
6561	_manage_stock	no
6538	_manage_stock	no
6567	_manage_stock	no
6568	_manage_stock	no
6569	_manage_stock	no
6573	_manage_stock	no
6576	_manage_stock	no
6577	_manage_stock	no
9069	_manage_stock	no
6580	_manage_stock	no
6582	_manage_stock	no
6584	_manage_stock	no
6587	_manage_stock	no
6588	_manage_stock	no
6590	_manage_stock	no
6594	_manage_stock	no
6595	_manage_stock	no
6562	_manage_stock	no
6598	_manage_stock	no
6599	_manage_stock	no
6602	_manage_stock	no
6605	_manage_stock	no
6612	_manage_stock	no
6611	_manage_stock	no
6617	_manage_stock	no
6616	_manage_stock	no
6621	_manage_stock	no
6619	_manage_stock	no
6625	_manage_stock	no
6626	_manage_stock	no
6629	_manage_stock	no
6632	_manage_stock	no
6635	_manage_stock	no
6634	_manage_stock	no
6642	_manage_stock	no
6644	_manage_stock	no
6645	_manage_stock	no
6647	_manage_stock	no
6648	_manage_stock	no
6650	_manage_stock	no
6653	_manage_stock	no
6657	_manage_stock	no
6660	_manage_stock	no
6661	_manage_stock	no
6663	_manage_stock	no
6664	_manage_stock	no
6665	_manage_stock	no
6666	_manage_stock	no
6668	_manage_stock	no
6669	_manage_stock	no
6671	_manage_stock	no
6673	_manage_stock	no
6675	_manage_stock	no
6676	_manage_stock	no
6678	_manage_stock	no
6679	_manage_stock	no
6681	_manage_stock	no
6655	_manage_stock	no
6683	_manage_stock	no
6687	_manage_stock	no
6689	_manage_stock	no
6694	_manage_stock	no
6704	_manage_stock	no
6705	_manage_stock	no
6709	_manage_stock	no
6718	_manage_stock	no
6755	_manage_stock	no
6868	_manage_stock	no
6869	_manage_stock	no
6870	_manage_stock	no
6871	_manage_stock	no
6872	_manage_stock	no
6873	_manage_stock	no
6874	_manage_stock	no
6875	_manage_stock	no
6876	_manage_stock	no
6877	_manage_stock	no
6878	_manage_stock	no
6879	_manage_stock	no
6880	_manage_stock	no
6881	_manage_stock	no
6882	_manage_stock	no
6914	_manage_stock	no
7036	_manage_stock	no
6987	_manage_stock	no
6992	_manage_stock	no
6998	_manage_stock	no
7055	_manage_stock	no
7056	_manage_stock	no
7057	_manage_stock	no
7058	_manage_stock	no
7077	_manage_stock	no
7104	_manage_stock	no
7120	_manage_stock	no
7137	_manage_stock	no
7160	_manage_stock	no
7167	_manage_stock	no
7171	_manage_stock	no
7176	_manage_stock	no
7178	_manage_stock	no
7180	_manage_stock	no
7181	_manage_stock	no
7183	_manage_stock	no
7185	_manage_stock	no
7187	_manage_stock	no
7189	_manage_stock	no
7190	_manage_stock	no
7206	_manage_stock	no
7199	_manage_stock	no
7210	_manage_stock	no
7233	_manage_stock	no
7232	_manage_stock	no
7235	_manage_stock	no
7237	_manage_stock	no
7239	_manage_stock	no
7241	_manage_stock	no
7245	_manage_stock	no
7250	_manage_stock	no
7252	_manage_stock	no
7253	_manage_stock	no
7255	_manage_stock	no
7258	_manage_stock	no
7267	_manage_stock	no
7269	_manage_stock	no
7263	_manage_stock	no
7271	_manage_stock	no
7275	_manage_stock	no
7278	_manage_stock	no
9438	_manage_stock	no
7281	_manage_stock	no
7284	_manage_stock	no
7287	_manage_stock	no
7286	_manage_stock	no
7290	_manage_stock	no
7293	_manage_stock	no
7295	_manage_stock	no
7299	_manage_stock	no
7301	_manage_stock	no
7303	_manage_stock	no
7304	_manage_stock	no
7306	_manage_stock	no
7307	_manage_stock	no
7308	_manage_stock	no
7310	_manage_stock	no
7311	_manage_stock	no
7312	_manage_stock	no
7315	_manage_stock	no
7317	_manage_stock	no
7318	_manage_stock	no
7323	_manage_stock	no
7328	_manage_stock	no
7330	_manage_stock	no
7331	_manage_stock	no
7333	_manage_stock	no
7335	_manage_stock	no
7337	_manage_stock	no
7339	_manage_stock	no
7342	_manage_stock	no
7346	_manage_stock	no
7341	_manage_stock	no
7349	_manage_stock	no
7351	_manage_stock	no
7354	_manage_stock	no
7356	_manage_stock	no
7358	_manage_stock	no
7360	_manage_stock	no
7362	_manage_stock	no
7367	_manage_stock	no
7348	_manage_stock	no
7373	_manage_stock	no
7376	_manage_stock	no
7377	_manage_stock	no
7380	_manage_stock	no
7384	_manage_stock	no
7386	_manage_stock	no
7388	_manage_stock	no
7382	_manage_stock	no
7390	_manage_stock	no
7392	_manage_stock	no
7397	_manage_stock	no
7394	_manage_stock	no
7399	_manage_stock	no
7402	_manage_stock	no
7405	_manage_stock	no
7408	_manage_stock	no
7410	_manage_stock	no
7412	_manage_stock	no
7414	_manage_stock	no
7416	_manage_stock	no
7418	_manage_stock	no
7420	_manage_stock	no
7422	_manage_stock	no
7426	_manage_stock	no
7428	_manage_stock	no
7430	_manage_stock	no
7432	_manage_stock	no
7435	_manage_stock	no
7437	_manage_stock	no
7439	_manage_stock	no
7441	_manage_stock	no
7447	_manage_stock	no
7446	_manage_stock	no
7455	_manage_stock	no
7454	_manage_stock	no
7460	_manage_stock	no
7463	_manage_stock	no
7466	_manage_stock	no
7469	_manage_stock	no
7464	_manage_stock	no
7472	_manage_stock	no
7475	_manage_stock	no
7470	_manage_stock	no
7478	_manage_stock	no
7479	_manage_stock	no
7477	_manage_stock	no
7481	_manage_stock	no
7482	_manage_stock	no
7491	_manage_stock	no
7487	_manage_stock	no
7490	_manage_stock	no
7493	_manage_stock	no
7494	_manage_stock	no
7496	_manage_stock	no
7495	_manage_stock	no
7500	_manage_stock	no
7502	_manage_stock	no
7503	_manage_stock	no
7504	_manage_stock	no
7505	_manage_stock	no
7507	_manage_stock	no
7509	_manage_stock	no
7515	_manage_stock	no
7524	_manage_stock	no
7528	_manage_stock	no
7533	_manage_stock	no
7512	_manage_stock	no
7537	_manage_stock	no
7540	_manage_stock	no
7546	_manage_stock	no
7550	_manage_stock	no
7554	_manage_stock	no
7557	_manage_stock	no
7558	_manage_stock	no
7561	_manage_stock	no
7568	_manage_stock	no
7574	_manage_stock	no
7587	_manage_stock	no
7589	_manage_stock	no
7591	_manage_stock	no
7593	_manage_stock	no
7595	_manage_stock	no
7599	_manage_stock	no
7604	_manage_stock	no
7602	_manage_stock	no
7607	_manage_stock	no
7611	_manage_stock	no
7613	_manage_stock	no
7615	_manage_stock	no
7617	_manage_stock	no
7619	_manage_stock	no
7621	_manage_stock	no
7623	_manage_stock	no
7626	_manage_stock	no
7628	_manage_stock	no
7630	_manage_stock	no
7633	_manage_stock	no
7634	_manage_stock	no
7631	_manage_stock	no
7638	_manage_stock	no
7641	_manage_stock	no
7644	_manage_stock	no
7648	_manage_stock	no
7657	_manage_stock	no
7656	_manage_stock	no
7661	_manage_stock	no
7663	_manage_stock	no
7664	_manage_stock	no
7665	_manage_stock	no
7667	_manage_stock	no
7669	_manage_stock	no
7670	_manage_stock	no
7671	_manage_stock	no
7674	_manage_stock	no
7675	_manage_stock	no
7679	_manage_stock	no
7682	_manage_stock	no
7688	_manage_stock	no
7685	_manage_stock	no
7692	_manage_stock	no
7689	_manage_stock	no
7693	_manage_stock	no
7695	_manage_stock	no
7698	_manage_stock	no
7703	_manage_stock	no
7702	_manage_stock	no
7705	_manage_stock	no
7707	_manage_stock	no
7709	_manage_stock	no
7711	_manage_stock	no
8437	_manage_stock	no
7714	_manage_stock	no
7715	_manage_stock	no
7717	_manage_stock	no
7722	_manage_stock	no
7723	_manage_stock	no
7727	_manage_stock	no
7728	_manage_stock	no
7733	_manage_stock	no
7736	_manage_stock	no
7739	_manage_stock	no
7740	_manage_stock	no
7742	_manage_stock	no
7744	_manage_stock	no
7747	_manage_stock	no
7734	_manage_stock	no
7768	_manage_stock	no
7771	_manage_stock	no
7772	_manage_stock	no
7774	_manage_stock	no
7775	_manage_stock	no
7776	_manage_stock	no
7779	_manage_stock	no
7784	_manage_stock	no
7787	_manage_stock	no
7790	_manage_stock	no
7792	_manage_stock	no
7797	_manage_stock	no
7789	_manage_stock	no
7799	_manage_stock	no
7801	_manage_stock	no
7802	_manage_stock	no
7806	_manage_stock	no
7812	_manage_stock	no
7815	_manage_stock	no
7816	_manage_stock	no
7819	_manage_stock	no
7822	_manage_stock	no
7823	_manage_stock	no
7824	_manage_stock	no
7829	_manage_stock	no
7830	_manage_stock	no
7831	_manage_stock	no
7832	_manage_stock	no
7833	_manage_stock	no
7827	_manage_stock	no
7828	_manage_stock	no
7837	_manage_stock	no
7839	_manage_stock	no
7844	_manage_stock	no
7848	_manage_stock	no
7850	_manage_stock	no
7851	_manage_stock	no
7841	_manage_stock	no
7887	_manage_stock	no
7867	_manage_stock	no
7866	_manage_stock	no
7868	_manage_stock	no
7869	_manage_stock	no
7870	_manage_stock	no
7871	_manage_stock	no
7872	_manage_stock	no
7873	_manage_stock	no
7874	_manage_stock	no
7875	_manage_stock	no
7876	_manage_stock	no
7877	_manage_stock	no
7878	_manage_stock	no
7879	_manage_stock	no
7880	_manage_stock	no
7881	_manage_stock	no
7882	_manage_stock	no
7883	_manage_stock	no
7884	_manage_stock	no
7885	_manage_stock	no
7891	_manage_stock	no
7892	_manage_stock	no
7893	_manage_stock	no
7894	_manage_stock	no
7895	_manage_stock	no
7889	_manage_stock	no
7897	_manage_stock	no
7900	_manage_stock	no
7939	_manage_stock	no
8128	_manage_stock	no
8129	_manage_stock	no
8127	_manage_stock	no
7938	_manage_stock	no
7937	_manage_stock	no
7920	_manage_stock	no
7923	_manage_stock	no
7924	_manage_stock	no
7925	_manage_stock	no
7940	_manage_stock	no
7942	_manage_stock	no
15269	_manage_stock	no
15851	_manage_stock	no
7951	_manage_stock	no
7953	_manage_stock	no
7958	_manage_stock	no
7956	_manage_stock	no
7961	_manage_stock	no
7963	_manage_stock	no
7965	_manage_stock	no
7967	_manage_stock	no
7973	_manage_stock	no
7976	_manage_stock	no
7978	_manage_stock	no
7979	_manage_stock	no
7981	_manage_stock	no
7984	_manage_stock	no
7966	_manage_stock	no
7987	_manage_stock	no
7989	_manage_stock	no
7995	_manage_stock	no
7997	_manage_stock	no
7999	_manage_stock	no
8002	_manage_stock	no
8005	_manage_stock	no
8007	_manage_stock	no
8010	_manage_stock	no
8012	_manage_stock	no
8014	_manage_stock	no
8016	_manage_stock	no
8019	_manage_stock	no
8025	_manage_stock	no
8026	_manage_stock	no
8027	_manage_stock	no
8028	_manage_stock	no
8030	_manage_stock	no
7993	_manage_stock	no
8032	_manage_stock	no
8034	_manage_stock	no
8036	_manage_stock	no
8033	_manage_stock	no
8041	_manage_stock	no
8045	_manage_stock	no
8051	_manage_stock	no
8056	_manage_stock	no
8059	_manage_stock	no
8066	_manage_stock	no
8068	_manage_stock	no
8071	_manage_stock	no
8069	_manage_stock	no
8073	_manage_stock	no
8081	_manage_stock	no
8085	_manage_stock	no
8082	_manage_stock	no
8091	_manage_stock	no
8093	_manage_stock	no
8090	_manage_stock	no
8099	_manage_stock	no
8101	_manage_stock	no
8103	_manage_stock	no
8105	_manage_stock	no
8107	_manage_stock	no
8109	_manage_stock	no
8111	_manage_stock	no
8113	_manage_stock	no
8115	_manage_stock	no
8117	_manage_stock	no
8121	_manage_stock	no
8130	_manage_stock	no
8131	_manage_stock	no
8132	_manage_stock	no
8133	_manage_stock	no
8134	_manage_stock	no
8135	_manage_stock	no
8136	_manage_stock	no
8138	_manage_stock	no
8140	_manage_stock	yes
8144	_manage_stock	no
8146	_manage_stock	no
8148	_manage_stock	no
8151	_manage_stock	no
8150	_manage_stock	no
8153	_manage_stock	no
8157	_manage_stock	no
8160	_manage_stock	no
8162	_manage_stock	no
8164	_manage_stock	no
8166	_manage_stock	no
8167	_manage_stock	no
8158	_manage_stock	no
8171	_manage_stock	no
8172	_manage_stock	no
8173	_manage_stock	no
8174	_manage_stock	no
8175	_manage_stock	no
8176	_manage_stock	no
8177	_manage_stock	no
8178	_manage_stock	no
8179	_manage_stock	no
8180	_manage_stock	no
8181	_manage_stock	no
8183	_manage_stock	no
8184	_manage_stock	no
8185	_manage_stock	no
8186	_manage_stock	no
8187	_manage_stock	no
8182	_manage_stock	no
8189	_manage_stock	no
8191	_manage_stock	no
8192	_manage_stock	no
8194	_manage_stock	no
8197	_manage_stock	no
8199	_manage_stock	no
8202	_manage_stock	no
8209	_manage_stock	no
8212	_manage_stock	no
8208	_manage_stock	no
8214	_manage_stock	no
8217	_manage_stock	no
8221	_manage_stock	no
8224	_manage_stock	no
8230	_manage_stock	no
8233	_manage_stock	no
8234	_manage_stock	no
8235	_manage_stock	no
8236	_manage_stock	no
8237	_manage_stock	no
8238	_manage_stock	no
8239	_manage_stock	no
8229	_manage_stock	no
8240	_manage_stock	no
8241	_manage_stock	no
8243	_manage_stock	no
8244	_manage_stock	no
8245	_manage_stock	no
8246	_manage_stock	no
8247	_manage_stock	no
8248	_manage_stock	no
8249	_manage_stock	no
8250	_manage_stock	no
8242	_manage_stock	no
8257	_manage_stock	no
8258	_manage_stock	no
9845	_manage_stock	no
8263	_manage_stock	no
8266	_manage_stock	no
8270	_manage_stock	no
8272	_manage_stock	no
8273	_manage_stock	no
8277	_manage_stock	no
8278	_manage_stock	no
8290	_manage_stock	no
8300	_manage_stock	no
8303	_manage_stock	no
8305	_manage_stock	no
8314	_manage_stock	no
8318	_manage_stock	no
8321	_manage_stock	no
8323	_manage_stock	no
8325	_manage_stock	no
8326	_manage_stock	no
8328	_manage_stock	no
8329	_manage_stock	no
8331	_manage_stock	no
8332	_manage_stock	no
8333	_manage_stock	no
8335	_manage_stock	no
8337	_manage_stock	no
8343	_manage_stock	no
8347	_manage_stock	no
8349	_manage_stock	no
8352	_manage_stock	no
8354	_manage_stock	no
8351	_manage_stock	no
8357	_manage_stock	no
8358	_manage_stock	no
8356	_manage_stock	no
8359	_manage_stock	no
8361	_manage_stock	no
8363	_manage_stock	no
8370	_manage_stock	no
8375	_manage_stock	no
8373	_manage_stock	no
8380	_manage_stock	no
8383	_manage_stock	no
8385	_manage_stock	no
8388	_manage_stock	no
8390	_manage_stock	no
8392	_manage_stock	no
8382	_manage_stock	no
8396	_manage_stock	no
8399	_manage_stock	no
8394	_manage_stock	no
8401	_manage_stock	no
8403	_manage_stock	no
8404	_manage_stock	no
8402	_manage_stock	no
8409	_manage_stock	no
8410	_manage_stock	no
8418	_manage_stock	no
8419	_manage_stock	no
8424	_manage_stock	no
8415	_manage_stock	no
8431	_manage_stock	no
8433	_manage_stock	no
8435	_manage_stock	no
8439	_manage_stock	no
8440	_manage_stock	no
8441	_manage_stock	no
8442	_manage_stock	no
8445	_manage_stock	no
8450	_manage_stock	no
8451	_manage_stock	no
8452	_manage_stock	no
8453	_manage_stock	no
8454	_manage_stock	no
8456	_manage_stock	no
8458	_manage_stock	no
8459	_manage_stock	no
8461	_manage_stock	no
8462	_manage_stock	no
8464	_manage_stock	no
8465	_manage_stock	no
8467	_manage_stock	no
8469	_manage_stock	no
8473	_manage_stock	no
8475	_manage_stock	no
8478	_manage_stock	no
8480	_manage_stock	no
8482	_manage_stock	no
8486	_manage_stock	no
8489	_manage_stock	no
8490	_manage_stock	no
8494	_manage_stock	no
8495	_manage_stock	no
8496	_manage_stock	no
8497	_manage_stock	no
8498	_manage_stock	no
8499	_manage_stock	no
8500	_manage_stock	no
8507	_manage_stock	no
8528	_manage_stock	no
8530	_manage_stock	no
15925	_manage_stock	no
8533	_manage_stock	no
8538	_manage_stock	no
8541	_manage_stock	no
8543	_manage_stock	no
8549	_manage_stock	no
8545	_manage_stock	no
8553	_manage_stock	no
8555	_manage_stock	no
8557	_manage_stock	no
8559	_manage_stock	no
8562	_manage_stock	no
8561	_manage_stock	no
8566	_manage_stock	no
8570	_manage_stock	no
8569	_manage_stock	no
8572	_manage_stock	no
8575	_manage_stock	no
8577	_manage_stock	no
8578	_manage_stock	no
8579	_manage_stock	no
8581	_manage_stock	no
8582	_manage_stock	no
8584	_manage_stock	no
8592	_manage_stock	no
8594	_manage_stock	no
8597	_manage_stock	no
8601	_manage_stock	no
8590	_manage_stock	no
8603	_manage_stock	no
8606	_manage_stock	no
8609	_manage_stock	no
8610	_manage_stock	no
8611	_manage_stock	no
8614	_manage_stock	no
8616	_manage_stock	no
8618	_manage_stock	no
8619	_manage_stock	no
8620	_manage_stock	no
8621	_manage_stock	no
8622	_manage_stock	no
8623	_manage_stock	no
8624	_manage_stock	no
8626	_manage_stock	no
8628	_manage_stock	no
8631	_manage_stock	no
8630	_manage_stock	no
8635	_manage_stock	no
8634	_manage_stock	no
8639	_manage_stock	no
8640	_manage_stock	no
8641	_manage_stock	no
8643	_manage_stock	no
8645	_manage_stock	no
8646	_manage_stock	no
8650	_manage_stock	no
8655	_manage_stock	no
8666	_manage_stock	no
8667	_manage_stock	no
8668	_manage_stock	no
8664	_manage_stock	no
8671	_manage_stock	no
8673	_manage_stock	no
8676	_manage_stock	no
8679	_manage_stock	no
8682	_manage_stock	no
8684	_manage_stock	no
8686	_manage_stock	no
8688	_manage_stock	no
8690	_manage_stock	no
8691	_manage_stock	no
8694	_manage_stock	no
8696	_manage_stock	no
8697	_manage_stock	no
8700	_manage_stock	no
8703	_manage_stock	no
8706	_manage_stock	no
8708	_manage_stock	no
8710	_manage_stock	no
8712	_manage_stock	no
8713	_manage_stock	no
8715	_manage_stock	no
8722	_manage_stock	no
8723	_manage_stock	no
8724	_manage_stock	no
8728	_manage_stock	no
8732	_manage_stock	no
8727	_manage_stock	no
8735	_manage_stock	no
8736	_manage_stock	no
8737	_manage_stock	no
8741	_manage_stock	no
8742	_manage_stock	no
8743	_manage_stock	no
8744	_manage_stock	no
8745	_manage_stock	no
8746	_manage_stock	no
8748	_manage_stock	no
8749	_manage_stock	no
8751	_manage_stock	no
8752	_manage_stock	no
8753	_manage_stock	no
8754	_manage_stock	no
8755	_manage_stock	no
8757	_manage_stock	no
8740	_manage_stock	no
8760	_manage_stock	no
8762	_manage_stock	no
8764	_manage_stock	no
8766	_manage_stock	no
8768	_manage_stock	no
8772	_manage_stock	no
8848	_manage_stock	no
8780	_manage_stock	no
8781	_manage_stock	no
8782	_manage_stock	no
8785	_manage_stock	no
8788	_manage_stock	no
8789	_manage_stock	no
8790	_manage_stock	no
9778	_manage_stock	no
8849	_manage_stock	no
8797	_manage_stock	no
8798	_manage_stock	no
8799	_manage_stock	no
8800	_manage_stock	no
8801	_manage_stock	no
8802	_manage_stock	no
8803	_manage_stock	no
8804	_manage_stock	no
8805	_manage_stock	no
8806	_manage_stock	no
8807	_manage_stock	no
8808	_manage_stock	no
8809	_manage_stock	no
8810	_manage_stock	no
8812	_manage_stock	no
8811	_manage_stock	no
8813	_manage_stock	no
8814	_manage_stock	no
8815	_manage_stock	no
8816	_manage_stock	no
8817	_manage_stock	no
8818	_manage_stock	no
8819	_manage_stock	no
8820	_manage_stock	no
8821	_manage_stock	no
8822	_manage_stock	no
8823	_manage_stock	no
8824	_manage_stock	no
8825	_manage_stock	no
8826	_manage_stock	no
8827	_manage_stock	no
8828	_manage_stock	no
8829	_manage_stock	no
8830	_manage_stock	no
8831	_manage_stock	no
8832	_manage_stock	no
8833	_manage_stock	no
8834	_manage_stock	no
8835	_manage_stock	no
8836	_manage_stock	no
8837	_manage_stock	no
8838	_manage_stock	no
8839	_manage_stock	no
8840	_manage_stock	no
8841	_manage_stock	no
8842	_manage_stock	no
8843	_manage_stock	no
8844	_manage_stock	no
8845	_manage_stock	no
8846	_manage_stock	no
8852	_manage_stock	no
9776	_manage_stock	no
8854	_manage_stock	no
8856	_manage_stock	no
8857	_manage_stock	no
8858	_manage_stock	no
8860	_manage_stock	no
8864	_manage_stock	no
8865	_manage_stock	no
8867	_manage_stock	no
8868	_manage_stock	no
8869	_manage_stock	no
8870	_manage_stock	no
8871	_manage_stock	no
8872	_manage_stock	no
8879	_manage_stock	no
8887	_manage_stock	no
8889	_manage_stock	no
8893	_manage_stock	no
8894	_manage_stock	no
8895	_manage_stock	no
8896	_manage_stock	no
8897	_manage_stock	no
8898	_manage_stock	no
8899	_manage_stock	no
8901	_manage_stock	no
8910	_manage_stock	no
8913	_manage_stock	no
8915	_manage_stock	no
8916	_manage_stock	no
8920	_manage_stock	no
8923	_manage_stock	no
12415	_manage_stock	no
8928	_manage_stock	no
8930	_manage_stock	no
8932	_manage_stock	no
8934	_manage_stock	no
8936	_manage_stock	no
8939	_manage_stock	no
8942	_manage_stock	no
8944	_manage_stock	no
8948	_manage_stock	no
8945	_manage_stock	no
8951	_manage_stock	no
8954	_manage_stock	no
8958	_manage_stock	no
8962	_manage_stock	no
8967	_manage_stock	no
8971	_manage_stock	no
8973	_manage_stock	no
8976	_manage_stock	no
8980	_manage_stock	no
8983	_manage_stock	no
8985	_manage_stock	no
8988	_manage_stock	no
8990	_manage_stock	no
8992	_manage_stock	no
8994	_manage_stock	no
8995	_manage_stock	no
8996	_manage_stock	no
8997	_manage_stock	no
8998	_manage_stock	no
8999	_manage_stock	no
9000	_manage_stock	no
9003	_manage_stock	no
9005	_manage_stock	no
9007	_manage_stock	no
9010	_manage_stock	no
9017	_manage_stock	no
9021	_manage_stock	no
9023	_manage_stock	no
9025	_manage_stock	no
9027	_manage_stock	no
9922	_manage_stock	no
9032	_manage_stock	no
9033	_manage_stock	no
9034	_manage_stock	no
9035	_manage_stock	no
9036	_manage_stock	no
9037	_manage_stock	no
9038	_manage_stock	no
9040	_manage_stock	no
9042	_manage_stock	no
9045	_manage_stock	no
9048	_manage_stock	no
9051	_manage_stock	no
9053	_manage_stock	no
9054	_manage_stock	no
9056	_manage_stock	no
9061	_manage_stock	no
9068	_manage_stock	no
9074	_manage_stock	no
9077	_manage_stock	no
9078	_manage_stock	no
9082	_manage_stock	no
9084	_manage_stock	no
9090	_manage_stock	no
9092	_manage_stock	no
9094	_manage_stock	no
9096	_manage_stock	no
9098	_manage_stock	no
9100	_manage_stock	no
9102	_manage_stock	no
9105	_manage_stock	no
9106	_manage_stock	no
9108	_manage_stock	no
9110	_manage_stock	no
9113	_manage_stock	no
9114	_manage_stock	no
9116	_manage_stock	no
9117	_manage_stock	no
9118	_manage_stock	no
9119	_manage_stock	no
9122	_manage_stock	no
9124	_manage_stock	no
9129	_manage_stock	no
9130	_manage_stock	no
9132	_manage_stock	no
9136	_manage_stock	no
9138	_manage_stock	no
9140	_manage_stock	no
9141	_manage_stock	no
9142	_manage_stock	no
9143	_manage_stock	no
9144	_manage_stock	no
9146	_manage_stock	no
9149	_manage_stock	no
9152	_manage_stock	no
9154	_manage_stock	no
9158	_manage_stock	no
9159	_manage_stock	no
9160	_manage_stock	no
9161	_manage_stock	no
9165	_manage_stock	no
9170	_manage_stock	no
9174	_manage_stock	no
9172	_manage_stock	no
9179	_manage_stock	no
9180	_manage_stock	no
9181	_manage_stock	no
9182	_manage_stock	no
9188	_manage_stock	no
9175	_manage_stock	no
9191	_manage_stock	no
9193	_manage_stock	no
9197	_manage_stock	no
9195	_manage_stock	no
9203	_manage_stock	no
9206	_manage_stock	no
9207	_manage_stock	no
10097	_manage_stock	no
10095	_manage_stock	no
10099	_manage_stock	no
9217	_manage_stock	no
9222	_manage_stock	no
9224	_manage_stock	no
9225	_manage_stock	no
9226	_manage_stock	no
9227	_manage_stock	no
9231	_manage_stock	no
9232	_manage_stock	no
9233	_manage_stock	no
9234	_manage_stock	no
9236	_manage_stock	no
9237	_manage_stock	no
9239	_manage_stock	no
9240	_manage_stock	no
9241	_manage_stock	no
9243	_manage_stock	no
9244	_manage_stock	no
9245	_manage_stock	no
9246	_manage_stock	no
9247	_manage_stock	no
9248	_manage_stock	no
9253	_manage_stock	no
9254	_manage_stock	no
9258	_manage_stock	no
12214	_manage_stock	no
12211	_manage_stock	no
9274	_manage_stock	no
9276	_manage_stock	no
9278	_manage_stock	no
9279	_manage_stock	no
9281	_manage_stock	no
9284	_manage_stock	no
9287	_manage_stock	no
9289	_manage_stock	no
9291	_manage_stock	no
9293	_manage_stock	no
9295	_manage_stock	no
9297	_manage_stock	no
9298	_manage_stock	no
9299	_manage_stock	no
9300	_manage_stock	no
9301	_manage_stock	no
9304	_manage_stock	no
9305	_manage_stock	no
9306	_manage_stock	no
9307	_manage_stock	no
9308	_manage_stock	no
9309	_manage_stock	no
9310	_manage_stock	no
9311	_manage_stock	no
9312	_manage_stock	no
9313	_manage_stock	no
9314	_manage_stock	no
9315	_manage_stock	no
9316	_manage_stock	no
9318	_manage_stock	no
9321	_manage_stock	no
9322	_manage_stock	no
9323	_manage_stock	no
9324	_manage_stock	no
9325	_manage_stock	no
9327	_manage_stock	no
9329	_manage_stock	no
9332	_manage_stock	no
9336	_manage_stock	no
9338	_manage_stock	no
9340	_manage_stock	no
9342	_manage_stock	no
9344	_manage_stock	no
9347	_manage_stock	no
9349	_manage_stock	no
9350	_manage_stock	no
9355	_manage_stock	no
9356	_manage_stock	no
9357	_manage_stock	no
9358	_manage_stock	no
9359	_manage_stock	no
9361	_manage_stock	no
9366	_manage_stock	no
9369	_manage_stock	no
9371	_manage_stock	no
9376	_manage_stock	no
9380	_manage_stock	no
9382	_manage_stock	no
9387	_manage_stock	no
9390	_manage_stock	no
9393	_manage_stock	no
9398	_manage_stock	no
9399	_manage_stock	no
9402	_manage_stock	no
9391	_manage_stock	no
9414	_manage_stock	no
9415	_manage_stock	no
9416	_manage_stock	no
9417	_manage_stock	no
9419	_manage_stock	no
9421	_manage_stock	no
9422	_manage_stock	no
9424	_manage_stock	no
9426	_manage_stock	no
9428	_manage_stock	no
9430	_manage_stock	no
9434	_manage_stock	no
9440	_manage_stock	no
9442	_manage_stock	no
9444	_manage_stock	no
9446	_manage_stock	no
9448	_manage_stock	no
9450	_manage_stock	no
9452	_manage_stock	no
9458	_manage_stock	no
9459	_manage_stock	no
9461	_manage_stock	no
9464	_manage_stock	no
9466	_manage_stock	no
9468	_manage_stock	no
9467	_manage_stock	no
9470	_manage_stock	no
9474	_manage_stock	no
9476	_manage_stock	no
9478	_manage_stock	no
9480	_manage_stock	no
9482	_manage_stock	no
9484	_manage_stock	no
9486	_manage_stock	no
9488	_manage_stock	no
9491	_manage_stock	no
9493	_manage_stock	no
9494	_manage_stock	no
9496	_manage_stock	no
9499	_manage_stock	no
9501	_manage_stock	no
9503	_manage_stock	no
9505	_manage_stock	no
9507	_manage_stock	no
9508	_manage_stock	no
9511	_manage_stock	no
9512	_manage_stock	no
9514	_manage_stock	no
9516	_manage_stock	no
9518	_manage_stock	no
9520	_manage_stock	no
9521	_manage_stock	no
9522	_manage_stock	no
9528	_manage_stock	no
9531	_manage_stock	no
9533	_manage_stock	no
9530	_manage_stock	no
9538	_manage_stock	no
9540	_manage_stock	no
9543	_manage_stock	no
9544	_manage_stock	no
9546	_manage_stock	no
9548	_manage_stock	no
9550	_manage_stock	no
9552	_manage_stock	no
9553	_manage_stock	no
9556	_manage_stock	no
9559	_manage_stock	no
9561	_manage_stock	no
9567	_manage_stock	no
9568	_manage_stock	no
9569	_manage_stock	no
9570	_manage_stock	no
9571	_manage_stock	no
9579	_manage_stock	no
9583	_manage_stock	no
9585	_manage_stock	no
9587	_manage_stock	no
9591	_manage_stock	no
9592	_manage_stock	no
9595	_manage_stock	no
9602	_manage_stock	no
9604	_manage_stock	no
9610	_manage_stock	no
9612	_manage_stock	no
9613	_manage_stock	no
9614	_manage_stock	no
9616	_manage_stock	no
9619	_manage_stock	no
9634	_manage_stock	no
9635	_manage_stock	no
9637	_manage_stock	no
9638	_manage_stock	no
9639	_manage_stock	no
9640	_manage_stock	no
9641	_manage_stock	no
9642	_manage_stock	no
9643	_manage_stock	no
9644	_manage_stock	no
9646	_manage_stock	no
9649	_manage_stock	no
9651	_manage_stock	no
9653	_manage_stock	no
9655	_manage_stock	no
9657	_manage_stock	no
9659	_manage_stock	no
9660	_manage_stock	no
9663	_manage_stock	no
9666	_manage_stock	no
9668	_manage_stock	no
9670	_manage_stock	no
9674	_manage_stock	no
9676	_manage_stock	no
9680	_manage_stock	no
9682	_manage_stock	no
9684	_manage_stock	no
9687	_manage_stock	no
9689	_manage_stock	no
9691	_manage_stock	no
9693	_manage_stock	no
9699	_manage_stock	no
9698	_manage_stock	no
9704	_manage_stock	no
9706	_manage_stock	no
9708	_manage_stock	no
9710	_manage_stock	no
9712	_manage_stock	no
9713	_manage_stock	no
9717	_manage_stock	no
9718	_manage_stock	no
9722	_manage_stock	no
9724	_manage_stock	no
9727	_manage_stock	no
9732	_manage_stock	no
9729	_manage_stock	no
9739	_manage_stock	no
9742	_manage_stock	no
9744	_manage_stock	no
9752	_manage_stock	no
9755	_manage_stock	no
9756	_manage_stock	no
9757	_manage_stock	no
9758	_manage_stock	no
9759	_manage_stock	no
9760	_manage_stock	no
9761	_manage_stock	no
9763	_manage_stock	no
9765	_manage_stock	no
9767	_manage_stock	no
9769	_manage_stock	no
9772	_manage_stock	no
9774	_manage_stock	no
9773	_manage_stock	no
9780	_manage_stock	no
9782	_manage_stock	no
9784	_manage_stock	no
9790	_manage_stock	no
9792	_manage_stock	no
9796	_manage_stock	no
9799	_manage_stock	no
9802	_manage_stock	no
9804	_manage_stock	no
9806	_manage_stock	no
9808	_manage_stock	no
9811	_manage_stock	no
9813	_manage_stock	no
9816	_manage_stock	no
9818	_manage_stock	no
9823	_manage_stock	no
9824	_manage_stock	no
9826	_manage_stock	no
9828	_manage_stock	no
9830	_manage_stock	no
9832	_manage_stock	no
9834	_manage_stock	no
9836	_manage_stock	no
9839	_manage_stock	no
9841	_manage_stock	no
9843	_manage_stock	no
9848	_manage_stock	no
9849	_manage_stock	no
9850	_manage_stock	no
9851	_manage_stock	no
9852	_manage_stock	no
9854	_manage_stock	no
9856	_manage_stock	no
9858	_manage_stock	no
9859	_manage_stock	no
9861	_manage_stock	no
9866	_manage_stock	no
9867	_manage_stock	no
9869	_manage_stock	no
9871	_manage_stock	no
9873	_manage_stock	no
9875	_manage_stock	no
9877	_manage_stock	no
9879	_manage_stock	no
9881	_manage_stock	no
9883	_manage_stock	no
9885	_manage_stock	no
9887	_manage_stock	no
9889	_manage_stock	no
9892	_manage_stock	no
9895	_manage_stock	no
9897	_manage_stock	no
9899	_manage_stock	no
9902	_manage_stock	no
9904	_manage_stock	no
9906	_manage_stock	no
9908	_manage_stock	no
9910	_manage_stock	no
9912	_manage_stock	no
9915	_manage_stock	no
9919	_manage_stock	no
9924	_manage_stock	no
9926	_manage_stock	no
9928	_manage_stock	no
9930	_manage_stock	no
9931	_manage_stock	no
9934	_manage_stock	no
9937	_manage_stock	no
9939	_manage_stock	no
9941	_manage_stock	no
9943	_manage_stock	no
9945	_manage_stock	no
9947	_manage_stock	no
9949	_manage_stock	no
9953	_manage_stock	no
9954	_manage_stock	no
9957	_manage_stock	no
9960	_manage_stock	no
9962	_manage_stock	no
9964	_manage_stock	no
9965	_manage_stock	no
9968	_manage_stock	no
9970	_manage_stock	no
9973	_manage_stock	no
9975	_manage_stock	no
9977	_manage_stock	no
9979	_manage_stock	no
9981	_manage_stock	no
9983	_manage_stock	no
9985	_manage_stock	no
9987	_manage_stock	no
9989	_manage_stock	no
9991	_manage_stock	no
9995	_manage_stock	no
9993	_manage_stock	no
10000	_manage_stock	no
10002	_manage_stock	no
10004	_manage_stock	no
10010	_manage_stock	no
10017	_manage_stock	no
10020	_manage_stock	no
10022	_manage_stock	no
10026	_manage_stock	no
10028	_manage_stock	no
10030	_manage_stock	no
10033	_manage_stock	no
10036	_manage_stock	no
10039	_manage_stock	no
10041	_manage_stock	no
10043	_manage_stock	no
10045	_manage_stock	no
10046	_manage_stock	no
10051	_manage_stock	no
10053	_manage_stock	no
10059	_manage_stock	no
10063	_manage_stock	no
10065	_manage_stock	no
10072	_manage_stock	no
10074	_manage_stock	no
10082	_manage_stock	no
10086	_manage_stock	no
10087	_manage_stock	no
10089	_manage_stock	no
10091	_manage_stock	no
10093	_manage_stock	no
10103	_manage_stock	no
10107	_manage_stock	no
10098	_manage_stock	no
10111	_manage_stock	no
10116	_manage_stock	no
10117	_manage_stock	no
10113	_manage_stock	no
10118	_manage_stock	no
10120	_manage_stock	no
10123	_manage_stock	no
10125	_manage_stock	no
10127	_manage_stock	no
10132	_manage_stock	no
10134	_manage_stock	no
10138	_manage_stock	no
10141	_manage_stock	no
10146	_manage_stock	no
10131	_manage_stock	no
10149	_manage_stock	no
10150	_manage_stock	no
10152	_manage_stock	no
10154	_manage_stock	no
10157	_manage_stock	no
10159	_manage_stock	no
10161	_manage_stock	no
10163	_manage_stock	no
10167	_manage_stock	no
10169	_manage_stock	no
10171	_manage_stock	no
10174	_manage_stock	no
10177	_manage_stock	no
10181	_manage_stock	no
10183	_manage_stock	no
10185	_manage_stock	no
10186	_manage_stock	no
10188	_manage_stock	no
10190	_manage_stock	no
10192	_manage_stock	no
10194	_manage_stock	no
10196	_manage_stock	no
10199	_manage_stock	no
10200	_manage_stock	no
10209	_manage_stock	no
10214	_manage_stock	no
10215	_manage_stock	no
10217	_manage_stock	no
10220	_manage_stock	no
10222	_manage_stock	no
10236	_manage_stock	no
10243	_manage_stock	no
10247	_manage_stock	no
10250	_manage_stock	no
10251	_manage_stock	no
10264	_manage_stock	no
10268	_manage_stock	no
10272	_manage_stock	no
10278	_manage_stock	no
10282	_manage_stock	no
10284	_manage_stock	no
10285	_manage_stock	no
10286	_manage_stock	no
10288	_manage_stock	no
10302	_manage_stock	no
10312	_manage_stock	no
10317	_manage_stock	no
10323	_manage_stock	no
10335	_manage_stock	no
10339	_manage_stock	no
10342	_manage_stock	no
10348	_manage_stock	no
10350	_manage_stock	no
10352	_manage_stock	no
10355	_manage_stock	no
10358	_manage_stock	no
10361	_manage_stock	no
10362	_manage_stock	no
10366	_manage_stock	no
10368	_manage_stock	no
10372	_manage_stock	no
10373	_manage_stock	no
10375	_manage_stock	no
10384	_manage_stock	no
10388	_manage_stock	no
10389	_manage_stock	no
10395	_manage_stock	no
10398	_manage_stock	no
10414	_manage_stock	no
10421	_manage_stock	no
10426	_manage_stock	no
10428	_manage_stock	no
10429	_manage_stock	no
10430	_manage_stock	no
10434	_manage_stock	no
10436	_manage_stock	no
10442	_manage_stock	no
10445	_manage_stock	no
10446	_manage_stock	no
10447	_manage_stock	no
10449	_manage_stock	no
10451	_manage_stock	no
10454	_manage_stock	no
10456	_manage_stock	no
10457	_manage_stock	no
10462	_manage_stock	no
10467	_manage_stock	no
10468	_manage_stock	no
10476	_manage_stock	no
10478	_manage_stock	no
10483	_manage_stock	no
10487	_manage_stock	no
10489	_manage_stock	no
10496	_manage_stock	no
10505	_manage_stock	no
10506	_manage_stock	no
10508	_manage_stock	no
10509	_manage_stock	no
10510	_manage_stock	no
10513	_manage_stock	no
10514	_manage_stock	no
10515	_manage_stock	no
10523	_manage_stock	no
10526	_manage_stock	no
10529	_manage_stock	no
10532	_manage_stock	no
10533	_manage_stock	no
10535	_manage_stock	no
10541	_manage_stock	no
10553	_manage_stock	no
10559	_manage_stock	no
10562	_manage_stock	no
10565	_manage_stock	no
10577	_manage_stock	no
10580	_manage_stock	no
10589	_manage_stock	no
10594	_manage_stock	no
10605	_manage_stock	no
10609	_manage_stock	no
10612	_manage_stock	no
10614	_manage_stock	no
10617	_manage_stock	no
10619	_manage_stock	no
10622	_manage_stock	no
10627	_manage_stock	no
10632	_manage_stock	no
10637	_manage_stock	no
10641	_manage_stock	no
10643	_manage_stock	no
10650	_manage_stock	no
10656	_manage_stock	no
10657	_manage_stock	no
10662	_manage_stock	no
10663	_manage_stock	no
10664	_manage_stock	no
10666	_manage_stock	no
10668	_manage_stock	no
10677	_manage_stock	no
10679	_manage_stock	no
10681	_manage_stock	no
10688	_manage_stock	no
10693	_manage_stock	no
10699	_manage_stock	no
10701	_manage_stock	no
10702	_manage_stock	no
10707	_manage_stock	no
10709	_manage_stock	no
10715	_manage_stock	no
10717	_manage_stock	no
10725	_manage_stock	no
10731	_manage_stock	no
10735	_manage_stock	no
10738	_manage_stock	no
10747	_manage_stock	no
10749	_manage_stock	no
10756	_manage_stock	no
10765	_manage_stock	no
10768	_manage_stock	no
10769	_manage_stock	no
10770	_manage_stock	no
10771	_manage_stock	no
10775	_manage_stock	no
10787	_manage_stock	no
10789	_manage_stock	no
10790	_manage_stock	no
10792	_manage_stock	no
10799	_manage_stock	no
10802	_manage_stock	no
10807	_manage_stock	no
10811	_manage_stock	no
10816	_manage_stock	no
10821	_manage_stock	no
10827	_manage_stock	no
10828	_manage_stock	no
10829	_manage_stock	no
10833	_manage_stock	no
10835	_manage_stock	no
10837	_manage_stock	no
10847	_manage_stock	no
10850	_manage_stock	no
10856	_manage_stock	no
10862	_manage_stock	no
10872	_manage_stock	no
10880	_manage_stock	no
10884	_manage_stock	no
10886	_manage_stock	no
10894	_manage_stock	no
10895	_manage_stock	no
10897	_manage_stock	no
10902	_manage_stock	no
10906	_manage_stock	no
10912	_manage_stock	no
10913	_manage_stock	no
10917	_manage_stock	no
10922	_manage_stock	no
10927	_manage_stock	no
10931	_manage_stock	no
10944	_manage_stock	no
10946	_manage_stock	no
10950	_manage_stock	no
10953	_manage_stock	no
10957	_manage_stock	no
10963	_manage_stock	no
10971	_manage_stock	no
10977	_manage_stock	no
10981	_manage_stock	no
10995	_manage_stock	no
10996	_manage_stock	no
10998	_manage_stock	no
10999	_manage_stock	no
11000	_manage_stock	no
11003	_manage_stock	no
11007	_manage_stock	no
11011	_manage_stock	no
11018	_manage_stock	no
11021	_manage_stock	no
11026	_manage_stock	no
11034	_manage_stock	no
11041	_manage_stock	no
11039	_manage_stock	no
11050	_manage_stock	no
11056	_manage_stock	no
11061	_manage_stock	no
11066	_manage_stock	no
11069	_manage_stock	no
11072	_manage_stock	no
11076	_manage_stock	no
11082	_manage_stock	no
11090	_manage_stock	no
11104	_manage_stock	no
11107	_manage_stock	no
11108	_manage_stock	no
11117	_manage_stock	no
11119	_manage_stock	no
11125	_manage_stock	no
11127	_manage_stock	no
11129	_manage_stock	no
11132	_manage_stock	no
11137	_manage_stock	no
11139	_manage_stock	no
11140	_manage_stock	no
11143	_manage_stock	no
11148	_manage_stock	no
11152	_manage_stock	no
11165	_manage_stock	no
11174	_manage_stock	no
11176	_manage_stock	no
11184	_manage_stock	no
11190	_manage_stock	no
11196	_manage_stock	no
11203	_manage_stock	no
11223	_manage_stock	no
11224	_manage_stock	no
11228	_manage_stock	no
11234	_manage_stock	no
11244	_manage_stock	no
11255	_manage_stock	no
11256	_manage_stock	no
11264	_manage_stock	no
11265	_manage_stock	no
11266	_manage_stock	no
11267	_manage_stock	no
11272	_manage_stock	no
11273	_manage_stock	no
11274	_manage_stock	no
11289	_manage_stock	no
11296	_manage_stock	no
11301	_manage_stock	no
11303	_manage_stock	no
11312	_manage_stock	no
11319	_manage_stock	no
11324	_manage_stock	no
11331	_manage_stock	no
11338	_manage_stock	no
11344	_manage_stock	no
11351	_manage_stock	no
11358	_manage_stock	no
11373	_manage_stock	no
11376	_manage_stock	no
11379	_manage_stock	no
11393	_manage_stock	no
11420	_manage_stock	no
11421	_manage_stock	no
11422	_manage_stock	no
11423	_manage_stock	no
11424	_manage_stock	no
11430	_manage_stock	no
11434	_manage_stock	no
11436	_manage_stock	no
11441	_manage_stock	no
11443	_manage_stock	no
11446	_manage_stock	no
11450	_manage_stock	no
11454	_manage_stock	no
11456	_manage_stock	no
11468	_manage_stock	no
11471	_manage_stock	no
11480	_manage_stock	no
11497	_manage_stock	no
11498	_manage_stock	no
11499	_manage_stock	no
11500	_manage_stock	no
11501	_manage_stock	no
11502	_manage_stock	no
11510	_manage_stock	no
11516	_manage_stock	no
11519	_manage_stock	no
11524	_manage_stock	no
11527	_manage_stock	yes
11529	_manage_stock	yes
11535	_manage_stock	no
11536	_manage_stock	no
11540	_manage_stock	no
11543	_manage_stock	no
11549	_manage_stock	no
11550	_manage_stock	no
11558	_manage_stock	no
11560	_manage_stock	no
11563	_manage_stock	no
11567	_manage_stock	no
11572	_manage_stock	no
11574	_manage_stock	no
11579	_manage_stock	no
11582	_manage_stock	no
11584	_manage_stock	no
11577	_manage_stock	no
11589	_manage_stock	no
11594	_manage_stock	no
11600	_manage_stock	no
11604	_manage_stock	no
11605	_manage_stock	no
11609	_manage_stock	no
11610	_manage_stock	no
11611	_manage_stock	no
11613	_manage_stock	no
11614	_manage_stock	no
11615	_manage_stock	no
11616	_manage_stock	no
11618	_manage_stock	no
11624	_manage_stock	no
11625	_manage_stock	no
11629	_manage_stock	no
11633	_manage_stock	no
11635	_manage_stock	no
11645	_manage_stock	no
11648	_manage_stock	no
11649	_manage_stock	no
11651	_manage_stock	no
11656	_manage_stock	no
11658	_manage_stock	no
11663	_manage_stock	no
11669	_manage_stock	no
11671	_manage_stock	no
11676	_manage_stock	no
11679	_manage_stock	no
11684	_manage_stock	no
11686	_manage_stock	no
11688	_manage_stock	no
11689	_manage_stock	no
11692	_manage_stock	no
11694	_manage_stock	no
11697	_manage_stock	no
11701	_manage_stock	no
11703	_manage_stock	no
11705	_manage_stock	no
11708	_manage_stock	no
11709	_manage_stock	no
11718	_manage_stock	no
11725	_manage_stock	no
11743	_manage_stock	no
11746	_manage_stock	no
11752	_manage_stock	no
11755	_manage_stock	no
11761	_manage_stock	no
11763	_manage_stock	no
11764	_manage_stock	no
11766	_manage_stock	no
11767	_manage_stock	no
11770	_manage_stock	no
11779	_manage_stock	no
11790	_manage_stock	no
11797	_manage_stock	no
11799	_manage_stock	no
11804	_manage_stock	no
11807	_manage_stock	no
11812	_manage_stock	no
11817	_manage_stock	no
11818	_manage_stock	no
11821	_manage_stock	no
11828	_manage_stock	no
11833	_manage_stock	no
11839	_manage_stock	no
11848	_manage_stock	no
11851	_manage_stock	no
11861	_manage_stock	no
11865	_manage_stock	no
11866	_manage_stock	no
11867	_manage_stock	no
11874	_manage_stock	no
11877	_manage_stock	no
11879	_manage_stock	no
11884	_manage_stock	no
11885	_manage_stock	no
11886	_manage_stock	no
11887	_manage_stock	no
11889	_manage_stock	no
11894	_manage_stock	no
11895	_manage_stock	no
11897	_manage_stock	no
11898	_manage_stock	no
11900	_manage_stock	no
11907	_manage_stock	no
11909	_manage_stock	no
11913	_manage_stock	no
11915	_manage_stock	no
11922	_manage_stock	no
11924	_manage_stock	no
11932	_manage_stock	no
11936	_manage_stock	no
11937	_manage_stock	no
11941	_manage_stock	no
11943	_manage_stock	no
11947	_manage_stock	no
11950	_manage_stock	no
11953	_manage_stock	no
11962	_manage_stock	no
11963	_manage_stock	no
11969	_manage_stock	no
11972	_manage_stock	no
11974	_manage_stock	no
11977	_manage_stock	no
11979	_manage_stock	no
11981	_manage_stock	no
11982	_manage_stock	no
11983	_manage_stock	no
11985	_manage_stock	no
11986	_manage_stock	no
11987	_manage_stock	no
11988	_manage_stock	no
11993	_manage_stock	no
11996	_manage_stock	no
11999	_manage_stock	no
12002	_manage_stock	no
12004	_manage_stock	no
12007	_manage_stock	no
12011	_manage_stock	no
12193	_manage_stock	no
12022	_manage_stock	no
12024	_manage_stock	no
12026	_manage_stock	no
12028	_manage_stock	no
12035	_manage_stock	no
12040	_manage_stock	no
12041	_manage_stock	no
12043	_manage_stock	no
12045	_manage_stock	no
12047	_manage_stock	no
12050	_manage_stock	no
12051	_manage_stock	no
12053	_manage_stock	no
12054	_manage_stock	no
12059	_manage_stock	no
12062	_manage_stock	no
12064	_manage_stock	no
12067	_manage_stock	no
12072	_manage_stock	no
12078	_manage_stock	no
12080	_manage_stock	no
12082	_manage_stock	no
12086	_manage_stock	no
12089	_manage_stock	no
12102	_manage_stock	no
12108	_manage_stock	no
12111	_manage_stock	no
12113	_manage_stock	no
12114	_manage_stock	no
12116	_manage_stock	no
12117	_manage_stock	no
12119	_manage_stock	no
12141	_manage_stock	no
12142	_manage_stock	no
12143	_manage_stock	no
12144	_manage_stock	no
12145	_manage_stock	no
12146	_manage_stock	no
12147	_manage_stock	no
12157	_manage_stock	no
12158	_manage_stock	no
12159	_manage_stock	no
12162	_manage_stock	no
12164	_manage_stock	no
12165	_manage_stock	no
12166	_manage_stock	no
12167	_manage_stock	no
12169	_manage_stock	no
12170	_manage_stock	no
12174	_manage_stock	no
12176	_manage_stock	no
12188	_manage_stock	no
15263	_manage_stock	no
12197	_manage_stock	no
12201	_manage_stock	no
12204	_manage_stock	no
12216	_manage_stock	no
12220	_manage_stock	no
12222	_manage_stock	no
12223	_manage_stock	no
12224	_manage_stock	no
12225	_manage_stock	no
12226	_manage_stock	no
12227	_manage_stock	no
12228	_manage_stock	no
12229	_manage_stock	no
12230	_manage_stock	no
12231	_manage_stock	no
12234	_manage_stock	no
12236	_manage_stock	no
12239	_manage_stock	no
12242	_manage_stock	no
12246	_manage_stock	no
12248	_manage_stock	no
12254	_manage_stock	no
12257	_manage_stock	no
12262	_manage_stock	no
12269	_manage_stock	no
12272	_manage_stock	no
12276	_manage_stock	no
12279	_manage_stock	no
12280	_manage_stock	no
12286	_manage_stock	no
12290	_manage_stock	no
12291	_manage_stock	no
12294	_manage_stock	no
12299	_manage_stock	no
12300	_manage_stock	no
12302	_manage_stock	no
12304	_manage_stock	no
12305	_manage_stock	no
12307	_manage_stock	no
12309	_manage_stock	no
12310	_manage_stock	no
12312	_manage_stock	no
12314	_manage_stock	no
12323	_manage_stock	no
12325	_manage_stock	no
12328	_manage_stock	no
12335	_manage_stock	no
12337	_manage_stock	no
12340	_manage_stock	no
12341	_manage_stock	no
12345	_manage_stock	no
12347	_manage_stock	no
12348	_manage_stock	no
12350	_manage_stock	no
12352	_manage_stock	no
12354	_manage_stock	no
12363	_manage_stock	no
12372	_manage_stock	no
12376	_manage_stock	no
12380	_manage_stock	no
12382	_manage_stock	no
12381	_manage_stock	no
12387	_manage_stock	no
12391	_manage_stock	no
12393	_manage_stock	no
12395	_manage_stock	no
12397	_manage_stock	no
12399	_manage_stock	no
12405	_manage_stock	no
12413	_manage_stock	no
12421	_manage_stock	no
12422	_manage_stock	no
12423	_manage_stock	no
12424	_manage_stock	no
12427	_manage_stock	no
12432	_manage_stock	no
12434	_manage_stock	no
12439	_manage_stock	no
12441	_manage_stock	no
12443	_manage_stock	no
12450	_manage_stock	no
12456	_manage_stock	no
12459	_manage_stock	no
12461	_manage_stock	no
12464	_manage_stock	no
12466	_manage_stock	no
12474	_manage_stock	no
12476	_manage_stock	no
12490	_manage_stock	no
12491	_manage_stock	no
12493	_manage_stock	no
12497	_manage_stock	no
12502	_manage_stock	no
12511	_manage_stock	no
12514	_manage_stock	no
12520	_manage_stock	no
12521	_manage_stock	no
12523	_manage_stock	no
12525	_manage_stock	no
12539	_manage_stock	no
12550	_manage_stock	no
12560	_manage_stock	no
12565	_manage_stock	no
12566	_manage_stock	no
12568	_manage_stock	no
12571	_manage_stock	no
12572	_manage_stock	no
12577	_manage_stock	no
12583	_manage_stock	no
12587	_manage_stock	no
12591	_manage_stock	no
12592	_manage_stock	no
12593	_manage_stock	no
12594	_manage_stock	no
12596	_manage_stock	no
12605	_manage_stock	no
12612	_manage_stock	no
12616	_manage_stock	no
12619	_manage_stock	no
12621	_manage_stock	no
12623	_manage_stock	no
12625	_manage_stock	no
12627	_manage_stock	no
12628	_manage_stock	no
12629	_manage_stock	no
12630	_manage_stock	no
12632	_manage_stock	no
12637	_manage_stock	no
12646	_manage_stock	no
12648	_manage_stock	no
12650	_manage_stock	no
12652	_manage_stock	no
12676	_manage_stock	no
12678	_manage_stock	no
12679	_manage_stock	no
12683	_manage_stock	no
12686	_manage_stock	no
12693	_manage_stock	no
12701	_manage_stock	no
12713	_manage_stock	no
12715	_manage_stock	no
12726	_manage_stock	no
12728	_manage_stock	no
12736	_manage_stock	no
12749	_manage_stock	no
12751	_manage_stock	no
12753	_manage_stock	no
12755	_manage_stock	no
12759	_manage_stock	no
12761	_manage_stock	no
12766	_manage_stock	no
12771	_manage_stock	no
12773	_manage_stock	no
12778	_manage_stock	no
12780	_manage_stock	no
12783	_manage_stock	no
12789	_manage_stock	no
12790	_manage_stock	no
12791	_manage_stock	no
12792	_manage_stock	no
12796	_manage_stock	no
12800	_manage_stock	no
12802	_manage_stock	no
12804	_manage_stock	no
12806	_manage_stock	no
12810	_manage_stock	no
12817	_manage_stock	no
12820	_manage_stock	no
12831	_manage_stock	no
12835	_manage_stock	no
12840	_manage_stock	no
12844	_manage_stock	no
12846	_manage_stock	no
12848	_manage_stock	no
12851	_manage_stock	no
12853	_manage_stock	no
12856	_manage_stock	no
12859	_manage_stock	no
12861	_manage_stock	no
12863	_manage_stock	no
12866	_manage_stock	no
12871	_manage_stock	no
12878	_manage_stock	no
12884	_manage_stock	no
12894	_manage_stock	no
12895	_manage_stock	no
12896	_manage_stock	no
12897	_manage_stock	no
12898	_manage_stock	no
12899	_manage_stock	no
12900	_manage_stock	no
12901	_manage_stock	no
12902	_manage_stock	no
12903	_manage_stock	no
12904	_manage_stock	no
12906	_manage_stock	no
12910	_manage_stock	no
12915	_manage_stock	no
12921	_manage_stock	no
12924	_manage_stock	no
12926	_manage_stock	no
12930	_manage_stock	no
12935	_manage_stock	no
12937	_manage_stock	no
12938	_manage_stock	no
12944	_manage_stock	no
12946	_manage_stock	no
12948	_manage_stock	no
12950	_manage_stock	no
12956	_manage_stock	no
12960	_manage_stock	no
12966	_manage_stock	no
12968	_manage_stock	no
12971	_manage_stock	no
12974	_manage_stock	no
12976	_manage_stock	no
12982	_manage_stock	no
12986	_manage_stock	no
12993	_manage_stock	no
13117	_manage_stock	no
13123	_manage_stock	no
13131	_manage_stock	no
13134	_manage_stock	no
13140	_manage_stock	no
13147	_manage_stock	no
13158	_manage_stock	no
13159	_manage_stock	no
13162	_manage_stock	no
13163	_manage_stock	no
13167	_manage_stock	no
13168	_manage_stock	no
13171	_manage_stock	no
13177	_manage_stock	no
13178	_manage_stock	no
13180	_manage_stock	no
13184	_manage_stock	no
13185	_manage_stock	no
13186	_manage_stock	no
13191	_manage_stock	no
13193	_manage_stock	no
13194	_manage_stock	no
13195	_manage_stock	no
13196	_manage_stock	no
13197	_manage_stock	no
13198	_manage_stock	no
13199	_manage_stock	no
15316	_manage_stock	no
13228	_manage_stock	no
13234	_manage_stock	no
13235	_manage_stock	no
13244	_manage_stock	no
13245	_manage_stock	no
13246	_manage_stock	no
13247	_manage_stock	no
13248	_manage_stock	no
13249	_manage_stock	no
13254	_manage_stock	no
13256	_manage_stock	no
13258	_manage_stock	no
13261	_manage_stock	no
13262	_manage_stock	no
13264	_manage_stock	no
13266	_manage_stock	no
13270	_manage_stock	no
13272	_manage_stock	no
13277	_manage_stock	no
13279	_manage_stock	no
13281	_manage_stock	no
13284	_manage_stock	no
13286	_manage_stock	no
13295	_manage_stock	no
13296	_manage_stock	no
13298	_manage_stock	no
13302	_manage_stock	no
13305	_manage_stock	no
13307	_manage_stock	no
13309	_manage_stock	no
13310	_manage_stock	no
13311	_manage_stock	no
13313	_manage_stock	no
13315	_manage_stock	no
13317	_manage_stock	no
13320	_manage_stock	no
13324	_manage_stock	no
13326	_manage_stock	no
13330	_manage_stock	no
13334	_manage_stock	no
13338	_manage_stock	no
13344	_manage_stock	no
13345	_manage_stock	no
13347	_manage_stock	no
13350	_manage_stock	no
13351	_manage_stock	no
13352	_manage_stock	no
13353	_manage_stock	no
13357	_manage_stock	no
13363	_manage_stock	no
13365	_manage_stock	no
13367	_manage_stock	no
13370	_manage_stock	no
13371	_manage_stock	no
13377	_manage_stock	no
13379	_manage_stock	no
13384	_manage_stock	no
15707	_manage_stock	no
13393	_manage_stock	no
13397	_manage_stock	no
13399	_manage_stock	no
13403	_manage_stock	no
13406	_manage_stock	no
13409	_manage_stock	no
13412	_manage_stock	no
13414	_manage_stock	no
13416	_manage_stock	no
13418	_manage_stock	no
13421	_manage_stock	no
13423	_manage_stock	no
13425	_manage_stock	no
13429	_manage_stock	no
13430	_manage_stock	no
13433	_manage_stock	no
13439	_manage_stock	no
13446	_manage_stock	no
13451	_manage_stock	no
13454	_manage_stock	no
13456	_manage_stock	no
13462	_manage_stock	no
13464	_manage_stock	no
13466	_manage_stock	no
13469	_manage_stock	no
13472	_manage_stock	no
13478	_manage_stock	no
13480	_manage_stock	no
13488	_manage_stock	no
13491	_manage_stock	no
13502	_manage_stock	no
13503	_manage_stock	no
13504	_manage_stock	no
13506	_manage_stock	no
13507	_manage_stock	no
13510	_manage_stock	no
13516	_manage_stock	no
13520	_manage_stock	no
13521	_manage_stock	no
13524	_manage_stock	no
13526	_manage_stock	no
13529	_manage_stock	no
13532	_manage_stock	no
13537	_manage_stock	no
13538	_manage_stock	no
13539	_manage_stock	no
13541	_manage_stock	no
13544	_manage_stock	no
13546	_manage_stock	no
13547	_manage_stock	no
13548	_manage_stock	no
13550	_manage_stock	no
13562	_manage_stock	no
13564	_manage_stock	no
13567	_manage_stock	no
13571	_manage_stock	no
13576	_manage_stock	no
13581	_manage_stock	no
13582	_manage_stock	no
13583	_manage_stock	no
13585	_manage_stock	no
13591	_manage_stock	no
13592	_manage_stock	no
13593	_manage_stock	no
13595	_manage_stock	no
13596	_manage_stock	no
13598	_manage_stock	no
13599	_manage_stock	no
13600	_manage_stock	no
13601	_manage_stock	no
13603	_manage_stock	no
13605	_manage_stock	no
13607	_manage_stock	no
13608	_manage_stock	no
13609	_manage_stock	no
13611	_manage_stock	no
13612	_manage_stock	no
13614	_manage_stock	no
13615	_manage_stock	no
13616	_manage_stock	no
13617	_manage_stock	no
13618	_manage_stock	no
13619	_manage_stock	no
13620	_manage_stock	no
13621	_manage_stock	no
13622	_manage_stock	no
13623	_manage_stock	no
13624	_manage_stock	no
13626	_manage_stock	no
13627	_manage_stock	no
13628	_manage_stock	no
13629	_manage_stock	no
13630	_manage_stock	no
13631	_manage_stock	no
13632	_manage_stock	no
13633	_manage_stock	no
13634	_manage_stock	no
13638	_manage_stock	no
13640	_manage_stock	no
13641	_manage_stock	no
13642	_manage_stock	no
13646	_manage_stock	no
13649	_manage_stock	no
13653	_manage_stock	no
13656	_manage_stock	no
13659	_manage_stock	no
13661	_manage_stock	no
13664	_manage_stock	no
13666	_manage_stock	no
13668	_manage_stock	no
13671	_manage_stock	no
13677	_manage_stock	no
13679	_manage_stock	no
13680	_manage_stock	no
13681	_manage_stock	no
13682	_manage_stock	no
13683	_manage_stock	no
13685	_manage_stock	no
13688	_manage_stock	no
13690	_manage_stock	no
13698	_manage_stock	no
13702	_manage_stock	no
13709	_manage_stock	no
13711	_manage_stock	no
13713	_manage_stock	no
13714	_manage_stock	no
13716	_manage_stock	no
13717	_manage_stock	no
13719	_manage_stock	no
13721	_manage_stock	no
13726	_manage_stock	no
13729	_manage_stock	no
13739	_manage_stock	no
13746	_manage_stock	no
13749	_manage_stock	no
13750	_manage_stock	no
13756	_manage_stock	no
13759	_manage_stock	no
13767	_manage_stock	no
13769	_manage_stock	no
13772	_manage_stock	no
13774	_manage_stock	no
13780	_manage_stock	no
13782	_manage_stock	no
13787	_manage_stock	no
13791	_manage_stock	no
13796	_manage_stock	no
13800	_manage_stock	no
13802	_manage_stock	no
13803	_manage_stock	no
13807	_manage_stock	no
13809	_manage_stock	no
13810	_manage_stock	no
13811	_manage_stock	no
13813	_manage_stock	no
13815	_manage_stock	no
13819	_manage_stock	no
13821	_manage_stock	no
13824	_manage_stock	no
13826	_manage_stock	no
13828	_manage_stock	no
13830	_manage_stock	no
13832	_manage_stock	no
13834	_manage_stock	no
13836	_manage_stock	no
13849	_manage_stock	no
13851	_manage_stock	no
13860	_manage_stock	no
13862	_manage_stock	no
13868	_manage_stock	no
13873	_manage_stock	no
13877	_manage_stock	no
13883	_manage_stock	no
13885	_manage_stock	no
13888	_manage_stock	no
13890	_manage_stock	no
13892	_manage_stock	no
13894	_manage_stock	no
13896	_manage_stock	no
13899	_manage_stock	no
13901	_manage_stock	no
13903	_manage_stock	no
13905	_manage_stock	no
13908	_manage_stock	no
13915	_manage_stock	no
13917	_manage_stock	no
13919	_manage_stock	no
13921	_manage_stock	no
13925	_manage_stock	no
13927	_manage_stock	no
13928	_manage_stock	no
13930	_manage_stock	no
13932	_manage_stock	no
13934	_manage_stock	no
13937	_manage_stock	no
13939	_manage_stock	no
13941	_manage_stock	no
13943	_manage_stock	no
13945	_manage_stock	no
13949	_manage_stock	no
13952	_manage_stock	no
13962	_manage_stock	no
13966	_manage_stock	no
13965	_manage_stock	no
13969	_manage_stock	no
13973	_manage_stock	no
13975	_manage_stock	no
13977	_manage_stock	no
13979	_manage_stock	no
13981	_manage_stock	no
13983	_manage_stock	no
13986	_manage_stock	no
13987	_manage_stock	no
13988	_manage_stock	no
13989	_manage_stock	no
13991	_manage_stock	no
13993	_manage_stock	no
13996	_manage_stock	no
13997	_manage_stock	no
14001	_manage_stock	no
14005	_manage_stock	no
14009	_manage_stock	no
14011	_manage_stock	no
14014	_manage_stock	no
14019	_manage_stock	no
14022	_manage_stock	no
14023	_manage_stock	no
14025	_manage_stock	no
14026	_manage_stock	no
14031	_manage_stock	no
14039	_manage_stock	no
14054	_manage_stock	no
14058	_manage_stock	no
14060	_manage_stock	no
14061	_manage_stock	no
14063	_manage_stock	no
14065	_manage_stock	no
14067	_manage_stock	no
14069	_manage_stock	no
14070	_manage_stock	no
14072	_manage_stock	no
14074	_manage_stock	no
14077	_manage_stock	no
14078	_manage_stock	no
14080	_manage_stock	no
14081	_manage_stock	no
14084	_manage_stock	no
14093	_manage_stock	no
14100	_manage_stock	no
14101	_manage_stock	no
14105	_manage_stock	no
14113	_manage_stock	no
14114	_manage_stock	no
14115	_manage_stock	no
14121	_manage_stock	no
14122	_manage_stock	no
14123	_manage_stock	no
14125	_manage_stock	no
14127	_manage_stock	no
14128	_manage_stock	no
14130	_manage_stock	no
14131	_manage_stock	no
14133	_manage_stock	no
14134	_manage_stock	no
14137	_manage_stock	no
14138	_manage_stock	no
14141	_manage_stock	no
14142	_manage_stock	no
14144	_manage_stock	no
14145	_manage_stock	no
14148	_manage_stock	no
14151	_manage_stock	no
14153	_manage_stock	no
14154	_manage_stock	no
14162	_manage_stock	no
14165	_manage_stock	no
14174	_manage_stock	no
14175	_manage_stock	no
14179	_manage_stock	no
14180	_manage_stock	no
14181	_manage_stock	no
14183	_manage_stock	no
14187	_manage_stock	no
14189	_manage_stock	no
14191	_manage_stock	no
14192	_manage_stock	no
14194	_manage_stock	no
14195	_manage_stock	no
14197	_manage_stock	no
14199	_manage_stock	no
14201	_manage_stock	no
14204	_manage_stock	no
14208	_manage_stock	no
14213	_manage_stock	no
14215	_manage_stock	no
14217	_manage_stock	no
14219	_manage_stock	no
14220	_manage_stock	no
14222	_manage_stock	no
14224	_manage_stock	no
14227	_manage_stock	no
14228	_manage_stock	no
11623	_manage_stock	no
14235	_manage_stock	no
14237	_manage_stock	no
14239	_manage_stock	no
14244	_manage_stock	no
14246	_manage_stock	no
14248	_manage_stock	no
14249	_manage_stock	no
14250	_manage_stock	no
14256	_manage_stock	no
14259	_manage_stock	no
14262	_manage_stock	no
14266	_manage_stock	no
14267	_manage_stock	no
14270	_manage_stock	no
14271	_manage_stock	no
14278	_manage_stock	no
14279	_manage_stock	no
14284	_manage_stock	no
14287	_manage_stock	no
14291	_manage_stock	no
14293	_manage_stock	no
14294	_manage_stock	no
14295	_manage_stock	no
14297	_manage_stock	no
14300	_manage_stock	no
14303	_manage_stock	no
14309	_manage_stock	no
14321	_manage_stock	no
14328	_manage_stock	no
14333	_manage_stock	no
14335	_manage_stock	no
14336	_manage_stock	no
14345	_manage_stock	no
14344	_manage_stock	no
14346	_manage_stock	no
14347	_manage_stock	no
14350	_manage_stock	no
14352	_manage_stock	no
14354	_manage_stock	no
14359	_manage_stock	no
14362	_manage_stock	no
14366	_manage_stock	no
14371	_manage_stock	no
14373	_manage_stock	no
14374	_manage_stock	no
14376	_manage_stock	no
14377	_manage_stock	no
14381	_manage_stock	no
14383	_manage_stock	no
14385	_manage_stock	no
14387	_manage_stock	no
14389	_manage_stock	no
14391	_manage_stock	no
14393	_manage_stock	no
14395	_manage_stock	no
14397	_manage_stock	no
14399	_manage_stock	no
14401	_manage_stock	no
14403	_manage_stock	no
14405	_manage_stock	no
14408	_manage_stock	no
14409	_manage_stock	no
14413	_manage_stock	no
14414	_manage_stock	no
14420	_manage_stock	no
14423	_manage_stock	no
14425	_manage_stock	no
14428	_manage_stock	no
14430	_manage_stock	no
14436	_manage_stock	no
14438	_manage_stock	no
14440	_manage_stock	no
14442	_manage_stock	no
14444	_manage_stock	no
14445	_manage_stock	no
14447	_manage_stock	no
14448	_manage_stock	no
14449	_manage_stock	no
14453	_manage_stock	no
14454	_manage_stock	no
14456	_manage_stock	no
14457	_manage_stock	no
14459	_manage_stock	no
14461	_manage_stock	no
14465	_manage_stock	no
14467	_manage_stock	no
14469	_manage_stock	no
14471	_manage_stock	no
14475	_manage_stock	no
14476	_manage_stock	no
14478	_manage_stock	no
14480	_manage_stock	no
14483	_manage_stock	no
14484	_manage_stock	no
14488	_manage_stock	no
14492	_manage_stock	no
14494	_manage_stock	no
14495	_manage_stock	no
14496	_manage_stock	no
14497	_manage_stock	no
14499	_manage_stock	no
14500	_manage_stock	no
14501	_manage_stock	no
14504	_manage_stock	no
14505	_manage_stock	no
14508	_manage_stock	no
14512	_manage_stock	no
14514	_manage_stock	no
14517	_manage_stock	no
14519	_manage_stock	no
14521	_manage_stock	no
14525	_manage_stock	no
14526	_manage_stock	no
14527	_manage_stock	no
14528	_manage_stock	no
14529	_manage_stock	no
14530	_manage_stock	no
14532	_manage_stock	no
14534	_manage_stock	no
14537	_manage_stock	no
14539	_manage_stock	no
14541	_manage_stock	no
14542	_manage_stock	no
14546	_manage_stock	no
14549	_manage_stock	no
14552	_manage_stock	no
14554	_manage_stock	no
14555	_manage_stock	no
14559	_manage_stock	no
14563	_manage_stock	no
14565	_manage_stock	no
14567	_manage_stock	no
14569	_manage_stock	no
14571	_manage_stock	no
14573	_manage_stock	no
14574	_manage_stock	no
14575	_manage_stock	no
14580	_manage_stock	no
14585	_manage_stock	no
14591	_manage_stock	no
14598	_manage_stock	no
14603	_manage_stock	no
14608	_manage_stock	no
14610	_manage_stock	no
14612	_manage_stock	no
14618	_manage_stock	no
14627	_manage_stock	no
14635	_manage_stock	no
15377	_manage_stock	no
15723	_manage_stock	no
15428	_manage_stock	no
15999	_manage_stock	no
15892	_manage_stock	no
15668	_manage_stock	no
15346	_manage_stock	no
15351	_manage_stock	no
15352	_manage_stock	no
15217	_manage_stock	no
15219	_manage_stock	no
15224	_manage_stock	no
15225	_manage_stock	no
15226	_manage_stock	no
15796	_manage_stock	no
15357	_manage_stock	no
15359	_manage_stock	no
15360	_manage_stock	no
15361	_manage_stock	no
15755	_manage_stock	no
15757	_manage_stock	no
15926	_manage_stock	no
15423	_manage_stock	no
14639	_manage_stock	no
14646	_manage_stock	no
15364	_manage_stock	no
15365	_manage_stock	no
15366	_manage_stock	no
15368	_manage_stock	no
14647	_manage_stock	no
14650	_manage_stock	no
14655	_manage_stock	no
14660	_manage_stock	no
14665	_manage_stock	no
14666	_manage_stock	no
14667	_manage_stock	no
14668	_manage_stock	no
14670	_manage_stock	no
14671	_manage_stock	no
14675	_manage_stock	no
14680	_manage_stock	no
14686	_manage_stock	no
14690	_manage_stock	no
14693	_manage_stock	no
14694	_manage_stock	no
14697	_manage_stock	no
14700	_manage_stock	no
14702	_manage_stock	no
14704	_manage_stock	no
14709	_manage_stock	no
14710	_manage_stock	no
14712	_manage_stock	no
14714	_manage_stock	no
14716	_manage_stock	no
14718	_manage_stock	no
14723	_manage_stock	no
14724	_manage_stock	no
14728	_manage_stock	no
14731	_manage_stock	no
14733	_manage_stock	no
14737	_manage_stock	no
14746	_manage_stock	no
14750	_manage_stock	no
14754	_manage_stock	no
14753	_manage_stock	no
14757	_manage_stock	no
14763	_manage_stock	no
14766	_manage_stock	no
14768	_manage_stock	no
14769	_manage_stock	no
14772	_manage_stock	no
14773	_manage_stock	no
14774	_manage_stock	no
14775	_manage_stock	no
14779	_manage_stock	no
14783	_manage_stock	no
15752	_manage_stock	no
14786	_manage_stock	no
14788	_manage_stock	no
14790	_manage_stock	no
14794	_manage_stock	no
14796	_manage_stock	no
14798	_manage_stock	no
14800	_manage_stock	no
14806	_manage_stock	no
15867	_manage_stock	no
16021	_manage_stock	no
15236	_manage_stock	no
15238	_manage_stock	no
14809	_manage_stock	no
14813	_manage_stock	no
14817	_manage_stock	no
14824	_manage_stock	no
14829	_manage_stock	no
14831	_manage_stock	no
14834	_manage_stock	no
14836	_manage_stock	no
14838	_manage_stock	no
14840	_manage_stock	no
14839	_manage_stock	no
14843	_manage_stock	no
14844	_manage_stock	no
14851	_manage_stock	no
14854	_manage_stock	no
14856	_manage_stock	no
14857	_manage_stock	no
14858	_manage_stock	no
14860	_manage_stock	no
14865	_manage_stock	no
14866	_manage_stock	no
14869	_manage_stock	no
14871	_manage_stock	no
14873	_manage_stock	no
14876	_manage_stock	no
14879	_manage_stock	no
15240	_manage_stock	no
15243	_manage_stock	no
14883	_manage_stock	no
14888	_manage_stock	no
14893	_manage_stock	no
14897	_manage_stock	no
14899	_manage_stock	no
14903	_manage_stock	no
14905	_manage_stock	no
14908	_manage_stock	no
14910	_manage_stock	no
14912	_manage_stock	no
14913	_manage_stock	no
14917	_manage_stock	no
15251	_manage_stock	no
15482	_manage_stock	no
15648	_manage_stock	no
15868	_manage_stock	no
15870	_manage_stock	no
15872	_manage_stock	no
15445	_manage_stock	no
15370	_manage_stock	no
15509	_manage_stock	no
15344	_manage_stock	no
15715	_manage_stock	no
15311	_manage_stock	no
15718	_manage_stock	no
15306	_manage_stock	no
15308	_manage_stock	no
15644	_manage_stock	no
15646	_manage_stock	no
15418	_manage_stock	no
15420	_manage_stock	no
15759	_manage_stock	no
15865	_manage_stock	no
15837	_manage_stock	no
15863	_manage_stock	no
15451	_manage_stock	no
15453	_manage_stock	no
15492	_manage_stock	no
15439	_manage_stock	no
14921	_manage_stock	no
14924	_manage_stock	no
14930	_manage_stock	no
14932	_manage_stock	no
14934	_manage_stock	no
14936	_manage_stock	no
14938	_manage_stock	no
14942	_manage_stock	no
14947	_manage_stock	no
14952	_manage_stock	no
14954	_manage_stock	no
14956	_manage_stock	no
14959	_manage_stock	no
14960	_manage_stock	no
14968	_manage_stock	no
14971	_manage_stock	no
14973	_manage_stock	no
14980	_manage_stock	no
14981	_manage_stock	no
14984	_manage_stock	no
14991	_manage_stock	no
14995	_manage_stock	no
15000	_manage_stock	no
15002	_manage_stock	no
15005	_manage_stock	no
15012	_manage_stock	no
15015	_manage_stock	no
15017	_manage_stock	no
15019	_manage_stock	no
15020	_manage_stock	no
15021	_manage_stock	no
15022	_manage_stock	no
15024	_manage_stock	no
15593	_manage_stock	no
15026	_manage_stock	no
15028	_manage_stock	no
15029	_manage_stock	no
15030	_manage_stock	no
15041	_manage_stock	no
15042	_manage_stock	no
15044	_manage_stock	no
15045	_manage_stock	no
15046	_manage_stock	no
15052	_manage_stock	no
15057	_manage_stock	no
15059	_manage_stock	no
15063	_manage_stock	no
15065	_manage_stock	no
15067	_manage_stock	no
15069	_manage_stock	no
15076	_manage_stock	no
15079	_manage_stock	no
15083	_manage_stock	no
15089	_manage_stock	no
15091	_manage_stock	no
15092	_manage_stock	no
15093	_manage_stock	no
15098	_manage_stock	no
15107	_manage_stock	no
15118	_manage_stock	no
15120	_manage_stock	no
15122	_manage_stock	no
15123	_manage_stock	no
15124	_manage_stock	no
15125	_manage_stock	no
15126	_manage_stock	no
15128	_manage_stock	no
15136	_manage_stock	no
15144	_manage_stock	no
15146	_manage_stock	no
15148	_manage_stock	no
15152	_manage_stock	no
15154	_manage_stock	no
15157	_manage_stock	no
15160	_manage_stock	no
15162	_manage_stock	no
15163	_manage_stock	no
15166	_manage_stock	no
15170	_manage_stock	no
15171	_manage_stock	no
15172	_manage_stock	no
15174	_manage_stock	no
15176	_manage_stock	no
15181	_manage_stock	no
15188	_manage_stock	no
15194	_manage_stock	no
15199	_manage_stock	no
15209	_manage_stock	no
15211	_manage_stock	no
15279	_manage_stock	no
15997	_manage_stock	no
15766	_manage_stock	no
15573	_manage_stock	no
15574	_manage_stock	no
15581	_manage_stock	no
15281	_manage_stock	no
15273	_manage_stock	no
15278	_manage_stock	no
15417	_manage_stock	no
15874	_manage_stock	no
15487	_manage_stock	no
15767	_manage_stock	no
15685	_manage_stock	no
15410	_manage_stock	no
15412	_manage_stock	no
15413	_manage_stock	no
15335	_manage_stock	no
15476	_manage_stock	no
15664	_manage_stock	no
16372	_manage_stock	no
16373	_manage_stock	no
16374	_manage_stock	no
16375	_manage_stock	no
15380	_manage_stock	no
15390	_manage_stock	no
15586	_manage_stock	no
15588	_manage_stock	no
15590	_manage_stock	no
15591	_manage_stock	no
15592	_manage_stock	no
15397	_manage_stock	no
15635	_manage_stock	no
15637	_manage_stock	no
15620	_manage_stock	no
15513	_manage_stock	no
15641	_manage_stock	no
15431	_manage_stock	no
15434	_manage_stock	no
15435	_manage_stock	no
15713	_manage_stock	no
15750	_manage_stock	no
15894	_manage_stock	no
15699	_manage_stock	no
15701	_manage_stock	no
15702	_manage_stock	no
15703	_manage_stock	no
15704	_manage_stock	no
15705	_manage_stock	no
15706	_manage_stock	no
15498	_manage_stock	no
15502	_manage_stock	no
15504	_manage_stock	no
15506	_manage_stock	no
15507	_manage_stock	no
15495	_manage_stock	no
15959	_manage_stock	no
15960	_manage_stock	no
15469	_manage_stock	no
15576	_manage_stock	no
19673	_manage_stock	no
19678	_manage_stock	no
19681	_manage_stock	no
15680	_manage_stock	no
15683	_manage_stock	no
15624	_manage_stock	no
15517	_manage_stock	no
15518	_manage_stock	no
15519	_manage_stock	no
15521	_manage_stock	no
15523	_manage_stock	no
15527	_manage_stock	no
15855	_manage_stock	no
15861	_manage_stock	no
15653	_manage_stock	no
15853	_manage_stock	no
15572	_manage_stock	no
15696	_manage_stock	no
15688	_manage_stock	no
15690	_manage_stock	no
15691	_manage_stock	no
15693	_manage_stock	no
15694	_manage_stock	no
15531	_manage_stock	no
15533	_manage_stock	no
15539	_manage_stock	no
15541	_manage_stock	no
15551	_manage_stock	no
15553	_manage_stock	no
15558	_manage_stock	no
15563	_manage_stock	no
15565	_manage_stock	no
15567	_manage_stock	no
15805	_manage_stock	no
15811	_manage_stock	no
15815	_manage_stock	no
16014	_manage_stock	no
15611	_manage_stock	no
15613	_manage_stock	no
15617	_manage_stock	no
15601	_manage_stock	no
15729	_manage_stock	no
15793	_manage_stock	no
15735	_manage_stock	no
15742	_manage_stock	no
15744	_manage_stock	no
15786	_manage_stock	no
15898	_manage_stock	no
15900	_manage_stock	no
15904	_manage_stock	no
16016	_manage_stock	no
15746	_manage_stock	no
15932	_manage_stock	no
15934	_manage_stock	no
15813	_manage_stock	no
15784	_manage_stock	no
15797	_manage_stock	no
15800	_manage_stock	no
15802	_manage_stock	no
16130	_manage_stock	no
19668	_manage_stock	no
15785	_manage_stock	no
16002	_manage_stock	no
16003	_manage_stock	no
16004	_manage_stock	no
15828	_manage_stock	no
16005	_manage_stock	no
15803	_manage_stock	no
15876	_manage_stock	no
15880	_manage_stock	no
15881	_manage_stock	no
15882	_manage_stock	no
15886	_manage_stock	no
15824	_manage_stock	no
15888	_manage_stock	no
15890	_manage_stock	no
15992	_manage_stock	no
15993	_manage_stock	no
15994	_manage_stock	no
15776	_manage_stock	no
16007	_manage_stock	no
16012	_manage_stock	no
16688	_manage_stock	no
16211	_manage_stock	no
15948	_manage_stock	no
15980	_manage_stock	no
16213	_manage_stock	no
16067	_manage_stock	no
16076	_manage_stock	no
16078	_manage_stock	no
15936	_manage_stock	no
15940	_manage_stock	no
15962	_manage_stock	no
15963	_manage_stock	no
15964	_manage_stock	no
15965	_manage_stock	no
15966	_manage_stock	no
15967	_manage_stock	no
16371	_manage_stock	no
16079	_manage_stock	no
16149	_manage_stock	no
16370	_manage_stock	no
16354	_manage_stock	no
16356	_manage_stock	no
16357	_manage_stock	no
16692	_manage_stock	no
16475	_manage_stock	no
16476	_manage_stock	no
16510	_manage_stock	no
16461	_manage_stock	no
16463	_manage_stock	no
15910	_manage_stock	no
16345	_manage_stock	no
15970	_manage_stock	no
15976	_manage_stock	no
15978	_manage_stock	no
15941	_manage_stock	no
15944	_manage_stock	no
15946	_manage_stock	no
16081	_manage_stock	no
15847	_manage_stock	no
15849	_manage_stock	no
16215	_manage_stock	no
16550	_manage_stock	no
15957	_manage_stock	no
15840	_manage_stock	no
15842	_manage_stock	no
15844	_manage_stock	no
16498	_manage_stock	no
16500	_manage_stock	no
16502	_manage_stock	no
15968	_manage_stock	no
15969	_manage_stock	no
15913	_manage_stock	no
15915	_manage_stock	no
15917	_manage_stock	no
15919	_manage_stock	no
15921	_manage_stock	no
15923	_manage_stock	no
16028	_manage_stock	no
16035	_manage_stock	no
16376	_manage_stock	no
16393	_manage_stock	no
16349	_manage_stock	no
16352	_manage_stock	no
16306	_manage_stock	no
16308	_manage_stock	no
16310	_manage_stock	no
16044	_manage_stock	no
16050	_manage_stock	no
16053	_manage_stock	no
16055	_manage_stock	no
16366	_manage_stock	no
16368	_manage_stock	no
16395	_manage_stock	no
16397	_manage_stock	no
16473	_manage_stock	no
16124	_manage_stock	no
16126	_manage_stock	no
16128	_manage_stock	no
16151	_manage_stock	no
16154	_manage_stock	no
16162	_manage_stock	no
16165	_manage_stock	no
16062	_manage_stock	no
16508	_manage_stock	no
16131	_manage_stock	no
16132	_manage_stock	no
16654	_manage_stock	no
16082	_manage_stock	no
16085	_manage_stock	no
16090	_manage_stock	no
16092	_manage_stock	no
16094	_manage_stock	no
16096	_manage_stock	no
16098	_manage_stock	no
16100	_manage_stock	no
16101	_manage_stock	no
16102	_manage_stock	no
16103	_manage_stock	no
16109	_manage_stock	no
16574	_manage_stock	no
16112	_manage_stock	no
16113	_manage_stock	no
16114	_manage_stock	no
16119	_manage_stock	no
16121	_manage_stock	no
16666	_manage_stock	no
16670	_manage_stock	no
16147	_manage_stock	no
16167	_manage_stock	no
16174	_manage_stock	no
16183	_manage_stock	no
16178	_manage_stock	no
16180	_manage_stock	no
16182	_manage_stock	no
16185	_manage_stock	no
16187	_manage_stock	no
16189	_manage_stock	no
16192	_manage_stock	no
16312	_manage_stock	no
16314	_manage_stock	no
16196	_manage_stock	no
16197	_manage_stock	no
16198	_manage_stock	no
16200	_manage_stock	no
16201	_manage_stock	no
16202	_manage_stock	no
16204	_manage_stock	no
16205	_manage_stock	no
16206	_manage_stock	no
16207	_manage_stock	no
16209	_manage_stock	no
16470	_manage_stock	no
16466	_manage_stock	no
16468	_manage_stock	no
16455	_manage_stock	no
16363	_manage_stock	no
16218	_manage_stock	no
16223	_manage_stock	no
16228	_manage_stock	no
16234	_manage_stock	no
16339	_manage_stock	no
16341	_manage_stock	no
16343	_manage_stock	no
16457	_manage_stock	no
16459	_manage_stock	no
16242	_manage_stock	no
16248	_manage_stock	no
16254	_manage_stock	no
16424	_manage_stock	no
16425	_manage_stock	no
16517	_manage_stock	no
16422	_manage_stock	no
16316	_manage_stock	no
16320	_manage_stock	no
16493	_manage_stock	no
16257	_manage_stock	no
16262	_manage_stock	no
16266	_manage_stock	no
16382	_manage_stock	no
16387	_manage_stock	no
16389	_manage_stock	no
16391	_manage_stock	no
16271	_manage_stock	no
16274	_manage_stock	no
16276	_manage_stock	no
16277	_manage_stock	no
16281	_manage_stock	no
16284	_manage_stock	no
16285	_manage_stock	no
16287	_manage_stock	no
16293	_manage_stock	no
16295	_manage_stock	no
16297	_manage_stock	no
16299	_manage_stock	no
16302	_manage_stock	no
16304	_manage_stock	no
16552	_manage_stock	no
16554	_manage_stock	no
16418	_manage_stock	no
16420	_manage_stock	no
16421	_manage_stock	no
16529	_manage_stock	no
16531	_manage_stock	no
16533	_manage_stock	no
16448	_manage_stock	no
16450	_manage_stock	no
16398	_manage_stock	no
16402	_manage_stock	no
16407	_manage_stock	no
16409	_manage_stock	no
16477	_manage_stock	no
16479	_manage_stock	no
16496	_manage_stock	no
16545	_manage_stock	no
16546	_manage_stock	no
16540	_manage_stock	no
16543	_manage_stock	no
16452	_manage_stock	no
16454	_manage_stock	no
16430	_manage_stock	no
16431	_manage_stock	no
16433	_manage_stock	no
16434	_manage_stock	no
16417	_manage_stock	no
16634	_manage_stock	no
16535	_manage_stock	no
16537	_manage_stock	no
16539	_manage_stock	no
16558	_manage_stock	no
16447	_manage_stock	no
16444	_manage_stock	no
16445	_manage_stock	no
16446	_manage_stock	no
16439	_manage_stock	no
16416	_manage_stock	yes
16644	_manage_stock	no
16647	_manage_stock	no
16426	_manage_stock	no
16428	_manage_stock	no
16526	_manage_stock	no
16482	_manage_stock	no
16485	_manage_stock	no
16487	_manage_stock	no
16489	_manage_stock	no
16566	_manage_stock	no
16621	_manage_stock	no
16513	_manage_stock	no
16520	_manage_stock	no
16524	_manage_stock	no
16694	_manage_stock	no
16699	_manage_stock	no
16700	_manage_stock	no
16549	_manage_stock	no
16571	_manage_stock	no
19683	_manage_stock	no
19684	_manage_stock	no
19685	_manage_stock	no
19665	_manage_stock	no
16618	_manage_stock	no
16619	_manage_stock	no
16620	_manage_stock	no
16672	_manage_stock	no
16681	_manage_stock	no
16683	_manage_stock	no
16547	_manage_stock	no
16701	_manage_stock	no
16702	_manage_stock	no
16703	_manage_stock	no
16704	_manage_stock	no
16708	_manage_stock	no
16630	_manage_stock	no
16632	_manage_stock	no
16626	_manage_stock	no
16584	_manage_stock	no
16580	_manage_stock	no
16589	_manage_stock	no
16607	_manage_stock	no
12765	_manage_stock	no
16611	_manage_stock	no
16601	_manage_stock	no
16603	_manage_stock	no
16604	_manage_stock	no
19669	_manage_stock	no
19670	_manage_stock	no
19671	_manage_stock	no
16709	_manage_stock	no
16710	_manage_stock	no
16711	_manage_stock	no
16712	_manage_stock	no
16713	_manage_stock	no
16714	_manage_stock	no
16715	_manage_stock	no
16716	_manage_stock	no
16717	_manage_stock	no
16718	_manage_stock	no
16719	_manage_stock	no
16720	_manage_stock	no
16721	_manage_stock	no
16722	_manage_stock	no
16723	_manage_stock	no
16724	_manage_stock	no
16725	_manage_stock	no
16726	_manage_stock	no
16727	_manage_stock	no
16728	_manage_stock	no
16729	_manage_stock	no
16730	_manage_stock	no
16731	_manage_stock	no
16732	_manage_stock	no
16733	_manage_stock	no
16734	_manage_stock	no
16735	_manage_stock	no
16736	_manage_stock	no
16737	_manage_stock	no
16738	_manage_stock	no
16739	_manage_stock	no
16740	_manage_stock	no
16741	_manage_stock	no
16742	_manage_stock	no
16743	_manage_stock	no
16744	_manage_stock	no
16745	_manage_stock	no
16746	_manage_stock	no
16747	_manage_stock	no
16748	_manage_stock	no
16749	_manage_stock	no
16750	_manage_stock	no
16751	_manage_stock	no
16752	_manage_stock	no
16753	_manage_stock	no
16754	_manage_stock	no
16755	_manage_stock	no
16756	_manage_stock	no
16757	_manage_stock	no
16758	_manage_stock	no
16759	_manage_stock	no
16760	_manage_stock	no
16761	_manage_stock	no
16762	_manage_stock	no
16763	_manage_stock	no
16764	_manage_stock	no
16765	_manage_stock	no
16766	_manage_stock	no
16767	_manage_stock	no
16768	_manage_stock	no
16769	_manage_stock	no
16770	_manage_stock	no
16771	_manage_stock	no
16772	_manage_stock	no
16773	_manage_stock	no
16774	_manage_stock	no
16775	_manage_stock	no
16776	_manage_stock	no
16777	_manage_stock	no
16778	_manage_stock	no
16779	_manage_stock	no
16780	_manage_stock	no
16781	_manage_stock	no
16782	_manage_stock	no
16783	_manage_stock	no
16784	_manage_stock	no
16785	_manage_stock	no
16786	_manage_stock	no
16787	_manage_stock	no
16788	_manage_stock	no
16789	_manage_stock	no
16790	_manage_stock	no
16791	_manage_stock	no
16792	_manage_stock	no
16793	_manage_stock	no
16794	_manage_stock	no
16795	_manage_stock	no
16796	_manage_stock	no
16797	_manage_stock	no
16798	_manage_stock	no
16799	_manage_stock	no
16800	_manage_stock	no
16801	_manage_stock	no
16802	_manage_stock	no
16803	_manage_stock	no
16804	_manage_stock	no
16805	_manage_stock	no
16806	_manage_stock	no
16807	_manage_stock	no
16808	_manage_stock	no
16809	_manage_stock	no
16810	_manage_stock	no
16811	_manage_stock	no
16812	_manage_stock	no
16813	_manage_stock	no
16814	_manage_stock	no
16815	_manage_stock	no
16816	_manage_stock	no
16817	_manage_stock	no
16818	_manage_stock	no
16819	_manage_stock	no
16820	_manage_stock	no
16821	_manage_stock	no
16822	_manage_stock	no
16823	_manage_stock	no
16824	_manage_stock	no
16825	_manage_stock	no
16826	_manage_stock	no
16827	_manage_stock	no
16828	_manage_stock	no
16829	_manage_stock	no
16830	_manage_stock	no
16831	_manage_stock	no
16832	_manage_stock	no
16833	_manage_stock	no
16834	_manage_stock	no
16835	_manage_stock	no
16836	_manage_stock	no
16837	_manage_stock	no
16838	_manage_stock	no
16839	_manage_stock	no
16840	_manage_stock	no
16841	_manage_stock	no
16842	_manage_stock	no
16843	_manage_stock	no
16844	_manage_stock	no
16845	_manage_stock	no
16846	_manage_stock	no
16847	_manage_stock	no
16848	_manage_stock	no
16849	_manage_stock	no
16850	_manage_stock	no
16851	_manage_stock	no
16852	_manage_stock	no
16853	_manage_stock	no
16854	_manage_stock	no
16855	_manage_stock	no
16856	_manage_stock	no
16857	_manage_stock	no
16858	_manage_stock	no
16859	_manage_stock	no
16860	_manage_stock	no
16861	_manage_stock	no
16862	_manage_stock	no
16863	_manage_stock	no
16864	_manage_stock	no
16865	_manage_stock	no
16866	_manage_stock	no
16867	_manage_stock	no
16868	_manage_stock	no
16869	_manage_stock	no
16870	_manage_stock	no
16871	_manage_stock	no
16872	_manage_stock	no
16873	_manage_stock	no
16874	_manage_stock	no
16875	_manage_stock	no
16876	_manage_stock	no
16877	_manage_stock	no
16878	_manage_stock	no
16879	_manage_stock	no
16880	_manage_stock	no
16881	_manage_stock	no
16882	_manage_stock	no
16883	_manage_stock	no
16884	_manage_stock	no
16885	_manage_stock	no
16886	_manage_stock	no
16887	_manage_stock	no
16888	_manage_stock	no
16889	_manage_stock	no
16890	_manage_stock	no
16891	_manage_stock	no
16892	_manage_stock	no
16893	_manage_stock	no
16894	_manage_stock	no
16895	_manage_stock	no
16896	_manage_stock	no
16897	_manage_stock	no
16898	_manage_stock	no
16899	_manage_stock	no
16900	_manage_stock	no
16901	_manage_stock	no
16902	_manage_stock	no
16903	_manage_stock	no
16904	_manage_stock	no
16905	_manage_stock	no
16906	_manage_stock	no
16907	_manage_stock	no
16908	_manage_stock	no
16909	_manage_stock	no
16910	_manage_stock	no
16911	_manage_stock	no
16912	_manage_stock	no
16913	_manage_stock	no
16914	_manage_stock	no
16915	_manage_stock	no
16916	_manage_stock	no
16917	_manage_stock	no
16918	_manage_stock	no
16919	_manage_stock	no
16920	_manage_stock	no
16921	_manage_stock	no
16922	_manage_stock	no
16923	_manage_stock	no
16924	_manage_stock	no
16925	_manage_stock	no
16926	_manage_stock	no
16927	_manage_stock	no
16928	_manage_stock	no
16929	_manage_stock	no
16930	_manage_stock	no
16931	_manage_stock	no
16932	_manage_stock	no
16933	_manage_stock	no
16934	_manage_stock	no
16935	_manage_stock	no
16936	_manage_stock	no
16937	_manage_stock	no
16938	_manage_stock	no
16939	_manage_stock	no
16940	_manage_stock	no
16941	_manage_stock	no
16942	_manage_stock	no
16943	_manage_stock	no
16944	_manage_stock	no
16945	_manage_stock	no
16946	_manage_stock	no
16947	_manage_stock	no
16948	_manage_stock	no
16949	_manage_stock	no
16950	_manage_stock	no
16951	_manage_stock	no
16952	_manage_stock	no
16953	_manage_stock	no
16954	_manage_stock	no
16955	_manage_stock	no
16956	_manage_stock	no
16957	_manage_stock	no
16958	_manage_stock	no
16959	_manage_stock	no
16960	_manage_stock	no
16961	_manage_stock	no
16962	_manage_stock	no
16963	_manage_stock	no
16964	_manage_stock	no
16965	_manage_stock	no
16966	_manage_stock	no
16967	_manage_stock	no
16968	_manage_stock	no
16969	_manage_stock	no
16970	_manage_stock	no
16971	_manage_stock	no
16972	_manage_stock	no
16973	_manage_stock	no
16974	_manage_stock	no
16975	_manage_stock	no
16976	_manage_stock	no
16977	_manage_stock	no
16978	_manage_stock	no
16979	_manage_stock	no
16980	_manage_stock	no
16981	_manage_stock	no
16982	_manage_stock	no
16983	_manage_stock	no
16984	_manage_stock	no
16985	_manage_stock	no
16986	_manage_stock	no
16987	_manage_stock	no
16988	_manage_stock	no
16989	_manage_stock	no
16990	_manage_stock	no
16991	_manage_stock	no
16992	_manage_stock	no
16993	_manage_stock	no
16994	_manage_stock	no
16995	_manage_stock	no
16996	_manage_stock	no
16997	_manage_stock	no
16998	_manage_stock	no
16999	_manage_stock	no
17000	_manage_stock	no
17001	_manage_stock	no
17002	_manage_stock	no
17003	_manage_stock	no
17004	_manage_stock	no
17005	_manage_stock	no
17006	_manage_stock	no
17007	_manage_stock	no
17008	_manage_stock	no
17009	_manage_stock	no
17010	_manage_stock	no
17011	_manage_stock	no
17012	_manage_stock	no
17013	_manage_stock	no
17014	_manage_stock	no
17015	_manage_stock	no
17016	_manage_stock	no
17017	_manage_stock	no
17018	_manage_stock	no
17019	_manage_stock	no
17020	_manage_stock	no
17021	_manage_stock	no
17022	_manage_stock	no
17023	_manage_stock	no
17024	_manage_stock	no
17025	_manage_stock	no
17026	_manage_stock	no
17027	_manage_stock	no
17028	_manage_stock	no
17029	_manage_stock	no
17030	_manage_stock	no
17031	_manage_stock	no
17032	_manage_stock	no
17033	_manage_stock	no
17034	_manage_stock	no
17035	_manage_stock	no
17036	_manage_stock	no
17037	_manage_stock	no
17038	_manage_stock	no
17039	_manage_stock	no
17040	_manage_stock	no
17041	_manage_stock	no
17042	_manage_stock	no
17043	_manage_stock	no
17044	_manage_stock	no
17045	_manage_stock	no
17046	_manage_stock	no
17047	_manage_stock	no
17048	_manage_stock	no
17049	_manage_stock	no
17050	_manage_stock	no
17051	_manage_stock	no
17052	_manage_stock	no
17053	_manage_stock	no
17054	_manage_stock	no
17055	_manage_stock	no
17056	_manage_stock	no
17057	_manage_stock	no
17058	_manage_stock	no
17059	_manage_stock	no
17060	_manage_stock	no
17061	_manage_stock	no
17062	_manage_stock	no
17063	_manage_stock	no
17064	_manage_stock	no
17065	_manage_stock	no
17066	_manage_stock	no
17067	_manage_stock	no
17068	_manage_stock	no
17069	_manage_stock	no
17070	_manage_stock	no
17071	_manage_stock	no
17072	_manage_stock	no
17073	_manage_stock	no
17074	_manage_stock	no
17075	_manage_stock	no
17076	_manage_stock	no
17077	_manage_stock	no
17078	_manage_stock	no
17079	_manage_stock	no
17080	_manage_stock	no
17081	_manage_stock	no
17082	_manage_stock	no
17083	_manage_stock	no
17084	_manage_stock	no
17085	_manage_stock	no
17086	_manage_stock	no
17087	_manage_stock	no
17088	_manage_stock	no
17089	_manage_stock	no
17090	_manage_stock	no
17091	_manage_stock	no
17092	_manage_stock	no
17093	_manage_stock	no
17094	_manage_stock	no
17095	_manage_stock	no
17096	_manage_stock	no
17097	_manage_stock	no
17098	_manage_stock	no
17099	_manage_stock	no
17100	_manage_stock	no
17101	_manage_stock	no
17102	_manage_stock	no
17103	_manage_stock	no
17104	_manage_stock	no
17105	_manage_stock	no
17106	_manage_stock	no
17107	_manage_stock	no
17108	_manage_stock	no
17109	_manage_stock	no
17110	_manage_stock	no
17111	_manage_stock	no
17112	_manage_stock	no
17113	_manage_stock	no
17114	_manage_stock	no
17115	_manage_stock	no
17116	_manage_stock	no
17117	_manage_stock	no
17118	_manage_stock	no
17119	_manage_stock	no
17120	_manage_stock	no
17121	_manage_stock	no
17122	_manage_stock	no
17123	_manage_stock	no
17124	_manage_stock	no
17125	_manage_stock	no
17126	_manage_stock	no
17127	_manage_stock	no
17128	_manage_stock	no
17129	_manage_stock	no
17130	_manage_stock	no
17131	_manage_stock	no
17132	_manage_stock	no
17133	_manage_stock	no
17134	_manage_stock	no
17135	_manage_stock	no
17136	_manage_stock	no
17137	_manage_stock	no
17138	_manage_stock	no
17139	_manage_stock	no
17140	_manage_stock	no
17141	_manage_stock	no
17142	_manage_stock	no
17143	_manage_stock	no
17144	_manage_stock	no
17145	_manage_stock	no
17146	_manage_stock	no
17147	_manage_stock	no
17148	_manage_stock	no
17149	_manage_stock	no
17150	_manage_stock	no
17151	_manage_stock	no
17152	_manage_stock	no
17153	_manage_stock	no
17154	_manage_stock	no
17155	_manage_stock	no
17156	_manage_stock	no
17157	_manage_stock	no
17158	_manage_stock	no
17159	_manage_stock	no
17160	_manage_stock	no
17161	_manage_stock	no
17162	_manage_stock	no
17163	_manage_stock	no
17164	_manage_stock	no
17165	_manage_stock	no
17166	_manage_stock	no
17167	_manage_stock	no
17168	_manage_stock	no
17169	_manage_stock	no
17170	_manage_stock	no
17171	_manage_stock	no
17172	_manage_stock	no
17173	_manage_stock	no
17174	_manage_stock	no
17175	_manage_stock	no
17176	_manage_stock	no
17177	_manage_stock	no
17178	_manage_stock	no
17179	_manage_stock	no
17180	_manage_stock	no
17181	_manage_stock	no
17182	_manage_stock	no
17183	_manage_stock	no
17184	_manage_stock	no
17185	_manage_stock	no
17186	_manage_stock	no
17187	_manage_stock	no
17188	_manage_stock	no
17189	_manage_stock	no
17190	_manage_stock	no
17191	_manage_stock	no
17192	_manage_stock	no
17193	_manage_stock	no
17194	_manage_stock	no
17195	_manage_stock	no
17196	_manage_stock	no
17197	_manage_stock	no
17198	_manage_stock	no
17199	_manage_stock	no
17200	_manage_stock	no
17201	_manage_stock	no
17202	_manage_stock	no
17203	_manage_stock	no
17204	_manage_stock	no
17205	_manage_stock	no
17206	_manage_stock	no
17207	_manage_stock	no
17208	_manage_stock	no
17209	_manage_stock	no
17210	_manage_stock	no
17211	_manage_stock	no
17212	_manage_stock	no
17213	_manage_stock	no
17214	_manage_stock	no
17215	_manage_stock	no
17216	_manage_stock	no
17217	_manage_stock	no
17218	_manage_stock	no
17219	_manage_stock	no
17220	_manage_stock	no
17221	_manage_stock	no
17222	_manage_stock	no
17223	_manage_stock	no
17224	_manage_stock	no
17225	_manage_stock	no
17226	_manage_stock	no
17227	_manage_stock	no
17228	_manage_stock	no
17229	_manage_stock	no
17230	_manage_stock	no
17231	_manage_stock	no
17232	_manage_stock	no
17233	_manage_stock	no
17234	_manage_stock	no
17235	_manage_stock	no
17236	_manage_stock	no
17237	_manage_stock	no
17238	_manage_stock	no
17239	_manage_stock	no
17240	_manage_stock	no
17241	_manage_stock	no
17242	_manage_stock	no
17243	_manage_stock	no
17244	_manage_stock	no
17245	_manage_stock	no
17246	_manage_stock	no
17247	_manage_stock	no
17248	_manage_stock	no
17249	_manage_stock	no
17250	_manage_stock	no
17251	_manage_stock	no
17252	_manage_stock	no
17253	_manage_stock	no
17254	_manage_stock	no
17255	_manage_stock	no
17256	_manage_stock	no
17257	_manage_stock	no
17258	_manage_stock	no
17259	_manage_stock	no
17260	_manage_stock	no
17261	_manage_stock	no
17262	_manage_stock	no
17263	_manage_stock	no
17264	_manage_stock	no
17265	_manage_stock	no
17266	_manage_stock	no
17267	_manage_stock	no
17268	_manage_stock	no
17269	_manage_stock	no
17270	_manage_stock	no
17271	_manage_stock	no
17272	_manage_stock	no
17273	_manage_stock	no
17274	_manage_stock	no
17275	_manage_stock	no
17276	_manage_stock	no
17277	_manage_stock	no
17278	_manage_stock	no
17279	_manage_stock	no
17280	_manage_stock	no
17281	_manage_stock	no
17282	_manage_stock	no
17283	_manage_stock	no
17284	_manage_stock	no
17285	_manage_stock	no
17286	_manage_stock	no
17287	_manage_stock	no
17288	_manage_stock	no
17289	_manage_stock	no
17290	_manage_stock	no
17291	_manage_stock	no
17292	_manage_stock	no
17293	_manage_stock	no
17294	_manage_stock	no
17295	_manage_stock	no
17296	_manage_stock	no
17297	_manage_stock	no
17298	_manage_stock	no
17299	_manage_stock	no
17300	_manage_stock	no
17301	_manage_stock	no
17302	_manage_stock	no
17303	_manage_stock	no
17304	_manage_stock	no
17305	_manage_stock	no
17306	_manage_stock	no
17307	_manage_stock	no
17308	_manage_stock	no
17309	_manage_stock	no
17310	_manage_stock	no
17311	_manage_stock	no
17312	_manage_stock	no
17313	_manage_stock	no
17314	_manage_stock	no
17315	_manage_stock	no
17316	_manage_stock	no
17317	_manage_stock	no
17318	_manage_stock	no
17319	_manage_stock	no
17320	_manage_stock	no
17321	_manage_stock	no
17322	_manage_stock	no
17323	_manage_stock	no
17324	_manage_stock	no
17325	_manage_stock	no
17326	_manage_stock	no
17327	_manage_stock	no
17328	_manage_stock	no
17329	_manage_stock	no
17330	_manage_stock	no
17331	_manage_stock	no
17332	_manage_stock	no
17333	_manage_stock	no
17334	_manage_stock	no
17335	_manage_stock	no
17336	_manage_stock	no
17337	_manage_stock	no
17338	_manage_stock	no
17339	_manage_stock	no
17340	_manage_stock	no
17341	_manage_stock	no
17342	_manage_stock	no
17343	_manage_stock	no
17344	_manage_stock	no
17345	_manage_stock	no
17346	_manage_stock	no
17347	_manage_stock	no
17348	_manage_stock	no
17349	_manage_stock	no
17350	_manage_stock	no
17351	_manage_stock	no
17352	_manage_stock	no
17353	_manage_stock	no
17354	_manage_stock	no
17355	_manage_stock	no
17356	_manage_stock	no
17357	_manage_stock	no
17358	_manage_stock	no
17359	_manage_stock	no
17360	_manage_stock	no
17361	_manage_stock	no
17362	_manage_stock	no
17363	_manage_stock	no
17364	_manage_stock	no
17365	_manage_stock	no
17366	_manage_stock	no
17367	_manage_stock	no
17368	_manage_stock	no
17369	_manage_stock	no
17370	_manage_stock	no
17371	_manage_stock	no
17372	_manage_stock	no
17373	_manage_stock	no
17374	_manage_stock	no
17375	_manage_stock	no
17376	_manage_stock	no
17377	_manage_stock	no
17378	_manage_stock	no
17379	_manage_stock	no
17380	_manage_stock	no
17381	_manage_stock	no
17382	_manage_stock	no
17383	_manage_stock	no
17384	_manage_stock	no
17385	_manage_stock	no
17386	_manage_stock	no
17387	_manage_stock	no
17388	_manage_stock	no
17389	_manage_stock	no
17390	_manage_stock	no
17391	_manage_stock	no
17392	_manage_stock	no
17393	_manage_stock	no
17394	_manage_stock	no
17395	_manage_stock	no
17396	_manage_stock	no
17397	_manage_stock	no
17398	_manage_stock	no
17399	_manage_stock	no
17400	_manage_stock	no
17401	_manage_stock	no
17402	_manage_stock	no
17403	_manage_stock	no
17404	_manage_stock	no
17405	_manage_stock	no
17406	_manage_stock	no
17407	_manage_stock	no
17408	_manage_stock	no
17409	_manage_stock	no
17410	_manage_stock	no
17411	_manage_stock	no
17412	_manage_stock	no
17413	_manage_stock	no
17414	_manage_stock	no
17415	_manage_stock	no
17416	_manage_stock	no
17417	_manage_stock	no
17418	_manage_stock	no
17419	_manage_stock	no
17420	_manage_stock	no
17421	_manage_stock	no
17422	_manage_stock	no
17423	_manage_stock	no
17424	_manage_stock	no
17425	_manage_stock	no
17426	_manage_stock	no
17427	_manage_stock	no
17428	_manage_stock	no
17429	_manage_stock	no
17430	_manage_stock	no
17431	_manage_stock	no
17432	_manage_stock	no
17433	_manage_stock	no
17434	_manage_stock	no
17435	_manage_stock	no
17436	_manage_stock	no
17437	_manage_stock	no
17438	_manage_stock	no
17439	_manage_stock	no
17440	_manage_stock	no
17441	_manage_stock	no
17442	_manage_stock	no
17443	_manage_stock	no
17444	_manage_stock	no
17445	_manage_stock	no
17446	_manage_stock	no
17447	_manage_stock	no
17448	_manage_stock	no
17449	_manage_stock	no
17450	_manage_stock	no
17451	_manage_stock	no
17452	_manage_stock	no
17453	_manage_stock	no
17454	_manage_stock	no
17455	_manage_stock	no
17456	_manage_stock	no
17457	_manage_stock	no
17458	_manage_stock	no
17459	_manage_stock	no
17460	_manage_stock	no
17461	_manage_stock	no
17462	_manage_stock	no
17463	_manage_stock	no
17464	_manage_stock	no
17465	_manage_stock	no
17466	_manage_stock	no
17467	_manage_stock	no
17468	_manage_stock	no
17469	_manage_stock	no
17470	_manage_stock	no
17471	_manage_stock	no
17472	_manage_stock	no
17473	_manage_stock	no
17474	_manage_stock	no
17475	_manage_stock	no
17476	_manage_stock	no
17477	_manage_stock	no
17478	_manage_stock	no
17479	_manage_stock	no
17480	_manage_stock	no
17481	_manage_stock	no
17482	_manage_stock	no
17483	_manage_stock	no
17484	_manage_stock	no
17485	_manage_stock	no
17486	_manage_stock	no
17487	_manage_stock	no
17488	_manage_stock	no
17489	_manage_stock	no
17490	_manage_stock	no
17491	_manage_stock	no
17492	_manage_stock	no
17493	_manage_stock	no
17494	_manage_stock	no
17495	_manage_stock	no
17496	_manage_stock	no
17497	_manage_stock	no
17498	_manage_stock	no
17499	_manage_stock	no
17500	_manage_stock	no
17501	_manage_stock	no
17502	_manage_stock	no
17503	_manage_stock	no
17504	_manage_stock	no
17505	_manage_stock	no
17506	_manage_stock	no
17507	_manage_stock	no
17508	_manage_stock	no
17509	_manage_stock	no
17510	_manage_stock	no
17511	_manage_stock	no
17512	_manage_stock	no
17513	_manage_stock	no
17514	_manage_stock	no
17515	_manage_stock	no
17516	_manage_stock	no
17517	_manage_stock	no
17518	_manage_stock	no
17519	_manage_stock	no
17520	_manage_stock	no
17521	_manage_stock	no
17522	_manage_stock	no
17523	_manage_stock	no
17524	_manage_stock	no
17525	_manage_stock	no
17526	_manage_stock	no
17527	_manage_stock	no
17528	_manage_stock	no
17529	_manage_stock	no
17530	_manage_stock	no
17531	_manage_stock	no
17532	_manage_stock	no
17533	_manage_stock	no
17534	_manage_stock	no
17535	_manage_stock	no
17536	_manage_stock	no
17537	_manage_stock	no
17538	_manage_stock	no
17539	_manage_stock	no
17540	_manage_stock	no
17541	_manage_stock	no
17542	_manage_stock	no
17543	_manage_stock	no
17544	_manage_stock	no
17545	_manage_stock	no
17546	_manage_stock	no
17547	_manage_stock	no
17548	_manage_stock	no
17549	_manage_stock	no
17550	_manage_stock	no
17551	_manage_stock	no
17552	_manage_stock	no
17553	_manage_stock	no
17554	_manage_stock	no
17555	_manage_stock	no
17556	_manage_stock	no
17557	_manage_stock	no
17558	_manage_stock	no
17559	_manage_stock	no
17560	_manage_stock	no
17561	_manage_stock	no
17562	_manage_stock	no
17563	_manage_stock	no
17564	_manage_stock	no
17565	_manage_stock	no
17566	_manage_stock	no
17567	_manage_stock	no
17568	_manage_stock	no
17569	_manage_stock	no
17570	_manage_stock	no
17571	_manage_stock	no
17572	_manage_stock	no
17573	_manage_stock	no
17574	_manage_stock	no
17575	_manage_stock	no
17576	_manage_stock	no
17577	_manage_stock	no
17578	_manage_stock	no
17579	_manage_stock	no
17580	_manage_stock	no
17581	_manage_stock	no
17582	_manage_stock	no
17583	_manage_stock	no
17584	_manage_stock	no
17585	_manage_stock	no
17586	_manage_stock	no
17587	_manage_stock	no
17588	_manage_stock	no
17589	_manage_stock	no
17590	_manage_stock	no
17591	_manage_stock	no
17592	_manage_stock	no
17593	_manage_stock	no
17594	_manage_stock	no
17595	_manage_stock	no
17596	_manage_stock	no
17597	_manage_stock	no
17598	_manage_stock	no
17599	_manage_stock	no
17600	_manage_stock	no
17601	_manage_stock	no
17602	_manage_stock	no
17603	_manage_stock	no
17604	_manage_stock	no
17605	_manage_stock	no
17606	_manage_stock	no
17607	_manage_stock	no
17608	_manage_stock	no
17609	_manage_stock	no
17610	_manage_stock	no
17611	_manage_stock	no
17612	_manage_stock	no
17613	_manage_stock	no
17614	_manage_stock	no
17615	_manage_stock	no
17616	_manage_stock	no
17617	_manage_stock	no
17618	_manage_stock	no
17619	_manage_stock	no
17620	_manage_stock	no
17621	_manage_stock	no
17622	_manage_stock	no
17623	_manage_stock	no
17624	_manage_stock	no
17625	_manage_stock	no
17626	_manage_stock	no
17627	_manage_stock	no
17628	_manage_stock	no
17629	_manage_stock	no
17630	_manage_stock	no
17631	_manage_stock	no
17632	_manage_stock	no
17633	_manage_stock	no
17634	_manage_stock	no
17635	_manage_stock	no
17636	_manage_stock	no
17637	_manage_stock	no
17638	_manage_stock	no
17639	_manage_stock	no
17640	_manage_stock	no
17641	_manage_stock	no
17642	_manage_stock	no
17643	_manage_stock	no
17644	_manage_stock	no
17645	_manage_stock	no
17646	_manage_stock	no
17647	_manage_stock	no
17648	_manage_stock	no
17649	_manage_stock	no
17650	_manage_stock	no
17651	_manage_stock	no
17652	_manage_stock	no
17653	_manage_stock	no
17654	_manage_stock	no
17655	_manage_stock	no
17656	_manage_stock	no
17657	_manage_stock	no
17658	_manage_stock	no
17659	_manage_stock	no
17660	_manage_stock	no
17661	_manage_stock	no
17662	_manage_stock	no
17663	_manage_stock	no
17664	_manage_stock	no
17665	_manage_stock	no
17666	_manage_stock	no
17667	_manage_stock	no
17668	_manage_stock	no
17669	_manage_stock	no
17670	_manage_stock	no
17671	_manage_stock	no
17672	_manage_stock	no
17673	_manage_stock	no
17674	_manage_stock	no
17675	_manage_stock	no
17676	_manage_stock	no
17677	_manage_stock	no
17678	_manage_stock	no
17679	_manage_stock	no
17680	_manage_stock	no
17681	_manage_stock	no
17682	_manage_stock	no
17683	_manage_stock	no
17684	_manage_stock	no
17685	_manage_stock	no
17686	_manage_stock	no
17687	_manage_stock	no
17688	_manage_stock	no
17689	_manage_stock	no
17690	_manage_stock	no
17691	_manage_stock	no
17692	_manage_stock	no
17693	_manage_stock	no
17694	_manage_stock	no
17695	_manage_stock	no
17696	_manage_stock	no
17697	_manage_stock	no
17698	_manage_stock	no
17699	_manage_stock	no
17700	_manage_stock	no
17701	_manage_stock	no
17702	_manage_stock	no
17703	_manage_stock	no
17704	_manage_stock	no
17705	_manage_stock	no
17706	_manage_stock	no
17707	_manage_stock	no
17708	_manage_stock	no
17709	_manage_stock	no
17710	_manage_stock	no
17711	_manage_stock	no
17712	_manage_stock	no
17713	_manage_stock	no
17714	_manage_stock	no
17715	_manage_stock	no
17716	_manage_stock	no
17717	_manage_stock	no
17718	_manage_stock	no
17719	_manage_stock	no
17720	_manage_stock	no
17721	_manage_stock	no
17722	_manage_stock	no
17723	_manage_stock	no
17724	_manage_stock	no
17725	_manage_stock	no
17726	_manage_stock	no
17727	_manage_stock	no
17728	_manage_stock	no
17729	_manage_stock	no
17730	_manage_stock	no
17731	_manage_stock	no
17732	_manage_stock	no
17733	_manage_stock	no
17734	_manage_stock	no
17735	_manage_stock	no
17736	_manage_stock	no
17737	_manage_stock	no
17738	_manage_stock	no
17739	_manage_stock	no
17740	_manage_stock	no
17741	_manage_stock	no
17742	_manage_stock	no
17743	_manage_stock	no
17744	_manage_stock	no
17745	_manage_stock	no
17746	_manage_stock	no
17747	_manage_stock	no
17748	_manage_stock	no
17749	_manage_stock	no
17750	_manage_stock	no
17751	_manage_stock	no
17752	_manage_stock	no
17753	_manage_stock	no
17754	_manage_stock	no
17755	_manage_stock	no
17756	_manage_stock	no
17757	_manage_stock	no
17758	_manage_stock	no
17759	_manage_stock	no
17760	_manage_stock	no
17761	_manage_stock	no
17762	_manage_stock	no
17763	_manage_stock	no
17764	_manage_stock	no
17765	_manage_stock	no
17766	_manage_stock	no
17767	_manage_stock	no
17768	_manage_stock	no
17769	_manage_stock	no
17770	_manage_stock	no
17771	_manage_stock	no
17772	_manage_stock	no
17773	_manage_stock	no
17774	_manage_stock	no
17775	_manage_stock	no
17776	_manage_stock	no
17777	_manage_stock	no
17778	_manage_stock	no
17779	_manage_stock	no
17780	_manage_stock	no
17781	_manage_stock	no
17782	_manage_stock	no
17783	_manage_stock	no
17784	_manage_stock	no
17785	_manage_stock	no
17786	_manage_stock	no
17787	_manage_stock	no
17788	_manage_stock	no
17789	_manage_stock	no
17790	_manage_stock	no
17791	_manage_stock	no
17792	_manage_stock	no
17793	_manage_stock	no
17794	_manage_stock	no
17795	_manage_stock	no
17796	_manage_stock	no
17797	_manage_stock	no
17798	_manage_stock	no
17799	_manage_stock	no
17800	_manage_stock	no
17801	_manage_stock	no
17802	_manage_stock	no
17803	_manage_stock	no
17804	_manage_stock	no
17805	_manage_stock	no
17806	_manage_stock	no
17807	_manage_stock	no
17808	_manage_stock	no
17809	_manage_stock	no
17810	_manage_stock	no
17811	_manage_stock	no
17812	_manage_stock	no
17813	_manage_stock	no
17814	_manage_stock	no
17815	_manage_stock	no
17816	_manage_stock	no
17817	_manage_stock	no
17818	_manage_stock	no
17819	_manage_stock	no
17820	_manage_stock	no
17821	_manage_stock	no
17822	_manage_stock	no
17823	_manage_stock	no
17824	_manage_stock	no
17825	_manage_stock	no
17826	_manage_stock	no
17827	_manage_stock	no
17828	_manage_stock	no
17829	_manage_stock	no
17830	_manage_stock	no
17831	_manage_stock	no
17832	_manage_stock	no
17833	_manage_stock	no
17834	_manage_stock	no
17835	_manage_stock	no
17836	_manage_stock	no
17837	_manage_stock	no
17838	_manage_stock	no
17839	_manage_stock	no
17840	_manage_stock	no
17841	_manage_stock	no
17842	_manage_stock	no
17843	_manage_stock	no
17844	_manage_stock	no
17845	_manage_stock	no
17846	_manage_stock	no
17847	_manage_stock	no
17848	_manage_stock	no
17849	_manage_stock	no
17850	_manage_stock	no
17851	_manage_stock	no
17852	_manage_stock	no
17853	_manage_stock	no
17854	_manage_stock	no
17855	_manage_stock	no
17856	_manage_stock	no
17857	_manage_stock	no
17858	_manage_stock	no
17859	_manage_stock	no
17860	_manage_stock	no
17861	_manage_stock	no
17862	_manage_stock	no
17863	_manage_stock	no
17864	_manage_stock	no
17865	_manage_stock	no
17866	_manage_stock	no
17867	_manage_stock	no
17868	_manage_stock	no
17869	_manage_stock	no
17870	_manage_stock	no
17871	_manage_stock	no
17872	_manage_stock	no
17873	_manage_stock	no
17874	_manage_stock	no
17875	_manage_stock	no
17876	_manage_stock	no
17877	_manage_stock	no
17878	_manage_stock	no
17879	_manage_stock	no
17880	_manage_stock	no
17881	_manage_stock	no
17882	_manage_stock	no
17883	_manage_stock	no
17884	_manage_stock	no
17885	_manage_stock	no
17886	_manage_stock	no
17887	_manage_stock	no
17888	_manage_stock	no
17889	_manage_stock	no
17890	_manage_stock	no
17891	_manage_stock	no
17892	_manage_stock	no
17893	_manage_stock	no
17894	_manage_stock	no
17895	_manage_stock	no
17896	_manage_stock	no
17897	_manage_stock	no
17898	_manage_stock	no
17899	_manage_stock	no
17900	_manage_stock	no
17901	_manage_stock	no
17902	_manage_stock	no
17903	_manage_stock	no
17904	_manage_stock	no
17905	_manage_stock	no
17906	_manage_stock	no
17907	_manage_stock	no
17908	_manage_stock	no
17909	_manage_stock	no
17910	_manage_stock	no
17911	_manage_stock	no
17912	_manage_stock	no
17913	_manage_stock	no
17914	_manage_stock	no
17915	_manage_stock	no
17916	_manage_stock	no
17917	_manage_stock	no
17918	_manage_stock	no
17919	_manage_stock	no
17920	_manage_stock	no
17921	_manage_stock	no
17922	_manage_stock	no
17923	_manage_stock	no
17924	_manage_stock	no
17925	_manage_stock	no
17926	_manage_stock	no
17927	_manage_stock	no
17928	_manage_stock	no
17929	_manage_stock	no
17930	_manage_stock	no
17931	_manage_stock	no
17932	_manage_stock	no
17933	_manage_stock	no
17934	_manage_stock	no
17935	_manage_stock	no
17936	_manage_stock	no
17937	_manage_stock	no
17938	_manage_stock	no
17939	_manage_stock	no
17940	_manage_stock	no
17941	_manage_stock	no
17942	_manage_stock	no
17943	_manage_stock	no
17944	_manage_stock	no
17945	_manage_stock	no
17946	_manage_stock	no
17947	_manage_stock	no
17948	_manage_stock	no
17949	_manage_stock	no
17950	_manage_stock	no
17951	_manage_stock	no
17952	_manage_stock	no
17953	_manage_stock	no
17954	_manage_stock	no
17955	_manage_stock	no
17956	_manage_stock	no
17957	_manage_stock	no
17958	_manage_stock	no
17959	_manage_stock	no
17960	_manage_stock	no
17961	_manage_stock	no
17962	_manage_stock	no
17963	_manage_stock	no
17964	_manage_stock	no
17965	_manage_stock	no
17966	_manage_stock	no
17967	_manage_stock	no
17968	_manage_stock	no
17969	_manage_stock	no
17970	_manage_stock	no
17971	_manage_stock	no
17972	_manage_stock	no
17973	_manage_stock	no
17974	_manage_stock	no
17975	_manage_stock	no
17976	_manage_stock	no
17977	_manage_stock	no
17978	_manage_stock	no
17979	_manage_stock	no
17980	_manage_stock	no
17981	_manage_stock	no
17982	_manage_stock	no
17983	_manage_stock	no
17984	_manage_stock	no
17985	_manage_stock	no
17986	_manage_stock	no
17987	_manage_stock	no
17988	_manage_stock	no
17989	_manage_stock	no
17990	_manage_stock	no
17991	_manage_stock	no
17992	_manage_stock	no
17993	_manage_stock	no
17994	_manage_stock	no
17995	_manage_stock	no
17996	_manage_stock	no
17997	_manage_stock	no
17998	_manage_stock	no
17999	_manage_stock	no
18000	_manage_stock	no
18001	_manage_stock	no
18002	_manage_stock	no
18003	_manage_stock	no
18004	_manage_stock	no
18005	_manage_stock	no
18006	_manage_stock	no
18007	_manage_stock	no
18008	_manage_stock	no
18009	_manage_stock	no
18010	_manage_stock	no
18011	_manage_stock	no
18012	_manage_stock	no
18013	_manage_stock	no
18014	_manage_stock	no
18015	_manage_stock	no
18016	_manage_stock	no
18017	_manage_stock	no
18018	_manage_stock	no
18019	_manage_stock	no
18020	_manage_stock	no
18021	_manage_stock	no
18022	_manage_stock	no
18023	_manage_stock	no
18024	_manage_stock	no
18025	_manage_stock	no
18026	_manage_stock	no
18027	_manage_stock	no
18028	_manage_stock	no
18029	_manage_stock	no
18030	_manage_stock	no
18031	_manage_stock	no
18032	_manage_stock	no
18033	_manage_stock	no
18034	_manage_stock	no
18035	_manage_stock	no
18036	_manage_stock	no
18037	_manage_stock	no
18038	_manage_stock	no
18039	_manage_stock	no
18040	_manage_stock	no
18041	_manage_stock	no
18042	_manage_stock	no
18043	_manage_stock	no
18044	_manage_stock	no
18045	_manage_stock	no
18046	_manage_stock	no
18047	_manage_stock	no
18048	_manage_stock	no
18049	_manage_stock	no
18050	_manage_stock	no
18051	_manage_stock	no
18052	_manage_stock	no
18053	_manage_stock	no
18054	_manage_stock	no
18055	_manage_stock	no
18056	_manage_stock	no
18057	_manage_stock	no
18058	_manage_stock	no
18059	_manage_stock	no
18060	_manage_stock	no
18061	_manage_stock	no
18062	_manage_stock	no
18063	_manage_stock	no
18064	_manage_stock	no
18065	_manage_stock	no
18066	_manage_stock	no
18067	_manage_stock	no
18068	_manage_stock	no
18069	_manage_stock	no
18070	_manage_stock	no
18071	_manage_stock	no
18072	_manage_stock	no
18073	_manage_stock	no
18074	_manage_stock	no
18075	_manage_stock	no
18076	_manage_stock	no
18077	_manage_stock	no
18078	_manage_stock	no
18079	_manage_stock	no
18080	_manage_stock	no
18081	_manage_stock	no
18082	_manage_stock	no
18083	_manage_stock	no
18084	_manage_stock	no
18085	_manage_stock	no
18086	_manage_stock	no
18087	_manage_stock	no
18088	_manage_stock	no
18089	_manage_stock	no
18090	_manage_stock	no
18091	_manage_stock	no
18092	_manage_stock	no
18093	_manage_stock	no
18094	_manage_stock	no
18095	_manage_stock	no
18096	_manage_stock	no
18097	_manage_stock	no
18098	_manage_stock	no
18099	_manage_stock	no
18100	_manage_stock	no
18101	_manage_stock	no
18102	_manage_stock	no
18103	_manage_stock	no
18104	_manage_stock	no
18105	_manage_stock	no
18106	_manage_stock	no
18107	_manage_stock	no
18108	_manage_stock	no
18109	_manage_stock	no
18110	_manage_stock	no
18111	_manage_stock	no
18112	_manage_stock	no
18113	_manage_stock	no
18114	_manage_stock	no
18115	_manage_stock	no
18116	_manage_stock	no
18117	_manage_stock	no
18118	_manage_stock	no
18119	_manage_stock	no
18120	_manage_stock	no
18121	_manage_stock	no
18122	_manage_stock	no
18123	_manage_stock	no
18124	_manage_stock	no
18125	_manage_stock	no
18126	_manage_stock	no
18127	_manage_stock	no
18128	_manage_stock	no
18129	_manage_stock	no
18130	_manage_stock	no
18131	_manage_stock	no
18132	_manage_stock	no
18133	_manage_stock	no
18134	_manage_stock	no
18135	_manage_stock	no
18136	_manage_stock	no
18137	_manage_stock	no
18138	_manage_stock	no
18139	_manage_stock	no
18140	_manage_stock	no
18141	_manage_stock	no
18142	_manage_stock	no
18143	_manage_stock	no
18144	_manage_stock	no
18145	_manage_stock	no
18146	_manage_stock	no
18147	_manage_stock	no
18148	_manage_stock	no
18149	_manage_stock	no
18150	_manage_stock	no
18151	_manage_stock	no
18152	_manage_stock	no
18153	_manage_stock	no
18154	_manage_stock	no
18155	_manage_stock	no
18156	_manage_stock	no
18157	_manage_stock	no
18158	_manage_stock	no
18159	_manage_stock	no
18160	_manage_stock	no
18161	_manage_stock	no
18162	_manage_stock	no
18163	_manage_stock	no
18164	_manage_stock	no
18165	_manage_stock	no
18166	_manage_stock	no
18167	_manage_stock	no
18168	_manage_stock	no
18169	_manage_stock	no
18170	_manage_stock	no
18171	_manage_stock	no
18172	_manage_stock	no
18173	_manage_stock	no
18174	_manage_stock	no
18175	_manage_stock	no
18176	_manage_stock	no
18177	_manage_stock	no
18178	_manage_stock	no
18179	_manage_stock	no
18180	_manage_stock	no
18181	_manage_stock	no
18182	_manage_stock	no
18183	_manage_stock	no
18184	_manage_stock	no
18185	_manage_stock	no
18186	_manage_stock	no
18187	_manage_stock	no
18188	_manage_stock	no
18189	_manage_stock	no
18190	_manage_stock	no
18191	_manage_stock	no
18192	_manage_stock	no
18193	_manage_stock	no
18194	_manage_stock	no
18195	_manage_stock	no
18196	_manage_stock	no
18197	_manage_stock	no
18198	_manage_stock	no
18199	_manage_stock	no
18200	_manage_stock	no
18201	_manage_stock	no
18202	_manage_stock	no
18203	_manage_stock	no
18204	_manage_stock	no
18205	_manage_stock	no
18206	_manage_stock	no
18207	_manage_stock	no
18208	_manage_stock	no
18209	_manage_stock	no
18210	_manage_stock	no
18211	_manage_stock	no
18212	_manage_stock	no
18213	_manage_stock	no
18214	_manage_stock	no
18215	_manage_stock	no
18216	_manage_stock	no
18217	_manage_stock	no
18218	_manage_stock	no
18219	_manage_stock	no
18220	_manage_stock	no
18221	_manage_stock	no
18222	_manage_stock	no
18223	_manage_stock	no
18224	_manage_stock	no
18225	_manage_stock	no
18226	_manage_stock	no
18227	_manage_stock	no
18228	_manage_stock	no
18229	_manage_stock	no
18230	_manage_stock	no
18231	_manage_stock	no
18232	_manage_stock	no
18233	_manage_stock	no
18234	_manage_stock	no
18235	_manage_stock	no
18236	_manage_stock	no
18237	_manage_stock	no
18238	_manage_stock	no
18239	_manage_stock	no
18240	_manage_stock	no
18241	_manage_stock	no
18242	_manage_stock	no
18243	_manage_stock	no
18244	_manage_stock	no
18245	_manage_stock	no
18246	_manage_stock	no
18247	_manage_stock	no
18248	_manage_stock	no
18249	_manage_stock	no
18250	_manage_stock	no
18251	_manage_stock	no
18252	_manage_stock	no
18253	_manage_stock	no
18254	_manage_stock	no
18255	_manage_stock	no
18256	_manage_stock	no
18257	_manage_stock	no
18258	_manage_stock	no
18259	_manage_stock	no
18260	_manage_stock	no
18261	_manage_stock	no
18262	_manage_stock	no
18263	_manage_stock	no
18264	_manage_stock	no
18265	_manage_stock	no
18266	_manage_stock	no
18267	_manage_stock	no
18268	_manage_stock	no
18269	_manage_stock	no
18270	_manage_stock	no
18271	_manage_stock	no
18272	_manage_stock	no
18273	_manage_stock	no
18274	_manage_stock	no
18275	_manage_stock	no
18276	_manage_stock	no
18277	_manage_stock	no
18278	_manage_stock	no
18279	_manage_stock	no
18280	_manage_stock	no
18281	_manage_stock	no
18282	_manage_stock	no
18283	_manage_stock	no
18284	_manage_stock	no
18285	_manage_stock	no
18286	_manage_stock	no
18287	_manage_stock	no
18288	_manage_stock	no
18289	_manage_stock	no
18290	_manage_stock	no
18291	_manage_stock	no
18292	_manage_stock	no
18293	_manage_stock	no
18294	_manage_stock	no
18295	_manage_stock	no
18296	_manage_stock	no
18297	_manage_stock	no
18298	_manage_stock	no
18299	_manage_stock	no
18300	_manage_stock	no
18301	_manage_stock	no
18302	_manage_stock	no
18303	_manage_stock	no
18304	_manage_stock	no
18305	_manage_stock	no
18306	_manage_stock	no
18307	_manage_stock	no
18308	_manage_stock	no
18309	_manage_stock	no
18310	_manage_stock	no
18311	_manage_stock	no
18312	_manage_stock	no
18313	_manage_stock	no
18314	_manage_stock	no
18315	_manage_stock	no
18316	_manage_stock	no
18317	_manage_stock	no
18318	_manage_stock	no
18319	_manage_stock	no
18320	_manage_stock	no
18321	_manage_stock	no
18322	_manage_stock	no
18323	_manage_stock	no
18324	_manage_stock	no
18325	_manage_stock	no
18326	_manage_stock	no
18327	_manage_stock	no
18328	_manage_stock	no
18329	_manage_stock	no
18330	_manage_stock	no
18331	_manage_stock	no
18332	_manage_stock	no
18333	_manage_stock	no
18334	_manage_stock	no
18335	_manage_stock	no
18336	_manage_stock	no
18337	_manage_stock	no
18338	_manage_stock	no
18339	_manage_stock	no
18340	_manage_stock	no
18341	_manage_stock	no
18342	_manage_stock	no
18343	_manage_stock	no
18344	_manage_stock	no
18345	_manage_stock	no
18346	_manage_stock	no
18347	_manage_stock	no
18348	_manage_stock	no
18349	_manage_stock	no
18350	_manage_stock	no
18351	_manage_stock	no
18352	_manage_stock	no
18353	_manage_stock	no
18354	_manage_stock	no
18355	_manage_stock	no
18356	_manage_stock	no
18357	_manage_stock	no
18358	_manage_stock	no
18359	_manage_stock	no
18360	_manage_stock	no
18361	_manage_stock	no
18362	_manage_stock	no
18363	_manage_stock	no
18364	_manage_stock	no
18365	_manage_stock	no
18366	_manage_stock	no
18367	_manage_stock	no
18368	_manage_stock	no
18369	_manage_stock	no
18370	_manage_stock	no
18371	_manage_stock	no
18372	_manage_stock	no
18373	_manage_stock	no
18374	_manage_stock	no
18375	_manage_stock	no
18376	_manage_stock	no
18377	_manage_stock	no
18378	_manage_stock	no
18379	_manage_stock	no
18380	_manage_stock	no
18381	_manage_stock	no
18382	_manage_stock	no
18383	_manage_stock	no
18384	_manage_stock	no
18385	_manage_stock	no
18386	_manage_stock	no
18387	_manage_stock	no
18388	_manage_stock	no
18389	_manage_stock	no
18390	_manage_stock	no
18391	_manage_stock	no
18392	_manage_stock	no
18393	_manage_stock	no
18394	_manage_stock	no
18395	_manage_stock	no
18396	_manage_stock	no
18397	_manage_stock	no
18398	_manage_stock	no
18399	_manage_stock	no
18400	_manage_stock	no
18401	_manage_stock	no
18402	_manage_stock	no
18403	_manage_stock	no
18404	_manage_stock	no
18405	_manage_stock	no
18406	_manage_stock	no
18407	_manage_stock	no
18408	_manage_stock	no
18409	_manage_stock	no
18410	_manage_stock	no
18411	_manage_stock	no
18412	_manage_stock	no
18413	_manage_stock	no
18414	_manage_stock	no
18415	_manage_stock	no
18416	_manage_stock	no
18417	_manage_stock	no
18418	_manage_stock	no
18419	_manage_stock	no
18420	_manage_stock	no
18421	_manage_stock	no
18422	_manage_stock	no
18423	_manage_stock	no
18424	_manage_stock	no
18425	_manage_stock	no
18426	_manage_stock	no
18427	_manage_stock	no
18428	_manage_stock	no
18429	_manage_stock	no
18430	_manage_stock	no
18431	_manage_stock	no
18432	_manage_stock	no
18433	_manage_stock	no
18434	_manage_stock	no
18435	_manage_stock	no
18436	_manage_stock	no
18437	_manage_stock	no
18438	_manage_stock	no
18439	_manage_stock	no
18440	_manage_stock	no
18441	_manage_stock	no
18442	_manage_stock	no
18443	_manage_stock	no
18444	_manage_stock	no
18445	_manage_stock	no
18446	_manage_stock	no
18447	_manage_stock	no
18448	_manage_stock	no
18449	_manage_stock	no
18450	_manage_stock	no
18451	_manage_stock	no
18452	_manage_stock	no
18453	_manage_stock	no
18454	_manage_stock	no
18455	_manage_stock	no
18456	_manage_stock	no
18457	_manage_stock	no
18458	_manage_stock	no
18459	_manage_stock	no
18460	_manage_stock	no
18461	_manage_stock	no
18462	_manage_stock	no
18463	_manage_stock	no
18464	_manage_stock	no
18465	_manage_stock	no
18466	_manage_stock	no
18467	_manage_stock	no
18468	_manage_stock	no
18469	_manage_stock	no
18470	_manage_stock	no
18471	_manage_stock	no
18472	_manage_stock	no
18473	_manage_stock	no
18474	_manage_stock	no
18475	_manage_stock	no
18476	_manage_stock	no
18477	_manage_stock	no
18478	_manage_stock	no
18479	_manage_stock	no
18480	_manage_stock	no
18481	_manage_stock	no
18482	_manage_stock	no
18483	_manage_stock	no
18484	_manage_stock	no
18485	_manage_stock	no
18486	_manage_stock	no
18487	_manage_stock	no
18488	_manage_stock	no
18489	_manage_stock	no
18490	_manage_stock	no
18491	_manage_stock	no
18492	_manage_stock	no
18493	_manage_stock	no
18494	_manage_stock	no
18495	_manage_stock	no
18496	_manage_stock	no
18497	_manage_stock	no
18498	_manage_stock	no
18499	_manage_stock	no
18500	_manage_stock	no
18501	_manage_stock	no
18502	_manage_stock	no
18503	_manage_stock	no
18504	_manage_stock	no
18505	_manage_stock	no
18506	_manage_stock	no
18507	_manage_stock	no
18508	_manage_stock	no
18509	_manage_stock	no
18510	_manage_stock	no
18511	_manage_stock	no
18512	_manage_stock	no
18513	_manage_stock	no
18514	_manage_stock	no
18515	_manage_stock	no
18516	_manage_stock	no
18517	_manage_stock	no
18518	_manage_stock	no
18519	_manage_stock	no
18520	_manage_stock	no
18521	_manage_stock	no
18522	_manage_stock	no
18523	_manage_stock	no
18524	_manage_stock	no
18525	_manage_stock	no
18526	_manage_stock	no
18527	_manage_stock	no
18528	_manage_stock	no
18529	_manage_stock	no
18530	_manage_stock	no
18531	_manage_stock	no
18532	_manage_stock	no
18533	_manage_stock	no
18534	_manage_stock	no
18535	_manage_stock	no
18536	_manage_stock	no
18537	_manage_stock	no
18538	_manage_stock	no
18539	_manage_stock	no
18540	_manage_stock	no
18541	_manage_stock	no
18542	_manage_stock	no
18543	_manage_stock	no
18544	_manage_stock	no
18545	_manage_stock	no
18546	_manage_stock	no
18547	_manage_stock	no
18548	_manage_stock	no
18549	_manage_stock	no
18550	_manage_stock	no
18551	_manage_stock	no
18552	_manage_stock	no
18553	_manage_stock	no
18554	_manage_stock	no
18555	_manage_stock	no
18556	_manage_stock	no
18557	_manage_stock	no
18558	_manage_stock	no
18559	_manage_stock	no
18560	_manage_stock	no
18561	_manage_stock	no
18562	_manage_stock	no
18563	_manage_stock	no
18564	_manage_stock	no
18565	_manage_stock	no
18566	_manage_stock	no
18567	_manage_stock	no
18568	_manage_stock	no
18569	_manage_stock	no
18570	_manage_stock	no
18571	_manage_stock	no
18572	_manage_stock	no
18573	_manage_stock	no
18574	_manage_stock	no
18575	_manage_stock	no
18576	_manage_stock	no
18577	_manage_stock	no
18578	_manage_stock	no
18579	_manage_stock	no
18580	_manage_stock	no
18581	_manage_stock	no
18582	_manage_stock	no
18583	_manage_stock	no
18584	_manage_stock	no
18585	_manage_stock	no
18586	_manage_stock	no
18587	_manage_stock	no
18588	_manage_stock	no
18589	_manage_stock	no
18590	_manage_stock	no
18591	_manage_stock	no
18592	_manage_stock	no
18593	_manage_stock	no
18594	_manage_stock	no
18595	_manage_stock	no
18596	_manage_stock	no
18597	_manage_stock	no
18598	_manage_stock	no
18599	_manage_stock	no
18600	_manage_stock	no
18601	_manage_stock	no
18602	_manage_stock	no
18603	_manage_stock	no
18604	_manage_stock	no
18605	_manage_stock	no
18606	_manage_stock	no
18607	_manage_stock	no
18608	_manage_stock	no
18609	_manage_stock	no
18610	_manage_stock	no
18611	_manage_stock	no
18612	_manage_stock	no
18613	_manage_stock	no
18614	_manage_stock	no
18615	_manage_stock	no
18616	_manage_stock	no
18617	_manage_stock	no
18618	_manage_stock	no
18619	_manage_stock	no
18620	_manage_stock	no
18621	_manage_stock	no
18622	_manage_stock	no
18623	_manage_stock	no
18624	_manage_stock	no
18625	_manage_stock	no
18626	_manage_stock	no
18627	_manage_stock	no
18628	_manage_stock	no
18629	_manage_stock	no
18630	_manage_stock	no
18631	_manage_stock	no
18632	_manage_stock	no
18633	_manage_stock	no
18634	_manage_stock	no
18635	_manage_stock	no
18636	_manage_stock	no
18637	_manage_stock	no
18638	_manage_stock	no
18639	_manage_stock	no
18640	_manage_stock	no
18641	_manage_stock	no
18642	_manage_stock	no
18643	_manage_stock	no
18644	_manage_stock	no
18645	_manage_stock	no
18646	_manage_stock	no
18647	_manage_stock	no
18648	_manage_stock	no
18649	_manage_stock	no
18650	_manage_stock	no
18651	_manage_stock	no
18652	_manage_stock	no
18653	_manage_stock	no
18654	_manage_stock	no
18655	_manage_stock	no
18656	_manage_stock	no
18657	_manage_stock	no
18658	_manage_stock	no
18659	_manage_stock	no
18660	_manage_stock	no
18661	_manage_stock	no
18662	_manage_stock	no
18663	_manage_stock	no
18664	_manage_stock	no
18665	_manage_stock	no
18666	_manage_stock	no
18667	_manage_stock	no
18668	_manage_stock	no
18669	_manage_stock	no
18670	_manage_stock	no
18671	_manage_stock	no
18672	_manage_stock	no
18673	_manage_stock	no
18674	_manage_stock	no
18675	_manage_stock	no
18676	_manage_stock	no
18677	_manage_stock	no
18678	_manage_stock	no
18679	_manage_stock	no
18680	_manage_stock	no
18681	_manage_stock	no
18682	_manage_stock	no
18683	_manage_stock	no
18684	_manage_stock	no
18685	_manage_stock	no
18686	_manage_stock	no
18687	_manage_stock	no
18688	_manage_stock	no
18689	_manage_stock	no
18690	_manage_stock	no
18691	_manage_stock	no
18692	_manage_stock	no
18693	_manage_stock	no
18694	_manage_stock	no
18695	_manage_stock	no
18696	_manage_stock	no
18697	_manage_stock	no
18698	_manage_stock	no
18699	_manage_stock	no
18700	_manage_stock	no
18701	_manage_stock	no
18702	_manage_stock	no
18703	_manage_stock	no
18704	_manage_stock	no
18705	_manage_stock	no
18706	_manage_stock	no
18707	_manage_stock	no
18708	_manage_stock	no
18709	_manage_stock	no
18710	_manage_stock	no
18711	_manage_stock	no
18712	_manage_stock	no
18713	_manage_stock	no
18714	_manage_stock	no
18715	_manage_stock	no
18716	_manage_stock	no
18717	_manage_stock	no
18718	_manage_stock	no
18719	_manage_stock	no
18720	_manage_stock	no
18721	_manage_stock	no
18722	_manage_stock	no
18723	_manage_stock	no
18724	_manage_stock	no
18725	_manage_stock	no
18726	_manage_stock	no
18727	_manage_stock	no
18728	_manage_stock	no
18729	_manage_stock	no
18730	_manage_stock	no
18731	_manage_stock	no
18732	_manage_stock	no
18733	_manage_stock	no
18734	_manage_stock	no
18735	_manage_stock	no
18736	_manage_stock	no
18737	_manage_stock	no
18738	_manage_stock	no
18739	_manage_stock	no
18740	_manage_stock	no
18741	_manage_stock	no
18742	_manage_stock	no
18743	_manage_stock	no
18744	_manage_stock	no
18745	_manage_stock	no
18746	_manage_stock	no
18747	_manage_stock	no
18748	_manage_stock	no
18749	_manage_stock	no
18750	_manage_stock	no
18751	_manage_stock	no
18752	_manage_stock	no
18753	_manage_stock	no
18754	_manage_stock	no
18755	_manage_stock	no
18756	_manage_stock	no
18757	_manage_stock	no
18758	_manage_stock	no
18759	_manage_stock	no
18760	_manage_stock	no
18761	_manage_stock	no
18762	_manage_stock	no
18763	_manage_stock	no
18764	_manage_stock	no
18765	_manage_stock	no
18766	_manage_stock	no
18767	_manage_stock	no
18768	_manage_stock	no
18769	_manage_stock	no
18770	_manage_stock	no
18771	_manage_stock	no
18772	_manage_stock	no
18773	_manage_stock	no
18774	_manage_stock	no
18775	_manage_stock	no
18776	_manage_stock	no
18777	_manage_stock	no
18778	_manage_stock	no
18779	_manage_stock	no
18780	_manage_stock	no
18781	_manage_stock	no
18782	_manage_stock	no
18783	_manage_stock	no
18784	_manage_stock	no
18785	_manage_stock	no
18786	_manage_stock	no
18787	_manage_stock	no
18788	_manage_stock	no
18789	_manage_stock	no
18790	_manage_stock	no
18791	_manage_stock	no
18792	_manage_stock	no
18793	_manage_stock	no
18794	_manage_stock	no
18795	_manage_stock	no
18796	_manage_stock	no
18797	_manage_stock	no
18798	_manage_stock	no
18799	_manage_stock	no
18800	_manage_stock	no
18801	_manage_stock	no
18802	_manage_stock	no
18803	_manage_stock	no
18804	_manage_stock	no
18805	_manage_stock	no
18806	_manage_stock	no
18807	_manage_stock	no
18808	_manage_stock	no
18809	_manage_stock	no
18810	_manage_stock	no
18811	_manage_stock	no
18812	_manage_stock	no
18813	_manage_stock	no
18814	_manage_stock	no
18815	_manage_stock	no
18816	_manage_stock	no
18817	_manage_stock	no
18818	_manage_stock	no
18819	_manage_stock	no
18820	_manage_stock	no
18821	_manage_stock	no
18822	_manage_stock	no
18823	_manage_stock	no
18824	_manage_stock	no
18825	_manage_stock	no
18826	_manage_stock	no
18827	_manage_stock	no
18828	_manage_stock	no
18829	_manage_stock	no
18830	_manage_stock	no
18831	_manage_stock	no
18832	_manage_stock	no
18833	_manage_stock	no
18834	_manage_stock	no
18835	_manage_stock	no
18836	_manage_stock	no
18837	_manage_stock	no
18838	_manage_stock	no
18839	_manage_stock	no
18840	_manage_stock	no
18841	_manage_stock	no
18842	_manage_stock	no
18843	_manage_stock	no
18844	_manage_stock	no
18845	_manage_stock	no
18846	_manage_stock	no
18847	_manage_stock	no
18848	_manage_stock	no
18849	_manage_stock	no
18850	_manage_stock	no
18851	_manage_stock	no
18852	_manage_stock	no
18853	_manage_stock	no
18854	_manage_stock	no
18855	_manage_stock	no
18856	_manage_stock	no
18857	_manage_stock	no
18858	_manage_stock	no
18859	_manage_stock	no
18860	_manage_stock	no
18861	_manage_stock	no
18862	_manage_stock	no
18863	_manage_stock	no
18864	_manage_stock	no
18865	_manage_stock	no
18866	_manage_stock	no
18867	_manage_stock	no
18868	_manage_stock	no
18869	_manage_stock	no
18870	_manage_stock	no
18871	_manage_stock	no
18872	_manage_stock	no
18873	_manage_stock	no
18874	_manage_stock	no
18875	_manage_stock	no
18876	_manage_stock	no
18877	_manage_stock	no
18878	_manage_stock	no
18879	_manage_stock	no
18880	_manage_stock	no
18881	_manage_stock	no
18882	_manage_stock	no
18883	_manage_stock	no
18884	_manage_stock	no
18885	_manage_stock	no
18886	_manage_stock	no
18887	_manage_stock	no
18888	_manage_stock	no
18889	_manage_stock	no
18890	_manage_stock	no
18891	_manage_stock	no
18892	_manage_stock	no
18893	_manage_stock	no
18894	_manage_stock	no
18895	_manage_stock	no
18896	_manage_stock	no
18897	_manage_stock	no
18898	_manage_stock	no
18899	_manage_stock	no
18900	_manage_stock	no
18901	_manage_stock	no
18902	_manage_stock	no
18903	_manage_stock	no
18904	_manage_stock	no
18905	_manage_stock	no
18906	_manage_stock	no
18907	_manage_stock	no
18908	_manage_stock	no
18909	_manage_stock	no
18910	_manage_stock	no
18911	_manage_stock	no
18912	_manage_stock	no
18913	_manage_stock	no
18914	_manage_stock	no
18915	_manage_stock	no
18916	_manage_stock	no
18917	_manage_stock	no
18918	_manage_stock	no
18919	_manage_stock	no
18920	_manage_stock	no
18921	_manage_stock	no
18922	_manage_stock	no
18923	_manage_stock	no
18924	_manage_stock	no
18925	_manage_stock	no
18926	_manage_stock	no
18927	_manage_stock	no
18928	_manage_stock	no
18929	_manage_stock	no
18930	_manage_stock	no
18931	_manage_stock	no
18932	_manage_stock	no
18933	_manage_stock	no
18934	_manage_stock	no
18935	_manage_stock	no
18936	_manage_stock	no
18937	_manage_stock	no
18938	_manage_stock	no
18939	_manage_stock	no
18940	_manage_stock	no
18941	_manage_stock	no
18942	_manage_stock	no
18943	_manage_stock	no
18944	_manage_stock	no
18945	_manage_stock	no
18946	_manage_stock	no
18947	_manage_stock	no
18948	_manage_stock	no
18949	_manage_stock	no
18950	_manage_stock	no
18951	_manage_stock	no
18952	_manage_stock	no
18953	_manage_stock	no
18954	_manage_stock	no
18955	_manage_stock	no
18956	_manage_stock	no
18957	_manage_stock	no
18958	_manage_stock	no
18959	_manage_stock	no
18960	_manage_stock	no
18961	_manage_stock	no
18962	_manage_stock	no
18963	_manage_stock	no
18964	_manage_stock	no
18965	_manage_stock	no
18966	_manage_stock	no
18967	_manage_stock	no
18968	_manage_stock	no
18969	_manage_stock	no
18970	_manage_stock	no
18971	_manage_stock	no
18972	_manage_stock	no
18973	_manage_stock	no
18974	_manage_stock	no
18975	_manage_stock	no
18976	_manage_stock	no
18977	_manage_stock	no
18978	_manage_stock	no
18979	_manage_stock	no
18980	_manage_stock	no
18981	_manage_stock	no
18982	_manage_stock	no
18983	_manage_stock	no
18984	_manage_stock	no
18985	_manage_stock	no
18986	_manage_stock	no
18987	_manage_stock	no
18988	_manage_stock	no
18989	_manage_stock	no
18990	_manage_stock	no
18991	_manage_stock	no
18992	_manage_stock	no
18993	_manage_stock	no
18994	_manage_stock	no
18995	_manage_stock	no
18996	_manage_stock	no
18997	_manage_stock	no
18998	_manage_stock	no
18999	_manage_stock	no
19000	_manage_stock	no
19001	_manage_stock	no
19002	_manage_stock	no
19003	_manage_stock	no
19004	_manage_stock	no
19005	_manage_stock	no
19006	_manage_stock	no
19007	_manage_stock	no
19008	_manage_stock	no
19009	_manage_stock	no
19010	_manage_stock	no
19011	_manage_stock	no
19012	_manage_stock	no
19013	_manage_stock	no
19014	_manage_stock	no
19015	_manage_stock	no
19016	_manage_stock	no
19017	_manage_stock	no
19018	_manage_stock	no
19019	_manage_stock	no
19020	_manage_stock	no
19021	_manage_stock	no
19022	_manage_stock	no
19023	_manage_stock	no
19024	_manage_stock	no
19025	_manage_stock	no
19026	_manage_stock	no
19027	_manage_stock	no
19028	_manage_stock	no
19029	_manage_stock	no
19030	_manage_stock	no
19031	_manage_stock	no
19032	_manage_stock	no
19033	_manage_stock	no
19034	_manage_stock	no
19035	_manage_stock	no
19036	_manage_stock	no
19037	_manage_stock	no
19038	_manage_stock	no
19039	_manage_stock	no
19040	_manage_stock	no
19041	_manage_stock	no
19042	_manage_stock	no
19043	_manage_stock	no
19044	_manage_stock	no
19045	_manage_stock	no
19046	_manage_stock	no
19047	_manage_stock	no
19048	_manage_stock	no
19049	_manage_stock	no
19050	_manage_stock	no
19051	_manage_stock	no
19052	_manage_stock	no
19053	_manage_stock	no
19054	_manage_stock	no
19055	_manage_stock	no
19056	_manage_stock	no
19057	_manage_stock	no
19058	_manage_stock	no
19059	_manage_stock	no
19060	_manage_stock	no
19061	_manage_stock	no
19062	_manage_stock	no
19063	_manage_stock	no
19064	_manage_stock	no
19065	_manage_stock	no
19066	_manage_stock	no
19067	_manage_stock	no
19068	_manage_stock	no
19069	_manage_stock	no
19070	_manage_stock	no
19071	_manage_stock	no
19072	_manage_stock	no
19073	_manage_stock	no
19074	_manage_stock	no
19075	_manage_stock	no
19076	_manage_stock	no
19077	_manage_stock	no
19078	_manage_stock	no
19079	_manage_stock	no
19080	_manage_stock	no
19081	_manage_stock	no
19082	_manage_stock	no
19083	_manage_stock	no
19084	_manage_stock	no
19085	_manage_stock	no
19086	_manage_stock	no
19087	_manage_stock	no
19088	_manage_stock	no
19089	_manage_stock	no
19090	_manage_stock	no
19091	_manage_stock	no
19092	_manage_stock	no
19093	_manage_stock	no
19094	_manage_stock	no
19095	_manage_stock	no
19096	_manage_stock	no
19097	_manage_stock	no
19098	_manage_stock	no
19099	_manage_stock	no
19100	_manage_stock	no
19101	_manage_stock	no
19102	_manage_stock	no
19103	_manage_stock	no
19104	_manage_stock	no
19105	_manage_stock	no
19106	_manage_stock	no
19107	_manage_stock	no
19108	_manage_stock	no
19109	_manage_stock	no
19110	_manage_stock	no
19111	_manage_stock	no
19112	_manage_stock	no
19113	_manage_stock	no
19114	_manage_stock	no
19115	_manage_stock	no
19116	_manage_stock	no
19117	_manage_stock	no
19118	_manage_stock	no
19119	_manage_stock	no
19120	_manage_stock	no
19121	_manage_stock	no
19122	_manage_stock	no
19123	_manage_stock	no
19124	_manage_stock	no
19125	_manage_stock	no
19126	_manage_stock	no
19127	_manage_stock	no
19128	_manage_stock	no
19129	_manage_stock	no
19130	_manage_stock	no
19131	_manage_stock	no
19132	_manage_stock	no
19133	_manage_stock	no
19134	_manage_stock	no
19135	_manage_stock	no
19136	_manage_stock	no
19137	_manage_stock	no
19138	_manage_stock	no
19139	_manage_stock	no
19140	_manage_stock	no
19141	_manage_stock	no
19142	_manage_stock	no
19143	_manage_stock	no
19144	_manage_stock	no
19145	_manage_stock	no
19146	_manage_stock	no
19147	_manage_stock	no
19148	_manage_stock	no
19149	_manage_stock	no
19150	_manage_stock	no
19151	_manage_stock	no
19152	_manage_stock	no
19153	_manage_stock	no
19154	_manage_stock	no
19155	_manage_stock	no
19156	_manage_stock	no
19157	_manage_stock	no
19158	_manage_stock	no
19159	_manage_stock	no
19160	_manage_stock	no
19161	_manage_stock	no
19162	_manage_stock	no
19163	_manage_stock	no
19164	_manage_stock	no
19165	_manage_stock	no
19166	_manage_stock	no
19167	_manage_stock	no
19168	_manage_stock	no
19169	_manage_stock	no
19170	_manage_stock	no
19171	_manage_stock	no
19172	_manage_stock	no
19173	_manage_stock	no
19174	_manage_stock	no
19175	_manage_stock	no
19176	_manage_stock	no
19177	_manage_stock	no
19178	_manage_stock	no
19179	_manage_stock	no
19180	_manage_stock	no
19181	_manage_stock	no
19182	_manage_stock	no
19183	_manage_stock	no
19184	_manage_stock	no
19185	_manage_stock	no
19186	_manage_stock	no
19187	_manage_stock	no
19188	_manage_stock	no
19189	_manage_stock	no
19190	_manage_stock	no
19191	_manage_stock	no
19192	_manage_stock	no
19193	_manage_stock	no
19194	_manage_stock	no
19195	_manage_stock	no
19196	_manage_stock	no
19197	_manage_stock	no
19198	_manage_stock	no
19199	_manage_stock	no
19200	_manage_stock	no
19201	_manage_stock	no
19202	_manage_stock	no
19203	_manage_stock	no
19204	_manage_stock	no
19205	_manage_stock	no
19206	_manage_stock	no
19207	_manage_stock	no
19208	_manage_stock	no
19209	_manage_stock	no
19210	_manage_stock	no
19211	_manage_stock	no
19212	_manage_stock	no
19213	_manage_stock	no
19214	_manage_stock	no
19215	_manage_stock	no
19216	_manage_stock	no
19217	_manage_stock	no
19218	_manage_stock	no
19219	_manage_stock	no
19220	_manage_stock	no
19221	_manage_stock	no
19222	_manage_stock	no
19223	_manage_stock	no
19224	_manage_stock	no
19225	_manage_stock	no
19226	_manage_stock	no
19227	_manage_stock	no
19228	_manage_stock	no
19229	_manage_stock	no
19230	_manage_stock	no
19231	_manage_stock	no
19232	_manage_stock	no
19233	_manage_stock	no
19234	_manage_stock	no
19235	_manage_stock	no
19236	_manage_stock	no
19237	_manage_stock	no
19238	_manage_stock	no
19239	_manage_stock	no
19240	_manage_stock	no
19241	_manage_stock	no
19242	_manage_stock	no
19243	_manage_stock	no
19244	_manage_stock	no
19245	_manage_stock	no
19246	_manage_stock	no
19247	_manage_stock	no
19248	_manage_stock	no
19249	_manage_stock	no
19250	_manage_stock	no
19251	_manage_stock	no
19252	_manage_stock	no
19253	_manage_stock	no
19254	_manage_stock	no
19255	_manage_stock	no
19256	_manage_stock	no
19257	_manage_stock	no
19258	_manage_stock	no
19259	_manage_stock	no
19260	_manage_stock	no
19261	_manage_stock	no
19262	_manage_stock	no
19263	_manage_stock	no
19264	_manage_stock	no
19265	_manage_stock	no
19266	_manage_stock	no
19267	_manage_stock	no
19268	_manage_stock	no
19269	_manage_stock	no
19270	_manage_stock	no
19271	_manage_stock	no
19272	_manage_stock	no
19273	_manage_stock	no
19274	_manage_stock	no
19275	_manage_stock	no
19276	_manage_stock	no
19277	_manage_stock	no
19278	_manage_stock	no
19279	_manage_stock	no
19280	_manage_stock	no
19281	_manage_stock	no
19282	_manage_stock	no
19283	_manage_stock	no
19284	_manage_stock	no
19285	_manage_stock	no
19286	_manage_stock	no
19287	_manage_stock	no
19288	_manage_stock	no
19289	_manage_stock	no
19290	_manage_stock	no
19291	_manage_stock	no
19292	_manage_stock	no
19293	_manage_stock	no
19294	_manage_stock	no
19295	_manage_stock	no
19296	_manage_stock	no
19297	_manage_stock	no
19298	_manage_stock	no
19299	_manage_stock	no
19300	_manage_stock	no
19301	_manage_stock	no
19302	_manage_stock	no
19303	_manage_stock	no
19304	_manage_stock	no
19305	_manage_stock	no
19306	_manage_stock	no
19307	_manage_stock	no
19308	_manage_stock	no
19309	_manage_stock	no
19310	_manage_stock	no
19311	_manage_stock	no
19312	_manage_stock	no
19313	_manage_stock	no
19314	_manage_stock	no
19315	_manage_stock	no
19316	_manage_stock	no
19317	_manage_stock	no
19318	_manage_stock	no
19319	_manage_stock	no
19320	_manage_stock	no
19321	_manage_stock	no
19322	_manage_stock	no
19323	_manage_stock	no
19324	_manage_stock	no
19325	_manage_stock	no
19326	_manage_stock	no
19327	_manage_stock	no
19328	_manage_stock	no
19329	_manage_stock	no
19330	_manage_stock	no
19331	_manage_stock	no
19332	_manage_stock	no
19333	_manage_stock	no
19334	_manage_stock	no
19335	_manage_stock	no
19336	_manage_stock	no
19337	_manage_stock	no
19338	_manage_stock	no
19339	_manage_stock	no
19340	_manage_stock	no
19341	_manage_stock	no
19342	_manage_stock	no
19343	_manage_stock	no
19344	_manage_stock	no
19345	_manage_stock	no
19346	_manage_stock	no
19347	_manage_stock	no
19348	_manage_stock	no
19349	_manage_stock	no
19350	_manage_stock	no
19351	_manage_stock	no
19352	_manage_stock	no
19353	_manage_stock	no
19354	_manage_stock	no
19355	_manage_stock	no
19356	_manage_stock	no
19357	_manage_stock	no
19358	_manage_stock	no
19359	_manage_stock	no
19360	_manage_stock	no
19361	_manage_stock	no
19362	_manage_stock	no
19363	_manage_stock	no
19364	_manage_stock	no
19365	_manage_stock	no
19366	_manage_stock	no
19367	_manage_stock	no
19368	_manage_stock	no
19369	_manage_stock	no
19370	_manage_stock	no
19371	_manage_stock	no
19372	_manage_stock	no
19373	_manage_stock	no
19374	_manage_stock	no
19375	_manage_stock	no
19376	_manage_stock	no
19377	_manage_stock	no
19378	_manage_stock	no
19379	_manage_stock	no
19380	_manage_stock	no
19381	_manage_stock	no
19382	_manage_stock	no
19383	_manage_stock	no
19384	_manage_stock	no
19385	_manage_stock	no
19386	_manage_stock	no
19387	_manage_stock	no
19388	_manage_stock	no
19389	_manage_stock	no
19390	_manage_stock	no
19391	_manage_stock	no
19392	_manage_stock	no
19393	_manage_stock	no
19394	_manage_stock	no
19395	_manage_stock	no
19396	_manage_stock	no
19397	_manage_stock	no
19398	_manage_stock	no
19399	_manage_stock	no
19400	_manage_stock	no
19401	_manage_stock	no
19402	_manage_stock	no
19403	_manage_stock	no
19404	_manage_stock	no
19405	_manage_stock	no
19406	_manage_stock	no
19407	_manage_stock	no
19408	_manage_stock	no
19409	_manage_stock	no
19410	_manage_stock	no
19411	_manage_stock	no
19412	_manage_stock	no
19413	_manage_stock	no
19414	_manage_stock	no
19415	_manage_stock	no
19416	_manage_stock	no
19417	_manage_stock	no
19418	_manage_stock	no
19419	_manage_stock	no
19420	_manage_stock	no
19421	_manage_stock	no
19422	_manage_stock	no
19423	_manage_stock	no
19424	_manage_stock	no
19425	_manage_stock	no
19426	_manage_stock	no
19427	_manage_stock	no
19428	_manage_stock	no
19429	_manage_stock	no
19430	_manage_stock	no
19431	_manage_stock	no
19432	_manage_stock	no
19433	_manage_stock	no
19434	_manage_stock	no
19435	_manage_stock	no
19436	_manage_stock	no
19437	_manage_stock	no
19438	_manage_stock	no
19439	_manage_stock	no
19440	_manage_stock	no
19441	_manage_stock	no
19442	_manage_stock	no
19443	_manage_stock	no
19444	_manage_stock	no
19445	_manage_stock	no
19446	_manage_stock	no
19447	_manage_stock	no
19448	_manage_stock	no
19449	_manage_stock	no
19450	_manage_stock	no
19451	_manage_stock	no
19452	_manage_stock	no
19453	_manage_stock	no
19454	_manage_stock	no
19455	_manage_stock	no
19456	_manage_stock	no
19457	_manage_stock	no
19458	_manage_stock	no
19459	_manage_stock	no
19460	_manage_stock	no
19461	_manage_stock	no
19462	_manage_stock	no
19463	_manage_stock	no
19464	_manage_stock	no
19465	_manage_stock	no
19466	_manage_stock	no
19467	_manage_stock	no
19468	_manage_stock	no
19469	_manage_stock	no
19470	_manage_stock	no
19471	_manage_stock	no
19472	_manage_stock	no
19473	_manage_stock	no
19474	_manage_stock	no
19475	_manage_stock	no
19476	_manage_stock	no
19477	_manage_stock	no
19478	_manage_stock	no
19479	_manage_stock	no
19480	_manage_stock	no
19481	_manage_stock	no
19482	_manage_stock	no
19483	_manage_stock	no
19484	_manage_stock	no
19485	_manage_stock	no
19486	_manage_stock	no
19487	_manage_stock	no
19488	_manage_stock	no
19489	_manage_stock	no
19490	_manage_stock	no
19491	_manage_stock	no
19492	_manage_stock	no
19493	_manage_stock	no
19494	_manage_stock	no
19495	_manage_stock	no
19496	_manage_stock	no
19497	_manage_stock	no
19498	_manage_stock	no
19499	_manage_stock	no
19500	_manage_stock	no
19501	_manage_stock	no
19502	_manage_stock	no
19503	_manage_stock	no
19504	_manage_stock	no
19505	_manage_stock	no
19506	_manage_stock	no
19507	_manage_stock	no
19508	_manage_stock	no
19509	_manage_stock	no
19510	_manage_stock	no
19511	_manage_stock	no
19512	_manage_stock	no
19513	_manage_stock	no
19514	_manage_stock	no
19515	_manage_stock	no
19516	_manage_stock	no
19517	_manage_stock	no
19518	_manage_stock	no
19519	_manage_stock	no
19520	_manage_stock	no
19521	_manage_stock	no
19522	_manage_stock	no
19523	_manage_stock	no
19524	_manage_stock	no
19525	_manage_stock	no
19526	_manage_stock	no
19527	_manage_stock	no
19528	_manage_stock	no
19529	_manage_stock	no
19530	_manage_stock	no
19531	_manage_stock	no
19532	_manage_stock	no
19533	_manage_stock	no
19534	_manage_stock	no
19535	_manage_stock	no
19536	_manage_stock	no
19537	_manage_stock	no
19538	_manage_stock	no
19539	_manage_stock	no
19540	_manage_stock	no
19541	_manage_stock	no
19542	_manage_stock	no
19543	_manage_stock	no
19544	_manage_stock	no
19545	_manage_stock	no
19546	_manage_stock	no
19547	_manage_stock	no
19548	_manage_stock	no
19549	_manage_stock	no
19550	_manage_stock	no
19551	_manage_stock	no
19552	_manage_stock	no
19553	_manage_stock	no
19554	_manage_stock	no
19555	_manage_stock	no
19556	_manage_stock	no
19557	_manage_stock	no
19558	_manage_stock	no
19559	_manage_stock	no
19560	_manage_stock	no
19561	_manage_stock	no
19562	_manage_stock	no
19563	_manage_stock	no
19564	_manage_stock	no
19565	_manage_stock	no
19566	_manage_stock	no
19567	_manage_stock	no
19568	_manage_stock	no
19569	_manage_stock	no
19570	_manage_stock	no
19571	_manage_stock	no
19572	_manage_stock	no
19573	_manage_stock	no
19574	_manage_stock	no
19575	_manage_stock	no
19576	_manage_stock	no
19577	_manage_stock	no
19578	_manage_stock	no
19579	_manage_stock	no
19580	_manage_stock	no
19581	_manage_stock	no
19582	_manage_stock	no
19583	_manage_stock	no
19584	_manage_stock	no
19585	_manage_stock	no
19586	_manage_stock	no
19587	_manage_stock	no
19588	_manage_stock	no
19589	_manage_stock	no
19590	_manage_stock	no
19591	_manage_stock	no
19592	_manage_stock	no
19593	_manage_stock	no
19594	_manage_stock	no
19595	_manage_stock	no
19596	_manage_stock	no
19597	_manage_stock	no
19598	_manage_stock	no
19599	_manage_stock	no
19600	_manage_stock	no
19601	_manage_stock	no
19602	_manage_stock	no
19603	_manage_stock	no
19604	_manage_stock	no
19605	_manage_stock	no
19606	_manage_stock	no
19607	_manage_stock	no
19608	_manage_stock	no
19609	_manage_stock	no
19610	_manage_stock	no
19611	_manage_stock	no
19612	_manage_stock	no
19613	_manage_stock	no
19614	_manage_stock	no
19615	_manage_stock	no
19616	_manage_stock	no
19617	_manage_stock	no
19618	_manage_stock	no
19619	_manage_stock	no
19620	_manage_stock	no
19621	_manage_stock	no
19622	_manage_stock	no
19623	_manage_stock	no
19624	_manage_stock	no
19625	_manage_stock	no
19626	_manage_stock	no
19627	_manage_stock	no
19628	_manage_stock	no
19629	_manage_stock	no
19630	_manage_stock	no
19631	_manage_stock	no
19632	_manage_stock	no
19633	_manage_stock	no
19634	_manage_stock	no
19635	_manage_stock	no
19636	_manage_stock	no
19637	_manage_stock	no
19638	_manage_stock	no
19639	_manage_stock	no
19640	_manage_stock	no
19641	_manage_stock	no
19642	_manage_stock	no
19643	_manage_stock	no
19644	_manage_stock	no
19645	_manage_stock	no
19646	_manage_stock	no
19647	_manage_stock	no
19648	_manage_stock	no
19649	_manage_stock	no
19650	_manage_stock	no
19651	_manage_stock	no
19652	_manage_stock	no
19653	_manage_stock	no
19654	_manage_stock	no
19655	_manage_stock	no
19656	_manage_stock	no
19657	_manage_stock	no
19658	_manage_stock	no
19659	_manage_stock	no
19660	_manage_stock	no
19661	_manage_stock	no
19663	_manage_stock	no
4321	_price	47
4323	_price	40
4325	_price	79
4327	_price	100
4329	_price	47
4338	_price	295
4341	_price	870
4343	_price	530
4345	_price	340
4355	_price	775
4359	_price	775
4361	_price	775
4604	_price	46
4685	_price	2790
4610	_price	325
4617	_price	50
4629	_price	58
4631	_price	2.5316
4638	_price	48
4645	_price	425
4646	_price	315
4654	_price	990
4658	_price	190
4660	_price	135
4665	_price	189
4666	_price	99
4668	_price	83
4673	_price	129
4677	_price	170
4679	_price	250
4682	_price	2790
4686	_price	930
4689	_price	130
4692	_price	627
4698	_price	4.2
4716	_price	375
4720	_price	1197
4722	_price	660
4727	_price	80
4732	_price	40
4733	_price	790
4736	_price	185
4739	_price	110
4741	_price	70
4743	_price	55
4745	_price	550
4751	_price	380
4753	_price	440
4759	_price	2.35
4762	_price	2.48
4764	_price	2.69
4770	_price	3
4771	_price	3.84
4774	_price	2.57
4776	_price	2.70
4781	_price	2.89
4782	_price	3.20
4783	_price	3.34
4784	_price	3.60
4785	_price	2.42
4787	_price	2.57
4790	_price	2.74
4791	_price	3.02
4792	_price	3.16
4793	_price	3.44
4797	_price	920
4800	_price	680
4803	_price	180
4807	_price	300
4810	_price	550
4813	_price	200
4816	_price	129
4818	_price	150
4821	_price	59
4826	_price	950
4829	_price	1870
4830	_price	549
4833	_price	590
4839	_price	730
4842	_price	1590
4877	_price	296
4878	_price	1800
4888	_price	730
4894	_price	317
4916	_price	135
4918	_price	190
4920	_price	175
4921	_price	31
4922	_price	33
4923	_price	196
4931	_price	42
4933	_price	40
4938	_price	90
4940	_price	121
4942	_price	121
4943	_price	121
4944	_price	390
4946	_price	210
4929	_price	330
4950	_price	155
4954	_price	120
9647	_price	112
4958	_price	1009
4961	_price	559
4970	_price	459
15263	_price	220
4983	_price	319
4987	_price	279
4990	_price	480
4948	_price	245
4995	_price	245
5002	_price	652
5010	_price	528
5012	_price	930
5015	_price	1620
5017	_price	1099
5022	_price	1375
5013	_price	390
5027	_price	465
5029	_price	799
5073	_price	299
5077	_price	335
5081	_price	258
5085	_price	646
5088	_price	140
5090	_price	151
5092	_price	120
5087	_price	2470
5096	_price	129
5097	_price	770
5019	_price	370
5103	_price	220
5106	_price	275
5109	_price	181
5008	_price	528
5111	_price	225
5114	_price	139
5117	_price	129
5120	_price	155
5122	_price	80
5124	_price	450
5128	_price	38
5130	_price	38
5134	_price	105
5137	_price	400
5136	_price	30
5141	_price	405
5140	_price	180
5143	_price	960
5145	_price	200
5149	_price	140
5151	_price	195
5153	_price	90
5155	_price	140
5158	_price	92
5160	_price	120
5162	_price	160
5164	_price	160
5166	_price	35
5168	_price	30
5170	_price	186
5172	_price	305
5174	_price	549
5175	_price	650
5177	_price	1220
5180	_price	25
5184	_price	410
5186	_price	2088
5188	_price	120
5190	_price	798
5194	_price	1865
5196	_price	560
5199	_price	390
5201	_price	460
5206	_price	833
5208	_price	859
5209	_price	1408
4952	_price	86
4935	_price	90
4714	_price	140
5221	_price	60
5224	_price	76
5227	_price	76
5229	_price	716
5232	_price	349
5236	_price	480
5238	_price	229
5241	_price	125
5244	_price	88
5246	_price	189
5234	_price	1940
5249	_price	215
5252	_price	200
5255	_price	129
5250	_price	872
5259	_price	142
5263	_price	190
5265	_price	190
5267	_price	324
5269	_price	19
5271	_price	19
5273	_price	569
5275	_price	199
5277	_price	120
5279	_price	900
5281	_price	120
5284	_price	120
5285	_price	410
5287	_price	800
5290	_price	250
5294	_price	498
5297	_price	245
5301	_price	257
5304	_price	1460
5305	_price	931
5307	_price	1035
5310	_price	460
5292	_price	110
5313	_price	270
8505	_price	225
5324	_price	73
5328	_price	425
5330	_price	200
5340	_price	210
5344	_price	583
5348	_price	665
5350	_price	396
8503	_price	210
8501	_price	79
5353	_price	1210
5369	_price	552
5371	_price	150
5374	_price	460
5376	_price	740
5379	_price	270
5381	_price	1392
5383	_price	330
5385	_price	858
5387	_price	65
5389	_price	1350
5391	_price	220
5393	_price	684
5395	_price	250
8517	_price	
8506	_price	99
5561	_price	760
5559	_price	142
5397	_price	480
5414	_price	848
5416	_price	213
5418	_price	390
5420	_price	145
5422	_price	550
5424	_price	309
5427	_price	120
8514	_price	145
8513	_price	306
8511	_price	110
15265	_price	185
8509	_price	150
8520	_price	79
5553	_price	764
5552	_price	286
5551	_price	2760
5551	_price	764
5557	_price	305
5555	_price	559
5554	_price	2760
8523	_price	280
5502	_price	3286
5501	_price	295
5503	_price	879
5504	_price	295
5501	_price	879
5508	_price	255
5453	_price	2430
5509	_price	599
5453	_price	599
5510	_price	2430
5453	_price	255
5457	_price	730
5527	_price	730
5517	_price	2900
5629	_price	2450
5563	_price	120
5565	_price	130
5568	_price	427
5570	_price	105
5572	_price	100
5580	_price	479
5583	_price	1200
5585	_price	1140
5587	_price	215
5589	_price	297
5591	_price	498
5593	_price	360
5595	_price	96
8587	_price	82
5598	_price	160
5600	_price	192
5605	_price	345
5607	_price	250
5609	_price	650
5611	_price	455
5615	_price	199
5628	_price	260
5528	_price	2600
5528	_price	700
5528	_price	260
5619	_price	2600
5618	_price	700
5633	_price	2790
5637	_price	1990
5642	_price	1990
5636	_price	1540
5652	_price	1540
5657	_price	179
5660	_price	192
5663	_price	179
5658	_price	69
5664	_price	200
5665	_price	560
5667	_price	260
9748	_price	79
5676	_price	185
5677	_price	649
5679	_price	290
5681	_price	320
5683	_price	646
5685	_price	220
5687	_price	380
5690	_price	89
5694	_price	210
5698	_price	165
5699	_price	165
5700	_price	229
5702	_price	170
5705	_price	229
5707	_price	82
5711	_price	225
5714	_price	1540
5715	_price	705
5719	_price	258
5723	_price	535
5726	_price	430
5729	_price	129
5731	_price	272
5733	_price	200
5738	_price	130
5741	_price	320
5727	_price	7100
5746	_price	7100
5750	_price	7100
5756	_price	880
5758	_price	489
5762	_price	489
5765	_price	489
5769	_price	900
5771	_price	400
5774	_price	220
5782	_price	1250
5779	_price	159
8665	_price	60
5787	_price	490
5788	_price	352
5790	_price	255
5848	_price	160
5846	_price	210
5810	_price	230
5795	_price	620
5806	_price	370
5814	_price	297
5816	_price	627
5819	_price	378
5823	_price	230
5826	_price	1900
5829	_price	485
5831	_price	515
5834	_price	1470
5796	_price	160
5837	_price	359
5817	_price	160
5842	_price	829
5849	_price	335
5851	_price	165
5853	_price	170
5855	_price	190
5859	_price	449
5860	_price	390
5862	_price	230
5781	_price	470
5864	_price	249
5867	_price	58
5869	_price	380
5871	_price	740
5874	_price	270
5876	_price	310
5878	_price	320
5880	_price	280
5881	_price	315
5883	_price	210
5885	_price	439
5888	_price	95
5891	_price	450
5894	_price	66
5896	_price	82
5901	_price	45
5897	_price	45
5904	_price	39
5903	_price	39
5907	_price	169
5909	_price	134
5910	_price	398
5915	_price	10
5914	_price	10
5918	_price	27
5917	_price	27
5920	_price	22
5919	_price	22
5922	_price	43
5921	_price	43
5924	_price	48
5923	_price	48
5929	_price	536
5932	_price	110
5933	_price	200
5936	_price	220
5937	_price	252
5938	_price	260
5941	_price	220
5940	_price	220
5944	_price	570
5947	_price	450
5949	_price	360
5951	_price	345
5953	_price	110
5913	_price	110
5956	_price	499
5962	_price	225
5964	_price	293
5966	_price	450
5961	_price	225
5961	_price	293
5961	_price	450
5970	_price	275
5972	_price	320
5973	_price	350
5969	_price	350
5969	_price	320
5969	_price	275
5977	_price	600
5978	_price	690
5976	_price	690
5976	_price	600
5984	_price	310
5987	_price	120
5988	_price	450
5986	_price	120
5990	_price	185
5992	_price	185
5993	_price	685
5996	_price	1460
5990	_price	685
5990	_price	1460
5999	_price	70
6001	_price	117
6002	_price	280
6003	_price	530
6004	_price	950
5998	_price	950
5998	_price	530
5998	_price	280
5998	_price	117
5998	_price	70
5986	_price	450
6009	_price	225
6011	_price	950
6012	_price	2200
6008	_price	225
6008	_price	950
6008	_price	2200
6014	_price	280
6013	_price	280
6016	_price	550
6013	_price	550
6019	_price	189
6022	_price	345
6025	_price	447
6027	_price	549
6028	_price	300
6030	_price	295
6035	_price	630
6037	_price	420
6042	_price	230
6045	_price	627
6047	_price	2219
6050	_price	1350
6053	_price	309
6055	_price	450
6057	_price	600
6059	_price	110
6064	_price	135
6068	_price	240
6075	_price	1760
6051	_price	1980
6077	_price	1980
6051	_price	2326
6078	_price	2326
6051	_price	2915
6080	_price	2915
6051	_price	3320
6081	_price	3320
6051	_price	3760
6074	_price	286
6083	_price	4430
6051	_price	4430
6082	_price	3760
6051	_price	1760
6084	_price	810
6086	_price	325
6089	_price	250
6091	_price	499
6093	_price	569
6095	_price	490
6097	_price	810
6100	_price	210
6103	_price	65
6105	_price	460
6109	_price	459
6108	_price	135
6113	_price	135
6115	_price	805
6117	_price	198
6118	_price	342
6119	_price	352
6120	_price	365
6121	_price	400
6122	_price	420
6111	_price	198
6111	_price	342
6111	_price	352
6111	_price	365
6111	_price	400
6111	_price	420
6127	_price	1090
6133	_price	8990
6139	_price	125
6143	_price	120
6145	_price	190
6149	_price	1900
6151	_price	1480
6153	_price	478
6157	_price	600
6159	_price	1024
6165	_price	260
6166	_price	379
6167	_price	745
6168	_price	1024
6169	_price	1259
6170	_price	1360
6171	_price	2500
6172	_price	4150
6159	_price	4150
6159	_price	2500
6159	_price	1360
6159	_price	1259
6187	_price	180
6186	_price	230
6185	_price	180
6184	_price	180
6183	_price	180
6182	_price	180
6181	_price	180
6180	_price	180
6179	_price	180
6178	_price	180
6189	_price	180
6188	_price	180
6177	_price	180
6193	_price	120
6195	_price	155
6197	_price	195
6200	_price	375
6202	_price	160
6208	_price	805
6209	_price	294
6211	_price	340
6201	_price	566
6214	_price	180
6221	_price	428
6223	_price	431
6219	_price	260
6226	_price	790
6229	_price	160
6230	_price	1200
6232	_price	650
6235	_price	250
6238	_price	325
6239	_price	740
6241	_price	268
6237	_price	165
6227	_price	120
6244	_price	390
6247	_price	398
6249	_price	339
6252	_price	139
6256	_price	120
6259	_price	299
6261	_price	370
6264	_price	89
6266	_price	490
6270	_price	340
6268	_price	130
6274	_price	715
6277	_price	620
6279	_price	120
6281	_price	174
6283	_price	120
6285	_price	315
6287	_price	200
6290	_price	110
6293	_price	816
6299	_price	715
6296	_price	373
6295	_price	800
6305	_price	1100
6304	_price	1320
6309	_price	850
6308	_price	1320
6316	_price	60
6313	_price	190
6319	_price	120
6322	_price	90
6324	_price	215
6326	_price	185
6328	_price	690
6330	_price	940
6338	_price	230
6339	_price	266
6340	_price	196
6341	_price	362
6334	_price	362
6334	_price	266
6334	_price	230
6342	_price	60
6345	_price	25
6347	_price	130
6353	_price	260
6355	_price	257
6357	_price	340
6359	_price	270
6360	_price	390
6366	_price	229
9436	_price	185
6365	_price	280
6374	_price	120
6382	_price	150
6384	_price	230
6379	_price	172
6386	_price	270
6390	_price	165
6392	_price	164
6388	_price	295
6397	_price	60
6401	_price	430
6404	_price	390
6403	_price	120
6407	_price	55
6409	_price	100
6411	_price	55
6415	_price	55
6417	_price	50
6419	_price	1350
6380	_price	139
6421	_price	90
6425	_price	120
6428	_price	85
6429	_price	800
6431	_price	1026
6432	_price	875
6434	_price	70
6436	_price	241
6438	_price	499
6440	_price	200
6442	_price	220
6444	_price	390
6446	_price	285
6451	_price	200
6453	_price	120
6448	_price	540
6458	_price	280
6461	_price	496
6463	_price	260
6459	_price	265
6467	_price	520
6466	_price	120
6472	_price	161
6479	_price	240
6475	_price	388
6483	_price	446
6486	_price	446
6487	_price	395
6490	_price	295
6489	_price	45
6493	_price	280
6495	_price	419
6501	_price	276
6499	_price	360
6506	_price	85
6508	_price	230
6510	_price	799
6512	_price	290
6514	_price	400
6516	_price	279
6522	_price	245
6524	_price	600
6526	_price	870
6528	_price	594
6530	_price	1100
6532	_price	815
4335	_price	485
6535	_price	185
6539	_price	120
6542	_price	479
6544	_price	546
6537	_price	110
6551	_price	265
6553	_price	269
6559	_price	225
6548	_price	390
6561	_price	353
6538	_price	200
6567	_price	70
6568	_price	360
6569	_price	480
6573	_price	340
6576	_price	310
6577	_price	944
9069	_price	220
6580	_price	325
6582	_price	360
6584	_price	1090
6587	_price	480
6588	_price	395
6590	_price	395
6594	_price	360
6595	_price	479
6598	_price	190
6599	_price	267
6602	_price	272
6612	_price	250
6611	_price	135
6617	_price	549
6616	_price	992
6621	_price	280
6619	_price	135
6625	_price	875
6626	_price	225
6629	_price	690
6632	_price	278
6634	_price	162
6641	_price	220
6642	_price	250
6644	_price	330
6645	_price	430
6647	_price	890
6648	_price	547
6650	_price	945
6653	_price	540
6657	_price	170
6660	_price	190
6661	_price	129
6663	_price	522
6664	_price	240
6665	_price	500
6666	_price	180
6668	_price	225
6669	_price	395
6671	_price	210
6673	_price	270
6675	_price	270
6676	_price	680
6678	_price	620
6679	_price	790
6681	_price	536
6655	_price	75
6683	_price	1390
6687	_price	260
6689	_price	174
6694	_price	74
6704	_price	38
6705	_price	65
6718	_price	620
6755	_price	345
6868	_price	65
6869	_price	65
6870	_price	65
6872	_price	65
6873	_price	65
6874	_price	65
6709	_price	65
6876	_price	52
6877	_price	52
6878	_price	52
6879	_price	52
6880	_price	52
6881	_price	52
6882	_price	52
6875	_price	52
7036	_price	38
6914	_price	54
6987	_price	112
6992	_price	122
6998	_price	35
7055	_price	26
7056	_price	54
7057	_price	42
7058	_price	35
7077	_price	40
7120	_price	28.0000
7137	_price	49
7160	_price	45
7167	_price	368
7171	_price	609
7176	_price	440
7178	_price	380
7180	_price	198
7181	_price	970
7183	_price	230
7185	_price	120
7187	_price	200
7189	_price	300
7206	_price	56
7190	_price	75
7199	_price	195
7210	_price	45
7233	_price	46
7232	_price	96
7235	_price	1215
7237	_price	31
7239	_price	35
7241	_price	470
7245	_price	300
7250	_price	45
7252	_price	40
7255	_price	2160
7258	_price	30
9438	_price	30
7267	_price	54.0000
15315	_price	640
7269	_price	36.0000
7263	_price	100
7271	_price	339
7275	_price	129
7278	_price	89
7281	_price	40
7284	_price	330
7287	_price	120
7286	_price	32
7290	_price	700
7299	_price	340
7295	_price	1682
7301	_price	415
7303	_price	495
7304	_price	770
7306	_price	975
7307	_price	1035
7308	_price	1079
7310	_price	1682
7311	_price	555
7295	_price	1079
7295	_price	1035
7295	_price	975
7295	_price	770
7295	_price	555
7295	_price	495
7295	_price	415
7295	_price	340
7312	_price	132
7315	_price	132
7318	_price	188
7317	_price	188
7323	_price	60
7331	_price	61
7333	_price	69
7335	_price	78
7337	_price	98
7330	_price	61
7330	_price	69
7330	_price	78
7330	_price	98
7339	_price	430
7342	_price	170
7346	_price	200
7341	_price	140
7349	_price	435
7351	_price	345
7354	_price	255
7356	_price	270
7358	_price	270
7360	_price	250
7362	_price	494
7367	_price	1050
7373	_price	132
7377	_price	125
7380	_price	65
7382	_price	257
7390	_price	365
7392	_price	380
7376	_price	75
7384	_price	110
7386	_price	138
7388	_price	182
7397	_price	230
7348	_price	230
7348	_price	182
7348	_price	138
7348	_price	110
7348	_price	75
7394	_price	206
7399	_price	340
7402	_price	180
7405	_price	179
7408	_price	133
7410	_price	320
7412	_price	245
7414	_price	170
7416	_price	139
7418	_price	160
7420	_price	250
7422	_price	155
7426	_price	2450
7428	_price	290
7430	_price	840
7432	_price	1340
7435	_price	400
7293	_price	55
7437	_price	102
7439	_price	96
7441	_price	4290
7446	_price	60
7447	_price	110
7447	_price	110
7447	_price	110
7454	_price	1150
7460	_price	1350
7463	_price	64
7466	_price	89
7469	_price	102
7455	_price	64
7455	_price	89
7455	_price	102
7464	_price	1490
7470	_price	350
7475	_price	32
7478	_price	52
7479	_price	65
7472	_price	32
7472	_price	52
7472	_price	65
7477	_price	1270
7482	_price	36
7481	_price	31
7487	_price	455
7491	_price	31
7490	_price	455
7493	_price	44
7494	_price	63
7481	_price	36
7481	_price	44
7481	_price	63
7495	_price	2350
7500	_price	256
7502	_price	355
7496	_price	256
7496	_price	355
7504	_price	170
7505	_price	222
7503	_price	222
7503	_price	170
7507	_price	795
7509	_price	285
7515	_price	999
7524	_price	636
7528	_price	185
7533	_price	1397
7512	_price	135
7537	_price	715
7540	_price	620
7546	_price	150
7550	_price	318
7554	_price	428
7557	_price	564
7558	_price	495
7561	_price	1159
7568	_price	1059
7574	_price	480
7587	_price	2720
7589	_price	100
7591	_price	140
7593	_price	150
7595	_price	120
7599	_price	140
7604	_price	150
7602	_price	323
7607	_price	575
7611	_price	215
7613	_price	330
7615	_price	400
7617	_price	190
7619	_price	530
7621	_price	290
7623	_price	330
7626	_price	645
7628	_price	89
7630	_price	229
7633	_price	279
7634	_price	160
7631	_price	290
8437	_price	160
7638	_price	100
7641	_price	120
7644	_price	245
7648	_price	67
7657	_price	459
7661	_price	105
7663	_price	130
7664	_price	169
7656	_price	130
7656	_price	169
7665	_price	230
7667	_price	105
7669	_price	130
7670	_price	169
7656	_price	105
7671	_price	135
7674	_price	329
7675	_price	360
7679	_price	1178
7682	_price	110
7688	_price	1690
7685	_price	30
7692	_price	1653
7689	_price	110
7693	_price	66
7695	_price	895
7703	_price	689
7702	_price	259
7705	_price	759
7707	_price	539
7709	_price	105
7711	_price	185
7714	_price	48
7715	_price	87
7717	_price	242
7722	_price	65
7723	_price	300
7727	_price	290
7728	_price	159
7733	_price	400
7736	_price	280
7739	_price	233
7740	_price	197
7742	_price	298
7744	_price	210
7747	_price	61
7734	_price	140
7768	_price	127
7771	_price	99
7772	_price	148
7774	_price	99
7775	_price	205
7776	_price	70
7779	_price	349
7784	_price	147
6159	_price	745
6159	_price	379
7787	_price	200
7790	_price	210
7792	_price	539
7797	_price	685
7789	_price	58
7799	_price	52
7801	_price	345
7802	_price	590
7806	_price	250
7812	_price	180
7816	_price	350
7819	_price	25
7822	_price	25
7823	_price	25
7829	_price	90
7830	_price	90
7831	_price	90
7832	_price	90
7833	_price	90
7824	_price	90
7827	_price	49
7828	_price	420
7837	_price	232
7839	_price	590
7844	_price	845
6159	_price	260
7887	_price	270
7850	_price	700
7851	_price	2600
7848	_price	700
7848	_price	2600
7841	_price	170
7867	_price	60
7891	_price	671
7892	_price	2364
7893	_price	270
7894	_price	671
7895	_price	2364
7889	_price	440
7897	_price	270
7885	_price	270
7885	_price	671
7938	_price	48
7923	_price	55
7924	_price	71
7920	_price	55
7925	_price	118
7920	_price	71
7939	_price	75
7940	_price	100
7937	_price	48
7937	_price	75
7942	_price	120
7937	_price	100
7937	_price	120
15269	_price	390
15646	_price	95
7951	_price	785
7953	_price	1300
7958	_price	318
7956	_price	839
7963	_price	258
7965	_price	258
7967	_price	258
7976	_price	245
7978	_price	245
7979	_price	245
7973	_price	245
7981	_price	185
7984	_price	260
7966	_price	1380
7987	_price	185
7989	_price	745
7995	_price	239
7997	_price	514
7999	_price	690
8002	_price	1070
8010	_price	65
8012	_price	305
8014	_price	139
8016	_price	290
8019	_price	130
8025	_price	288
8026	_price	508
8007	_price	288
8007	_price	508
8028	_price	42
8030	_price	865
8005	_price	470
7993	_price	398
8034	_price	150
8036	_price	150
8032	_price	150
8033	_price	449
8041	_price	215
8045	_price	550
8051	_price	165
8056	_price	99
8059	_price	226
8066	_price	120
8068	_price	120
8069	_price	180
8073	_price	459
8081	_price	195
8085	_price	380
8082	_price	36
8091	_price	4930
8093	_price	929
8090	_price	185
8099	_price	665
8101	_price	2200
8107	_price	1283
8109	_price	163
8113	_price	142
8115	_price	114
8117	_price	100
8230	_price	113
8230	_price	148
8249	_price	448
8127	_price	59
8128	_price	63
8129	_price	91
7900	_price	63
8130	_price	113
8131	_price	140
8132	_price	149
7900	_price	59
8133	_price	187
8134	_price	248
7900	_price	248
7900	_price	187
7900	_price	149
7900	_price	140
7900	_price	113
8136	_price	100
8138	_price	107
8140	_price	123
8135	_price	107
8135	_price	100
8144	_price	97
8146	_price	125
8148	_price	79
8151	_price	125
8153	_price	120
8157	_price	189
8160	_price	179
8162	_price	99
8164	_price	99
8166	_price	118
8167	_price	110
8171	_price	87
8172	_price	320
8173	_price	320
8174	_price	320
8175	_price	320
8176	_price	320
8177	_price	320
8178	_price	320
8179	_price	320
8180	_price	320
8181	_price	320
8183	_price	320
8184	_price	1059
8185	_price	320
8182	_price	90
8189	_price	95
8191	_price	120
8192	_price	655
8194	_price	142
8197	_price	542
8199	_price	330
8202	_price	200
8208	_price	245
8214	_price	965
8209	_price	295
8212	_price	295
8027	_price	295
8217	_price	145
8221	_price	160
8224	_price	190
8229	_price	50
8233	_price	110
8234	_price	110
8235	_price	110
8236	_price	110
8237	_price	110
8238	_price	113
8239	_price	115
8240	_price	129
8241	_price	148
8243	_price	190
8244	_price	215
8245	_price	229
8246	_price	245
8247	_price	
8248	_price	350
8230	_price	115
8257	_price	1059
8258	_price	320
8230	_price	129
8263	_price	259
8266	_price	299
8270	_price	249
8272	_price	199
8273	_price	265
8277	_price	235
8278	_price	18.90
8290	_price	115
8300	_price	25
8303	_price	170
8305	_price	195
8314	_price	575
8318	_price	499
8321	_price	399
8323	_price	70
8325	_price	75
8326	_price	110
8328	_price	79
8331	_price	135
8332	_price	125
8333	_price	125
8329	_price	199
8329	_price	200
8335	_price	145
8337	_price	135
8343	_price	135
8347	_price	169
8349	_price	60
8352	_price	69
8354	_price	79
8351	_price	33
8357	_price	139
8358	_price	220
8329	_price	189
8359	_price	558
8361	_price	458
8363	_price	275
8356	_price	225
8370	_price	125
8375	_price	140
8373	_price	598
8380	_price	499
8383	_price	180
8385	_price	340
8388	_price	260
8390	_price	110
8382	_price	380
8396	_price	140
8399	_price	120
8394	_price	325
8401	_price	150
8403	_price	75
8404	_price	230
8402	_price	194
8409	_price	325
8410	_price	194
8418	_price	190
8419	_price	1850
8424	_price	1850
8415	_price	80
8431	_price	120
8433	_price	140
8435	_price	140
8439	_price	98
8440	_price	120
8441	_price	362
8442	_price	110
8445	_price	90
8450	_price	313
8451	_price	190
8452	_price	430
8453	_price	195
8454	_price	400
8456	_price	493
8458	_price	322
8459	_price	180
8461	_price	493
8462	_price	320
8464	_price	130
8465	_price	220
8467	_price	180
8469	_price	120
8473	_price	120
8475	_price	35
8478	_price	50
8480	_price	350
8482	_price	155
8486	_price	
8490	_price	30
8507	_price	495
8528	_price	650
8530	_price	365
15926	_price	3.50
13769	_price	4.90
13769	_price	3.50
8533	_price	65
8538	_price	210
8541	_price	360
8543	_price	100
8549	_price	1575
8545	_price	2500
8553	_price	180
8555	_price	40
8557	_price	1560
8559	_price	6
8562	_price	7
8561	_price	504
8566	_price	7
8569	_price	95
8570	_price	956
8572	_price	100
8575	_price	550
8577	_price	550
8578	_price	408
8579	_price	247
8581	_price	247
8582	_price	256
8584	_price	256
8592	_price	60
8594	_price	30
8597	_price	30
8601	_price	60
8590	_price	100
8603	_price	80
8606	_price	70
8609	_price	70
8610	_price	325
8611	_price	45
8614	_price	75
8618	_price	301
8619	_price	228
8620	_price	151
8621	_price	99
8622	_price	95
8623	_price	92
8616	_price	301
8616	_price	228
8624	_price	430
8626	_price	670
8628	_price	1746
8631	_price	190
8630	_price	100
8635	_price	42
8634	_price	89
8639	_price	159
8640	_price	70
8641	_price	90
8643	_price	630
8645	_price	180
8646	_price	228
8650	_price	325
8655	_price	390
8666	_price	160
8667	_price	149
8668	_price	55
8664	_price	21
8671	_price	400
8673	_price	120
8676	_price	50
8679	_price	330
8682	_price	50
8684	_price	90
8688	_price	85
8690	_price	75
8691	_price	160
8694	_price	205
8696	_price	49
8697	_price	1160
8700	_price	190
8703	_price	300
8708	_price	1195
8710	_price	189
8712	_price	232
8713	_price	480
8715	_price	69
8720	_price	136
8722	_price	170
8723	_price	204
8724	_price	255
8719	_price	136
8719	_price	170
8719	_price	204
8719	_price	255
8728	_price	129
8732	_price	86
8735	_price	50
8736	_price	45
8737	_price	40
8727	_price	40
8727	_price	45
8741	_price	60
8727	_price	50
8727	_price	60
8743	_price	45
8744	_price	45
8745	_price	45
8746	_price	45
8742	_price	45
8748	_price	45
8749	_price	45
8752	_price	45
8753	_price	45
8754	_price	45
8755	_price	45
8751	_price	45
8757	_price	45
8740	_price	523
8760	_price	118
8762	_price	130
8764	_price	65
8766	_price	490
9778	_price	185.0000
8864	_price	50
8848	_price	75
8849	_price	40
8780	_price	82
8781	_price	89
8782	_price	115
8768	_price	55
8768	_price	70
8768	_price	75
8789	_price	75
8788	_price	70
8785	_price	55
8772	_price	80
8768	_price	80
8798	_price	50
8801	_price	50
8802	_price	50
8805	_price	50
8812	_price	40
8811	_price	50
8815	_price	50
8826	_price	55
8825	_price	40
8827	_price	55
8829	_price	59
8797	_price	40
8797	_price	50
8797	_price	55
8797	_price	59
8840	_price	55
8841	_price	55
8842	_price	59
8803	_price	40
8803	_price	50
8803	_price	55
8803	_price	59
8852	_price	70
9776	_price	185
8856	_price	75
8857	_price	80
8858	_price	82
8848	_price	70
8867	_price	50
8868	_price	50
8869	_price	50
8870	_price	50
8871	_price	50
8872	_price	50
8865	_price	50
8887	_price	50
8879	_price	25
8894	_price	55
8895	_price	55
8896	_price	55
8897	_price	55
8898	_price	55
8899	_price	55
8893	_price	55
8901	_price	55
8910	_price	2550
8913	_price	745
8915	_price	650
8916	_price	2030
8920	_price	1400
8923	_price	700
12415	_price	225
8928	_price	60
8930	_price	30
8932	_price	15
8934	_price	445
8936	_price	405
8939	_price	40
8942	_price	45
8944	_price	45
8948	_price	45
8945	_price	45
8951	_price	290
8954	_price	320
8958	_price	180
8962	_price	290
8967	_price	419
8971	_price	90
8973	_price	58
8976	_price	310
8980	_price	230
8983	_price	270
8985	_price	60
8988	_price	32
8990	_price	2.80
8994	_price	249.75
8995	_price	249.75
8996	_price	249.75
8997	_price	249.75
8998	_price	249.75
8999	_price	249.75
9000	_price	249.75
9003	_price	100
9005	_price	58
9007	_price	1290
9010	_price	875
9017	_price	349
9021	_price	1950
9023	_price	650
9032	_price	15
9033	_price	18
9034	_price	24
9025	_price	18
9025	_price	24
9036	_price	750
9037	_price	1050
9038	_price	1129
9035	_price	1129
9035	_price	1050
9040	_price	130
9042	_price	110
9045	_price	750
9048	_price	175
9051	_price	450
9053	_price	100
9054	_price	305
9056	_price	190
9061	_price	3
9071	_price	145
9068	_price	532
9077	_price	145
9078	_price	179
9082	_price	96
9084	_price	169
9090	_price	180
9092	_price	215
9094	_price	410
9096	_price	795
9098	_price	57
9100	_price	220
9102	_price	50
9105	_price	200
9106	_price	80
9108	_price	20
9110	_price	13
9113	_price	13
9116	_price	15
9114	_price	15
9118	_price	15
9117	_price	15
9119	_price	15
9122	_price	25
9124	_price	25
9129	_price	25
9132	_price	80
9136	_price	60
9140	_price	39
9141	_price	39
9142	_price	39
9143	_price	39
9138	_price	39
9144	_price	110
9146	_price	215
9149	_price	65
9152	_price	28
9158	_price	120
9159	_price	146
9160	_price	169
9154	_price	169
9161	_price	95
9165	_price	178
9170	_price	100
9174	_price	65
9179	_price	57
9180	_price	68
9181	_price	70
9172	_price	57
9172	_price	68
9172	_price	70
9182	_price	799
9188	_price	575
9175	_price	945
9191	_price	300
9193	_price	200
9197	_price	150
9203	_price	155
9206	_price	160
9207	_price	190
10095	_price	120
10099	_price	100
10097	_price	120
9222	_price	740
9217	_price	200
9217	_price	200
9217	_price	200
9225	_price	196
9227	_price	232
9224	_price	232
9226	_price	115
9224	_price	196
9232	_price	82.5
9234	_price	30.8
9231	_price	49.5
9233	_price	120
9231	_price	41.8
9236	_price	49.5
9237	_price	41.8
9231	_price	82.5
9231	_price	104.5
9240	_price	104.5
9241	_price	137.5
9231	_price	137.5
9243	_price	125
9244	_price	220
9239	_price	125
9239	_price	220
9246	_price	280
9247	_price	355
9248	_price	
9245	_price	280
9245	_price	355
12214	_price	1700
12211	_price	1040
9279	_price	49
9281	_price	48
9284	_price	26
9287	_price	22
9289	_price	120
9291	_price	202
9293	_price	277
9300	_price	271
9295	_price	426
9301	_price	69
9311	_price	398
9312	_price	550
9313	_price	730
9315	_price	305
9316	_price	430
9299	_price	366
9298	_price	322
9297	_price	376
9295	_price	376
9295	_price	366
9318	_price	426
9295	_price	322
9295	_price	271
9309	_price	198
9308	_price	130
9306	_price	65
9305	_price	49
9304	_price	195
9304	_price	198
9304	_price	220
9304	_price	249
9304	_price	305
9325	_price	1170
9324	_price	390
9323	_price	306
9322	_price	249
9321	_price	119
9307	_price	98
9310	_price	195
9304	_price	306
9304	_price	390
9304	_price	398
9327	_price	129
9329	_price	185
9332	_price	205.0000
9336	_price	145
9338	_price	229
9340	_price	392
9342	_price	392
9347	_price	215
9349	_price	170
9350	_price	432
9355	_price	90
9356	_price	90
9357	_price	90
9359	_price	150
9361	_price	130
9358	_price	225
9366	_price	90
9369	_price	130
9371	_price	380
9376	_price	70
9380	_price	130
9382	_price	50
9387	_price	50
9390	_price	27
9393	_price	38
9398	_price	145
9399	_price	32
9402	_price	259
9391	_price	128
9414	_price	80
9415	_price	130
9416	_price	32
9417	_price	32
9419	_price	225
9421	_price	300
9422	_price	320
9424	_price	240
9426	_price	220
9428	_price	390
9430	_price	290
9434	_price	140
9440	_price	79
9442	_price	359
9444	_price	300
9446	_price	106
9448	_price	800
9450	_price	70
9452	_price	90
9458	_price	99
9459	_price	418
9461	_price	480
9464	_price	420
9466	_price	550
9468	_price	18
9467	_price	65
9470	_price	190
9474	_price	190
9476	_price	200
9478	_price	190
9480	_price	190
9482	_price	60
9484	_price	185
9486	_price	51
9488	_price	1200
9491	_price	800
9493	_price	1400
9494	_price	1000
9496	_price	900
9499	_price	900
9501	_price	228
9503	_price	920
9505	_price	40
9507	_price	50
9508	_price	60
9511	_price	70
9512	_price	70
9514	_price	86
9516	_price	52
9518	_price	60
9520	_price	56
9521	_price	53
9522	_price	105
9528	_price	65
9531	_price	70
9533	_price	70
9530	_price	325
9538	_price	65
9540	_price	65
9543	_price	65
9544	_price	65
9546	_price	100
9548	_price	100
9550	_price	105
9552	_price	60
9553	_price	60
9556	_price	60
9559	_price	60
9561	_price	80
9567	_price	100
9568	_price	80
9569	_price	80
9570	_price	80
9571	_price	105
9579	_price	60
9583	_price	129
9585	_price	55
9587	_price	90
9591	_price	90
9592	_price	120
9595	_price	120
9602	_price	80
9604	_price	120
9610	_price	80
9612	_price	80
9613	_price	80
9614	_price	80
9616	_price	80
9619	_price	100
9634	_price	80
9635	_price	120
9637	_price	120
9638	_price	150
9639	_price	150
9640	_price	150
9641	_price	150
9642	_price	150
9643	_price	150
9644	_price	260
9646	_price	270
9649	_price	112
9651	_price	360
9653	_price	400
9655	_price	500
9657	_price	96
9659	_price	85
9660	_price	120
9663	_price	150
9666	_price	120
9668	_price	295
9670	_price	100
9676	_price	250
9680	_price	175
9682	_price	195
9684	_price	330
9687	_price	105
9689	_price	420
9691	_price	532
9693	_price	530
9699	_price	360
9704	_price	140
9706	_price	120
9708	_price	120
9710	_price	240
9712	_price	130
9717	_price	85
9713	_price	85
9718	_price	100
9722	_price	76
9724	_price	76
9727	_price	140
9732	_price	146
9729	_price	95
9739	_price	70
9742	_price	99
9744	_price	99
9750	_price	510
9755	_price	32
9756	_price	35
9757	_price	37
9758	_price	45
9759	_price	55
9760	_price	57
9752	_price	32
9752	_price	35
9752	_price	37
9752	_price	45
9752	_price	55
9752	_price	57
9761	_price	253
9763	_price	321
9765	_price	136
9767	_price	741
9769	_price	883
9772	_price	545
8854	_price	89
8848	_price	60
8790	_price	75
9774	_price	50
8860	_price	115
9773	_price	99
9782	_price	70
9784	_price	80
9790	_price	512
9792	_price	240
9796	_price	280
9799	_price	448
9802	_price	280
9804	_price	110
9806	_price	180
9808	_price	220
9811	_price	340
9813	_price	650
9816	_price	448
9818	_price	448
9823	_price	180
9824	_price	98
9826	_price	70
9828	_price	70
9830	_price	70
9832	_price	70
9834	_price	
9836	_price	200
9839	_price	280
9841	_price	150
9843	_price	260
9852	_price	68
9851	_price	118
9850	_price	158
9849	_price	278
9848	_price	478
9845	_price	68
9845	_price	118
9845	_price	158
9845	_price	278
9845	_price	478
9854	_price	100
9856	_price	148
9858	_price	
9859	_price	160
9861	_price	150
9866	_price	95
9867	_price	120
9869	_price	153
9871	_price	230
9873	_price	38
9875	_price	72
9877	_price	454
9879	_price	1481
9881	_price	230
9883	_price	112
9885	_price	112
9887	_price	170
9889	_price	150
9892	_price	180
9895	_price	90
9897	_price	239
9899	_price	130
9902	_price	129
9904	_price	235
9906	_price	175
9908	_price	129
9910	_price	274
9912	_price	250
9915	_price	290
9919	_price	187
9922	_price	299
9924	_price	220
9926	_price	230
9928	_price	120
9930	_price	140
9931	_price	30.0000
9934	_price	220
9937	_price	120
9939	_price	140
9941	_price	70
9943	_price	70
9945	_price	105
9947	_price	110
9949	_price	112
9953	_price	215
9954	_price	245
9957	_price	50
9960	_price	200
9962	_price	380
9964	_price	165.0000
9965	_price	130
9968	_price	85
9970	_price	
9973	_price	85
9975	_price	95
9977	_price	150
9979	_price	270
9981	_price	150
9983	_price	140
9985	_price	70
9987	_price	70
9989	_price	250
9991	_price	99
9993	_price	220
10000	_price	290
9995	_price	2580
10002	_price	330
10004	_price	2550
10010	_price	120
10017	_price	1105
10020	_price	195
10022	_price	529
10026	_price	694
10028	_price	135
10030	_price	190
10033	_price	270
10036	_price	120
10039	_price	70
10041	_price	300
10043	_price	250
10045	_price	80
10046	_price	70
10051	_price	95
10053	_price	85
10059	_price	120
10063	_price	165
10065	_price	99
9698	_price	30
10072	_price	100
10074	_price	155
10082	_price	150
10086	_price	141
10087	_price	175
10089	_price	124
10091	_price	245
10093	_price	110
10103	_price	70
10107	_price	70
10098	_price	1488
10111	_price	99
10116	_price	175
10117	_price	220
10118	_price	146
10113	_price	180
10120	_price	110
10123	_price	23
10125	_price	240
10127	_price	240
10132	_price	280
10134	_price	300
10138	_price	270
10141	_price	300
10146	_price	499
10131	_price	432
10149	_price	499
10150	_price	539
10152	_price	699
10154	_price	1285
10157	_price	740
10159	_price	400
10161	_price	821
10163	_price	598
10167	_price	927
10169	_price	3890
10171	_price	599
10174	_price	1080
10177	_price	459
10181	_price	549
10183	_price	390
10185	_price	450
10186	_price	400
10188	_price	1900
10190	_price	1160
10192	_price	225
10194	_price	260
10199	_price	625
10200	_price	625
10196	_price	625
10214	_price	724
10215	_price	1085
10217	_price	1449
10209	_price	724
10209	_price	1085
10209	_price	1449
10220	_price	1000
10222	_price	159
10236	_price	100
10243	_price	749
10247	_price	3190
10250	_price	5920
10251	_price	10
4641	_price	415
10264	_price	139
10268	_price	115
10278	_price	148
10272	_price	1996
10282	_price	256
10284	_price	390
10285	_price	567
10286	_price	1996
10272	_price	567
10272	_price	390
10288	_price	148
10302	_price	475
10312	_price	110
10317	_price	204
10323	_price	260
10335	_price	45
8103	_price	119
10339	_price	146
10342	_price	134
10348	_price	450
10350	_price	405
10352	_price	102
10355	_price	120
10358	_price	35
10361	_price	25
10362	_price	95
10366	_price	125
10368	_price	879
10372	_price	545
10373	_price	490
10375	_price	390
10384	_price	399
10388	_price	422
10389	_price	282
10398	_price	177
10414	_price	945
10426	_price	60
10428	_price	70
10429	_price	90
10421	_price	60
10421	_price	70
10421	_price	90
10430	_price	110
10434	_price	79
10436	_price	90
10442	_price	135
10445	_price	275
10446	_price	130
10447	_price	120
10449	_price	349
10451	_price	130
10454	_price	140
10456	_price	140
10457	_price	800
10467	_price	895
10468	_price	895
10462	_price	895
10476	_price	77
10478	_price	380
10483	_price	479
10487	_price	445
10489	_price	210
10496	_price	190
10505	_price	170
10506	_price	220
10508	_price	170
10510	_price	410
10509	_price	428
10514	_price	90
10515	_price	90
10513	_price	90
10523	_price	33
10526	_price	43
10529	_price	540
10532	_price	90
10533	_price	105
10535	_price	479
10541	_price	479
9674	_price	210
10553	_price	316
10559	_price	99
10562	_price	245
10565	_price	417
10577	_price	340
10580	_price	449
10589	_price	485
10594	_price	705
10605	_price	227
10609	_price	820
10612	_price	690
10614	_price	350
10617	_price	8
10619	_price	530
10622	_price	685
10627	_price	190
10632	_price	99
10637	_price	120
10641	_price	61
10643	_price	360
10650	_price	180
10656	_price	205
10657	_price	479
10662	_price	630
10663	_price	770
10664	_price	35
10666	_price	48
10668	_price	80
10677	_price	180
10679	_price	167
10681	_price	10
10688	_price	350
10693	_price	35
10699	_price	56
10701	_price	70
10702	_price	749
10707	_price	265
10709	_price	476
10715	_price	356
10717	_price	430
10725	_price	575
10731	_price	320
10735	_price	255
10738	_price	340
10747	_price	640
10749	_price	1525
10756	_price	1689
10765	_price	205
10768	_price	275
10769	_price	315
10770	_price	345
10771	_price	100
10775	_price	1050
10787	_price	1060
10789	_price	165
10790	_price	345
10792	_price	50
10799	_price	45
10802	_price	869
10807	_price	728
10811	_price	556
10816	_price	435
10829	_price	140
10828	_price	140
10827	_price	140
6368	_price	140
10833	_price	360
10837	_price	690
10847	_price	158
10850	_price	435
10856	_price	650
10862	_price	1890
10872	_price	699
10880	_price	395
10886	_price	385
10884	_price	385
10894	_price	385
10895	_price	385
10897	_price	150
10902	_price	75
10906	_price	99
10912	_price	135
10913	_price	95
10917	_price	275
10922	_price	135
10927	_price	435
10931	_price	378
10944	_price	1240
10946	_price	1040
10950	_price	460
10953	_price	570
10957	_price	169
10963	_price	425
10971	_price	455
10977	_price	52
10981	_price	696
10995	_price	945
10996	_price	275
10998	_price	379
10999	_price	558
11000	_price	1595
11003	_price	140
11007	_price	300
11011	_price	280
11018	_price	280
11021	_price	380
11026	_price	1950
11034	_price	375
11041	_price	1365
11039	_price	299
11050	_price	1065
11056	_price	785
11061	_price	785
7961	_price	258
11066	_price	165
11069	_price	107
11072	_price	54
11076	_price	53
11082	_price	69
11090	_price	400
11104	_price	165
11107	_price	165
11108	_price	125
11117	_price	175
11119	_price	65
11125	_price	100
11127	_price	240
11129	_price	165
11132	_price	70
11137	_price	143
11139	_price	132
11140	_price	160
11143	_price	280
11148	_price	180
11152	_price	139
11165	_price	459
11174	_price	350
11184	_price	365
11190	_price	100
11196	_price	599
11203	_price	899
11223	_price	160
11224	_price	149
11228	_price	149
11234	_price	120
11244	_price	43
11256	_price	240
11264	_price	287
11265	_price	365
11266	_price	466
11255	_price	240
11255	_price	287
11255	_price	365
11255	_price	466
11272	_price	105
11273	_price	165
11274	_price	225
11267	_price	105
11267	_price	165
11267	_price	225
7656	_price	230
11289	_price	240
11296	_price	120
11301	_price	120
11303	_price	170
11312	_price	610
11319	_price	448
11324	_price	499
11331	_price	769
11338	_price	485
11344	_price	225
11351	_price	528
11358	_price	590
11373	_price	280
11376	_price	275
11379	_price	310
11393	_price	2390
4875	_price	209
8500	_price	30
8499	_price	30
8498	_price	30
8497	_price	30
8496	_price	30
8495	_price	30
8494	_price	30
11420	_price	30
11421	_price	30
11422	_price	30
11423	_price	30
8489	_price	30
11424	_price	229
11430	_price	200
11434	_price	350
11436	_price	50
11441	_price	235
11443	_price	299
11446	_price	150
11450	_price	369
11454	_price	205
11456	_price	745
5551	_price	286
7885	_price	2364
11468	_price	96
11471	_price	44
11480	_price	769
11497	_price	55
11498	_price	55
11499	_price	55
11500	_price	55
11501	_price	55
11502	_price	55
8889	_price	55
11510	_price	460
11516	_price	210
5457	_price	2900
11519	_price	269
5457	_price	269
11527	_price	540
11529	_price	2315
11524	_price	2315
11524	_price	540
11535	_price	195
11536	_price	250
11540	_price	490
11543	_price	320
11549	_price	280
11550	_price	1159
11558	_price	260
11560	_price	180
11563	_price	180
11567	_price	249
11572	_price	525
11574	_price	599
11579	_price	226
11582	_price	165
11584	_price	294
11577	_price	599
11589	_price	495
11594	_price	440
11600	_price	229
11604	_price	47
11605	_price	22
11609	_price	25
11610	_price	30
11611	_price	18
11613	_price	10
11614	_price	8
11615	_price	89
11616	_price	629
11618	_price	685
11624	_price	469
11625	_price	470
11629	_price	470
11633	_price	820
11635	_price	1026
11645	_price	159
11649	_price	780
11651	_price	780
11648	_price	780
11656	_price	99
11658	_price	679
11663	_price	2.20
11669	_price	20
11671	_price	25
11676	_price	235
11679	_price	249
11684	_price	269
11686	_price	478
11688	_price	663
11689	_price	152
11692	_price	70
11694	_price	140
11697	_price	1090
11701	_price	250
11703	_price	95
11705	_price	125
11708	_price	110
11709	_price	55
9276	_price	10
11718	_price	990
16445	_price	120
16444	_price	146
9154	_price	146
11725	_price	1989
11743	_price	179
11746	_price	210
11752	_price	210
11755	_price	50
11761	_price	330
11763	_price	330
11764	_price	430
11766	_price	430
11767	_price	260
11770	_price	199
11779	_price	1169
11790	_price	20
11797	_price	170
11799	_price	105
11804	_price	245
11807	_price	670
11812	_price	119
11817	_price	460
11818	_price	625
11821	_price	30
11828	_price	445
8848	_price	80
11833	_price	147
9314	_price	220
9304	_price	430
9304	_price	550
9304	_price	730
9304	_price	1170
11839	_price	2999
8230	_price	245
8230	_price	229
8230	_price	215
8230	_price	190
11848	_price	1490
11851	_price	230
11861	_price	290
11865	_price	349
11866	_price	583
11867	_price	345
11874	_price	399
11877	_price	645
11884	_price	310
11885	_price	387
11886	_price	542
11879	_price	542
11879	_price	387
11887	_price	40
11889	_price	140
11895	_price	10
11897	_price	15
11898	_price	20
11894	_price	10
11894	_price	15
11894	_price	20
11900	_price	5950
11907	_price	170
11909	_price	460
11913	_price	115
11915	_price	200
11922	_price	840
11924	_price	1059
11932	_price	779
11936	_price	958
11937	_price	399
11941	_price	335
11943	_price	160
11947	_price	160
11950	_price	145
11953	_price	145
11962	_price	45
11963	_price	265
11969	_price	249
11972	_price	549
11974	_price	129
11977	_price	129
11979	_price	171
11981	_price	317
11982	_price	568
11983	_price	13
11985	_price	10
11986	_price	7
11987	_price	6
11988	_price	106
11993	_price	106
11996	_price	90
11999	_price	459
12002	_price	75
12004	_price	436
12007	_price	349
12011	_price	30
12193	_price	200
12022	_price	258
12024	_price	258
12026	_price	713
12028	_price	713
5075	_price	258
12035	_price	184
12040	_price	184
12041	_price	184
5099	_price	184
12045	_price	88
12047	_price	204
12050	_price	280
12051	_price	520
12043	_price	520
12043	_price	280
12043	_price	204
12054	_price	195
12059	_price	195
12053	_price	195
12062	_price	995
12064	_price	850
12067	_price	180
12072	_price	345
12078	_price	290
12080	_price	520
12082	_price	299
12086	_price	375
12089	_price	345
12102	_price	649
12108	_price	10
12111	_price	12
12113	_price	15
12114	_price	17
12116	_price	21
12117	_price	24
12119	_price	36
9278	_price	10
9278	_price	12
9278	_price	15
9278	_price	17
9278	_price	21
9278	_price	24
9278	_price	36
9224	_price	115
12142	_price	95
12143	_price	125
12144	_price	75
12145	_price	45
12146	_price	38
12147	_price	28
12141	_price	28
12141	_price	38
12141	_price	45
12141	_price	75
12141	_price	95
12141	_price	125
12157	_price	210
12158	_price	110
12159	_price	170
12162	_price	249
12164	_price	275
12165	_price	285
12166	_price	310
5574	_price	285
5574	_price	275
5574	_price	249
5574	_price	310
12167	_price	170
12169	_price	175
12170	_price	240
12174	_price	305
12176	_price	320
12188	_price	1140
12201	_price	1170
12204	_price	1170
12220	_price	129
12216	_price	228
12222	_price	149
12223	_price	200
12224	_price	225
12225	_price	185
12226	_price	225
12227	_price	400
12228	_price	140
12229	_price	126
12230	_price	125
12231	_price	120
12216	_price	225
12216	_price	200
12216	_price	185
12216	_price	149
12216	_price	140
12216	_price	129
12216	_price	126
12216	_price	125
12216	_price	120
12234	_price	228
12216	_price	400
12239	_price	520
12242	_price	520
12246	_price	520
12248	_price	520
12236	_price	520
12254	_price	149
12257	_price	297
12262	_price	1120
12269	_price	1030
12272	_price	2129
12276	_price	220
12279	_price	650
12280	_price	820
12286	_price	25
12290	_price	166
12291	_price	669
12294	_price	530
12299	_price	315
12300	_price	325
12302	_price	25
12304	_price	30
12307	_price	35
12309	_price	40
12310	_price	45
12305	_price	35
12305	_price	40
12305	_price	45
12323	_price	255
12325	_price	255
12314	_price	255
12328	_price	530
12335	_price	99
12337	_price	749
12340	_price	320
12341	_price	370
12345	_price	10
12347	_price	16
12350	_price	170
12352	_price	190
12354	_price	210
12348	_price	170
12348	_price	190
12348	_price	210
12363	_price	30
12372	_price	150
12376	_price	165
12380	_price	476
12382	_price	476
12381	_price	585
12387	_price	400
12391	_price	120
12393	_price	100
12395	_price	70
7900	_price	91
12397	_price	125
12399	_price	125
8392	_price	125
12405	_price	270
12413	_price	135
12416	_price	345
12421	_price	259
12422	_price	210
12423	_price	145
12424	_price	115
12427	_price	299
12432	_price	260
12434	_price	122
12439	_price	70
12441	_price	60
12443	_price	529
12450	_price	722
12456	_price	559
12459	_price	269
12461	_price	320
12464	_price	365
12466	_price	80
12474	_price	470
12476	_price	2390
12490	_price	280
12491	_price	250
12497	_price	99
12493	_price	130
12502	_price	459
12511	_price	180
15451	_price	179
12520	_price	1159
12521	_price	1529
12514	_price	1159
12514	_price	799
12523	_price	799
12514	_price	1529
12525	_price	649
12539	_price	100
15453	_price	259
4653	_price	179
4653	_price	259
12560	_price	390
12566	_price	200
12565	_price	200
12568	_price	200
12571	_price	200
12572	_price	200
12577	_price	420
12583	_price	449
12587	_price	1069
12591	_price	220
12592	_price	195
12593	_price	250
12594	_price	280
12596	_price	820
12605	_price	20
12612	_price	215
12616	_price	79
12621	_price	38
12623	_price	43
12625	_price	55
12627	_price	61
12628	_price	70
12629	_price	106
12630	_price	125
12619	_price	125
12619	_price	106
12619	_price	70
12619	_price	61
12619	_price	55
12619	_price	43
12619	_price	38
12632	_price	290
12637	_price	1390
12646	_price	39
12648	_price	39
12650	_price	39
12652	_price	39
5772	_price	39
12676	_price	125
12678	_price	125
7815	_price	125
12679	_price	89
12683	_price	230
12686	_price	699
12693	_price	599
12701	_price	499
12715	_price	599
12713	_price	599
12550	_price	599
12726	_price	599
12728	_price	599
12749	_price	149
12751	_price	149
12753	_price	149
12755	_price	149
12736	_price	149
12759	_price	85
12761	_price	275
12312	_price	85
12312	_price	275
12766	_price	330
12771	_price	79
12773	_price	95
12778	_price	239
12780	_price	310
12783	_price	239
12790	_price	269
12791	_price	289
12789	_price	269
12789	_price	289
12796	_price	116
12800	_price	103
12802	_price	26
12804	_price	18
12806	_price	75
12810	_price	99
12817	_price	39
12820	_price	208.0000
12831	_price	459
12835	_price	82
12840	_price	429
12844	_price	437
12846	_price	190
12848	_price	125
12851	_price	149
12853	_price	129
12856	_price	3.19
12859	_price	169
12861	_price	369
12863	_price	315
12866	_price	699
12871	_price	105
12878	_price	1445
12894	_price	29
12895	_price	26
12896	_price	17
12897	_price	18
12898	_price	14
12884	_price	29
12884	_price	26
12884	_price	18
12884	_price	17
12884	_price	14
12900	_price	7
12901	_price	6
12902	_price	10
12903	_price	18
12904	_price	24
12899	_price	24
12899	_price	18
12899	_price	10
12899	_price	7
12899	_price	6
12906	_price	1449
12910	_price	619
12915	_price	590
12921	_price	349
12924	_price	399
12926	_price	125
12930	_price	325
12935	_price	480
12937	_price	240
12938	_price	789
12944	_price	10
12946	_price	245
12948	_price	880
12950	_price	1200
12956	_price	1648
12960	_price	69.90
12966	_price	525
12968	_price	89
12971	_price	259
12974	_price	230
12976	_price	290
12982	_price	1427
10272	_price	256
12043	_price	88
12986	_price	162
12993	_price	459
13117	_price	445
13123	_price	550
13131	_price	289
13134	_price	110
13140	_price	1699
13147	_price	1049
13158	_price	80
13159	_price	210
13163	_price	126
13162	_price	126
13167	_price	175
13168	_price	205
13162	_price	175
13171	_price	3249
13178	_price	469
13180	_price	1979
13177	_price	1979
13177	_price	469
13185	_price	1749
13186	_price	415
13184	_price	415
8186	_price	320
8187	_price	320
13191	_price	1059
13193	_price	1059
13194	_price	1059
13195	_price	1059
13196	_price	1059
13198	_price	1059
13199	_price	1059
15316	_price	480
13228	_price	24
13234	_price	45
13235	_price	34
15311	_price	640
15311	_price	480
13245	_price	57
13246	_price	68
13247	_price	70
13244	_price	57
13244	_price	68
13244	_price	70
13248	_price	629
13249	_price	3397
13256	_price	735
13258	_price	825
13254	_price	500
13262	_price	90
13264	_price	110
13261	_price	90
13261	_price	110
13270	_price	10
13272	_price	10
13266	_price	10
13277	_price	70
13279	_price	95
13281	_price	100
12197	_price	70
12197	_price	95
12197	_price	100
13284	_price	260
13286	_price	70
13295	_price	120
13296	_price	4
13298	_price	4
13302	_price	380
13305	_price	44
13307	_price	75
13309	_price	89
13310	_price	99
13311	_price	190
7328	_price	75
7328	_price	89
7328	_price	99
7328	_price	190
13313	_price	589
13315	_price	699
12792	_price	589
12792	_price	699
13317	_price	625
13320	_price	70
13324	_price	160
13326	_price	245
13330	_price	599
13334	_price	169
13338	_price	420
13345	_price	572
13347	_price	2398
13344	_price	572
13351	_price	599
13352	_price	2599
13350	_price	2599
13350	_price	599
13357	_price	175
13363	_price	265
13365	_price	310
13367	_price	459
4978	_price	459
4978	_price	310
13370	_price	895
13371	_price	870
13377	_price	220
13379	_price	940
13384	_price	159
13393	_price	1200
13397	_price	109
13399	_price	999
13403	_price	659
13406	_price	125
13409	_price	125
13412	_price	796
13416	_price	14
13418	_price	19
13414	_price	14
13414	_price	19
13421	_price	49
13423	_price	669
13425	_price	220
13429	_price	480
13430	_price	990
13433	_price	890
13439	_price	10
13446	_price	1250
13451	_price	289
13454	_price	170
13456	_price	95
13464	_price	499
13466	_price	1379
13462	_price	499
13462	_price	1379
13469	_price	239
13472	_price	220
13480	_price	305
8616	_price	92
8616	_price	95
8616	_price	99
8616	_price	151
13488	_price	210
13491	_price	8469
13502	_price	149
13504	_price	200
13506	_price	200
13507	_price	200
13503	_price	200
13510	_price	979
4864	_price	497
13516	_price	40
13520	_price	75
13521	_price	103
13524	_price	57
13526	_price	2.30
13529	_price	1099
13532	_price	325
13537	_price	320
13538	_price	1229
13539	_price	650
13541	_price	480
13544	_price	565
13546	_price	335
13547	_price	235
13548	_price	660
13550	_price	2934
13562	_price	420
13564	_price	810
13567	_price	232
13571	_price	120
13581	_price	55
13582	_price	70
13583	_price	110
13576	_price	55
13576	_price	70
13576	_price	110
8329	_price	170
13585	_price	125
13591	_price	130
8329	_price	220
8329	_price	470
13595	_price	139
13593	_price	470
13596	_price	135
13598	_price	149
13599	_price	200
13600	_price	170
13601	_price	189
8329	_price	149
8329	_price	139
8329	_price	135
8329	_price	130
8329	_price	125
13603	_price	199
8230	_price	110
13605	_price	30
13607	_price	35
13608	_price	39
13609	_price	45
13611	_price	50
13612	_price	50
13614	_price	55
13615	_price	55
13616	_price	60
13617	_price	79
13618	_price	95
13619	_price	120
13620	_price	129
13621	_price	200
13622	_price	220
13623	_price	250
13624	_price	370
9780	_price	60
9780	_price	79
9780	_price	95
9780	_price	110
9780	_price	120
9780	_price	129
9780	_price	200
9780	_price	220
9780	_price	240
9780	_price	250
9780	_price	370
9780	_price	440
9780	_price	450
9780	_price	35
13627	_price	440
13628	_price	50
13629	_price	79
13630	_price	110
13631	_price	120
13632	_price	240
13633	_price	250
13634	_price	450
9780	_price	55
9780	_price	50
9780	_price	45
9780	_price	39
9780	_price	30
8848	_price	82
13638	_price	55
8848	_price	55
8768	_price	50
8768	_price	82
13642	_price	456
13646	_price	3299
13649	_price	139
13653	_price	189
13656	_price	159
13659	_price	650
13661	_price	39
13664	_price	139
13666	_price	112
13668	_price	189
13671	_price	110
13677	_price	39
13679	_price	45
13680	_price	49
10835	_price	250
10835	_price	110
10835	_price	60
13681	_price	60
13682	_price	110
13683	_price	250
10835	_price	49
10835	_price	45
10835	_price	39
13685	_price	160
13688	_price	25
13690	_price	2139
13698	_price	220
13702	_price	1099
6635	_price	569
13709	_price	11
13711	_price	13
13713	_price	17
13714	_price	18
13716	_price	28
13717	_price	249
13719	_price	500
13721	_price	320
13726	_price	299
13729	_price	450
13739	_price	559
13746	_price	1040
13750	_price	188
13749	_price	188
13756	_price	60
13759	_price	435
13767	_price	11
13772	_price	4.90
13774	_price	5.40
13769	_price	5.40
13780	_price	14
13782	_price	250
13197	_price	1059
13787	_price	1059
13791	_price	81
13796	_price	80
13800	_price	15
13802	_price	33
13803	_price	100
13807	_price	90
13810	_price	149
9027	_price	99
9027	_price	90
13809	_price	99
9027	_price	149
13811	_price	120
13813	_price	449
13815	_price	725
13819	_price	569
13821	_price	329
13824	_price	405
13826	_price	120
13828	_price	1150
13830	_price	315
13832	_price	335
13834	_price	800
13836	_price	949
13849	_price	299
13851	_price	1190
9154	_price	269
13860	_price	539
13862	_price	47
13868	_price	30
13873	_price	24
13877	_price	50
13883	_price	15
13885	_price	10
13888	_price	15
13890	_price	99
13892	_price	175
13894	_price	20
13896	_price	65
13899	_price	65
13901	_price	35
13903	_price	116
13905	_price	116
13908	_price	142
13915	_price	39
13917	_price	26
13919	_price	18
13921	_price	610
13925	_price	829
13927	_price	499
13928	_price	790
13930	_price	759
13932	_price	25
13934	_price	160
13939	_price	339
13941	_price	392
13943	_price	539
13937	_price	539
13937	_price	392
13937	_price	339
13945	_price	93
13949	_price	245
13952	_price	800
4969	_price	75
4974	_price	35
13962	_price	90
13966	_price	249
13965	_price	529
13969	_price	720
13973	_price	60
13975	_price	1.52
13977	_price	90
13979	_price	120
13981	_price	230
13983	_price	290
13986	_price	239
13987	_price	29
13988	_price	39
13989	_price	25
13991	_price	469
13993	_price	390
13997	_price	390
13996	_price	360
14001	_price	795
14005	_price	490
14005	_price	490
14009	_price	249
9231	_price	30.8
14011	_price	460
8992	_price	249.75
14014	_price	750
14019	_price	399
14022	_price	290
14023	_price	149
14025	_price	390
14026	_price	299
14031	_price	1100
14039	_price	805
14054	_price	469
7920	_price	118
14058	_price	198
14060	_price	230
7920	_price	198
7920	_price	230
14061	_price	1596
14063	_price	885
14065	_price	129
14067	_price	189
14069	_price	129
14070	_price	749
14072	_price	480
14074	_price	225
14077	_price	345
14078	_price	370
14080	_price	510
14081	_price	383
14084	_price	524
14093	_price	545
14100	_price	416
14101	_price	486
14105	_price	470
14113	_price	395
14114	_price	429
14115	_price	490
14121	_price	395
14122	_price	429
14123	_price	346
14125	_price	372
14127	_price	372
14128	_price	338
14130	_price	362
14131	_price	547
14133	_price	490
14134	_price	688
14137	_price	714
14138	_price	507
14141	_price	566
14142	_price	799
14144	_price	449
14145	_price	160
14148	_price	299
14151	_price	180
14153	_price	290
14154	_price	325
14162	_price	205
14165	_price	569
14179	_price	198
14180	_price	230
14181	_price	369
14175	_price	369
14175	_price	230
14175	_price	198
14183	_price	765
14187	_price	180
14189	_price	180
14191	_price	180
14192	_price	180
14194	_price	180
14195	_price	180
14197	_price	325
14199	_price	180
14201	_price	195
14204	_price	195
10395	_price	180
10395	_price	195
10395	_price	325
14208	_price	369
14213	_price	290
14215	_price	470
14217	_price	240
14220	_price	89
14222	_price	99
14224	_price	149
14219	_price	149
14219	_price	99
14219	_price	89
14227	_price	679
14228	_price	375
11623	_price	255
14235	_price	170
14237	_price	89
14239	_price	890
14244	_price	675
14248	_price	140
14249	_price	145
14250	_price	160
14246	_price	140
14246	_price	145
14246	_price	160
14256	_price	549
14259	_price	359
14262	_price	1199
14267	_price	149
14270	_price	185
14271	_price	345
14266	_price	149
14266	_price	185
14266	_price	345
14278	_price	649
14279	_price	1215
14284	_price	380
14287	_price	1349
14291	_price	2698
14293	_price	47
14294	_price	680
14295	_price	159
14297	_price	99
14300	_price	72
14303	_price	1499
15824	_price	92
14309	_price	699
14321	_price	53
14328	_price	1490
14333	_price	267
14335	_price	480
14336	_price	145
14345	_price	20
14344	_price	15
14346	_price	10
14347	_price	16
14350	_price	35
14352	_price	110
14354	_price	26
14359	_price	190
14362	_price	299
14366	_price	11
14371	_price	56
14373	_price	300
14374	_price	439
14376	_price	699
14377	_price	680
14381	_price	210
14383	_price	380
14387	_price	290
14389	_price	399
14391	_price	429
14385	_price	290
14385	_price	399
14385	_price	429
14393	_price	300
14397	_price	310
14399	_price	310
14395	_price	310
14401	_price	175
14403	_price	129
14405	_price	798
14408	_price	214
14409	_price	200
14414	_price	980
14420	_price	17
14423	_price	12.9
14425	_price	75
14428	_price	34
14430	_price	18
14436	_price	160
14438	_price	80
14440	_price	120
14442	_price	180
14444	_price	220
14445	_price	269
13353	_price	180
13353	_price	220
13353	_price	269
14447	_price	448
14448	_price	380
14449	_price	1799
14454	_price	219
14456	_price	281
14453	_price	219
14453	_price	281
14459	_price	10
14465	_price	299
14467	_price	299
14461	_price	299
14469	_price	899
14471	_price	290
14475	_price	210
14476	_price	346
14478	_price	135
14480	_price	289
14484	_price	625
14483	_price	299
6334	_price	196
14488	_price	385
6334	_price	385
14492	_price	160
14494	_price	80
14495	_price	190
14497	_price	29
14499	_price	39
14500	_price	49
14501	_price	59
14496	_price	29
14496	_price	39
14496	_price	49
14496	_price	59
13640	_price	60
8848	_price	89
8848	_price	50
14504	_price	60
14505	_price	239
14508	_price	790
14512	_price	229
14514	_price	449
14517	_price	10
14519	_price	11
14521	_price	12
9130	_price	10
9130	_price	11
9130	_price	12
14527	_price	269
14528	_price	149
14529	_price	550
14525	_price	269
14525	_price	149
14530	_price	280
14526	_price	280
14526	_price	550
14532	_price	149
14534	_price	185
4883	_price	149
4883	_price	185
14539	_price	69
14537	_price	69
14541	_price	69
14542	_price	69
13162	_price	205
14546	_price	210
14549	_price	185
14552	_price	50
14554	_price	80
14555	_price	39.90
14559	_price	495
14563	_price	309
14565	_price	100
14567	_price	349
14569	_price	525
14571	_price	80
14573	_price	155
14574	_price	79
14575	_price	690
14580	_price	776
14585	_price	476
14591	_price	599
14598	_price	485
14603	_price	390
14608	_price	549
14610	_price	129
14612	_price	255
14618	_price	95
14627	_price	560
14635	_price	149
15377	_price	104
15718	_price	590
15723	_price	190
15707	_price	235
15428	_price	89
15713	_price	15
15892	_price	590
9035	_price	750
15796	_price	1859
9035	_price	1859
15668	_price	1370
11879	_price	310
15346	_price	270
11879	_price	270
15351	_price	1015
15352	_price	135
15217	_price	199
15219	_price	359
15224	_price	690
15225	_price	690
14413	_price	690
15226	_price	669
15793	_price	41
9025	_price	15
15357	_price	212
15359	_price	229
15360	_price	279
6518	_price	212
6518	_price	229
6518	_price	279
15361	_price	790
15648	_price	110
15757	_price	339
15755	_price	165
15917	_price	212
5501	_price	3286
15423	_price	435
14639	_price	1229
14646	_price	1149
15364	_price	299
15365	_price	450
15366	_price	46
15368	_price	26
14647	_price	799
14650	_price	999
4967	_price	150
4962	_price	345
14655	_price	369
9304	_price	49
9304	_price	65
9304	_price	98
9304	_price	119
9304	_price	130
14667	_price	599
14668	_price	60
14670	_price	70
14671	_price	849
14675	_price	99
14680	_price	689
14686	_price	152
14690	_price	799
14693	_price	1099
14694	_price	159
14697	_price	95
14700	_price	85
14702	_price	199
14704	_price	1100
14710	_price	259
14712	_price	259
14714	_price	259
14716	_price	259
14718	_price	259
14709	_price	259
14723	_price	239
14724	_price	315
14728	_price	829
14731	_price	180
14733	_price	690
14737	_price	339
14746	_price	379
13344	_price	2398
14750	_price	399
14754	_price	329
14753	_price	365
14757	_price	60
14766	_price	119
14768	_price	139
14763	_price	139
14763	_price	119
14769	_price	220
14772	_price	429
14773	_price	420
14774	_price	420
14775	_price	2190
14779	_price	2100
14783	_price	360
14786	_price	269
14788	_price	939
14794	_price	300
14796	_price	490
14798	_price	579
14790	_price	300
14790	_price	490
14790	_price	579
14800	_price	479
14806	_price	190
15865	_price	780
16021	_price	345
15236	_price	270
15238	_price	69
15752	_price	335
14809	_price	1190
14813	_price	349
14817	_price	1999
14824	_price	359
14829	_price	499
14831	_price	599
14836	_price	139
14838	_price	159
14834	_price	139
14834	_price	159
14840	_price	439
14839	_price	299
14843	_price	1345
14844	_price	1345
14851	_price	99
14854	_price	1119
14856	_price	999
14857	_price	820
14858	_price	95
14860	_price	299
14865	_price	697
14866	_price	590
14869	_price	249
14871	_price	259
14873	_price	75
14876	_price	50
14879	_price	220
15240	_price	79
15243	_price	449
14883	_price	370
14888	_price	169
14893	_price	699
14897	_price	515
12312	_price	515
14903	_price	250
14905	_price	190
14899	_price	190
14899	_price	250
14908	_price	229
14910	_price	199
14912	_price	229
14913	_price	369
14174	_price	369
14174	_price	199
14174	_price	229
14917	_price	230
15251	_price	189
15482	_price	35
15867	_price	2799
15863	_price	780
15863	_price	2799
13184	_price	1749
8158	_price	320
8158	_price	1059
15445	_price	28
15370	_price	59
15506	_price	8
15507	_price	10
15509	_price	11
15504	_price	8
15504	_price	10
15504	_price	11
15344	_price	819
15715	_price	249
15306	_price	146
15308	_price	1498
5110	_price	146
5110	_price	235
15644	_price	110
15418	_price	359
15420	_price	359
15417	_price	359
15759	_price	1890
15837	_price	249
15492	_price	16.72
15476	_price	102
15439	_price	57
14924	_price	389
14930	_price	30
14932	_price	85
14934	_price	200
14936	_price	91
14938	_price	499
14942	_price	499
14947	_price	499
14952	_price	139
14954	_price	355
14956	_price	399
14959	_price	380
14960	_price	99
14968	_price	139
14971	_price	99
14973	_price	490
14980	_price	1159
14981	_price	850
14984	_price	900
14991	_price	60
14995	_price	70
15000	_price	325
15002	_price	199
15005	_price	299
15012	_price	279
15015	_price	265
15017	_price	599
15020	_price	140
15021	_price	145
15022	_price	150
15019	_price	140
15019	_price	145
15019	_price	150
15024	_price	259
15028	_price	170
15029	_price	199
15026	_price	170
15026	_price	199
15030	_price	35
4854	_price	249
4855	_price	399
4853	_price	300
4849	_price	149
4851	_price	300
15041	_price	299
15042	_price	440
15045	_price	159
15046	_price	159
15044	_price	159
15052	_price	35
15057	_price	30
15059	_price	120
15063	_price	120
15065	_price	120
15067	_price	120
15069	_price	140
15079	_price	1725
15083	_price	149
15089	_price	20
15091	_price	27
15092	_price	39
15076	_price	20
15076	_price	27
15076	_price	39
15093	_price	13
15098	_price	1340
15107	_price	869
15118	_price	22
15120	_price	611
13254	_price	400
13254	_price	300
15122	_price	500
15123	_price	400
15124	_price	300
13254	_price	611
13254	_price	735
13254	_price	825
15126	_price	499
15128	_price	550
15136	_price	245
15144	_price	12
15146	_price	130
15148	_price	215
15152	_price	305
15154	_price	210
15160	_price	280
15162	_price	385
15163	_price	300
15157	_price	280
15157	_price	300
15157	_price	385
15166	_price	259
15170	_price	149
15171	_price	229
15172	_price	359
15174	_price	99
15176	_price	60
15181	_price	649
15188	_price	199
15194	_price	320
15199	_price	859
15209	_price	130
15211	_price	235
15279	_price	629
15281	_price	629
15278	_price	629
15750	_price	139
15766	_price	150
15573	_price	34
15574	_price	55
15581	_price	230
15273	_price	250
15868	_price	170
15870	_price	559
15872	_price	1050
15874	_price	1779
8150	_price	170
8150	_price	559
8150	_price	1050
8150	_price	1779
15487	_price	7.70
15767	_price	529
15412	_price	390
15413	_price	1259
15410	_price	390
15410	_price	1259
15335	_price	395
15664	_price	890
15593	_price	395
16368	_price	60
15653	_price	1719
15390	_price	30
16016	_price	26
15588	_price	55
15590	_price	80
15586	_price	55
15586	_price	80
15397	_price	650
15635	_price	455
15637	_price	495
15469	_price	455
15469	_price	495
15513	_price	495
15641	_price	539
15431	_price	30
15435	_price	30
15434	_price	30
15894	_price	195
15696	_price	10
15690	_price	6
15690	_price	7
15690	_price	9
15699	_price	9
15690	_price	10
15702	_price	9
15703	_price	5
15704	_price	7
15705	_price	10
15706	_price	6
15701	_price	5
15701	_price	6
15701	_price	7
15701	_price	9
15701	_price	10
15498	_price	715
15502	_price	16.50
15495	_price	290
4901	_price	249
15576	_price	229
15620	_price	49.90
19673	_price	529
15624	_price	1999
15517	_price	82
15518	_price	64
15519	_price	24
15521	_price	9
15523	_price	59
15527	_price	56
15853	_price	490
15855	_price	1339
15851	_price	1339
15851	_price	490
15861	_price	139
15693	_price	5
15694	_price	7
15572	_price	19
15683	_price	195
15685	_price	249
15680	_price	195
15680	_price	249
15688	_price	700
15691	_price	6
15690	_price	5
15531	_price	9.12
15533	_price	10.80
15539	_price	99
15541	_price	12
15551	_price	131
15553	_price	29
15558	_price	99
15563	_price	37
15565	_price	129
15567	_price	519
15805	_price	2990
15811	_price	77
15815	_price	499
16014	_price	69
5075	_price	713
10272	_price	148
15611	_price	3799
15613	_price	3799
15601	_price	3799
15617	_price	389
15729	_price	580
9025	_price	41
15735	_price	490
15742	_price	79
15744	_price	10
15786	_price	559
15898	_price	559
15904	_price	
15746	_price	100
15925	_price	75
15932	_price	43
15934	_price	390
15813	_price	2699
15797	_price	1459
15800	_price	1169
15802	_price	779
16688	_price	105
19668	_price	549
16397	_price	25
15784	_price	39
15785	_price	69
15776	_price	39
15776	_price	69
15997	_price	230
15999	_price	290
15992	_price	190
15992	_price	230
15992	_price	290
16003	_price	149
15828	_price	20
16004	_price	149
16002	_price	149
16005	_price	200
15803	_price	235
5110	_price	1498
15880	_price	15
15881	_price	1350
15876	_price	15
15876	_price	1350
15882	_price	1080
15886	_price	1998
15888	_price	449
15890	_price	639
15993	_price	149
15994	_price	190
15992	_price	149
15919	_price	212
15921	_price	212
15923	_price	212
16007	_price	299
16012	_price	76
16126	_price	259
16128	_price	229
16124	_price	229
16124	_price	259
15948	_price	585
15976	_price	245
15978	_price	245
15970	_price	230
15970	_price	245
15980	_price	230
15936	_price	1590
8686	_price	830
15940	_price	815
16149	_price	135
16352	_price	359
16354	_price	495
16349	_price	359
16349	_price	495
16356	_price	659
16357	_price	629
16692	_price	240
16473	_price	170
16475	_price	370
14921	_price	170
14921	_price	370
16508	_price	305
16510	_price	570
13478	_price	149
16459	_price	969
16461	_price	969
16457	_price	969
16463	_price	940
14660	_price	990
4978	_price	265
15910	_price	590
4978	_price	590
16670	_price	699
15941	_price	690
15944	_price	130
15946	_price	290
16345	_price	300
16343	_price	220
16341	_price	110
16339	_price	110
16339	_price	220
16339	_price	300
16079	_price	1569
16078	_price	855
16076	_price	605
16067	_price	605
16067	_price	855
16067	_price	1569
16081	_price	1579
15847	_price	15
15849	_price	75
16213	_price	649
16215	_price	599
16211	_price	599
16211	_price	649
15840	_price	149
14457	_price	779
14453	_price	779
15842	_price	135
15844	_price	549
16500	_price	579
16502	_price	1039
16498	_price	579
16498	_price	1039
15957	_price	165
15959	_price	165
15960	_price	135
15962	_price	135
15963	_price	135
15964	_price	135
15965	_price	135
15966	_price	135
15967	_price	135
15968	_price	135
15969	_price	135
15913	_price	468
15915	_price	468
15380	_price	468
16028	_price	46
16035	_price	69
16370	_price	70
16371	_price	100
16372	_price	142
16373	_price	260
16374	_price	430
16375	_price	615
16366	_price	60
16366	_price	70
16366	_price	100
16366	_price	142
16366	_price	260
16366	_price	430
16366	_price	615
16376	_price	149
16044	_price	89
16050	_price	259
16053	_price	360
16055	_price	2399
16387	_price	45
16389	_price	39
16391	_price	49
16393	_price	59
16382	_price	39
16382	_price	45
16382	_price	49
16382	_price	59
16395	_price	629
16468	_price	190
16470	_price	334
16466	_price	190
16466	_price	334
16151	_price	380
16154	_price	629
16162	_price	55
16062	_price	3299
16131	_price	89
16132	_price	110
16130	_price	110
16130	_price	89
16654	_price	930
16082	_price	1929
16085	_price	495
16090	_price	290
16103	_price	120
16102	_price	115
16101	_price	115
16100	_price	110
16098	_price	100
16096	_price	95
16094	_price	92
16092	_price	89
16109	_price	129
10821	_price	89
10821	_price	92
10821	_price	95
10821	_price	100
10821	_price	110
10821	_price	115
10821	_price	120
10821	_price	129
16112	_price	240
16113	_price	699
8230	_price	350
8230	_price	448
16114	_price	649
16119	_price	249
16121	_price	199
16666	_price	590
16147	_price	280
16165	_price	135
16167	_price	149
6275	_price	149
6275	_price	135
16178	_price	298
16180	_price	440
16182	_price	690
16174	_price	690
16174	_price	440
16174	_price	298
16183	_price	440
16185	_price	440
16187	_price	440
16189	_price	440
16192	_price	690
16308	_price	73
16310	_price	90
16312	_price	149
16314	_price	265
16306	_price	73
16306	_price	90
16306	_price	149
16306	_price	265
8768	_price	45
8768	_price	89
13641	_price	45
16196	_price	75
16197	_price	80
16198	_price	90
16200	_price	100
16201	_price	120
16202	_price	90
16204	_price	100
16205	_price	120
16206	_price	145
8768	_price	90
8768	_price	100
8768	_price	115
8768	_price	120
8768	_price	145
8848	_price	42
16207	_price	42
8848	_price	115
8848	_price	139
16209	_price	139
8848	_price	40
16554	_price	95
16554	_price	95
16455	_price	305
16363	_price	1179
16546	_price	125
16218	_price	450
16223	_price	439
16228	_price	130
16234	_price	495
7104	_price	299
6174	_price	180
6174	_price	230
6174	_price	299
16242	_price	759
16248	_price	59
16424	_price	35
16425	_price	48
16422	_price	35
16422	_price	48
16517	_price	477
16316	_price	2199
16320	_price	748
16493	_price	189
16257	_price	349
16262	_price	369
16266	_price	659
16274	_price	299
16276	_price	449
16277	_price	349
16271	_price	299
16271	_price	349
16271	_price	449
16281	_price	959
16285	_price	239
16287	_price	259
16284	_price	239
16284	_price	259
16293	_price	55
16295	_price	374
16297	_price	685
8242	_price	55
8242	_price	374
8242	_price	685
16302	_price	130
16304	_price	399
16299	_price	130
16299	_price	399
16550	_price	65
16552	_price	110
16549	_price	65
16549	_price	110
16421	_price	155
16418	_price	155
13478	_price	305
16446	_price	169
16447	_price	269
9154	_price	120
16448	_price	12
16450	_price	169
16398	_price	329
16402	_price	449
16407	_price	330
16409	_price	297
16476	_price	360
16477	_price	8
16479	_price	259
16496	_price	169
16543	_price	60
16545	_price	99
16540	_price	60
16540	_price	99
16452	_price	45
16454	_price	149
16417	_price	297
16531	_price	309
16533	_price	439
16529	_price	309
16529	_price	439
16537	_price	120
16539	_price	149
16535	_price	120
16535	_price	149
16558	_price	669
16439	_price	269
16428	_price	50
16430	_price	55
16431	_price	85
16433	_price	90
16434	_price	129
16426	_price	50
16426	_price	55
16426	_price	85
16426	_price	90
16426	_price	129
16416	_price	984.0000
16634	_price	1390
16644	_price	1390
16524	_price	412
16526	_price	990
14660	_price	412
16647	_price	1590
16482	_price	590
16485	_price	399
16487	_price	719
16489	_price	379
16566	_price	219
16621	_price	149
16618	_price	149
16618	_price	139
16618	_price	129
16513	_price	95
16520	_price	380
16694	_price	35
16700	_price	110
16571	_price	630
19681	_price	2.80
19683	_price	3.30
19684	_price	2.8
19678	_price	2.80
19678	_price	2.8
19678	_price	3.30
19685	_price	167
19665	_price	45
16619	_price	129
16620	_price	139
16683	_price	45
16672	_price	759
16681	_price	550
16547	_price	265
16574	_price	149
13478	_price	570
16701	_price	110
16702	_price	110
16703	_price	110
16704	_price	110
16699	_price	110
16708	_price	479
16630	_price	149
16632	_price	259
16626	_price	190
16584	_price	169
16580	_price	789
16589	_price	25
16607	_price	229
12765	_price	159
16611	_price	249
16611	_price	249
16603	_price	120
16604	_price	120
16601	_price	120
19669	_price	790
19670	_price	599
19671	_price	379
16709	_price	297.0000
16710	_price	330.0000
16711	_price	449.0000
16712	_price	329.0000
16713	_price	25.0000
16714	_price	629.0000
16715	_price	39.0000
16716	_price	149.0000
16717	_price	60.0000
16718	_price	1179.0000
16719	_price	629.0000
16720	_price	659.0000
16721	_price	359.0000
16722	_price	110.0000
16723	_price	748.0000
16724	_price	2199.0000
16725	_price	73.0000
16726	_price	130.0000
16727	_price	239.0000
16728	_price	959.0000
16729	_price	299.0000
16730	_price	659.0000
16731	_price	369.0000
16732	_price	349.0000
16733	_price	0.0000
16734	_price	59.0000
16735	_price	759.0000
16736	_price	495.0000
16737	_price	130.0000
16738	_price	439.0000
16739	_price	450.0000
16740	_price	599.0000
16741	_price	298.0000
16742	_price	55.0000
16743	_price	629.0000
16744	_price	380.0000
16745	_price	135.0000
16746	_price	280.0000
16747	_price	89.0000
16748	_price	229.0000
16749	_price	199.0000
16750	_price	249.0000
16751	_price	649.0000
16752	_price	699.0000
16753	_price	240.0000
16754	_price	290.0000
16755	_price	495.0000
16756	_price	1929
16757	_price	1579.0000
16758	_price	605.0000
16759	_price	3299.0000
16760	_price	2399.0000
16761	_price	360.0000
16762	_price	259.0000
16763	_price	89.0000
16764	_price	0.0000
16765	_price	69.0000
16766	_price	46.0000
16767	_price	345.0000
16768	_price	26.0000
16769	_price	69.0000
16770	_price	76.0000
16771	_price	299.0000
16772	_price	200.0000
16773	_price	149.0000
16774	_price	149.0000
16775	_price	230.0000
16776	_price	585.0000
16777	_price	290.0000
16778	_price	130.0000
16779	_price	690.0000
16780	_price	815.0000
16781	_price	1590.0000
16782	_price	390.0000
16783	_price	43.0000
16784	_price	75.0000
16785	_price	212.0000
16786	_price	0.0000
16787	_price	0.0000
16788	_price	559.0000
16789	_price	195.0000
16790	_price	590.0000
16791	_price	639.0000
16792	_price	449.0000
16793	_price	1998.0000
16794	_price	1080.0000
16795	_price	15.0000
16796	_price	780.0000
16797	_price	139.0000
16798	_price	490.0000
16799	_price	75.0000
16800	_price	15.0000
16801	_price	0.0000
16802	_price	549.0000
16803	_price	135.0000
16804	_price	149.0000
16805	_price	249.0000
16806	_price	19.0000
16807	_price	92.0000
16808	_price	499.0000
16809	_price	2699.0000
16810	_price	77.0000
16811	_price	2990.0000
16812	_price	779.0000
16813	_price	1169.0000
16814	_price	1459.0000
16815	_price	559.0000
16816	_price	39.0000
16817	_price	529.0000
16818	_price	150.0000
16819	_price	139.0000
16820	_price	1890.0000
16821	_price	339.0000
16822	_price	165.0000
16823	_price	335.0000
16824	_price	0.0000
16825	_price	100.0000
16826	_price	10.0000
16827	_price	79.0000
16828	_price	490.0000
16829	_price	580.0000
16830	_price	190.0000
16831	_price	590.0000
16832	_price	249.0000
16833	_price	15.0000
16834	_price	235.0000
16835	_price	5.0000
16836	_price	5.0000
16837	_price	700.0000
16838	_price	195.0000
16839	_price	1370.0000
16840	_price	890.0000
16841	_price	1719.0000
16842	_price	110.0000
16843	_price	95.0000
16844	_price	95.0000
16845	_price	539.0000
16846	_price	495.0000
16847	_price	455.0000
16848	_price	1999.0000
16849	_price	49.9000
16850	_price	389.0000
16851	_price	3799.0000
16852	_price	395.0000
16853	_price	55.0000
16854	_price	230.0000
16855	_price	229.0000
16856	_price	55.0000
16857	_price	34.0000
16858	_price	19.0000
16859	_price	519.0000
16860	_price	129.0000
16861	_price	37.0000
16862	_price	99.0000
16863	_price	29.0000
16864	_price	131.0000
16865	_price	12.0000
16866	_price	99.0000
16867	_price	10.8000
16868	_price	9.1200
16869	_price	56.0000
16870	_price	59.0000
16871	_price	9.0000
16872	_price	24.0000
16873	_price	64.0000
16874	_price	82.0000
16875	_price	8.0000
16876	_price	16.5000
16877	_price	715.0000
16878	_price	290.0000
16879	_price	7.7000
16880	_price	35.0000
16881	_price	102.0000
16882	_price	28.0000
16883	_price	57.0000
16884	_price	30.0000
16885	_price	30.0000
16886	_price	30.0000
16887	_price	96.0000
16888	_price	435.0000
16889	_price	359.0000
16890	_price	390.0000
16891	_price	650.0000
16892	_price	30.0000
16893	_price	468.0000
16894	_price	104.0000
16895	_price	59.0000
16896	_price	26.0000
16897	_price	46.0000
16898	_price	450.0000
16899	_price	299.0000
16900	_price	790.0000
16901	_price	135.0000
16902	_price	1015.0000
16903	_price	819.0000
16904	_price	395.0000
16905	_price	480.0000
16906	_price	629.0000
16907	_price	250.0000
16908	_price	390.0000
16909	_price	185.0000
16910	_price	220.0000
16911	_price	189.0000
16912	_price	449.0000
16913	_price	79.0000
16914	_price	69.0000
16915	_price	270.0000
16916	_price	669.0000
16917	_price	359.0000
16918	_price	199.0000
16919	_price	235.0000
16920	_price	110.0000
16921	_price	859.0000
16922	_price	320.0000
16923	_price	199.0000
16924	_price	649.0000
16925	_price	60.0000
16926	_price	99.0000
16927	_price	359.0000
16928	_price	229.0000
16929	_price	149.0000
16930	_price	259.0000
16931	_price	280.0000
16932	_price	210.0000
16933	_price	305.0000
16934	_price	215.0000
16935	_price	130.0000
16936	_price	12.0000
16937	_price	245.0000
16938	_price	550.0000
16939	_price	499.0000
16940	_price	22.0000
16941	_price	869.0000
16942	_price	1340.0000
16943	_price	13.0000
16944	_price	149.0000
16945	_price	1725.0000
16946	_price	20.0000
16947	_price	140.0000
16948	_price	120.0000
16949	_price	120.0000
16950	_price	120.0000
16951	_price	120.0000
16952	_price	30.0000
16953	_price	35.0000
16954	_price	159.0000
16955	_price	440.0000
16956	_price	299.0000
16957	_price	35.0000
16958	_price	170.0000
16959	_price	259.0000
16960	_price	140.0000
16961	_price	599.0000
16962	_price	265.0000
16963	_price	279.0000
16964	_price	299.0000
16965	_price	199.0000
16966	_price	325.0000
16967	_price	70.0000
16968	_price	60.0000
16969	_price	900.0000
16970	_price	850.0000
16971	_price	1159.0000
16972	_price	490.0000
16973	_price	99.0000
16974	_price	139.0000
16975	_price	99.0000
16976	_price	380.0000
16977	_price	399.0000
16978	_price	355.0000
16979	_price	139.0000
16980	_price	499.0000
16981	_price	499.0000
16982	_price	499.0000
16983	_price	91.0000
16984	_price	200.0000
16985	_price	85.0000
16986	_price	30.0000
16987	_price	389.0000
16988	_price	300.0000
16989	_price	230.0000
16990	_price	229.0000
16991	_price	190.0000
16992	_price	699.0000
16993	_price	169.0000
16994	_price	370.0000
16995	_price	220.0000
16996	_price	50.0000
16997	_price	75.0000
16998	_price	259.0000
16999	_price	249.0000
17000	_price	590.0000
17001	_price	697.0000
17002	_price	299.0000
17003	_price	95.0000
17004	_price	999.0000
17005	_price	820.0000
17006	_price	1119.0000
17007	_price	99.0000
17008	_price	1345.0000
17009	_price	1345.0000
17010	_price	439.0000
17011	_price	299.0000
17012	_price	139.0000
17013	_price	599.0000
17014	_price	499.0000
17015	_price	359.0000
17016	_price	1999.0000
17017	_price	349.0000
17018	_price	1190.0000
17019	_price	190.0000
17020	_price	479.0000
17021	_price	300.0000
17022	_price	939.0000
17023	_price	269.0000
17024	_price	360.0000
17025	_price	2100.0000
17026	_price	2190.0000
17027	_price	420.0000
17028	_price	420.0000
17029	_price	429.0000
17030	_price	220.0000
17031	_price	119.0000
17032	_price	60.0000
17033	_price	365.0000
17034	_price	329.0000
17035	_price	399.0000
17036	_price	369.0000
17037	_price	339.0000
17038	_price	690.0000
17039	_price	180.0000
17040	_price	829.0000
17041	_price	239.0000
17042	_price	315.0000
17043	_price	259.0000
17044	_price	1100.0000
17045	_price	199.0000
17046	_price	85.0000
17047	_price	95.0000
17048	_price	159.0000
17049	_price	1099.0000
17050	_price	799.0000
17051	_price	152.0000
17052	_price	759.0000
17053	_price	99.0000
17054	_price	849.0000
17055	_price	70.0000
17056	_price	60.0000
17057	_price	0.0000
17058	_price	599.0000
17059	_price	412.0000
17060	_price	369.0000
17061	_price	999.0000
17062	_price	799.0000
17063	_price	1149.0000
17064	_price	1229.0000
17065	_price	149.0000
17066	_price	560.0000
17067	_price	95.0000
17068	_price	255.0000
17069	_price	129.0000
17070	_price	549.0000
17071	_price	390.0000
17072	_price	485.0000
17073	_price	599.0000
17074	_price	476.0000
17075	_price	776.0000
17076	_price	690.0000
17077	_price	155.0000
17078	_price	79.0000
17079	_price	80.0000
17080	_price	525.0000
17081	_price	349.0000
17082	_price	100.0000
17083	_price	309.0000
17084	_price	495.0000
17085	_price	45.0000
17086	_price	80.0000
17087	_price	50.0000
17088	_price	185.0000
17089	_price	210.0000
17090	_price	69.0000
17091	_price	280.0000
17092	_price	149.0000
17093	_price	449.0000
17094	_price	229.0000
17095	_price	790.0000
17096	_price	239.0000
17097	_price	29.0000
17098	_price	190.0000
17099	_price	80.0000
17100	_price	160.0000
17101	_price	299.0000
17102	_price	625.0000
17103	_price	289.0000
17104	_price	346.0000
17105	_price	210.0000
17106	_price	290.0000
17107	_price	899.0000
17108	_price	299.0000
17109	_price	10.0000
17110	_price	212.0000
17111	_price	1799.0000
17112	_price	380.0000
17113	_price	448.0000
17114	_price	120.0000
17115	_price	80.0000
17116	_price	160.0000
17117	_price	18.0000
17118	_price	34.0000
17119	_price	75.0000
17120	_price	12.9000
17121	_price	17.0000
17122	_price	980.0000
17123	_price	690.0000
17124	_price	214.0000
17125	_price	200.0000
17126	_price	798.0000
17127	_price	129.0000
17128	_price	175.0000
17129	_price	310.0000
17130	_price	300.0000
17131	_price	290.0000
17132	_price	380.0000
17133	_price	210.0000
17134	_price	699.0000
17135	_price	680.0000
17136	_price	300.0000
17137	_price	439.0000
17138	_price	50.0000
17139	_price	11.0000
17140	_price	299.0000
17141	_price	190.0000
17142	_price	26.0000
17143	_price	110.0000
17144	_price	35.0000
17145	_price	10.0000
17146	_price	16.0000
17147	_price	15.0000
17148	_price	20.0000
17149	_price	145.0000
17150	_price	480.0000
17151	_price	267.0000
17152	_price	1329.0000
17153	_price	53.0000
17154	_price	699.0000
17155	_price	1499.0000
17156	_price	72.0000
17157	_price	99.0000
17158	_price	159.0000
17159	_price	680.0000
17160	_price	47.0000
17161	_price	2698.0000
17162	_price	1349.0000
17163	_price	380.0000
17164	_price	1215.0000
17165	_price	649.0000
17166	_price	149.0000
17167	_price	1199.0000
17168	_price	359.0000
17169	_price	549.0000
17170	_price	140.0000
17171	_price	675.0000
17172	_price	890.0000
17173	_price	89.0000
17174	_price	170.0000
17175	_price	255.0000
17176	_price	679.0000
17177	_price	375.0000
17178	_price	89.0000
17179	_price	240.0000
17180	_price	470.0000
17181	_price	290.0000
17182	_price	369.0000
17183	_price	765.0000
17184	_price	198.0000
17185	_price	199.0000
17186	_price	569.0000
17187	_price	205.0000
17188	_price	325.0000
17189	_price	290.0000
17190	_price	180.0000
17191	_price	299.0000
17192	_price	449.0000
17193	_price	160.0000
17194	_price	799.0000
17195	_price	566.0000
17196	_price	507.0000
17197	_price	714.0000
17198	_price	688.0000
17199	_price	490.0000
17200	_price	547.0000
17201	_price	362.0000
17202	_price	372.0000
17203	_price	338.0000
17204	_price	372.0000
17205	_price	346.0000
17206	_price	429.0000
17207	_price	395.0000
17208	_price	490.0000
17209	_price	395.0000
17210	_price	429.0000
17211	_price	470.0000
17212	_price	416.0000
17213	_price	486.0000
17214	_price	545.0000
17215	_price	524.0000
17216	_price	383.0000
17217	_price	510.0000
17218	_price	370.0000
17219	_price	345.0000
17220	_price	298.0000
17221	_price	480.0000
17222	_price	749.0000
17223	_price	129.0000
17224	_price	189.0000
17225	_price	129.0000
17226	_price	885.0000
17227	_price	1596.0000
17228	_price	469.0000
17229	_price	805.0000
17230	_price	1100.0000
17231	_price	299.0000
17232	_price	390.0000
17233	_price	149.0000
17234	_price	290.0000
17235	_price	399.0000
17236	_price	750.0000
17237	_price	460.0000
17238	_price	249.0000
17239	_price	490.0000
17240	_price	795.0000
17241	_price	390.0000
17242	_price	360.0000
17243	_price	390.0000
17244	_price	469.0000
17245	_price	25.0000
17246	_price	39.0000
17247	_price	29.0000
17248	_price	239.0000
17249	_price	290.0000
17250	_price	230.0000
17251	_price	120.0000
17252	_price	90.0000
17253	_price	1.5200
17254	_price	60.0000
17255	_price	720.0000
17256	_price	529.0000
17257	_price	249.0000
17258	_price	90.0000
17259	_price	800.0000
17260	_price	245.0000
17261	_price	93.0000
17262	_price	339.0000
17263	_price	160.0000
17264	_price	25.0000
17265	_price	759.0000
17266	_price	790.0000
17267	_price	499.0000
17268	_price	829.0000
17269	_price	610.0000
17270	_price	18.0000
17271	_price	26.0000
17272	_price	39.0000
17273	_price	142.0000
17274	_price	116.0000
17275	_price	116.0000
17276	_price	35.0000
17277	_price	65.0000
17278	_price	65.0000
17279	_price	20.0000
17280	_price	175.0000
17281	_price	99.0000
17282	_price	15.0000
17283	_price	10.0000
17284	_price	15.0000
17285	_price	50.0000
17286	_price	24.0000
17287	_price	30.0000
17288	_price	47.0000
17289	_price	539.0000
17290	_price	1190.0000
17291	_price	299.0000
17292	_price	949.0000
17293	_price	800.0000
17294	_price	335.0000
17295	_price	275.0000
17296	_price	1150.0000
17297	_price	120.0000
17298	_price	405.0000
17299	_price	329.0000
17300	_price	569.0000
17301	_price	725.0000
17302	_price	449.0000
17303	_price	120.0000
17304	_price	100.0000
17305	_price	33.0000
17306	_price	15.0000
17307	_price	80.0000
17308	_price	81.0000
17309	_price	250.0000
17310	_price	14.0000
17311	_price	3.5000
17312	_price	11.0000
17313	_price	435.0000
17314	_price	60.0000
17315	_price	1040.0000
17316	_price	559.0000
17317	_price	450.0000
17318	_price	299.0000
17319	_price	320.0000
17320	_price	500.0000
17321	_price	28.0000
17322	_price	249.0000
17323	_price	17.0000
17324	_price	18.0000
17325	_price	13.0000
17326	_price	11.0000
17327	_price	1099.0000
17328	_price	220.0000
17329	_price	2139.0000
17330	_price	25.0000
17331	_price	160.0000
17332	_price	110.0000
17333	_price	189.0000
17334	_price	112.0000
17335	_price	139.0000
17336	_price	39.0000
17337	_price	650.0000
17338	_price	159.0000
17339	_price	189.0000
17340	_price	139.0000
17341	_price	3299.0000
17342	_price	456.0000
17343	_price	55.0000
17344	_price	120.0000
17345	_price	232.0000
17346	_price	810.0000
17347	_price	455.0000
17348	_price	2934.0000
17349	_price	660.0000
17350	_price	235.0000
17351	_price	335.0000
17352	_price	565.0000
17353	_price	480.0000
17354	_price	650.0000
17355	_price	1450.0000
17356	_price	320.0000
17357	_price	325.0000
17358	_price	1099.0000
17359	_price	2.3000
17360	_price	57.0000
17361	_price	103.0000
17362	_price	75.0000
17363	_price	44.0000
17364	_price	979.0000
17365	_price	200.0000
17366	_price	149.0000
17367	_price	8469.0000
17368	_price	210.0000
17369	_price	305.0000
17370	_price	570.0000
17371	_price	220.0000
17372	_price	239.0000
17373	_price	499.0000
17374	_price	95.0000
17375	_price	170.0000
17376	_price	289.0000
17377	_price	1250.0000
17378	_price	10.0000
17379	_price	890.0000
17380	_price	990.0000
17381	_price	480.0000
17382	_price	220.0000
17383	_price	669.0000
17384	_price	49.0000
17385	_price	14.0000
17386	_price	796.0000
17387	_price	125.0000
17388	_price	125.0000
17389	_price	659.0000
17390	_price	999.0000
17391	_price	109.0000
17392	_price	1200.0000
17393	_price	159.0000
17394	_price	940.0000
17395	_price	220.0000
17396	_price	895.0000
17397	_price	870.0000
17398	_price	175.0000
17399	_price	180.0000
17400	_price	599.0000
17401	_price	572.0000
17402	_price	420.0000
17403	_price	169.0000
17404	_price	599.0000
17405	_price	245.0000
17406	_price	160.0000
17407	_price	70.0000
17408	_price	625.0000
17409	_price	56.0000
17410	_price	380.0000
17411	_price	4.0000
17412	_price	4.0000
17413	_price	120.0000
17414	_price	70.0000
17415	_price	260.0000
17416	_price	10.0000
17417	_price	90.0000
17418	_price	300.0000
17419	_price	3397.0000
17420	_price	629.0000
17421	_price	57.0000
17422	_price	415.0000
17423	_price	469.0000
17424	_price	3249.0000
17425	_price	115.0000
17426	_price	210.0000
17427	_price	80.0000
17428	_price	1049.0000
17429	_price	1699.0000
17430	_price	110.0000
17431	_price	289.0000
17432	_price	550.0000
17433	_price	445.0000
17434	_price	459.0000
17435	_price	162.0000
17436	_price	1427.0000
17437	_price	290.0000
17438	_price	230.0000
17439	_price	259.0000
17440	_price	89.0000
17441	_price	525.0000
17442	_price	69.9000
17443	_price	1648.0000
17444	_price	1200.0000
17445	_price	880.0000
17446	_price	245.0000
17447	_price	10.0000
17448	_price	789.0000
17449	_price	240.0000
17450	_price	480.0000
17451	_price	325.0000
17452	_price	125.0000
17453	_price	399.0000
17454	_price	349.0000
17455	_price	590.0000
17456	_price	619.0000
17457	_price	1449.0000
17458	_price	6.0000
17459	_price	14.0000
17460	_price	1445.0000
17461	_price	105.0000
17462	_price	699.0000
17463	_price	315.0000
17464	_price	369.0000
17465	_price	169.0000
17466	_price	3.1900
17467	_price	129.0000
17468	_price	149.0000
17469	_price	125.0000
17470	_price	190.0000
17471	_price	437.0000
17472	_price	429.0000
17473	_price	82.0000
17474	_price	459.0000
17475	_price	39.0000
17476	_price	99.0000
17477	_price	75.0000
17478	_price	18.0000
17479	_price	26.0000
17480	_price	103.0000
17481	_price	116.0000
17482	_price	589.0000
17483	_price	269.0000
17484	_price	239.0000
17485	_price	310.0000
17486	_price	239.0000
17487	_price	95.0000
17488	_price	79.0000
17489	_price	330.0000
17490	_price	0.0000
17491	_price	149.0000
17492	_price	550.0000
17493	_price	650.0000
17494	_price	770.0000
17495	_price	290.0000
17496	_price	89.0000
17497	_price	1762.0000
17498	_price	290.0000
17499	_price	38.0000
17500	_price	79.0000
17501	_price	215.0000
17502	_price	20.0000
17503	_price	820.0000
17504	_price	280.0000
17505	_price	280.0000
17506	_price	195.0000
17507	_price	220.0000
17508	_price	1069.0000
17509	_price	449.0000
17510	_price	420.0000
17511	_price	200.0000
17512	_price	390.0000
17513	_price	599.0000
17514	_price	100.0000
17515	_price	649.0000
17516	_price	799.0000
17517	_price	180.0000
17518	_price	510.0000
17519	_price	99.0000
17520	_price	130.0000
17521	_price	280.0000
17522	_price	250.0000
17523	_price	2390.0000
17524	_price	520.0000
17525	_price	80.0000
17526	_price	365.0000
17527	_price	320.0000
17528	_price	269.0000
17529	_price	699.0000
17530	_price	890.0000
17531	_price	0.0000
17532	_price	529.0000
17533	_price	60.0000
17534	_price	70.0000
17535	_price	122.0000
17536	_price	260.0000
17537	_price	299.0000
17538	_price	145.0000
17539	_price	115.0000
17540	_price	210.0000
17541	_price	485.0000
17542	_price	345.0000
17543	_price	225.0000
17544	_price	135.0000
17545	_price	270.0000
17546	_price	70.0000
17547	_price	100.0000
17548	_price	120.0000
17549	_price	400.0000
17550	_price	476.0000
17551	_price	585.0000
17552	_price	476.0000
17553	_price	165.0000
17554	_price	150.0000
17555	_price	30.0000
17556	_price	170.0000
17557	_price	16.0000
17558	_price	10.0000
17559	_price	320.0000
17560	_price	370.0000
17561	_price	749.0000
17562	_price	99.0000
17563	_price	530.0000
17564	_price	255.0000
17565	_price	85.0000
17566	_price	35.0000
17567	_price	30.0000
17568	_price	325.0000
17569	_price	315.0000
17570	_price	530.0000
17571	_price	725.0000
17572	_price	166.0000
17573	_price	25.0000
17574	_price	820.0000
17575	_price	650.0000
17576	_price	220.0000
17577	_price	2129.0000
17578	_price	1030.0000
17579	_price	1120.0000
17580	_price	297.0000
17581	_price	165.0000
17582	_price	520.0000
17583	_price	120.0000
17584	_price	1700.0000
17585	_price	1040.0000
17586	_price	1170.0000
17587	_price	1170.0000
17588	_price	70.0000
17589	_price	200.0000
17590	_price	1140.0000
17591	_price	320.0000
17592	_price	305.0000
17593	_price	175.0000
17594	_price	240.0000
17595	_price	170.0000
17596	_price	170.0000
17597	_price	110.0000
17598	_price	210.0000
17599	_price	28.0000
17600	_price	649.0000
17601	_price	449.0000
17602	_price	375.0000
17603	_price	299.0000
17604	_price	520.0000
17605	_price	290.0000
17606	_price	345.0000
17607	_price	180.0000
17608	_price	850.0000
17609	_price	995.0000
17610	_price	195.0000
17611	_price	88.0000
17612	_price	30.0000
17613	_price	349.0000
17614	_price	436.0000
17615	_price	75.0000
17616	_price	459.0000
17617	_price	90.0000
17618	_price	106.0000
17619	_price	106.0000
17620	_price	6.0000
17621	_price	7.0000
17622	_price	10.0000
17623	_price	13.0000
17624	_price	568.0000
17625	_price	317.0000
17626	_price	171.0000
17627	_price	129.0000
17628	_price	129.0000
17629	_price	549.0000
17630	_price	249.0000
17631	_price	265.0000
17632	_price	45.0000
17633	_price	145.0000
17634	_price	145.0000
17635	_price	160.0000
17636	_price	160.0000
17637	_price	335.0000
17638	_price	399.0000
17639	_price	958.0000
17640	_price	779.0000
17641	_price	1059.0000
17642	_price	840.0000
17643	_price	200.0000
17644	_price	115.0000
17645	_price	460.0000
17646	_price	170.0000
17647	_price	5950.0000
17648	_price	10.0000
17649	_price	140.0000
17650	_price	40.0000
17651	_price	270.0000
17652	_price	645.0000
17653	_price	399.0000
17654	_price	345.0000
17655	_price	583.0000
17656	_price	349.0000
17657	_price	290.0000
17658	_price	230.0000
17659	_price	1490.0000
17660	_price	3890.0000
17661	_price	147.0000
17662	_price	445.0000
17663	_price	30.0000
17664	_price	625.0000
17665	_price	460.0000
17666	_price	119.0000
17667	_price	670.0000
17668	_price	245.0000
17669	_price	105.0000
17670	_price	170.0000
17671	_price	20.0000
17672	_price	1169.0000
17673	_price	199.0000
17674	_price	260.0000
17675	_price	430.0000
17676	_price	430.0000
17677	_price	330.0000
17678	_price	330.0000
17679	_price	50.0000
17680	_price	210.0000
17681	_price	210.0000
17682	_price	179.0000
17683	_price	1989.0000
17684	_price	990.0000
17685	_price	55.0000
17686	_price	110.0000
17687	_price	125.0000
17688	_price	95.0000
17689	_price	250.0000
17690	_price	1090.0000
17691	_price	140.0000
17692	_price	70.0000
17693	_price	152.0000
17694	_price	663.0000
17695	_price	478.0000
17696	_price	269.0000
17697	_price	249.0000
17698	_price	235.0000
17699	_price	25.0000
17700	_price	20.0000
17701	_price	2.2000
17702	_price	679.0000
17703	_price	99.0000
17704	_price	780.0000
17705	_price	159.0000
17706	_price	1026.0000
17707	_price	820.0000
17708	_price	470.0000
17709	_price	470.0000
17710	_price	469.0000
17711	_price	685.0000
17712	_price	629.0000
17713	_price	89.0000
17714	_price	8.0000
17715	_price	10.0000
17716	_price	18.0000
17717	_price	30.0000
17718	_price	25.0000
17719	_price	22.0000
17720	_price	47.0000
17721	_price	229.0000
17722	_price	440.0000
17723	_price	495.0000
17724	_price	599.0000
17725	_price	294.0000
17726	_price	190.0000
17727	_price	226.0000
17728	_price	599.0000
17729	_price	525.0000
17730	_price	249.0000
17731	_price	180.0000
17732	_price	180.0000
17733	_price	260.0000
17734	_price	1159.0000
17735	_price	280.0000
17736	_price	320.0000
17737	_price	490.0000
17738	_price	250.0000
17739	_price	195.0000
17740	_price	540.0000
17741	_price	210.0000
17742	_price	460.0000
17743	_price	799.0000
17744	_price	44.0000
17745	_price	96.0000
17746	_price	745.0000
17747	_price	205.0000
17748	_price	369.0000
17749	_price	150.0000
17750	_price	299.0000
17751	_price	235.0000
17752	_price	50.0000
17753	_price	350.0000
17754	_price	200.0000
17755	_price	229.0000
17756	_price	30.0000
17757	_price	2390.0000
17758	_price	310.0000
17759	_price	275.0000
17760	_price	280.0000
17761	_price	590.0000
17762	_price	528.0000
17763	_price	225.0000
17764	_price	485.0000
17765	_price	769.0000
17766	_price	630.0000
17767	_price	448.0000
17768	_price	610.0000
17769	_price	170.0000
17770	_price	120.0000
17771	_price	120.0000
17772	_price	240.0000
17773	_price	240.0000
17774	_price	43.0000
17775	_price	120.0000
17776	_price	149.0000
17777	_price	149.0000
17778	_price	160.0000
17779	_price	899.0000
17780	_price	599.0000
17781	_price	100.0000
17782	_price	365.0000
17783	_price	0.0000
17784	_price	350.0000
17785	_price	459.0000
17786	_price	139.0000
17787	_price	180.0000
17788	_price	280.0000
17789	_price	160.0000
17790	_price	132.0000
17791	_price	143.0000
17792	_price	70.0000
17793	_price	165.0000
17794	_price	240.0000
17795	_price	100.0000
17796	_price	65.0000
17797	_price	175.0000
17798	_price	125.0000
17799	_price	165.0000
17800	_price	165.0000
17801	_price	400.0000
17802	_price	88.0000
17803	_price	53.0000
17804	_price	54.0000
17805	_price	107.0000
17806	_price	165.0000
17807	_price	785.0000
17808	_price	785.0000
17809	_price	1065.0000
17810	_price	299.0000
17811	_price	1365.0000
17812	_price	375.0000
17813	_price	1950.0000
17814	_price	380.0000
17815	_price	280.0000
17816	_price	280.0000
17817	_price	0.0000
17818	_price	300.0000
17819	_price	140.0000
17820	_price	1595.0000
17821	_price	558.0000
17822	_price	379.0000
17823	_price	275.0000
17824	_price	945.0000
17825	_price	696.0000
17826	_price	60.0000
17827	_price	455.0000
17828	_price	425.0000
17829	_price	169.0000
17830	_price	570.0000
17831	_price	460.0000
17832	_price	1040.0000
17833	_price	1240.0000
17834	_price	378.0000
17835	_price	435.0000
17836	_price	135.0000
17837	_price	275.0000
17838	_price	95.0000
17839	_price	135.0000
17840	_price	99.0000
17841	_price	75.0000
17842	_price	150.0000
17843	_price	385.0000
17844	_price	395.0000
17845	_price	699.0000
17846	_price	1890.0000
17847	_price	650.0000
17848	_price	435.0000
17849	_price	158.0000
17850	_price	690.0000
17851	_price	39.0000
17852	_price	360.0000
17853	_price	89.0000
17854	_price	435.0000
17855	_price	556.0000
17856	_price	728.0000
17857	_price	869.0000
17858	_price	45.0000
17859	_price	50.0000
17860	_price	345.0000
17861	_price	165.0000
17862	_price	1060.0000
17863	_price	1050.0000
17864	_price	100.0000
17865	_price	345.0000
17866	_price	315.0000
17867	_price	275.0000
17868	_price	205.0000
17869	_price	1950.0000
17870	_price	1525.0000
17871	_price	640.0000
17872	_price	340.0000
17873	_price	255.0000
17874	_price	320.0000
17875	_price	575.0000
17876	_price	430.0000
17877	_price	356.0000
17878	_price	476.0000
17879	_price	265.0000
17880	_price	749.0000
17881	_price	70.0000
17882	_price	56.0000
17883	_price	35.0000
17884	_price	350.0000
17885	_price	10.0000
17886	_price	167.0000
17887	_price	180.0000
17888	_price	80.0000
17889	_price	48.0000
17890	_price	35.0000
17891	_price	770.0000
17892	_price	630.0000
17893	_price	479.0000
17894	_price	205.0000
17895	_price	180.0000
17896	_price	360.0000
17897	_price	61.0000
17898	_price	120.0000
17899	_price	99.0000
17900	_price	190.0000
17901	_price	685.0000
17902	_price	530.0000
17903	_price	8.0000
17904	_price	350.0000
17905	_price	690.0000
17906	_price	820.0000
17907	_price	227.0000
17908	_price	705.0000
17909	_price	485.0000
17910	_price	449.0000
17911	_price	340.0000
17912	_price	417.0000
17913	_price	245.0000
17914	_price	99.0000
17915	_price	316.0000
17916	_price	479.0000
17917	_price	479.0000
17918	_price	105.0000
17919	_price	90.0000
17920	_price	540.0000
17921	_price	26.0000
17922	_price	24.0000
17923	_price	90.0000
17924	_price	428.0000
17925	_price	410.0000
17926	_price	170.0000
17927	_price	220.0000
17928	_price	170.0000
17929	_price	190.0000
17930	_price	210.0000
17931	_price	445.0000
17932	_price	479.0000
17933	_price	380.0000
17934	_price	77.0000
17935	_price	895.0000
17936	_price	800.0000
17937	_price	140.0000
17938	_price	140.0000
17939	_price	130.0000
17940	_price	349.0000
17941	_price	120.0000
17942	_price	130.0000
17943	_price	275.0000
17944	_price	135.0000
17945	_price	90.0000
17946	_price	79.0000
17947	_price	110.0000
17948	_price	60.0000
17949	_price	945.0000
17950	_price	177.0000
17951	_price	180.0000
17952	_price	282.0000
17953	_price	422.0000
17954	_price	399.0000
17955	_price	390.0000
17956	_price	490.0000
17957	_price	545.0000
17958	_price	879.0000
17959	_price	125.0000
17960	_price	95.0000
17961	_price	25.0000
17962	_price	35.0000
17963	_price	120.0000
17964	_price	102.0000
17965	_price	405.0000
17966	_price	450.0000
17967	_price	134.0000
17968	_price	146.0000
17969	_price	45.0000
17970	_price	260.0000
17971	_price	204.0000
17972	_price	145.0000
17973	_price	475.0000
17974	_price	148.0000
17975	_price	148.0000
17976	_price	115.0000
17977	_price	139.0000
17978	_price	10.0000
17979	_price	5920.0000
17980	_price	3190.0000
17981	_price	749.0000
17982	_price	100.0000
17983	_price	159.0000
17984	_price	1000.0000
17985	_price	724.0000
17986	_price	0.0000
17987	_price	625.0000
17988	_price	260.0000
17989	_price	225.0000
17990	_price	1160.0000
17991	_price	1900.0000
17992	_price	400.0000
17993	_price	450.0000
17994	_price	390.0000
17995	_price	549.0000
17996	_price	550.0000
17997	_price	1080.0000
17998	_price	599.0000
17999	_price	3890.0000
18000	_price	927.0000
18001	_price	598.0000
18002	_price	821.0000
18003	_price	400.0000
18004	_price	740.0000
18005	_price	1285.0000
18006	_price	699.0000
18007	_price	539.0000
18008	_price	499.0000
18009	_price	499.0000
18010	_price	300.0000
18011	_price	270.0000
18012	_price	300.0000
18013	_price	280.0000
18014	_price	240.0000
18015	_price	240.0000
18016	_price	23.0000
18017	_price	110.0000
18018	_price	146.0000
18019	_price	180.0000
18020	_price	220.0000
18021	_price	175.0000
18022	_price	99.0000
18023	_price	1488.0000
18024	_price	70.0000
18025	_price	70.0000
18026	_price	100.0000
18027	_price	120.0000
18028	_price	120.0000
18029	_price	110.0000
18030	_price	245.0000
18031	_price	124.0000
18032	_price	175.0000
18033	_price	141.0000
18034	_price	150.0000
18035	_price	155.0000
18036	_price	100.0000
18037	_price	165.0000
18038	_price	120.0000
18039	_price	85.0000
18040	_price	95.0000
18041	_price	70.0000
18042	_price	80.0000
18043	_price	250.0000
18044	_price	300.0000
18045	_price	70.0000
18046	_price	120.0000
18047	_price	270.0000
18048	_price	190.0000
18049	_price	135.0000
18050	_price	694.0000
18051	_price	529.0000
18052	_price	195.0000
18053	_price	1105.0000
18054	_price	120.0000
18055	_price	2550.0000
18056	_price	330.0000
18057	_price	290.0000
18058	_price	220.0000
18059	_price	2580.0000
18060	_price	99.0000
18061	_price	250.0000
18062	_price	70.0000
18063	_price	70.0000
18064	_price	140.0000
18065	_price	150.0000
18066	_price	270.0000
18067	_price	150.0000
18068	_price	95.0000
18069	_price	85.0000
18070	_price	0.0000
18071	_price	85.0000
18072	_price	130.0000
18073	_price	380.0000
18074	_price	200.0000
18075	_price	50.0000
18076	_price	245.0000
18077	_price	215.0000
18078	_price	112.0000
18079	_price	110.0000
18080	_price	105.0000
18081	_price	70.0000
18082	_price	70.0000
18083	_price	140.0000
18084	_price	120.0000
18085	_price	220.0000
18086	_price	140.0000
18087	_price	120.0000
18088	_price	230.0000
18089	_price	220.0000
18090	_price	299.0000
18091	_price	187.0000
18092	_price	290.0000
18093	_price	250.0000
18094	_price	274.0000
18095	_price	129.0000
18096	_price	175.0000
18097	_price	235.0000
18098	_price	129.0000
18099	_price	239.0000
18100	_price	90.0000
18101	_price	180.0000
18102	_price	150.0000
18103	_price	170.0000
18104	_price	112.0000
18105	_price	112.0000
18106	_price	230.0000
18107	_price	1481.0000
18108	_price	454.0000
18109	_price	72.0000
18110	_price	38.0000
18111	_price	230.0000
18112	_price	153.0000
18113	_price	120.0000
18114	_price	95.0000
18115	_price	150.0000
18116	_price	160.0000
18117	_price	0.0000
18118	_price	148.0000
18119	_price	100.0000
18120	_price	68.0000
18121	_price	290.0000
18122	_price	150.0000
18123	_price	280.0000
18124	_price	200.0000
18125	_price	0.0000
18126	_price	70.0000
18127	_price	70.0000
18128	_price	70.0000
18129	_price	70.0000
18130	_price	98.0000
18131	_price	180.0000
18132	_price	448.0000
18133	_price	448.0000
18134	_price	650.0000
18135	_price	340.0000
18136	_price	220.0000
18137	_price	180.0000
18138	_price	110.0000
18139	_price	280.0000
18140	_price	448.0000
18141	_price	280.0000
18142	_price	240.0000
18143	_price	512.0000
18144	_price	80.0000
18145	_price	70.0000
18146	_price	30.0000
18147	_price	185.0000
18148	_price	99.0000
18149	_price	545.0000
18150	_price	883.0000
18151	_price	741.0000
18152	_price	136.0000
18153	_price	321.0000
18154	_price	253.0000
18155	_price	32.0000
18156	_price	510.0000
18157	_price	79.0000
18158	_price	99.0000
18159	_price	99.0000
18160	_price	95.0000
18161	_price	146.0000
18162	_price	140.0000
18163	_price	76.0000
18164	_price	76.0000
18165	_price	100.0000
18166	_price	85.0000
18167	_price	85.0000
18168	_price	130.0000
18169	_price	240.0000
18170	_price	120.0000
18171	_price	120.0000
18172	_price	140.0000
18173	_price	30.0000
18174	_price	360.0000
18175	_price	530.0000
18176	_price	532.0000
18177	_price	420.0000
18178	_price	105.0000
18179	_price	330.0000
18180	_price	195.0000
18181	_price	175.0000
18182	_price	250.0000
18183	_price	210.0000
18184	_price	100.0000
18185	_price	295.0000
18186	_price	120.0000
18187	_price	150.0000
18188	_price	120.0000
18189	_price	85.0000
18190	_price	96.0000
18191	_price	500.0000
18192	_price	400.0000
18193	_price	360.0000
18194	_price	112.0000
18195	_price	112.0000
18196	_price	270.0000
18197	_price	260.0000
18198	_price	150.0000
18199	_price	150.0000
18200	_price	150.0000
18201	_price	150.0000
18202	_price	150.0000
18203	_price	150.0000
18204	_price	120.0000
18205	_price	120.0000
18206	_price	80.0000
18207	_price	100.0000
18208	_price	80.0000
18209	_price	80.0000
18210	_price	80.0000
18211	_price	80.0000
18212	_price	80.0000
18213	_price	120.0000
18214	_price	80.0000
18215	_price	120.0000
18216	_price	120.0000
18217	_price	90.0000
18218	_price	90.0000
18219	_price	55.0000
18220	_price	129.0000
18221	_price	60.0000
18222	_price	105.0000
18223	_price	80.0000
18224	_price	80.0000
18225	_price	80.0000
18226	_price	100.0000
18227	_price	80.0000
18228	_price	60.0000
18229	_price	60.0000
18230	_price	60.0000
18231	_price	60.0000
18232	_price	105.0000
18233	_price	100.0000
18234	_price	100.0000
18235	_price	65.0000
18236	_price	65.0000
18237	_price	65.0000
18238	_price	65.0000
18239	_price	325.0000
18240	_price	70.0000
18241	_price	70.0000
18242	_price	65.0000
18243	_price	105.0000
18244	_price	53.0000
18245	_price	56.0000
18246	_price	60.0000
18247	_price	52.0000
18248	_price	86.0000
18249	_price	70.0000
18250	_price	70.0000
18251	_price	60.0000
18252	_price	50.0000
18253	_price	40.0000
18254	_price	920.0000
18255	_price	228.0000
18256	_price	900.0000
18257	_price	900.0000
18258	_price	1000.0000
18259	_price	1400.0000
18260	_price	800.0000
18261	_price	1200.0000
18262	_price	51.0000
18263	_price	185.0000
18264	_price	60.0000
18265	_price	190.0000
18266	_price	190.0000
18267	_price	200.0000
18268	_price	190.0000
18269	_price	190.0000
18270	_price	65.0000
18271	_price	18.0000
18272	_price	550.0000
18273	_price	420.0000
18274	_price	480.0000
18275	_price	418.0000
18276	_price	99.0000
18277	_price	90.0000
18278	_price	70.0000
18279	_price	800.0000
18280	_price	106.0000
18281	_price	300.0000
18282	_price	359.0000
18283	_price	79.0000
18284	_price	30.0000
18285	_price	185.0000
18286	_price	140.0000
18287	_price	290.0000
18288	_price	390.0000
18289	_price	220.0000
18290	_price	240.0000
18291	_price	320.0000
18292	_price	300.0000
18293	_price	225.0000
18294	_price	32.0000
18295	_price	32.0000
18296	_price	130.0000
18297	_price	80.0000
18298	_price	128.0000
18299	_price	485.0000
18300	_price	32.0000
18301	_price	145.0000
18302	_price	38.0000
18303	_price	27.0000
18304	_price	50.0000
18305	_price	50.0000
18306	_price	130.0000
18307	_price	70.0000
18308	_price	380.0000
18309	_price	130.0000
18310	_price	90.0000
18311	_price	225.0000
18312	_price	130.0000
18313	_price	150.0000
18314	_price	432.0000
18315	_price	170.0000
18316	_price	215.0000
18317	_price	0.0000
18318	_price	392.0000
18319	_price	392.0000
18320	_price	229.0000
18321	_price	145.0000
18322	_price	185.0000
18323	_price	129.0000
18324	_price	49.0000
18325	_price	271.0000
18326	_price	69.0000
18327	_price	277.0000
18328	_price	202.0000
18329	_price	120.0000
18330	_price	22.0000
18331	_price	26.0000
18332	_price	48.0000
18333	_price	49.0000
18334	_price	10.0000
18335	_price	10.0000
18336	_price	0.0000
18337	_price	0.0000
18338	_price	0.0000
18339	_price	0.0000
18340	_price	0.0000
18341	_price	280.0000
18342	_price	30.8000
18343	_price	115.0000
18344	_price	740.0000
18345	_price	200.0000
18346	_price	190.0000
18347	_price	160.0000
18348	_price	155.0000
18349	_price	0.0000
18350	_price	150.0000
18351	_price	200.0000
18352	_price	300.0000
18353	_price	945.0000
18354	_price	575.0000
18355	_price	799.0000
18356	_price	57.0000
18357	_price	65.0000
18358	_price	100.0000
18359	_price	178.0000
18360	_price	95.0000
18361	_price	112.3500
18362	_price	28.0000
18363	_price	65.0000
18364	_price	215.0000
18365	_price	100.0000
18366	_price	39.0000
18367	_price	60.0000
18368	_price	80.0000
18369	_price	10.0000
18370	_price	25.0000
18371	_price	25.0000
18372	_price	25.0000
18373	_price	15.0000
18374	_price	15.0000
18375	_price	13.0000
18376	_price	13.0000
18377	_price	20.0000
18378	_price	80.0000
18379	_price	200.0000
18380	_price	50.0000
18381	_price	220.0000
18382	_price	57.0000
18383	_price	795.0000
18384	_price	410.0000
18385	_price	215.0000
18386	_price	180.0000
18387	_price	169.0000
18388	_price	96.0000
18389	_price	179.0000
18390	_price	145.0000
18391	_price	0.0000
18392	_price	532.0000
18393	_price	145.0000
18394	_price	220.0000
18395	_price	3.0000
18396	_price	190.0000
18397	_price	450.0000
18398	_price	100.0000
18399	_price	450.0000
18400	_price	175.0000
18401	_price	750.0000
18402	_price	110.0000
18403	_price	130.0000
18404	_price	750.0000
18405	_price	15.0000
18406	_price	90.0000
18407	_price	650.0000
18408	_price	1950.0000
18409	_price	349.0000
18410	_price	875.0000
18411	_price	1290.0000
18412	_price	58.0000
18413	_price	100.0000
18414	_price	249.7500
18415	_price	2.8000
18416	_price	32.0000
18417	_price	60.0000
18418	_price	270.0000
18419	_price	230.0000
18420	_price	310.0000
18421	_price	58.0000
18422	_price	90.0000
18423	_price	419.0000
18424	_price	290.0000
18425	_price	180.0000
18426	_price	320.0000
18427	_price	290.0000
18428	_price	45.0000
18429	_price	45.0000
18430	_price	45.0000
18431	_price	45.0000
18432	_price	40.0000
18433	_price	15.0000
18434	_price	30.0000
18435	_price	60.0000
18436	_price	700.0000
18437	_price	1400.0000
18438	_price	2030.0000
18439	_price	650.0000
18440	_price	745.0000
18441	_price	2550.0000
18442	_price	55.0000
18443	_price	55.0000
18444	_price	50.0000
18445	_price	25.0000
18446	_price	50.0000
18447	_price	40.0000
18448	_price	45.0000
18449	_price	40.0000
18450	_price	40.0000
18451	_price	490.0000
18452	_price	65.0000
18453	_price	130.0000
18454	_price	118.0000
18455	_price	523.0000
18456	_price	45.0000
18457	_price	45.0000
18458	_price	0.0000
18459	_price	40.0000
18460	_price	86.0000
18461	_price	129.0000
18462	_price	136.0000
18463	_price	46.0000
18464	_price	480.0000
18465	_price	232.0000
18466	_price	189.0000
18467	_price	1195.0000
18468	_price	0.0000
18469	_price	300.0000
18470	_price	190.0000
18471	_price	1160.0000
18472	_price	49.0000
18473	_price	205.0000
18474	_price	160.0000
18475	_price	75.0000
18476	_price	85.0000
18477	_price	830.0000
18478	_price	90.0000
18479	_price	50.0000
18480	_price	330.0000
18481	_price	50.0000
18482	_price	120.0000
18483	_price	400.0000
18484	_price	21.0000
18485	_price	55.0000
18486	_price	149.0000
18487	_price	160.0000
18488	_price	60.0000
18489	_price	390.0000
18490	_price	325.0000
18491	_price	228.0000
18492	_price	180.0000
18493	_price	630.0000
18494	_price	90.0000
18495	_price	70.0000
18496	_price	159.0000
18497	_price	89.0000
18498	_price	42.0000
18499	_price	100.0000
18500	_price	190.0000
18501	_price	1746.0000
18502	_price	670.0000
18503	_price	430.0000
18504	_price	92.0000
18505	_price	75.0000
18506	_price	45.0000
18507	_price	325.0000
18508	_price	70.0000
18509	_price	70.0000
18510	_price	80.0000
18511	_price	100.0000
18512	_price	60.0000
18513	_price	30.0000
18514	_price	30.0000
18515	_price	60.0000
18516	_price	82.0000
18517	_price	256.0000
18518	_price	256.0000
18519	_price	247.0000
18520	_price	247.0000
18521	_price	550.0000
18522	_price	408.0000
18523	_price	550.0000
18524	_price	100.0000
18525	_price	956.0000
18526	_price	95.0000
18527	_price	7.0000
18528	_price	504.0000
18529	_price	7.0000
18530	_price	6.0000
18531	_price	1560.0000
18532	_price	40.0000
18533	_price	180.0000
18534	_price	2500.0000
18535	_price	1575.0000
18536	_price	100.0000
18537	_price	360.0000
18538	_price	210.0000
18539	_price	65.0000
18540	_price	365.0000
18541	_price	650.0000
18542	_price	495.0000
18543	_price	280.0000
18544	_price	79.0000
18545	_price	0.0000
18546	_price	145.0000
18547	_price	306.0000
18548	_price	110.0000
18549	_price	150.0000
18550	_price	99.0000
18551	_price	225.0000
18552	_price	210.0000
18553	_price	79.0000
18554	_price	0.0000
18555	_price	155.0000
18556	_price	350.0000
18557	_price	50.0000
18558	_price	35.0000
18559	_price	120.0000
18560	_price	120.0000
18561	_price	180.0000
18562	_price	220.0000
18563	_price	130.0000
18564	_price	320.0000
18565	_price	493.0000
18566	_price	180.0000
18567	_price	322.0000
18568	_price	493.0000
18569	_price	400.0000
18570	_price	195.0000
18571	_price	430.0000
18572	_price	190.0000
18573	_price	313.0000
18574	_price	90.0000
18575	_price	110.0000
18576	_price	362.0000
18577	_price	120.0000
18578	_price	98.0000
18579	_price	160.0000
18580	_price	140.0000
18581	_price	140.0000
18582	_price	120.0000
18583	_price	80.0000
18584	_price	1850.0000
18585	_price	1850.0000
18586	_price	190.0000
18587	_price	194.0000
18588	_price	325.0000
18589	_price	194.0000
18590	_price	230.0000
18591	_price	75.0000
18592	_price	150.0000
18593	_price	325.0000
18594	_price	120.0000
18595	_price	140.0000
18596	_price	380.0000
18597	_price	125.0000
18598	_price	110.0000
18599	_price	260.0000
18600	_price	340.0000
18601	_price	180.0000
18602	_price	499.0000
18603	_price	598.0000
18604	_price	140.0000
18605	_price	125.0000
18606	_price	275.0000
18607	_price	225.0000
18608	_price	458.0000
18609	_price	558.0000
18610	_price	33.0000
18611	_price	79.0000
18612	_price	69.0000
18613	_price	60.0000
18614	_price	169.0000
18615	_price	135.0000
18616	_price	135.0000
18617	_price	145.0000
18618	_price	125.0000
18619	_price	79.0000
18620	_price	110.0000
18621	_price	75.0000
18622	_price	70.0000
18623	_price	399.0000
18624	_price	499.0000
18625	_price	575.0000
18626	_price	195.0000
18627	_price	170.0000
18628	_price	25.0000
18629	_price	115.0000
18630	_price	18.9000
18631	_price	235.0000
18632	_price	265.0000
18633	_price	199.0000
18634	_price	249.0000
18635	_price	299.0000
18636	_price	259.0000
18637	_price	0.0000
18638	_price	55.0000
18639	_price	50.0000
18640	_price	110.0000
18641	_price	160.0000
18642	_price	145.0000
18643	_price	965.0000
18644	_price	245.0000
18645	_price	200.0000
18646	_price	349.0000
18647	_price	542.0000
18648	_price	142.0000
18649	_price	655.0000
18650	_price	320.0000
18651	_price	120.0000
18652	_price	95.0000
18653	_price	90.0000
18654	_price	87.0000
18655	_price	110.0000
18656	_price	118.0000
18657	_price	99.0000
18658	_price	131.0000
18659	_price	179.0000
18660	_price	189.0000
18661	_price	120.0000
18662	_price	170.0000
18663	_price	125.0000
18664	_price	79.0000
18665	_price	148.0000
18666	_price	97.0000
18667	_price	100.0000
18668	_price	0.0000
18669	_price	100.0000
18670	_price	114.0000
18671	_price	142.0000
18672	_price	0.0000
18673	_price	163.0000
18674	_price	1283.0000
18675	_price	0.0000
18676	_price	119.0000
18677	_price	2200.0000
18678	_price	665.0000
18679	_price	185.0000
18680	_price	929.0000
18681	_price	4930.0000
18682	_price	36.0000
18683	_price	380.0000
18684	_price	195.0000
18685	_price	459.0000
18686	_price	180.0000
18687	_price	0.0000
18688	_price	120.0000
18689	_price	120.0000
18690	_price	226.0000
18691	_price	99.0000
18692	_price	550.0000
18693	_price	215.0000
18694	_price	449.0000
18695	_price	150.0000
18696	_price	398.0000
18697	_price	865.0000
18698	_price	42.0000
18699	_price	295.0000
18700	_price	130.0000
18701	_price	290.0000
18702	_price	139.0000
18703	_price	305.0000
18704	_price	65.0000
18705	_price	288.0000
18706	_price	470.0000
18707	_price	1070.0000
18708	_price	690.0000
18709	_price	514.0000
18710	_price	239.0000
18711	_price	745.0000
18712	_price	185.0000
18713	_price	1498.0000
18714	_price	260.0000
18715	_price	185.0000
18716	_price	245.0000
18717	_price	258.0000
18718	_price	839.0000
18719	_price	318.0000
18720	_price	1300.0000
18721	_price	0.0000
18722	_price	785.0000
18723	_price	48.0000
18724	_price	0.0000
18725	_price	55.0000
18726	_price	59.0000
18727	_price	270.0000
18728	_price	440.0000
18729	_price	270.0000
18730	_price	60.0000
18731	_price	170.0000
18732	_price	700.0000
18733	_price	845.0000
18734	_price	590.0000
18735	_price	232.0000
18736	_price	420.0000
18737	_price	49.0000
18738	_price	90.0000
18739	_price	25.0000
18740	_price	25.0000
18741	_price	25.0000
18742	_price	350.0000
18743	_price	125.0000
18744	_price	180.0000
18745	_price	250.0000
18746	_price	590.0000
18747	_price	345.0000
18748	_price	52.0000
18749	_price	58.0000
18750	_price	685.0000
18751	_price	650.0000
18752	_price	210.0000
18753	_price	200.0000
18754	_price	147.0000
18755	_price	349.0000
18756	_price	70.0000
18757	_price	205.0000
18758	_price	99.0000
18759	_price	148.0000
18760	_price	99.0000
18761	_price	127.0000
18762	_price	140.0000
18763	_price	61.0000
18764	_price	210.0000
18765	_price	298.0000
18766	_price	197.0000
18767	_price	233.0000
18768	_price	280.0000
18769	_price	400.0000
18770	_price	159.0000
18771	_price	290.0000
18772	_price	300.0000
18773	_price	65.0000
18774	_price	242.0000
18775	_price	87.0000
18776	_price	48.0000
18777	_price	185.0000
18778	_price	105.0000
18779	_price	539.0000
18780	_price	759.0000
18781	_price	259.0000
18782	_price	689.0000
18783	_price	0.0000
18784	_price	895.0000
18785	_price	66.0000
18786	_price	110.0000
18787	_price	1653.0000
18788	_price	30.0000
18789	_price	1800.0000
18790	_price	110.0000
18791	_price	1178.0000
18792	_price	360.0000
18793	_price	329.0000
18794	_price	135.0000
18795	_price	105.0000
18796	_price	668.0000
18797	_price	67.0000
18798	_price	245.0000
18799	_price	120.0000
18800	_price	100.0000
18801	_price	290.0000
18802	_price	160.0000
18803	_price	279.0000
18804	_price	229.0000
18805	_price	89.0000
18806	_price	645.0000
18807	_price	330.0000
18808	_price	290.0000
18809	_price	530.0000
18810	_price	190.0000
18811	_price	400.0000
18812	_price	330.0000
18813	_price	215.0000
18814	_price	575.0000
18815	_price	323.0000
18816	_price	150.0000
18817	_price	140.0000
18818	_price	120.0000
18819	_price	150.0000
18820	_price	140.0000
18821	_price	100.0000
18822	_price	2720.0000
18823	_price	480.0000
18824	_price	1059.0000
18825	_price	1159.0000
18826	_price	495.0000
18827	_price	564.0000
18828	_price	428.0000
18829	_price	318.0000
18830	_price	150.0000
18831	_price	620.0000
18832	_price	715.0000
18833	_price	135.0000
18834	_price	1397.0000
18835	_price	185.0000
18836	_price	636.0000
18837	_price	999.0000
18838	_price	285.0000
18839	_price	795.0000
18840	_price	170.0000
18841	_price	2350.0000
18842	_price	256.0000
18843	_price	455.0000
18844	_price	455.0000
18845	_price	31.0000
18846	_price	1270.0000
18847	_price	32.0000
18848	_price	350.0000
18849	_price	64.0000
18850	_price	1490.0000
18851	_price	1350.0000
18852	_price	1150.0000
18853	_price	110.0000
18854	_price	60.0000
18855	_price	4290.0000
18856	_price	96.0000
18857	_price	102.0000
18858	_price	400.0000
18859	_price	1340.0000
18860	_price	840.0000
18861	_price	290.0000
18862	_price	2450.0000
18863	_price	155.0000
18864	_price	250.0000
18865	_price	160.0000
18866	_price	139.0000
18867	_price	170.0000
18868	_price	245.0000
18869	_price	320.0000
18870	_price	133.0000
18871	_price	179.0000
18872	_price	180.0000
18873	_price	340.0000
18874	_price	206.0000
18875	_price	75.0000
18876	_price	380.0000
18877	_price	365.0000
18878	_price	257.0000
18879	_price	65.0000
18880	_price	125.0000
18881	_price	132.0000
18882	_price	1050.0000
18883	_price	494.0000
18884	_price	250.0000
18885	_price	270.0000
18886	_price	270.0000
18887	_price	255.0000
18888	_price	345.0000
18889	_price	435.0000
18890	_price	140.0000
18891	_price	200.0000
18892	_price	170.0000
18893	_price	430.0000
18894	_price	61.0000
18895	_price	75.0000
18896	_price	60.0000
18897	_price	188.0000
18898	_price	132.0000
18899	_price	340.0000
18900	_price	55.0000
18901	_price	700.0000
18902	_price	32.0000
18903	_price	120.0000
18904	_price	330.0000
18905	_price	40.0000
18906	_price	89.0000
18907	_price	129.0000
18908	_price	339.0000
18909	_price	100.0000
18910	_price	30.0000
18911	_price	2160.0000
18912	_price	0.0000
18913	_price	40.0000
18914	_price	45.0000
18915	_price	300.0000
18916	_price	470.0000
18917	_price	35.0000
18918	_price	31.0000
18919	_price	1215.0000
18920	_price	96.0000
18921	_price	56.0000
18922	_price	195.0000
18923	_price	75.0000
18924	_price	300.0000
18925	_price	45.0000
18926	_price	200.0000
18927	_price	120.0000
18928	_price	230.0000
18929	_price	970.0000
18930	_price	198.0000
18931	_price	380.0000
18932	_price	440.0000
18933	_price	609.0000
18934	_price	368.0000
18935	_price	49.0000
18936	_price	39.0000
18937	_price	122.0000
18938	_price	112.0000
18939	_price	52.0000
18940	_price	345.0000
18941	_price	620.0000
18942	_price	65.0000
18943	_price	65.0000
18944	_price	38.0000
18945	_price	74.0000
18946	_price	174.0000
18947	_price	260.0000
18948	_price	1390.0000
18949	_price	75.0000
18950	_price	536.0000
18951	_price	790.0000
18952	_price	620.0000
18953	_price	680.0000
18954	_price	270.0000
18955	_price	270.0000
18956	_price	210.0000
18957	_price	395.0000
18958	_price	225.0000
18959	_price	180.0000
18960	_price	500.0000
18961	_price	240.0000
18962	_price	522.0000
18963	_price	129.0000
18964	_price	190.0000
18965	_price	170.0000
18966	_price	540.0000
18967	_price	945.0000
18968	_price	547.0000
18969	_price	890.0000
18970	_price	430.0000
18971	_price	330.0000
18972	_price	250.0000
18973	_price	220.0000
18974	_price	162.0000
18975	_price	569.0000
18976	_price	278.0000
18977	_price	690.0000
18978	_price	225.0000
18979	_price	875.0000
18980	_price	135.0000
18981	_price	280.0000
18982	_price	992.0000
18983	_price	549.0000
18984	_price	135.0000
18985	_price	250.0000
18986	_price	0.0000
18987	_price	272.0000
18988	_price	267.0000
18989	_price	190.0000
18990	_price	0.0000
18991	_price	479.0000
18992	_price	360.0000
18993	_price	395.0000
18994	_price	395.0000
18995	_price	480.0000
18996	_price	1090.0000
18997	_price	360.0000
18998	_price	325.0000
18999	_price	944.0000
19000	_price	310.0000
19001	_price	340.0000
19002	_price	480.0000
19003	_price	360.0000
19004	_price	70.0000
19005	_price	200.0000
19006	_price	353.0000
19007	_price	390.0000
19008	_price	225.0000
19009	_price	269.0000
19010	_price	265.0000
19011	_price	110.0000
19012	_price	546.0000
19013	_price	479.0000
19014	_price	120.0000
19015	_price	185.0000
19016	_price	815.0000
19017	_price	1100.0000
19018	_price	594.0000
19019	_price	870.0000
19020	_price	600.0000
19021	_price	245.0000
19022	_price	212.0000
19023	_price	279.0000
19024	_price	400.0000
19025	_price	290.0000
19026	_price	799.0000
19027	_price	230.0000
19028	_price	85.0000
19029	_price	276.0000
19030	_price	360.0000
19031	_price	419.0000
19032	_price	280.0000
19033	_price	45.0000
19034	_price	295.0000
19035	_price	395.0000
19036	_price	446.0000
19037	_price	446.0000
19038	_price	388.0000
19039	_price	240.0000
19040	_price	161.0000
19041	_price	120.0000
19042	_price	520.0000
19043	_price	265.0000
19044	_price	260.0000
19045	_price	496.0000
19046	_price	280.0000
19047	_price	540.0000
19048	_price	120.0000
19049	_price	200.0000
19050	_price	285.0000
19051	_price	390.0000
19052	_price	220.0000
19053	_price	200.0000
19054	_price	499.0000
19055	_price	241.0000
19056	_price	70.0000
19057	_price	875.0000
19058	_price	1026.0000
19059	_price	870.0000
19060	_price	85.0000
19061	_price	120.0000
19062	_price	90.0000
19063	_price	139.0000
19064	_price	1350.0000
19065	_price	50.0000
19066	_price	55.0000
19067	_price	0.0000
19068	_price	55.0000
19069	_price	100.0000
19070	_price	55.0000
19071	_price	120.0000
19072	_price	390.0000
19073	_price	430.0000
19074	_price	60.0000
19075	_price	295.0000
19076	_price	164.0000
19077	_price	165.0000
19078	_price	270.0000
19079	_price	172.0000
19080	_price	230.0000
19081	_price	150.0000
19082	_price	120.0000
19083	_price	280.0000
19084	_price	140.0000
19085	_price	229.0000
19086	_price	390.0000
19087	_price	270.0000
19088	_price	340.0000
19089	_price	257.0000
19090	_price	260.0000
19091	_price	130.0000
19092	_price	25.0000
19093	_price	60.0000
19094	_price	196.0000
19095	_price	0.0000
19096	_price	940.0000
19097	_price	690.0000
19098	_price	185.0000
19099	_price	215.0000
19100	_price	90.0000
19101	_price	120.0000
19102	_price	190.0000
19103	_price	60.0000
19104	_price	1320.0000
19105	_price	850.0000
19106	_price	1320.0000
19107	_price	1100.0000
19108	_price	800.0000
19109	_price	373.0000
19110	_price	715.0000
19111	_price	135.0000
19112	_price	816.0000
19113	_price	110.0000
19114	_price	200.0000
19115	_price	315.0000
19116	_price	120.0000
19117	_price	174.0000
19118	_price	120.0000
19119	_price	620.0000
19120	_price	715.0000
19121	_price	130.0000
19122	_price	340.0000
19123	_price	490.0000
19124	_price	89.0000
19125	_price	370.0000
19126	_price	299.0000
19127	_price	120.0000
19128	_price	139.0000
19129	_price	339.0000
19130	_price	398.0000
19131	_price	390.0000
19132	_price	120.0000
19133	_price	165.0000
19134	_price	268.0000
19135	_price	740.0000
19136	_price	325.0000
19137	_price	250.0000
19138	_price	650.0000
19139	_price	2335.0000
19140	_price	160.0000
19141	_price	790.0000
19142	_price	260.0000
19143	_price	431.0000
19144	_price	428.0000
19145	_price	180.0000
19146	_price	566.0000
19147	_price	390.0000
19148	_price	294.0000
19149	_price	805.0000
19150	_price	160.0000
19151	_price	375.0000
19152	_price	195.0000
19153	_price	155.0000
19154	_price	120.0000
19155	_price	180.0000
19156	_price	260.0000
19157	_price	478.0000
19158	_price	1480.0000
19159	_price	1900.0000
19160	_price	120.0000
19161	_price	125.0000
19162	_price	8990.0000
19163	_price	198.0000
19164	_price	805.0000
19165	_price	135.0000
19166	_price	135.0000
19167	_price	459.0000
19168	_price	460.0000
19169	_price	65.0000
19170	_price	210.0000
19171	_price	810.0000
19172	_price	490.0000
19173	_price	569.0000
19174	_price	499.0000
19175	_price	250.0000
19176	_price	325.0000
19177	_price	810.0000
19178	_price	1760.0000
19179	_price	286.0000
19180	_price	240.0000
19181	_price	135.0000
19182	_price	110.0000
19183	_price	600.0000
19184	_price	450.0000
19185	_price	309.0000
19186	_price	1350.0000
19187	_price	2219.0000
19188	_price	627.0000
19189	_price	230.0000
19190	_price	420.0000
19191	_price	630.0000
19192	_price	295.0000
19193	_price	300.0000
19194	_price	675.0000
19195	_price	447.0000
19196	_price	345.0000
19197	_price	0.0000
19198	_price	189.0000
19199	_price	280.0000
19200	_price	225.0000
19201	_price	70.0000
19202	_price	185.0000
19203	_price	120.0000
19204	_price	310.0000
19205	_price	600.0000
19206	_price	275.0000
19207	_price	225.0000
19208	_price	499.0000
19209	_price	110.0000
19210	_price	345.0000
19211	_price	360.0000
19212	_price	450.0000
19213	_price	570.0000
19214	_price	220.0000
19215	_price	260.0000
19216	_price	252.0000
19217	_price	220.0000
19218	_price	200.0000
19219	_price	110.0000
19220	_price	536.0000
19221	_price	48.0000
19222	_price	43.0000
19223	_price	22.0000
19224	_price	27.0000
19225	_price	10.0000
19226	_price	398.0000
19227	_price	134.0000
19228	_price	169.0000
19229	_price	39.0000
19230	_price	45.0000
19231	_price	82.0000
19232	_price	66.0000
19233	_price	450.0000
19234	_price	95.0000
19235	_price	439.0000
19236	_price	210.0000
19237	_price	315.0000
19238	_price	280.0000
19239	_price	320.0000
19240	_price	310.0000
19241	_price	270.0000
19242	_price	740.0000
19243	_price	380.0000
19244	_price	58.0000
19245	_price	249.0000
19246	_price	470.0000
19247	_price	230.0000
19248	_price	390.0000
19249	_price	542.0000
19250	_price	190.0000
19251	_price	170.0000
19252	_price	165.0000
19253	_price	335.0000
19254	_price	210.0000
19255	_price	1015.0000
19256	_price	160.0000
19257	_price	359.0000
19258	_price	1470.0000
19259	_price	515.0000
19260	_price	485.0000
19261	_price	1900.0000
19262	_price	230.0000
19263	_price	378.0000
19264	_price	627.0000
19265	_price	297.0000
19266	_price	230.0000
19267	_price	370.0000
19268	_price	620.0000
19269	_price	255.0000
19270	_price	352.0000
19271	_price	490.0000
19272	_price	159.0000
19273	_price	1250.0000
19274	_price	39.0000
19275	_price	220.0000
19276	_price	400.0000
19277	_price	900.0000
19278	_price	489.0000
19279	_price	489.0000
19280	_price	489.0000
19281	_price	880.0000
19282	_price	7100.0000
19283	_price	7100.0000
19284	_price	7100.0000
19285	_price	320.0000
19286	_price	130.0000
19287	_price	200.0000
19288	_price	272.0000
19289	_price	129.0000
19290	_price	430.0000
19291	_price	535.0000
19292	_price	258.0000
19293	_price	1540.0000
19294	_price	705.0000
19295	_price	225.0000
19296	_price	82.0000
19297	_price	229.0000
19298	_price	170.0000
19299	_price	229.0000
19300	_price	165.0000
19301	_price	165.0000
19302	_price	210.0000
19303	_price	89.0000
19304	_price	380.0000
19305	_price	220.0000
19306	_price	646.0000
19307	_price	320.0000
19308	_price	290.0000
19309	_price	590.0000
19310	_price	185.0000
19311	_price	260.0000
19312	_price	560.0000
19313	_price	200.0000
19314	_price	69.0000
19315	_price	179.0000
19316	_price	192.0000
19317	_price	179.0000
19318	_price	1540.0000
19319	_price	1540.0000
19320	_price	1990.0000
19321	_price	1990.0000
19322	_price	2790.0000
19323	_price	2450.0000
19324	_price	199.0000
19325	_price	455.0000
19326	_price	650.0000
19327	_price	250.0000
19328	_price	345.0000
19329	_price	192.0000
19330	_price	160.0000
19331	_price	96.0000
19332	_price	360.0000
19333	_price	498.0000
19334	_price	297.0000
19335	_price	215.0000
19336	_price	1140.0000
19337	_price	1200.0000
19338	_price	479.0000
19339	_price	249.0000
19340	_price	100.0000
19341	_price	105.0000
19342	_price	427.0000
19343	_price	130.0000
19344	_price	120.0000
19345	_price	760.0000
19346	_price	142.0000
19347	_price	305.0000
19348	_price	559.0000
19349	_price	286.0000
19350	_price	260.0000
19351	_price	269.0000
19352	_price	255.0000
19353	_price	295.0000
19354	_price	120.0000
19355	_price	309.0000
19356	_price	550.0000
19357	_price	145.0000
19358	_price	390.0000
19359	_price	213.0000
19360	_price	848.0000
19361	_price	480.0000
19362	_price	250.0000
19363	_price	684.0000
19364	_price	220.0000
19365	_price	1350.0000
19366	_price	65.0000
19367	_price	858.0000
19368	_price	330.0000
19369	_price	1392.0000
19370	_price	270.0000
19371	_price	740.0000
19372	_price	460.0000
19373	_price	150.0000
19374	_price	552.0000
19375	_price	1210.0000
19376	_price	396.0000
19377	_price	665.0000
19378	_price	583.0000
19379	_price	210.0000
19380	_price	270.0000
19381	_price	200.0000
19382	_price	425.0000
19383	_price	73.0000
19384	_price	110.0000
19385	_price	460.0000
19386	_price	1035.0000
19387	_price	931.0000
19388	_price	1460.0000
19389	_price	257.0000
19390	_price	245.0000
19391	_price	498.0000
19392	_price	250.0000
19393	_price	800.0000
19394	_price	410.0000
19395	_price	120.0000
19396	_price	120.0000
19397	_price	900.0000
19398	_price	120.0000
19399	_price	199.0000
19400	_price	569.0000
19401	_price	19.0000
19402	_price	19.0000
19403	_price	324.0000
19404	_price	190.0000
19405	_price	190.0000
19406	_price	142.0000
19407	_price	872.0000
19408	_price	129.0000
19409	_price	200.0000
19410	_price	215.0000
19411	_price	1940.0000
19412	_price	189.0000
19413	_price	88.0000
19414	_price	125.0000
19415	_price	229.0000
19416	_price	480.0000
19417	_price	349.0000
19418	_price	716.0000
19419	_price	76.0000
19420	_price	76.0000
19421	_price	60.0000
19422	_price	140.0000
19423	_price	90.0000
19424	_price	86.0000
19425	_price	1408.0000
19426	_price	859.0000
19427	_price	833.0000
19428	_price	460.0000
19429	_price	390.0000
19430	_price	560.0000
19431	_price	1865.0000
19432	_price	798.0000
19433	_price	120.0000
19434	_price	2088.0000
19435	_price	410.0000
19436	_price	25.0000
19437	_price	1220.0000
19438	_price	650.0000
19439	_price	549.0000
19440	_price	305.0000
19441	_price	186.0000
19442	_price	30.0000
19443	_price	35.0000
19444	_price	190.0000
19445	_price	160.0000
19446	_price	120.0000
19447	_price	92.0000
19448	_price	140.0000
19449	_price	90.0000
19450	_price	195.0000
19451	_price	140.0000
19452	_price	200.0000
19453	_price	960.0000
19454	_price	405.0000
19455	_price	180.0000
19456	_price	30.0000
19457	_price	400.0000
19458	_price	105.0000
19459	_price	38.0000
19460	_price	38.0000
19461	_price	450.0000
19462	_price	80.0000
19463	_price	155.0000
19464	_price	129.0000
19465	_price	165.0000
19466	_price	225.0000
19467	_price	146.0000
19468	_price	528.0000
19469	_price	181.0000
19470	_price	275.0000
19471	_price	220.0000
19472	_price	370.0000
19473	_price	770.0000
19474	_price	184.0000
19475	_price	2470.0000
19476	_price	120.0000
19477	_price	151.0000
19478	_price	140.0000
19479	_price	646.0000
19480	_price	258.0000
19481	_price	335.0000
19482	_price	258.0000
19483	_price	299.0000
19484	_price	0.0000
19485	_price	0.0000
19486	_price	0.0000
19487	_price	0.0000
19488	_price	0.0000
19489	_price	0.0000
19490	_price	0.0000
19491	_price	0.0000
19492	_price	0.0000
19493	_price	0.0000
19494	_price	0.0000
19495	_price	0.0000
19496	_price	0.0000
19497	_price	0.0000
19498	_price	0.0000
19499	_price	0.0000
19500	_price	0.0000
19501	_price	0.0000
19502	_price	0.0000
19503	_price	779.0000
19504	_price	449.0000
19505	_price	390.0000
19506	_price	1375.0000
19507	_price	1099.0000
19508	_price	1620.0000
19509	_price	930.0000
19510	_price	528.0000
19511	_price	652.0000
19512	_price	245.0000
19513	_price	245.0000
19514	_price	480.0000
19515	_price	492.0000
19516	_price	319.0000
19517	_price	0.0000
19518	_price	0.0000
19519	_price	265.0000
19520	_price	0.0000
19521	_price	35.0000
19522	_price	75.0000
19523	_price	815.0000
19524	_price	150.0000
19525	_price	345.0000
19526	_price	1210.0000
19527	_price	1182.0000
19528	_price	120.0000
19529	_price	155.0000
19530	_price	330.0000
19531	_price	210.0000
19532	_price	390.0000
19533	_price	121.0000
19534	_price	121.0000
19535	_price	121.0000
19536	_price	90.0000
19537	_price	40.0000
19538	_price	42.0000
19539	_price	196.0000
19540	_price	33.0000
19541	_price	31.0000
19542	_price	175.0000
19543	_price	190.0000
19544	_price	135.0000
19545	_price	0.0000
19546	_price	0.0000
19547	_price	0.0000
19548	_price	0.0000
19549	_price	0.0000
19550	_price	249.0000
19551	_price	0.0000
19552	_price	0.0000
19553	_price	0.0000
19554	_price	317.0000
19555	_price	730.0000
19556	_price	1800.0000
19557	_price	149.0000
19558	_price	296.0000
19559	_price	209.0000
19560	_price	0.0000
19561	_price	0.0000
19562	_price	0.0000
19563	_price	0.0000
19564	_price	0.0000
19565	_price	497.0000
19566	_price	0.0000
19567	_price	0.0000
19568	_price	0.0000
19569	_price	0.0000
19570	_price	399.0000
19571	_price	249.0000
19572	_price	300.0000
19573	_price	300.0000
19574	_price	149.0000
19575	_price	1590.0000
19576	_price	730.0000
19577	_price	590.0000
19578	_price	590.0000
19579	_price	1870.0000
19580	_price	950.0000
19581	_price	59.0000
19582	_price	150.0000
19583	_price	129.0000
19584	_price	200.0000
19585	_price	550.0000
19586	_price	300.0000
19587	_price	180.0000
19588	_price	680.0000
19589	_price	920.0000
19590	_price	3.4400
19591	_price	3.1600
19592	_price	3.0200
19593	_price	2.7400
19594	_price	2.5700
19595	_price	2.4200
19596	_price	3.6000
19597	_price	3.3400
19598	_price	3.2000
19599	_price	2.8900
19600	_price	2.7000
19601	_price	2.5700
19602	_price	3.8400
19603	_price	3.0000
19604	_price	2.6900
19605	_price	2.4800
19606	_price	2.3500
19607	_price	440.0000
19608	_price	380.0000
19609	_price	550.0000
19610	_price	55.0000
19611	_price	70.0000
19612	_price	110.0000
19613	_price	185.0000
19614	_price	790.0000
19615	_price	0.0000
19616	_price	660.0000
19617	_price	1197.0000
19618	_price	375.0000
19619	_price	4.2000
19620	_price	627.0000
19621	_price	130.0000
19622	_price	930.0000
19623	_price	2790.0000
19624	_price	2790.0000
19625	_price	250.0000
19626	_price	170.0000
19627	_price	129.0000
19628	_price	83.0000
19629	_price	99.0000
19630	_price	189.0000
19631	_price	135.0000
19632	_price	190.0000
19633	_price	990.0000
19634	_price	179.0000
19635	_price	315.0000
19636	_price	425.0000
19637	_price	347.0000
19638	_price	48.0000
19639	_price	2.5316
19640	_price	63.0000
19641	_price	0.0000
19642	_price	55.0000
19643	_price	325.0000
19644	_price	46.0000
19645	_price	970.0000
19646	_price	970.0000
19647	_price	970.0000
19648	_price	0.0000
19649	_price	0.0000
19650	_price	0.0000
19651	_price	340.0000
19652	_price	530.0000
19653	_price	870.0000
19654	_price	295.0000
19655	_price	47.0000
19656	_price	100.0000
19657	_price	79.0000
19658	_price	40.0000
19659	_price	47.0000
19660	_price	0.0000
19661	_price	0.0000
19663	_price	229
5694	_regular_price	210
4321	_regular_price	47
4323	_regular_price	40
4325	_regular_price	79
4327	_regular_price	100
4329	_regular_price	47
4338	_regular_price	295
4341	_regular_price	870
4343	_regular_price	530
4345	_regular_price	340
4355	_regular_price	970
4359	_regular_price	970
4361	_regular_price	970
4604	_regular_price	46
4610	_regular_price	325
4617	_regular_price	55
4629	_regular_price	63
4631	_regular_price	2.5316
4638	_regular_price	48
4645	_regular_price	425
4646	_regular_price	315
4654	_regular_price	990
4658	_regular_price	190
4660	_regular_price	135
4665	_regular_price	189
4666	_regular_price	99
4668	_regular_price	83
4673	_regular_price	129
4677	_regular_price	170
4679	_regular_price	250
4682	_regular_price	2790
4686	_regular_price	930
4689	_regular_price	130
4692	_regular_price	627
4698	_regular_price	4.2
4716	_regular_price	375
4720	_regular_price	1197
4722	_regular_price	660
4727	_regular_price	80
4732	_regular_price	40
4733	_regular_price	790
4736	_regular_price	185
4739	_regular_price	110
4741	_regular_price	70
4743	_regular_price	55
4745	_regular_price	550
4751	_regular_price	380
4753	_regular_price	440
4759	_regular_price	2.35
4762	_regular_price	2.48
4764	_regular_price	2.69
4770	_regular_price	3
4771	_regular_price	3.84
4774	_regular_price	2.57
4776	_regular_price	2.70
4781	_regular_price	2.89
4782	_regular_price	3.20
4783	_regular_price	3.34
4784	_regular_price	3.60
4785	_regular_price	2.42
4787	_regular_price	2.57
4790	_regular_price	2.74
4791	_regular_price	3.02
4792	_regular_price	3.16
4793	_regular_price	3.44
4797	_regular_price	920
4800	_regular_price	680
4803	_regular_price	180
4807	_regular_price	300
4810	_regular_price	550
4813	_regular_price	200
4816	_regular_price	129
4818	_regular_price	150
4821	_regular_price	59
4826	_regular_price	950
4829	_regular_price	1870
4830	_regular_price	549
4833	_regular_price	590
4839	_regular_price	730
4842	_regular_price	1590
4877	_regular_price	296
4878	_regular_price	1800
4888	_regular_price	730
4894	_regular_price	317
4916	_regular_price	135
4918	_regular_price	190
4920	_regular_price	175
4921	_regular_price	31
4922	_regular_price	33
4923	_regular_price	196
4931	_regular_price	42
4933	_regular_price	40
4938	_regular_price	90
4940	_regular_price	121
4942	_regular_price	121
4943	_regular_price	121
4944	_regular_price	390
4946	_regular_price	210
4929	_regular_price	330
4950	_regular_price	155
4954	_regular_price	120
9647	_regular_price	112
4958	_regular_price	1182
4961	_regular_price	1210
15265	_regular_price	185
4970	_regular_price	815
4983	_regular_price	319
4987	_regular_price	492
4990	_regular_price	480
4948	_regular_price	245
4995	_regular_price	245
5002	_regular_price	652
5010	_regular_price	528
5012	_regular_price	930
5015	_regular_price	1620
5017	_regular_price	1099
5022	_regular_price	1375
5013	_regular_price	390
5027	_regular_price	465
5029	_regular_price	799
5073	_regular_price	299
5077	_regular_price	335
5081	_regular_price	258
5085	_regular_price	646
5088	_regular_price	140
5090	_regular_price	151
5092	_regular_price	120
5087	_regular_price	2470
5096	_regular_price	129
5097	_regular_price	770
5019	_regular_price	370
5103	_regular_price	220
5106	_regular_price	275
5109	_regular_price	181
5008	_regular_price	528
5111	_regular_price	225
5114	_regular_price	165
5117	_regular_price	129
5120	_regular_price	155
5122	_regular_price	80
5124	_regular_price	450
5128	_regular_price	38
5130	_regular_price	38
5134	_regular_price	105
5137	_regular_price	400
5136	_regular_price	30
5141	_regular_price	405
5140	_regular_price	180
5143	_regular_price	960
5145	_regular_price	200
5149	_regular_price	140
5151	_regular_price	195
5153	_regular_price	90
5155	_regular_price	140
5158	_regular_price	92
5160	_regular_price	120
5162	_regular_price	160
5164	_regular_price	190
5166	_regular_price	35
5168	_regular_price	30
5170	_regular_price	186
5172	_regular_price	305
5174	_regular_price	549
5175	_regular_price	650
5177	_regular_price	1220
5180	_regular_price	25
5184	_regular_price	410
5186	_regular_price	2088
5188	_regular_price	120
5190	_regular_price	798
12416	_regular_price	345
5194	_regular_price	1865
5196	_regular_price	560
5199	_regular_price	390
5201	_regular_price	460
5206	_regular_price	833
5208	_regular_price	859
5209	_regular_price	1408
4952	_regular_price	86
4935	_regular_price	90
4714	_regular_price	140
5221	_regular_price	60
5224	_regular_price	76
5227	_regular_price	76
5229	_regular_price	716
5232	_regular_price	349
5236	_regular_price	480
5238	_regular_price	229
5241	_regular_price	125
5244	_regular_price	88
5246	_regular_price	189
5234	_regular_price	1940
5249	_regular_price	215
5252	_regular_price	200
5255	_regular_price	129
5250	_regular_price	872
5259	_regular_price	142
5263	_regular_price	190
5265	_regular_price	190
5267	_regular_price	324
5269	_regular_price	19
5271	_regular_price	19
5273	_regular_price	569
5275	_regular_price	199
5277	_regular_price	120
5279	_regular_price	900
5281	_regular_price	120
5284	_regular_price	120
5285	_regular_price	410
5287	_regular_price	800
5290	_regular_price	250
5294	_regular_price	498
5297	_regular_price	245
5301	_regular_price	257
5304	_regular_price	1460
5305	_regular_price	931
5307	_regular_price	1035
5310	_regular_price	460
5292	_regular_price	110
5313	_regular_price	270
5561	_regular_price	760
5324	_regular_price	73
5328	_regular_price	425
5330	_regular_price	200
8506	_regular_price	99
5340	_regular_price	210
5344	_regular_price	583
5348	_regular_price	665
5350	_regular_price	396
8503	_regular_price	210
8501	_regular_price	79
5353	_regular_price	1210
5369	_regular_price	552
5371	_regular_price	150
5374	_regular_price	460
5376	_regular_price	740
5379	_regular_price	270
5381	_regular_price	1392
5383	_regular_price	330
5385	_regular_price	858
5387	_regular_price	65
5389	_regular_price	1350
5391	_regular_price	220
5393	_regular_price	684
8505	_regular_price	225
5395	_regular_price	250
5559	_regular_price	142
5397	_regular_price	480
5414	_regular_price	848
5416	_regular_price	213
5418	_regular_price	390
5420	_regular_price	145
5422	_regular_price	550
5424	_regular_price	309
5427	_regular_price	120
8509	_regular_price	150
8514	_regular_price	145
8513	_regular_price	306
8511	_regular_price	110
8520	_regular_price	79
4685	_regular_price	2790
5554	_regular_price	2760
5553	_regular_price	764
5552	_regular_price	286
8523	_regular_price	280
5555	_regular_price	559
5557	_regular_price	305
5502	_regular_price	3286
5503	_regular_price	879
5504	_regular_price	295
5508	_regular_price	255
5509	_regular_price	599
5510	_regular_price	2430
5517	_regular_price	2900
5527	_regular_price	730
5629	_regular_price	2450
5563	_regular_price	120
5565	_regular_price	130
5568	_regular_price	427
5570	_regular_price	105
5572	_regular_price	100
5580	_regular_price	479
5583	_regular_price	1200
5585	_regular_price	1140
5587	_regular_price	215
5589	_regular_price	297
5591	_regular_price	498
5593	_regular_price	360
5595	_regular_price	96
5598	_regular_price	160
8587	_regular_price	82
5600	_regular_price	192
5605	_regular_price	345
5607	_regular_price	250
5609	_regular_price	650
5611	_regular_price	455
5615	_regular_price	199
5628	_regular_price	260
5619	_regular_price	2600
5618	_regular_price	700
5633	_regular_price	2790
5637	_regular_price	1990
5642	_regular_price	1990
5636	_regular_price	1540
5652	_regular_price	1540
5657	_regular_price	179
5660	_regular_price	192
5663	_regular_price	179
5658	_regular_price	69
5664	_regular_price	200
5665	_regular_price	560
5667	_regular_price	260
9748	_regular_price	79
5676	_regular_price	185
5677	_regular_price	649
5679	_regular_price	290
5681	_regular_price	320
5683	_regular_price	646
5685	_regular_price	220
5687	_regular_price	380
5690	_regular_price	89
5698	_regular_price	165
5699	_regular_price	165
5700	_regular_price	229
5702	_regular_price	170
5705	_regular_price	229
5707	_regular_price	82
5711	_regular_price	225
5714	_regular_price	1540
5715	_regular_price	705
5719	_regular_price	258
5723	_regular_price	535
5726	_regular_price	430
5729	_regular_price	129
5731	_regular_price	272
5733	_regular_price	200
5738	_regular_price	130
5741	_regular_price	320
6641	_regular_price	220
5727	_regular_price	7100
5746	_regular_price	7100
5750	_regular_price	7100
5756	_regular_price	880
5758	_regular_price	489
5762	_regular_price	489
5765	_regular_price	489
5769	_regular_price	900
5771	_regular_price	400
5774	_regular_price	220
5782	_regular_price	1250
5779	_regular_price	159
5787	_regular_price	490
5788	_regular_price	352
5790	_regular_price	255
5848	_regular_price	160
5846	_regular_price	210
5795	_regular_price	620
5806	_regular_price	370
5810	_regular_price	230
5814	_regular_price	297
5816	_regular_price	627
5819	_regular_price	378
5823	_regular_price	230
5826	_regular_price	1900
5829	_regular_price	485
5831	_regular_price	515
5834	_regular_price	1470
5837	_regular_price	359
5817	_regular_price	160
5842	_regular_price	1015
5849	_regular_price	335
5851	_regular_price	165
5853	_regular_price	170
5855	_regular_price	190
5859	_regular_price	542
5860	_regular_price	390
5862	_regular_price	230
5781	_regular_price	470
5864	_regular_price	249
5867	_regular_price	58
5869	_regular_price	380
5871	_regular_price	740
5874	_regular_price	270
5876	_regular_price	310
5878	_regular_price	320
5880	_regular_price	280
5881	_regular_price	315
5883	_regular_price	210
5885	_regular_price	439
5888	_regular_price	95
5891	_regular_price	450
5894	_regular_price	66
5896	_regular_price	82
5901	_regular_price	45
5904	_regular_price	39
5907	_regular_price	169
5909	_regular_price	134
5910	_regular_price	398
5915	_regular_price	10
5918	_regular_price	27
5920	_regular_price	22
5922	_regular_price	43
5924	_regular_price	48
5929	_regular_price	536
5932	_regular_price	110
5933	_regular_price	200
5936	_regular_price	220
5937	_regular_price	252
5938	_regular_price	260
5941	_regular_price	220
5944	_regular_price	570
5947	_regular_price	450
5949	_regular_price	360
5951	_regular_price	345
5953	_regular_price	110
5956	_regular_price	499
5962	_regular_price	225
5964	_regular_price	293
5966	_regular_price	450
5970	_regular_price	275
5972	_regular_price	320
5973	_regular_price	350
5977	_regular_price	600
5978	_regular_price	690
5984	_regular_price	310
5987	_regular_price	120
5988	_regular_price	450
5992	_regular_price	185
5993	_regular_price	685
5996	_regular_price	1460
5999	_regular_price	70
6001	_regular_price	117
6002	_regular_price	280
6003	_regular_price	530
6004	_regular_price	950
6009	_regular_price	225
6011	_regular_price	950
6012	_regular_price	2200
6014	_regular_price	280
6016	_regular_price	550
6019	_regular_price	189
6022	_regular_price	345
6025	_regular_price	447
6027	_regular_price	675
6028	_regular_price	300
6030	_regular_price	295
6035	_regular_price	630
6037	_regular_price	420
6042	_regular_price	230
6045	_regular_price	627
6047	_regular_price	2219
6050	_regular_price	1350
6053	_regular_price	309
6055	_regular_price	450
6057	_regular_price	600
6059	_regular_price	110
6064	_regular_price	135
6068	_regular_price	240
6075	_regular_price	1760
6077	_regular_price	1980
6078	_regular_price	2326
6080	_regular_price	2915
6081	_regular_price	3320
6074	_regular_price	286
6083	_regular_price	4430
6082	_regular_price	3760
6084	_regular_price	810
6086	_regular_price	325
6089	_regular_price	250
6091	_regular_price	499
6093	_regular_price	569
6095	_regular_price	490
6097	_regular_price	810
6100	_regular_price	210
6103	_regular_price	65
6105	_regular_price	460
6109	_regular_price	459
6108	_regular_price	135
6113	_regular_price	135
6115	_regular_price	805
6117	_regular_price	198
6118	_regular_price	342
6119	_regular_price	352
6120	_regular_price	365
6121	_regular_price	400
6122	_regular_price	420
6127	_regular_price	1090
6133	_regular_price	8990
6139	_regular_price	125
6143	_regular_price	120
6145	_regular_price	190
6149	_regular_price	1900
6151	_regular_price	1480
6153	_regular_price	478
6157	_regular_price	600
6165	_regular_price	260
6166	_regular_price	379
6167	_regular_price	745
6168	_regular_price	1024
6169	_regular_price	1259
6170	_regular_price	1360
6171	_regular_price	2500
6172	_regular_price	4150
6188	_regular_price	180
6187	_regular_price	180
6186	_regular_price	230
6185	_regular_price	180
6184	_regular_price	180
6183	_regular_price	180
6182	_regular_price	180
6181	_regular_price	180
6180	_regular_price	180
6179	_regular_price	180
6189	_regular_price	180
6178	_regular_price	180
6177	_regular_price	180
6193	_regular_price	120
6195	_regular_price	155
6197	_regular_price	195
6200	_regular_price	375
6202	_regular_price	160
6208	_regular_price	805
6209	_regular_price	294
6211	_regular_price	390
6201	_regular_price	566
6214	_regular_price	180
6221	_regular_price	428
6223	_regular_price	431
6219	_regular_price	260
6226	_regular_price	790
6229	_regular_price	160
6230	_regular_price	2335
6232	_regular_price	650
6235	_regular_price	250
6238	_regular_price	325
6239	_regular_price	740
6241	_regular_price	268
6237	_regular_price	165
6227	_regular_price	120
6244	_regular_price	390
6247	_regular_price	398
6249	_regular_price	339
6252	_regular_price	139
6256	_regular_price	120
6259	_regular_price	299
6261	_regular_price	370
6264	_regular_price	89
6266	_regular_price	490
6270	_regular_price	340
6268	_regular_price	130
6274	_regular_price	715
6277	_regular_price	620
6279	_regular_price	120
6281	_regular_price	174
6283	_regular_price	120
6285	_regular_price	315
6287	_regular_price	200
6290	_regular_price	110
6293	_regular_price	816
6299	_regular_price	715
6296	_regular_price	373
6295	_regular_price	800
6305	_regular_price	1100
6304	_regular_price	1320
6308	_regular_price	1320
6309	_regular_price	850
6316	_regular_price	60
6313	_regular_price	190
6319	_regular_price	120
6322	_regular_price	90
6324	_regular_price	215
6326	_regular_price	185
6328	_regular_price	690
6330	_regular_price	940
6338	_regular_price	230
6339	_regular_price	266
6340	_regular_price	196
6341	_regular_price	362
6342	_regular_price	60
6345	_regular_price	25
6347	_regular_price	130
6353	_regular_price	260
6355	_regular_price	257
6357	_regular_price	340
6359	_regular_price	270
6360	_regular_price	390
6366	_regular_price	229
6365	_regular_price	280
9436	_regular_price	185
6374	_regular_price	120
6382	_regular_price	150
6384	_regular_price	230
6379	_regular_price	172
6386	_regular_price	270
6390	_regular_price	165
6392	_regular_price	164
6388	_regular_price	295
6397	_regular_price	60
6401	_regular_price	430
6404	_regular_price	390
6403	_regular_price	120
6407	_regular_price	55
6409	_regular_price	100
6411	_regular_price	55
6415	_regular_price	55
6417	_regular_price	50
6419	_regular_price	1350
6380	_regular_price	139
6421	_regular_price	90
6425	_regular_price	120
6428	_regular_price	85
6429	_regular_price	800
6431	_regular_price	1026
6432	_regular_price	875
6434	_regular_price	70
6436	_regular_price	241
6438	_regular_price	499
6440	_regular_price	200
6442	_regular_price	220
6444	_regular_price	390
6446	_regular_price	285
6451	_regular_price	200
6453	_regular_price	120
6448	_regular_price	540
6458	_regular_price	280
6461	_regular_price	496
6463	_regular_price	260
6459	_regular_price	265
6467	_regular_price	520
6466	_regular_price	120
6472	_regular_price	161
6479	_regular_price	240
6475	_regular_price	388
6483	_regular_price	446
6486	_regular_price	446
6487	_regular_price	395
6490	_regular_price	295
6489	_regular_price	45
6493	_regular_price	280
6495	_regular_price	419
6501	_regular_price	276
6499	_regular_price	360
6506	_regular_price	85
6508	_regular_price	230
6510	_regular_price	799
6512	_regular_price	290
6514	_regular_price	400
6516	_regular_price	279
6522	_regular_price	245
6524	_regular_price	600
6526	_regular_price	870
6528	_regular_price	594
6530	_regular_price	1100
6532	_regular_price	815
4335	_regular_price	485
6535	_regular_price	185
6539	_regular_price	120
9071	_regular_price	145
6542	_regular_price	479
6544	_regular_price	546
6537	_regular_price	110
6551	_regular_price	265
6553	_regular_price	269
6559	_regular_price	225
6548	_regular_price	390
6561	_regular_price	353
6538	_regular_price	200
6567	_regular_price	70
6568	_regular_price	360
6569	_regular_price	480
6573	_regular_price	340
6576	_regular_price	310
6577	_regular_price	944
9069	_regular_price	220
6580	_regular_price	325
6582	_regular_price	360
6584	_regular_price	1090
6587	_regular_price	480
6588	_regular_price	395
6590	_regular_price	395
6594	_regular_price	360
6595	_regular_price	479
6598	_regular_price	190
6599	_regular_price	267
6602	_regular_price	272
6612	_regular_price	250
6611	_regular_price	135
6617	_regular_price	549
6616	_regular_price	992
6621	_regular_price	280
6619	_regular_price	135
6625	_regular_price	875
6626	_regular_price	225
6629	_regular_price	690
6632	_regular_price	278
6634	_regular_price	162
6642	_regular_price	250
6644	_regular_price	330
6645	_regular_price	430
6647	_regular_price	890
6648	_regular_price	547
6650	_regular_price	945
6653	_regular_price	540
6657	_regular_price	170
6660	_regular_price	190
6661	_regular_price	129
6663	_regular_price	522
6664	_regular_price	240
6665	_regular_price	500
6666	_regular_price	180
6668	_regular_price	225
6669	_regular_price	395
6671	_regular_price	210
6673	_regular_price	270
6675	_regular_price	270
6676	_regular_price	680
6678	_regular_price	620
6679	_regular_price	790
6681	_regular_price	536
6655	_regular_price	75
6683	_regular_price	1390
6687	_regular_price	260
6689	_regular_price	174
6694	_regular_price	74
6704	_regular_price	38
6705	_regular_price	65
6718	_regular_price	620
6755	_regular_price	345
6868	_regular_price	82
6869	_regular_price	82
6870	_regular_price	82
6872	_regular_price	82
6873	_regular_price	82
6874	_regular_price	82
6709	_regular_price	62
6876	_regular_price	62
6877	_regular_price	62
6878	_regular_price	62
6879	_regular_price	62
6880	_regular_price	62
6881	_regular_price	62
6882	_regular_price	62
7036	_regular_price	48
6987	_regular_price	112
6992	_regular_price	122
6998	_regular_price	39
6914	_regular_price	68
7055	_regular_price	26
7056	_regular_price	68
7057	_regular_price	50
7058	_regular_price	44
7077	_regular_price	50
7120	_regular_price	28.0000
13228	_regular_price	30.0000
7137	_regular_price	49
7160	_regular_price	45
7167	_regular_price	368
7171	_regular_price	609
7176	_regular_price	440
7178	_regular_price	380
7180	_regular_price	198
7181	_regular_price	970
7183	_regular_price	230
7185	_regular_price	120
7187	_regular_price	200
7189	_regular_price	300
13305	_regular_price	56
7206	_regular_price	56
7199	_regular_price	195
7190	_regular_price	75
7210	_regular_price	45
7233	_regular_price	54
7232	_regular_price	96
7235	_regular_price	1215
7237	_regular_price	31
7239	_regular_price	35
7241	_regular_price	470
7245	_regular_price	300
7250	_regular_price	45
7252	_regular_price	40
9438	_regular_price	30
7255	_regular_price	2160
7258	_regular_price	30
7267	_regular_price	54.0000
15316	_regular_price	480
7269	_regular_price	36.0000
7263	_regular_price	100
7271	_regular_price	339
7275	_regular_price	129
7278	_regular_price	89
7281	_regular_price	40
7284	_regular_price	330
7287	_regular_price	120
7286	_regular_price	32
7290	_regular_price	700
7299	_regular_price	340
7301	_regular_price	415
7303	_regular_price	495
7304	_regular_price	770
7306	_regular_price	975
7307	_regular_price	1035
7308	_regular_price	1079
7310	_regular_price	1682
7311	_regular_price	555
7312	_regular_price	132
7315	_regular_price	132
7318	_regular_price	188
7323	_regular_price	60
7331	_regular_price	61
7333	_regular_price	69
7335	_regular_price	78
7337	_regular_price	98
7339	_regular_price	430
7342	_regular_price	170
7346	_regular_price	200
7341	_regular_price	140
7349	_regular_price	435
7351	_regular_price	345
7354	_regular_price	255
7356	_regular_price	270
7358	_regular_price	270
7360	_regular_price	250
7362	_regular_price	494
7367	_regular_price	1050
7373	_regular_price	132
7377	_regular_price	125
7380	_regular_price	65
7382	_regular_price	257
7390	_regular_price	365
7392	_regular_price	380
7376	_regular_price	75
7384	_regular_price	110
7386	_regular_price	138
7388	_regular_price	182
7397	_regular_price	230
7394	_regular_price	206
7399	_regular_price	340
7402	_regular_price	180
7405	_regular_price	179
7408	_regular_price	133
7410	_regular_price	320
7412	_regular_price	245
7414	_regular_price	170
7416	_regular_price	139
7418	_regular_price	160
7420	_regular_price	250
7422	_regular_price	155
7426	_regular_price	2450
7428	_regular_price	290
7430	_regular_price	840
7432	_regular_price	1340
7435	_regular_price	400
7293	_regular_price	55
7437	_regular_price	102
7439	_regular_price	96
7441	_regular_price	4290
7446	_regular_price	60
7447	_regular_price	110
7454	_regular_price	1150
7460	_regular_price	1350
7463	_regular_price	64
7466	_regular_price	89
7469	_regular_price	102
7464	_regular_price	1490
7470	_regular_price	350
7475	_regular_price	32
7478	_regular_price	52
7479	_regular_price	65
7477	_regular_price	1270
7482	_regular_price	36
7493	_regular_price	44
7487	_regular_price	455
7490	_regular_price	455
7491	_regular_price	31
7494	_regular_price	63
7495	_regular_price	2350
7500	_regular_price	256
7502	_regular_price	355
7496	_regular_price	185
7504	_regular_price	170
7505	_regular_price	222
7507	_regular_price	795
7509	_regular_price	285
7515	_regular_price	999
7524	_regular_price	636
7528	_regular_price	185
7533	_regular_price	1397
7512	_regular_price	135
7537	_regular_price	715
7540	_regular_price	620
7546	_regular_price	150
7550	_regular_price	318
7554	_regular_price	428
7557	_regular_price	564
7558	_regular_price	495
7561	_regular_price	1159
7568	_regular_price	1059
7574	_regular_price	480
7587	_regular_price	2720
7589	_regular_price	100
7591	_regular_price	140
7593	_regular_price	150
7595	_regular_price	120
7599	_regular_price	140
7604	_regular_price	150
7602	_regular_price	323
7607	_regular_price	575
7611	_regular_price	215
7613	_regular_price	330
7615	_regular_price	400
7617	_regular_price	190
7619	_regular_price	530
7621	_regular_price	290
7623	_regular_price	330
7626	_regular_price	645
7628	_regular_price	89
7630	_regular_price	229
7633	_regular_price	279
7634	_regular_price	160
7631	_regular_price	290
7638	_regular_price	100
7641	_regular_price	120
7644	_regular_price	245
7648	_regular_price	67
7657	_regular_price	668
7661	_regular_price	105
7663	_regular_price	130
7664	_regular_price	169
7665	_regular_price	230
7667	_regular_price	105
7669	_regular_price	130
7670	_regular_price	169
7671	_regular_price	135
7674	_regular_price	329
7675	_regular_price	360
7679	_regular_price	1178
7682	_regular_price	110
7688	_regular_price	1800
7685	_regular_price	30
7692	_regular_price	1653
7689	_regular_price	110
7693	_regular_price	66
7695	_regular_price	895
7703	_regular_price	689
7702	_regular_price	259
7705	_regular_price	759
7707	_regular_price	539
7709	_regular_price	105
7711	_regular_price	185
7714	_regular_price	48
7715	_regular_price	87
7717	_regular_price	242
7722	_regular_price	65
7723	_regular_price	300
8437	_regular_price	160
7727	_regular_price	290
7728	_regular_price	159
7733	_regular_price	400
7736	_regular_price	280
7739	_regular_price	233
7740	_regular_price	197
7742	_regular_price	298
7744	_regular_price	210
7747	_regular_price	61
7734	_regular_price	140
7768	_regular_price	127
7771	_regular_price	99
7772	_regular_price	148
7774	_regular_price	99
7775	_regular_price	205
7776	_regular_price	70
7779	_regular_price	349
7784	_regular_price	147
7787	_regular_price	200
7790	_regular_price	210
7792	_regular_price	650
7797	_regular_price	685
7789	_regular_price	58
7799	_regular_price	52
7801	_regular_price	345
7802	_regular_price	590
7806	_regular_price	250
7812	_regular_price	180
7816	_regular_price	350
7819	_regular_price	25
7822	_regular_price	25
7823	_regular_price	25
7829	_regular_price	120
7830	_regular_price	120
7831	_regular_price	120
7832	_regular_price	120
7833	_regular_price	120
7827	_regular_price	49
7828	_regular_price	420
7837	_regular_price	232
7839	_regular_price	590
7844	_regular_price	845
7850	_regular_price	700
7851	_regular_price	2600
7841	_regular_price	170
7887	_regular_price	270
7867	_regular_price	60
7889	_regular_price	440
7897	_regular_price	270
7891	_regular_price	671
7892	_regular_price	2364
7893	_regular_price	270
7894	_regular_price	671
7895	_regular_price	2364
7938	_regular_price	48
7939	_regular_price	75
7923	_regular_price	55
7924	_regular_price	71
7925	_regular_price	118
7940	_regular_price	100
7942	_regular_price	120
15269	_regular_price	390
15278	_regular_price	480
7951	_regular_price	785
7953	_regular_price	1300
7958	_regular_price	318
7956	_regular_price	839
7963	_regular_price	258
7965	_regular_price	258
7967	_regular_price	258
7976	_regular_price	245
7978	_regular_price	245
7979	_regular_price	245
7981	_regular_price	185
7984	_regular_price	260
7966	_regular_price	1498
7987	_regular_price	185
7989	_regular_price	745
7995	_regular_price	239
7997	_regular_price	514
7999	_regular_price	690
8002	_regular_price	1070
8010	_regular_price	65
8012	_regular_price	305
8014	_regular_price	139
8016	_regular_price	290
8019	_regular_price	130
8025	_regular_price	288
8026	_regular_price	508
8007	_regular_price	288
8028	_regular_price	42
8030	_regular_price	865
8005	_regular_price	470
7993	_regular_price	398
8034	_regular_price	150
8036	_regular_price	150
8033	_regular_price	449
8041	_regular_price	215
8045	_regular_price	550
8051	_regular_price	165
8056	_regular_price	99
8059	_regular_price	226
8066	_regular_price	120
8068	_regular_price	120
8069	_regular_price	180
8073	_regular_price	459
8081	_regular_price	195
8085	_regular_price	380
8082	_regular_price	36
8091	_regular_price	4930
8093	_regular_price	929
8090	_regular_price	185
8665	_regular_price	60
8099	_regular_price	665
8101	_regular_price	2200
8107	_regular_price	1283
8109	_regular_price	163
8113	_regular_price	142
8115	_regular_price	114
8117	_regular_price	100
8249	_regular_price	448
8127	_regular_price	59
8128	_regular_price	63
8129	_regular_price	91
8130	_regular_price	113
8131	_regular_price	140
8132	_regular_price	149
8133	_regular_price	187
8134	_regular_price	248
8136	_regular_price	100
8138	_regular_price	107
8140	_regular_price	123
8144	_regular_price	97
8146	_regular_price	148
8148	_regular_price	79
8151	_regular_price	125
8153	_regular_price	120
8157	_regular_price	189
8160	_regular_price	179
8162	_regular_price	131
8164	_regular_price	99
8166	_regular_price	118
8167	_regular_price	110
8171	_regular_price	87
8172	_regular_price	320
8173	_regular_price	320
8174	_regular_price	320
8175	_regular_price	320
8176	_regular_price	320
8177	_regular_price	320
8178	_regular_price	320
8179	_regular_price	320
8180	_regular_price	320
8181	_regular_price	320
8183	_regular_price	320
8184	_regular_price	1059
8185	_regular_price	320
8182	_regular_price	90
8189	_regular_price	95
8191	_regular_price	120
8192	_regular_price	655
8194	_regular_price	142
8197	_regular_price	542
8199	_regular_price	349
8202	_regular_price	200
8208	_regular_price	245
8214	_regular_price	965
8209	_regular_price	295
8212	_regular_price	295
8027	_regular_price	295
8217	_regular_price	145
8221	_regular_price	160
8224	_regular_price	190
8229	_regular_price	50
8233	_regular_price	110
8234	_regular_price	110
8235	_regular_price	110
8236	_regular_price	110
8237	_regular_price	110
8238	_regular_price	113
8239	_regular_price	115
8240	_regular_price	140
8241	_regular_price	148
8243	_regular_price	190
8244	_regular_price	215
8245	_regular_price	229
8246	_regular_price	245
8248	_regular_price	350
8257	_regular_price	1059
8258	_regular_price	320
8263	_regular_price	259
8266	_regular_price	299
8270	_regular_price	249
8272	_regular_price	199
8273	_regular_price	265
8277	_regular_price	235
8278	_regular_price	18.90
8290	_regular_price	115
8300	_regular_price	25
8303	_regular_price	170
8305	_regular_price	195
8314	_regular_price	575
8318	_regular_price	499
8321	_regular_price	399
8323	_regular_price	70
8325	_regular_price	75
8326	_regular_price	110
8328	_regular_price	79
8331	_regular_price	135
8332	_regular_price	125
8333	_regular_price	125
8335	_regular_price	145
8337	_regular_price	135
8343	_regular_price	135
8347	_regular_price	169
8349	_regular_price	60
8352	_regular_price	69
8354	_regular_price	79
8351	_regular_price	33
8357	_regular_price	139
8358	_regular_price	220
8359	_regular_price	558
8361	_regular_price	458
8363	_regular_price	275
8356	_regular_price	225
8370	_regular_price	125
12188	_regular_price	1140
8375	_regular_price	140
8373	_regular_price	598
8380	_regular_price	499
8383	_regular_price	180
8385	_regular_price	340
8388	_regular_price	260
8390	_regular_price	110
8382	_regular_price	380
8396	_regular_price	140
8399	_regular_price	120
8394	_regular_price	325
8401	_regular_price	150
8403	_regular_price	75
8404	_regular_price	230
8402	_regular_price	194
8409	_regular_price	325
8410	_regular_price	194
8418	_regular_price	190
8419	_regular_price	1850
8424	_regular_price	1850
8415	_regular_price	80
8431	_regular_price	120
8433	_regular_price	140
8435	_regular_price	140
8439	_regular_price	98
8440	_regular_price	120
8441	_regular_price	362
8442	_regular_price	110
8445	_regular_price	90
8450	_regular_price	313
8451	_regular_price	190
8452	_regular_price	430
8453	_regular_price	195
8454	_regular_price	400
8456	_regular_price	493
8458	_regular_price	322
8459	_regular_price	180
8461	_regular_price	493
8462	_regular_price	320
8464	_regular_price	130
8465	_regular_price	220
8467	_regular_price	180
8469	_regular_price	120
8473	_regular_price	120
8475	_regular_price	35
8478	_regular_price	50
8480	_regular_price	350
8482	_regular_price	155
8490	_regular_price	30
8507	_regular_price	495
8528	_regular_price	650
8530	_regular_price	365
15926	_regular_price	3.50
8533	_regular_price	65
8541	_regular_price	360
8543	_regular_price	100
8549	_regular_price	1575
8545	_regular_price	2500
8553	_regular_price	180
8555	_regular_price	40
8557	_regular_price	1560
8559	_regular_price	6
8562	_regular_price	7
8561	_regular_price	504
8566	_regular_price	7
8569	_regular_price	95
8570	_regular_price	956
8572	_regular_price	100
8575	_regular_price	550
8577	_regular_price	550
8578	_regular_price	408
8579	_regular_price	247
8581	_regular_price	247
8582	_regular_price	256
8584	_regular_price	256
8538	_regular_price	210
8592	_regular_price	60
8594	_regular_price	30
8597	_regular_price	30
8601	_regular_price	60
8590	_regular_price	100
8603	_regular_price	80
8606	_regular_price	70
8609	_regular_price	70
8610	_regular_price	325
8611	_regular_price	45
8614	_regular_price	75
8618	_regular_price	301
8619	_regular_price	228
8620	_regular_price	151
8621	_regular_price	99
8622	_regular_price	95
8623	_regular_price	92
8624	_regular_price	430
8626	_regular_price	670
8628	_regular_price	1746
8631	_regular_price	190
8630	_regular_price	100
8635	_regular_price	42
8634	_regular_price	89
8639	_regular_price	159
8640	_regular_price	70
8641	_regular_price	90
8643	_regular_price	630
8645	_regular_price	180
8646	_regular_price	228
8650	_regular_price	325
8655	_regular_price	390
8666	_regular_price	160
8667	_regular_price	149
8668	_regular_price	55
8664	_regular_price	21
8671	_regular_price	400
8673	_regular_price	120
8676	_regular_price	50
8679	_regular_price	330
8682	_regular_price	50
8684	_regular_price	90
8688	_regular_price	85
8690	_regular_price	75
8691	_regular_price	160
8694	_regular_price	205
8696	_regular_price	49
8697	_regular_price	1160
8700	_regular_price	190
8703	_regular_price	300
8708	_regular_price	1195
8710	_regular_price	189
8712	_regular_price	232
8713	_regular_price	480
8715	_regular_price	69
8720	_regular_price	136
8722	_regular_price	170
8723	_regular_price	204
8724	_regular_price	255
8719	_regular_price	170
8728	_regular_price	129
8732	_regular_price	86
8735	_regular_price	50
8736	_regular_price	45
8737	_regular_price	40
8741	_regular_price	60
8743	_regular_price	45
8744	_regular_price	45
8745	_regular_price	45
8746	_regular_price	45
8748	_regular_price	45
8749	_regular_price	45
8752	_regular_price	45
8753	_regular_price	45
8754	_regular_price	45
8755	_regular_price	45
8757	_regular_price	45
8740	_regular_price	523
8760	_regular_price	118
8762	_regular_price	130
8764	_regular_price	65
8766	_regular_price	490
8849	_regular_price	40
8780	_regular_price	82
8781	_regular_price	89
8782	_regular_price	115
8789	_regular_price	75
8788	_regular_price	70
8785	_regular_price	55
8772	_regular_price	80
8798	_regular_price	50
8801	_regular_price	50
8802	_regular_price	50
8805	_regular_price	50
8811	_regular_price	50
8812	_regular_price	40
8815	_regular_price	50
8825	_regular_price	40
8826	_regular_price	55
8827	_regular_price	55
8829	_regular_price	59
8840	_regular_price	55
8841	_regular_price	55
8842	_regular_price	59
8852	_regular_price	70
9776	_regular_price	185
8856	_regular_price	75
8857	_regular_price	80
8864	_regular_price	50
8867	_regular_price	50
8868	_regular_price	50
8869	_regular_price	50
8870	_regular_price	50
8871	_regular_price	50
8872	_regular_price	50
8865	_regular_price	50
8887	_regular_price	50
8879	_regular_price	25
8894	_regular_price	55
8895	_regular_price	55
8896	_regular_price	55
8897	_regular_price	55
8898	_regular_price	55
8899	_regular_price	55
8901	_regular_price	55
8910	_regular_price	2550
8913	_regular_price	745
8915	_regular_price	650
8916	_regular_price	2030
8920	_regular_price	1400
8923	_regular_price	700
12415	_regular_price	225
8928	_regular_price	60
8930	_regular_price	30
8932	_regular_price	15
8934	_regular_price	445
8936	_regular_price	405
8939	_regular_price	40
8942	_regular_price	45
8944	_regular_price	45
8948	_regular_price	45
8945	_regular_price	45
8951	_regular_price	290
8954	_regular_price	320
8958	_regular_price	180
8962	_regular_price	290
8967	_regular_price	419
8971	_regular_price	90
8973	_regular_price	58
8976	_regular_price	310
8980	_regular_price	230
8983	_regular_price	270
8985	_regular_price	60
8988	_regular_price	32
8990	_regular_price	2.80
8994	_regular_price	249.75
8995	_regular_price	249.75
8996	_regular_price	249.75
8997	_regular_price	249.75
8998	_regular_price	249.75
8999	_regular_price	249.75
9000	_regular_price	249.75
9003	_regular_price	100
9005	_regular_price	58
9007	_regular_price	1290
9010	_regular_price	875
9017	_regular_price	349
9021	_regular_price	1950
9023	_regular_price	650
9922	_regular_price	299
9032	_regular_price	15
9033	_regular_price	18
9034	_regular_price	24
9036	_regular_price	750
9037	_regular_price	1050
9038	_regular_price	1129
9040	_regular_price	130
9042	_regular_price	110
9045	_regular_price	750
9048	_regular_price	175
9051	_regular_price	450
9053	_regular_price	100
9054	_regular_price	450
9056	_regular_price	190
9061	_regular_price	3
9068	_regular_price	532
9077	_regular_price	145
9078	_regular_price	179
9082	_regular_price	96
9084	_regular_price	169
9090	_regular_price	180
9092	_regular_price	215
9094	_regular_price	410
9096	_regular_price	795
9098	_regular_price	57
9100	_regular_price	220
9102	_regular_price	50
9105	_regular_price	200
9106	_regular_price	80
9108	_regular_price	20
9110	_regular_price	13
9113	_regular_price	13
9116	_regular_price	15
9118	_regular_price	15
9117	_regular_price	15
9114	_regular_price	13
9119	_regular_price	15
9122	_regular_price	25
9124	_regular_price	25
9129	_regular_price	25
9132	_regular_price	80
9136	_regular_price	60
9140	_regular_price	39
9141	_regular_price	39
9142	_regular_price	39
9143	_regular_price	39
9138	_regular_price	39
9144	_regular_price	110
9146	_regular_price	215
9149	_regular_price	65
9152	_regular_price	28
9158	_regular_price	120
9159	_regular_price	146
9160	_regular_price	169
9161	_regular_price	95
9165	_regular_price	178
9170	_regular_price	100
9174	_regular_price	65
9179	_regular_price	57
9180	_regular_price	68
9181	_regular_price	70
9182	_regular_price	799
9188	_regular_price	575
9175	_regular_price	945
9191	_regular_price	300
9193	_regular_price	200
9197	_regular_price	150
9203	_regular_price	155
9206	_regular_price	160
9207	_regular_price	190
10097	_regular_price	120
10095	_regular_price	120
10099	_regular_price	100
9222	_regular_price	740
9217	_regular_price	200
9225	_regular_price	196
9227	_regular_price	232
9226	_regular_price	115
9232	_regular_price	82.5
9233	_regular_price	120
9234	_regular_price	30.8
9236	_regular_price	49.5
9239	_regular_price	740
9237	_regular_price	41.8
9240	_regular_price	104.5
9241	_regular_price	137.5
9243	_regular_price	125
9244	_regular_price	220
9247	_regular_price	355
9246	_regular_price	280
12214	_regular_price	1700
12211	_regular_price	1040
9279	_regular_price	49
9281	_regular_price	48
9284	_regular_price	26
9287	_regular_price	22
9289	_regular_price	120
9291	_regular_price	202
9293	_regular_price	277
9300	_regular_price	271
9301	_regular_price	69
9309	_regular_price	198
9311	_regular_price	398
9312	_regular_price	550
9313	_regular_price	730
9315	_regular_price	305
9316	_regular_price	430
9299	_regular_price	366
9298	_regular_price	322
9297	_regular_price	376
9318	_regular_price	426
9308	_regular_price	130
9306	_regular_price	65
9305	_regular_price	49
9325	_regular_price	1170
9324	_regular_price	390
9323	_regular_price	306
9322	_regular_price	249
9321	_regular_price	119
9307	_regular_price	98
9310	_regular_price	195
9327	_regular_price	129
9329	_regular_price	185
9332	_regular_price	205.0000
9336	_regular_price	145
9338	_regular_price	229
9340	_regular_price	392
9342	_regular_price	392
9347	_regular_price	215
9349	_regular_price	170
9350	_regular_price	432
9355	_regular_price	90
9356	_regular_price	90
9357	_regular_price	90
9359	_regular_price	150
9361	_regular_price	130
9358	_regular_price	225
9366	_regular_price	90
9369	_regular_price	130
9371	_regular_price	380
9376	_regular_price	70
9380	_regular_price	130
9382	_regular_price	50
9387	_regular_price	50
9390	_regular_price	27
9393	_regular_price	38
9398	_regular_price	145
9399	_regular_price	32
9402	_regular_price	485
9391	_regular_price	128
9414	_regular_price	80
9415	_regular_price	130
9416	_regular_price	32
9417	_regular_price	32
9419	_regular_price	225
9421	_regular_price	300
9422	_regular_price	320
9424	_regular_price	240
9426	_regular_price	220
9428	_regular_price	390
9430	_regular_price	290
9434	_regular_price	140
9440	_regular_price	79
9442	_regular_price	359
9444	_regular_price	300
9446	_regular_price	106
9448	_regular_price	800
9450	_regular_price	70
9452	_regular_price	90
9458	_regular_price	99
9459	_regular_price	418
9461	_regular_price	480
9464	_regular_price	420
9466	_regular_price	550
9468	_regular_price	18
9467	_regular_price	65
9470	_regular_price	190
9474	_regular_price	190
9476	_regular_price	200
9478	_regular_price	190
9480	_regular_price	190
9482	_regular_price	60
9484	_regular_price	185
9486	_regular_price	51
9488	_regular_price	1200
9491	_regular_price	800
9493	_regular_price	1400
9494	_regular_price	1000
9496	_regular_price	900
9499	_regular_price	900
9501	_regular_price	228
9503	_regular_price	920
9505	_regular_price	40
9507	_regular_price	50
9508	_regular_price	60
9511	_regular_price	70
9512	_regular_price	70
9514	_regular_price	86
9516	_regular_price	52
9518	_regular_price	60
9520	_regular_price	56
9521	_regular_price	53
9522	_regular_price	105
9528	_regular_price	65
9531	_regular_price	70
9533	_regular_price	70
9530	_regular_price	325
9538	_regular_price	65
9540	_regular_price	65
9543	_regular_price	65
9544	_regular_price	65
9546	_regular_price	100
9548	_regular_price	100
9550	_regular_price	105
9552	_regular_price	60
9553	_regular_price	60
9556	_regular_price	60
9559	_regular_price	60
9561	_regular_price	80
9567	_regular_price	100
9568	_regular_price	80
9569	_regular_price	80
9570	_regular_price	80
9571	_regular_price	105
9579	_regular_price	60
9583	_regular_price	129
9585	_regular_price	55
9587	_regular_price	90
9591	_regular_price	90
9592	_regular_price	120
9595	_regular_price	120
9602	_regular_price	80
9604	_regular_price	120
9610	_regular_price	80
9612	_regular_price	80
9613	_regular_price	80
9614	_regular_price	80
9616	_regular_price	80
9619	_regular_price	100
9634	_regular_price	80
9635	_regular_price	120
9637	_regular_price	120
9638	_regular_price	150
9639	_regular_price	150
9640	_regular_price	150
9641	_regular_price	150
9642	_regular_price	150
9643	_regular_price	150
9644	_regular_price	260
9646	_regular_price	270
9649	_regular_price	112
9651	_regular_price	360
9653	_regular_price	400
9655	_regular_price	500
9657	_regular_price	96
9659	_regular_price	85
9660	_regular_price	120
9663	_regular_price	150
9666	_regular_price	120
9668	_regular_price	295
9670	_regular_price	100
9676	_regular_price	250
9680	_regular_price	175
9682	_regular_price	195
9684	_regular_price	330
9687	_regular_price	105
9689	_regular_price	420
9691	_regular_price	532
9693	_regular_price	530
9699	_regular_price	360
9704	_regular_price	140
9706	_regular_price	120
9708	_regular_price	120
9710	_regular_price	240
9712	_regular_price	130
9717	_regular_price	85
9713	_regular_price	85
9718	_regular_price	100
9722	_regular_price	76
9724	_regular_price	76
9727	_regular_price	140
9732	_regular_price	146
9729	_regular_price	95
9739	_regular_price	70
9742	_regular_price	99
9744	_regular_price	99
9750	_regular_price	510
9755	_regular_price	32
9756	_regular_price	35
9757	_regular_price	37
9758	_regular_price	45
9759	_regular_price	55
9760	_regular_price	57
9761	_regular_price	253
9763	_regular_price	321
9765	_regular_price	136
9767	_regular_price	741
9769	_regular_price	883
9772	_regular_price	545
8854	_regular_price	89
8858	_regular_price	82
8790	_regular_price	75
9774	_regular_price	50
9778	_regular_price	185.0000
8860	_regular_price	115
9773	_regular_price	99
9782	_regular_price	70
9784	_regular_price	80
9790	_regular_price	512
9792	_regular_price	240
9796	_regular_price	280
9799	_regular_price	448
9802	_regular_price	280
9804	_regular_price	110
9806	_regular_price	180
9808	_regular_price	220
9811	_regular_price	340
9813	_regular_price	650
9816	_regular_price	448
9818	_regular_price	448
9823	_regular_price	180
9824	_regular_price	98
9826	_regular_price	70
9828	_regular_price	70
9830	_regular_price	70
9832	_regular_price	70
9836	_regular_price	200
9839	_regular_price	280
9841	_regular_price	150
9843	_regular_price	290
9852	_regular_price	68
9851	_regular_price	118
9850	_regular_price	158
9849	_regular_price	278
9848	_regular_price	478
9845	_regular_price	204
9854	_regular_price	100
9856	_regular_price	148
9859	_regular_price	160
9861	_regular_price	150
9866	_regular_price	95
9867	_regular_price	120
9869	_regular_price	153
9871	_regular_price	230
9873	_regular_price	38
9875	_regular_price	72
9877	_regular_price	454
9879	_regular_price	1481
9881	_regular_price	230
9883	_regular_price	112
9885	_regular_price	112
9887	_regular_price	170
9889	_regular_price	150
9892	_regular_price	180
9895	_regular_price	90
9897	_regular_price	239
9899	_regular_price	130
9902	_regular_price	129
9904	_regular_price	235
9906	_regular_price	175
9908	_regular_price	129
9910	_regular_price	274
9912	_regular_price	250
9915	_regular_price	290
9919	_regular_price	187
9924	_regular_price	220
9926	_regular_price	230
9928	_regular_price	120
9930	_regular_price	140
9931	_regular_price	30.0000
9934	_regular_price	220
9937	_regular_price	120
9939	_regular_price	140
9941	_regular_price	70
9943	_regular_price	70
9945	_regular_price	105
9947	_regular_price	110
9949	_regular_price	112
9953	_regular_price	215
9954	_regular_price	245
9957	_regular_price	50
9960	_regular_price	200
9962	_regular_price	380
9964	_regular_price	165.0000
9965	_regular_price	130
9968	_regular_price	85
9973	_regular_price	85
9975	_regular_price	95
9977	_regular_price	150
9979	_regular_price	270
9981	_regular_price	150
9983	_regular_price	140
9985	_regular_price	70
9987	_regular_price	70
9989	_regular_price	250
9991	_regular_price	99
9993	_regular_price	220
10000	_regular_price	290
9995	_regular_price	2580
10002	_regular_price	330
10004	_regular_price	2550
10010	_regular_price	120
10017	_regular_price	1105
10020	_regular_price	195
10022	_regular_price	529
10026	_regular_price	694
10028	_regular_price	135
10030	_regular_price	190
10033	_regular_price	270
10036	_regular_price	120
10039	_regular_price	70
10041	_regular_price	300
10043	_regular_price	250
10045	_regular_price	80
10046	_regular_price	70
10051	_regular_price	95
10053	_regular_price	85
10059	_regular_price	120
10063	_regular_price	165
10065	_regular_price	99
9698	_regular_price	30
10072	_regular_price	100
10074	_regular_price	155
10082	_regular_price	150
10086	_regular_price	141
10087	_regular_price	175
10089	_regular_price	124
10091	_regular_price	245
10093	_regular_price	110
10103	_regular_price	70
10107	_regular_price	70
10098	_regular_price	1488
10111	_regular_price	99
10116	_regular_price	175
10117	_regular_price	220
10118	_regular_price	146
10113	_regular_price	180
10120	_regular_price	110
10123	_regular_price	23
10125	_regular_price	240
10127	_regular_price	240
10132	_regular_price	280
10134	_regular_price	300
10138	_regular_price	270
10141	_regular_price	300
10146	_regular_price	499
10131	_regular_price	432
10149	_regular_price	499
10150	_regular_price	539
10152	_regular_price	699
10154	_regular_price	1285
10157	_regular_price	740
10159	_regular_price	400
10161	_regular_price	821
10163	_regular_price	598
10167	_regular_price	927
10169	_regular_price	3890
10171	_regular_price	599
10174	_regular_price	1080
10177	_regular_price	550
10181	_regular_price	549
10183	_regular_price	390
10185	_regular_price	450
10186	_regular_price	400
10188	_regular_price	1900
10190	_regular_price	1160
10192	_regular_price	225
10194	_regular_price	260
10199	_regular_price	690
10200	_regular_price	690
10214	_regular_price	724
10215	_regular_price	1085
10217	_regular_price	1449
10209	_regular_price	1
10220	_regular_price	1000
10222	_regular_price	159
10236	_regular_price	100
10243	_regular_price	749
10247	_regular_price	3190
10250	_regular_price	5920
10251	_regular_price	10
4641	_regular_price	415
10264	_regular_price	139
10268	_regular_price	115
10278	_regular_price	148
10282	_regular_price	256
10284	_regular_price	390
10285	_regular_price	567
10286	_regular_price	1996
10288	_regular_price	148
10302	_regular_price	475
10312	_regular_price	145
10317	_regular_price	204
10323	_regular_price	260
10335	_regular_price	45
8103	_regular_price	119
10339	_regular_price	146
10342	_regular_price	134
10348	_regular_price	450
10350	_regular_price	405
10352	_regular_price	102
10355	_regular_price	120
10358	_regular_price	35
10361	_regular_price	25
10362	_regular_price	95
10366	_regular_price	125
10368	_regular_price	879
10372	_regular_price	545
10373	_regular_price	490
10375	_regular_price	390
10384	_regular_price	399
10388	_regular_price	422
10389	_regular_price	282
10398	_regular_price	177
10414	_regular_price	945
10426	_regular_price	60
10428	_regular_price	70
10429	_regular_price	90
10430	_regular_price	110
10434	_regular_price	79
10436	_regular_price	90
10442	_regular_price	135
10445	_regular_price	275
10446	_regular_price	130
10447	_regular_price	120
10449	_regular_price	349
10451	_regular_price	130
10454	_regular_price	140
10456	_regular_price	140
10457	_regular_price	800
10467	_regular_price	895
10468	_regular_price	895
10462	_regular_price	895
10476	_regular_price	77
10478	_regular_price	380
10483	_regular_price	479
10487	_regular_price	445
10489	_regular_price	210
10496	_regular_price	190
10505	_regular_price	170
10506	_regular_price	220
10508	_regular_price	170
10509	_regular_price	428
10510	_regular_price	410
10514	_regular_price	90
10515	_regular_price	90
10523	_regular_price	33
10526	_regular_price	43
10529	_regular_price	540
10532	_regular_price	90
10533	_regular_price	105
10535	_regular_price	479
10541	_regular_price	479
9674	_regular_price	210
10553	_regular_price	316
10559	_regular_price	99
10562	_regular_price	245
10565	_regular_price	417
10577	_regular_price	340
10580	_regular_price	449
10589	_regular_price	485
10594	_regular_price	705
10605	_regular_price	227
10609	_regular_price	820
10612	_regular_price	690
10614	_regular_price	350
10617	_regular_price	8
10619	_regular_price	530
10622	_regular_price	685
10627	_regular_price	190
10632	_regular_price	99
10637	_regular_price	120
10641	_regular_price	61
10643	_regular_price	360
10650	_regular_price	180
10656	_regular_price	205
10657	_regular_price	479
10662	_regular_price	630
10663	_regular_price	770
10664	_regular_price	35
10666	_regular_price	48
10668	_regular_price	80
10677	_regular_price	180
10679	_regular_price	167
10681	_regular_price	10
10688	_regular_price	350
10693	_regular_price	35
10699	_regular_price	56
10701	_regular_price	70
10702	_regular_price	749
10707	_regular_price	265
10709	_regular_price	476
10715	_regular_price	356
10717	_regular_price	430
10725	_regular_price	575
10731	_regular_price	320
10735	_regular_price	255
10738	_regular_price	340
10747	_regular_price	640
10749	_regular_price	1525
10756	_regular_price	1950
10765	_regular_price	205
10768	_regular_price	275
10769	_regular_price	315
10770	_regular_price	345
10771	_regular_price	100
10775	_regular_price	1050
10787	_regular_price	1060
10789	_regular_price	165
10790	_regular_price	345
10792	_regular_price	50
10799	_regular_price	45
10802	_regular_price	869
10807	_regular_price	728
10811	_regular_price	556
10816	_regular_price	435
10829	_regular_price	140
10828	_regular_price	140
10827	_regular_price	140
10833	_regular_price	360
10837	_regular_price	690
10847	_regular_price	158
10850	_regular_price	435
10856	_regular_price	650
10862	_regular_price	1890
10872	_regular_price	699
10880	_regular_price	395
10886	_regular_price	385
10894	_regular_price	385
10895	_regular_price	385
10897	_regular_price	150
10902	_regular_price	75
10906	_regular_price	99
10912	_regular_price	135
10913	_regular_price	95
10917	_regular_price	275
10922	_regular_price	135
10927	_regular_price	435
10931	_regular_price	378
10944	_regular_price	1240
10946	_regular_price	1040
10950	_regular_price	460
10953	_regular_price	570
10957	_regular_price	169
10963	_regular_price	425
10971	_regular_price	455
10977	_regular_price	60
10981	_regular_price	696
10995	_regular_price	945
10996	_regular_price	275
10998	_regular_price	379
10999	_regular_price	558
11000	_regular_price	1595
11003	_regular_price	140
11007	_regular_price	300
11011	_regular_price	280
11018	_regular_price	280
11021	_regular_price	380
11026	_regular_price	1950
11034	_regular_price	375
11041	_regular_price	1365
11039	_regular_price	299
11050	_regular_price	1065
11056	_regular_price	785
11061	_regular_price	785
11066	_regular_price	165
11069	_regular_price	107
11072	_regular_price	54
11076	_regular_price	53
11082	_regular_price	88
11090	_regular_price	400
11104	_regular_price	165
11107	_regular_price	165
11108	_regular_price	125
11117	_regular_price	175
11119	_regular_price	65
11125	_regular_price	100
11127	_regular_price	240
11129	_regular_price	165
11132	_regular_price	70
11137	_regular_price	143
11139	_regular_price	132
11140	_regular_price	160
11143	_regular_price	280
11148	_regular_price	180
11152	_regular_price	139
11165	_regular_price	459
11174	_regular_price	350
11184	_regular_price	365
11190	_regular_price	100
11196	_regular_price	599
11203	_regular_price	899
11223	_regular_price	160
11224	_regular_price	149
11228	_regular_price	149
11234	_regular_price	120
11244	_regular_price	43
11256	_regular_price	240
11264	_regular_price	287
11265	_regular_price	365
11266	_regular_price	466
11272	_regular_price	105
11273	_regular_price	165
11274	_regular_price	225
11289	_regular_price	240
11296	_regular_price	120
11301	_regular_price	120
11303	_regular_price	170
11312	_regular_price	610
11319	_regular_price	448
11324	_regular_price	630
11331	_regular_price	769
11338	_regular_price	485
11344	_regular_price	225
11351	_regular_price	528
11358	_regular_price	590
11373	_regular_price	280
11376	_regular_price	275
11379	_regular_price	310
11393	_regular_price	2390
4875	_regular_price	209
8500	_regular_price	30
8499	_regular_price	30
8498	_regular_price	30
8497	_regular_price	30
8496	_regular_price	30
8495	_regular_price	30
8494	_regular_price	30
11420	_regular_price	30
11421	_regular_price	30
11422	_regular_price	30
11423	_regular_price	30
11424	_regular_price	229
11430	_regular_price	200
11434	_regular_price	350
11436	_regular_price	50
11441	_regular_price	235
11443	_regular_price	299
11446	_regular_price	150
11450	_regular_price	369
11454	_regular_price	205
11456	_regular_price	745
11468	_regular_price	96
11471	_regular_price	44
11480	_regular_price	799
11497	_regular_price	55
11498	_regular_price	55
11499	_regular_price	55
11500	_regular_price	55
11501	_regular_price	55
11502	_regular_price	55
8889	_regular_price	50
11510	_regular_price	460
11516	_regular_price	210
11519	_regular_price	269
11527	_regular_price	540
11529	_regular_price	2315
11535	_regular_price	195
11536	_regular_price	250
11540	_regular_price	490
11543	_regular_price	320
11549	_regular_price	280
11550	_regular_price	1159
11558	_regular_price	260
11560	_regular_price	180
11563	_regular_price	180
11567	_regular_price	249
11572	_regular_price	525
11574	_regular_price	599
11579	_regular_price	226
11582	_regular_price	190
11584	_regular_price	294
11577	_regular_price	599
11589	_regular_price	495
11594	_regular_price	440
11600	_regular_price	229
11604	_regular_price	47
11605	_regular_price	22
11609	_regular_price	25
11610	_regular_price	30
11611	_regular_price	18
11613	_regular_price	10
11614	_regular_price	8
11615	_regular_price	89
11616	_regular_price	629
11618	_regular_price	685
11624	_regular_price	469
11625	_regular_price	470
11629	_regular_price	470
11633	_regular_price	820
11635	_regular_price	1026
11645	_regular_price	159
11649	_regular_price	780
11651	_regular_price	780
11648	_regular_price	780
11656	_regular_price	99
11658	_regular_price	679
11663	_regular_price	2.20
11669	_regular_price	20
11671	_regular_price	25
11676	_regular_price	235
11679	_regular_price	249
11684	_regular_price	269
11686	_regular_price	478
11688	_regular_price	663
11689	_regular_price	152
11692	_regular_price	70
11694	_regular_price	140
11697	_regular_price	1090
11701	_regular_price	250
11703	_regular_price	95
11705	_regular_price	125
11708	_regular_price	110
11709	_regular_price	55
9276	_regular_price	10
11718	_regular_price	990
16446	_regular_price	169
16445	_regular_price	120
16444	_regular_price	146
11725	_regular_price	1989
11743	_regular_price	179
11746	_regular_price	210
11752	_regular_price	210
11755	_regular_price	50
11761	_regular_price	330
11763	_regular_price	330
11764	_regular_price	430
11766	_regular_price	430
11767	_regular_price	260
11770	_regular_price	199
11779	_regular_price	1169
11790	_regular_price	20
11797	_regular_price	170
11799	_regular_price	105
11804	_regular_price	245
11807	_regular_price	670
11812	_regular_price	119
11817	_regular_price	460
11818	_regular_price	625
11821	_regular_price	30
11828	_regular_price	445
11833	_regular_price	147
9314	_regular_price	220
11839	_regular_price	3890
11848	_regular_price	1490
11851	_regular_price	230
11861	_regular_price	290
11865	_regular_price	349
11866	_regular_price	583
11867	_regular_price	345
11874	_regular_price	399
11877	_regular_price	645
11884	_regular_price	310
11885	_regular_price	387
11886	_regular_price	542
11887	_regular_price	40
11889	_regular_price	140
11895	_regular_price	10
11897	_regular_price	15
11898	_regular_price	20
11900	_regular_price	5950
11907	_regular_price	170
11909	_regular_price	460
11913	_regular_price	115
11915	_regular_price	200
11922	_regular_price	840
11924	_regular_price	1059
11932	_regular_price	779
11936	_regular_price	958
11937	_regular_price	399
11941	_regular_price	335
11943	_regular_price	160
11947	_regular_price	160
11950	_regular_price	145
11953	_regular_price	145
11962	_regular_price	45
11963	_regular_price	265
11969	_regular_price	249
11972	_regular_price	549
11974	_regular_price	129
11977	_regular_price	129
11979	_regular_price	171
11981	_regular_price	317
11982	_regular_price	568
11983	_regular_price	13
11985	_regular_price	10
11986	_regular_price	7
11987	_regular_price	6
11988	_regular_price	106
11993	_regular_price	106
11996	_regular_price	90
11999	_regular_price	459
12002	_regular_price	75
12004	_regular_price	436
12007	_regular_price	349
12011	_regular_price	30
12193	_regular_price	200
12022	_regular_price	258
12024	_regular_price	258
12026	_regular_price	713
12028	_regular_price	713
12035	_regular_price	184
12040	_regular_price	184
12041	_regular_price	184
12045	_regular_price	88
12047	_regular_price	204
12050	_regular_price	280
12051	_regular_price	520
12054	_regular_price	195
12059	_regular_price	195
12062	_regular_price	995
12064	_regular_price	850
12067	_regular_price	180
12072	_regular_price	345
12078	_regular_price	290
12080	_regular_price	520
12082	_regular_price	299
12086	_regular_price	375
12089	_regular_price	449
12102	_regular_price	649
12108	_regular_price	10
12111	_regular_price	12
12113	_regular_price	15
12114	_regular_price	17
12116	_regular_price	21
12117	_regular_price	24
12119	_regular_price	36
9278	_regular_price	13
12142	_regular_price	95
12143	_regular_price	125
12144	_regular_price	75
12145	_regular_price	45
12146	_regular_price	38
12147	_regular_price	28
12157	_regular_price	210
12158	_regular_price	110
12159	_regular_price	170
12162	_regular_price	249
12165	_regular_price	285
12166	_regular_price	310
12164	_regular_price	275
5574	_regular_price	250
12167	_regular_price	170
12169	_regular_price	175
12170	_regular_price	240
12174	_regular_price	305
12176	_regular_price	320
15263	_regular_price	220
12201	_regular_price	1170
12204	_regular_price	1170
12220	_regular_price	129
12222	_regular_price	149
12223	_regular_price	200
12224	_regular_price	225
12225	_regular_price	185
12226	_regular_price	225
12227	_regular_price	400
12228	_regular_price	140
12229	_regular_price	126
12230	_regular_price	125
12231	_regular_price	120
12234	_regular_price	228
12239	_regular_price	520
12242	_regular_price	520
12246	_regular_price	520
12248	_regular_price	520
12254	_regular_price	165
12257	_regular_price	297
12262	_regular_price	1120
12269	_regular_price	1030
12272	_regular_price	2129
12276	_regular_price	220
12279	_regular_price	650
12280	_regular_price	820
12286	_regular_price	25
12290	_regular_price	166
12291	_regular_price	725
12294	_regular_price	530
12299	_regular_price	315
12300	_regular_price	325
12302	_regular_price	25
12304	_regular_price	30
12307	_regular_price	35
12309	_regular_price	40
12310	_regular_price	45
12323	_regular_price	255
12325	_regular_price	255
12314	_regular_price	255
12328	_regular_price	530
12335	_regular_price	99
12337	_regular_price	749
12340	_regular_price	320
12341	_regular_price	370
12345	_regular_price	10
12347	_regular_price	16
12350	_regular_price	170
12352	_regular_price	190
12354	_regular_price	210
12363	_regular_price	30
12372	_regular_price	150
12376	_regular_price	165
12380	_regular_price	476
12381	_regular_price	585
12382	_regular_price	476
12387	_regular_price	400
12391	_regular_price	120
12393	_regular_price	100
12395	_regular_price	70
12397	_regular_price	156
12399	_regular_price	156
8392	_regular_price	156
12405	_regular_price	270
12413	_regular_price	135
12421	_regular_price	485
12422	_regular_price	210
12423	_regular_price	145
12424	_regular_price	115
12427	_regular_price	299
12432	_regular_price	260
12434	_regular_price	122
12439	_regular_price	70
12441	_regular_price	60
12443	_regular_price	529
12450	_regular_price	890
12456	_regular_price	699
12459	_regular_price	269
12461	_regular_price	320
12464	_regular_price	365
12466	_regular_price	80
12474	_regular_price	520
12476	_regular_price	2390
12490	_regular_price	280
12491	_regular_price	250
12497	_regular_price	99
12493	_regular_price	130
15451	_regular_price	179
12502	_regular_price	510
12511	_regular_price	180
12520	_regular_price	1159
12521	_regular_price	1529
12523	_regular_price	799
15453	_regular_price	259
12525	_regular_price	649
12539	_regular_price	100
12560	_regular_price	390
12566	_regular_price	200
12568	_regular_price	200
12571	_regular_price	200
12572	_regular_price	200
12577	_regular_price	420
12583	_regular_price	449
12587	_regular_price	1069
12591	_regular_price	220
12592	_regular_price	195
12593	_regular_price	280
12594	_regular_price	280
12596	_regular_price	820
12605	_regular_price	20
12612	_regular_price	215
12616	_regular_price	79
12621	_regular_price	38
12623	_regular_price	43
12625	_regular_price	55
12627	_regular_price	61
12628	_regular_price	70
12629	_regular_price	106
12630	_regular_price	125
12632	_regular_price	290
12637	_regular_price	1762
12646	_regular_price	39
12648	_regular_price	39
12650	_regular_price	39
12652	_regular_price	39
4653	_regular_price	490
12676	_regular_price	125
12678	_regular_price	125
12679	_regular_price	89
12683	_regular_price	290
12686	_regular_price	770
12693	_regular_price	650
12701	_regular_price	550
12715	_regular_price	599
12713	_regular_price	599
12726	_regular_price	599
12728	_regular_price	599
12749	_regular_price	149
12751	_regular_price	149
12753	_regular_price	149
12755	_regular_price	149
12759	_regular_price	85
12761	_regular_price	275
12766	_regular_price	330
12771	_regular_price	79
12773	_regular_price	95
12778	_regular_price	239
12780	_regular_price	310
12783	_regular_price	239
12790	_regular_price	269
12791	_regular_price	289
12789	_regular_price	269
12796	_regular_price	116
12800	_regular_price	103
12802	_regular_price	26
12804	_regular_price	18
12806	_regular_price	75
12810	_regular_price	99
12817	_regular_price	39
12820	_regular_price	208.0000
12831	_regular_price	459
12835	_regular_price	82
12840	_regular_price	429
12844	_regular_price	437
12846	_regular_price	190
12848	_regular_price	125
12851	_regular_price	149
12853	_regular_price	129
12856	_regular_price	3.19
12859	_regular_price	169
12861	_regular_price	369
12863	_regular_price	315
12866	_regular_price	699
12871	_regular_price	105
12878	_regular_price	1445
12894	_regular_price	29
12895	_regular_price	26
12896	_regular_price	17
12897	_regular_price	18
12898	_regular_price	14
12900	_regular_price	7
12901	_regular_price	6
12902	_regular_price	10
12903	_regular_price	18
12904	_regular_price	24
12906	_regular_price	1449
12910	_regular_price	619
12915	_regular_price	590
12921	_regular_price	349
12924	_regular_price	399
12926	_regular_price	125
12930	_regular_price	325
12935	_regular_price	480
12937	_regular_price	240
12938	_regular_price	789
12944	_regular_price	10
12946	_regular_price	245
12948	_regular_price	880
12950	_regular_price	1200
12956	_regular_price	1648
12960	_regular_price	69.90
12966	_regular_price	525
12968	_regular_price	89
12971	_regular_price	259
12974	_regular_price	230
12976	_regular_price	290
12982	_regular_price	1427
12986	_regular_price	162
12993	_regular_price	459
13117	_regular_price	445
13123	_regular_price	550
13131	_regular_price	289
13134	_regular_price	110
13140	_regular_price	1699
13147	_regular_price	1049
13158	_regular_price	80
13159	_regular_price	210
13163	_regular_price	126
13167	_regular_price	175
13168	_regular_price	205
13171	_regular_price	3249
13178	_regular_price	469
13180	_regular_price	1979
13185	_regular_price	1749
13186	_regular_price	415
8186	_regular_price	320
8187	_regular_price	320
13191	_regular_price	1059
13193	_regular_price	1059
13194	_regular_price	1059
13195	_regular_price	1059
13196	_regular_price	1059
13197	_regular_price	1059
13198	_regular_price	1059
13199	_regular_price	1059
13234	_regular_price	45
13235	_regular_price	46
13245	_regular_price	57
13246	_regular_price	68
13247	_regular_price	70
13248	_regular_price	629
13249	_regular_price	3397
13256	_regular_price	735
13258	_regular_price	825
13262	_regular_price	90
13264	_regular_price	110
13261	_regular_price	90
13270	_regular_price	10
13272	_regular_price	10
13266	_regular_price	10
13277	_regular_price	70
13279	_regular_price	95
13281	_regular_price	100
12197	_regular_price	95
13284	_regular_price	260
13286	_regular_price	70
13295	_regular_price	120
13296	_regular_price	4
13298	_regular_price	4
13302	_regular_price	380
13307	_regular_price	75
13309	_regular_price	89
13310	_regular_price	99
13311	_regular_price	190
7328	_regular_price	190
13313	_regular_price	589
13315	_regular_price	699
12792	_regular_price	455
13317	_regular_price	625
13320	_regular_price	70
13324	_regular_price	160
13326	_regular_price	245
13330	_regular_price	599
13334	_regular_price	169
13338	_regular_price	420
13345	_regular_price	572
13347	_regular_price	2398
13351	_regular_price	599
13352	_regular_price	2599
13357	_regular_price	175
13363	_regular_price	265
13365	_regular_price	310
13367	_regular_price	539
13370	_regular_price	895
13371	_regular_price	870
13377	_regular_price	220
13379	_regular_price	940
13384	_regular_price	159
13393	_regular_price	1200
13397	_regular_price	109
13399	_regular_price	999
13403	_regular_price	659
13406	_regular_price	125
13409	_regular_price	125
13412	_regular_price	796
13416	_regular_price	14
13418	_regular_price	19
13414	_regular_price	15
13421	_regular_price	49
13423	_regular_price	669
13425	_regular_price	220
13429	_regular_price	480
13430	_regular_price	990
13433	_regular_price	890
13439	_regular_price	10
13446	_regular_price	1250
13451	_regular_price	289
13454	_regular_price	170
13456	_regular_price	95
13464	_regular_price	499
13466	_regular_price	1379
13469	_regular_price	239
13472	_regular_price	220
13480	_regular_price	305
13488	_regular_price	210
13491	_regular_price	8469
15707	_regular_price	235
13502	_regular_price	149
13504	_regular_price	200
13506	_regular_price	200
13507	_regular_price	200
13510	_regular_price	979
4864	_regular_price	497
13520	_regular_price	75
13516	_regular_price	44
13521	_regular_price	103
13524	_regular_price	57
13526	_regular_price	2.30
13529	_regular_price	1099
13532	_regular_price	325
13537	_regular_price	320
13538	_regular_price	1450
13539	_regular_price	650
13541	_regular_price	480
13544	_regular_price	565
13546	_regular_price	335
13547	_regular_price	235
13548	_regular_price	660
13550	_regular_price	2934
13562	_regular_price	455
13564	_regular_price	810
13567	_regular_price	232
13571	_regular_price	120
13581	_regular_price	55
13582	_regular_price	70
13583	_regular_price	110
13576	_regular_price	170
13585	_regular_price	125
13591	_regular_price	130
13595	_regular_price	139
13593	_regular_price	470
13596	_regular_price	135
13598	_regular_price	149
13599	_regular_price	200
13600	_regular_price	170
13601	_regular_price	189
13603	_regular_price	199
13605	_regular_price	30
13607	_regular_price	35
13608	_regular_price	39
13609	_regular_price	45
13611	_regular_price	50
13612	_regular_price	50
13614	_regular_price	55
13615	_regular_price	55
13616	_regular_price	60
13617	_regular_price	79
13618	_regular_price	95
13619	_regular_price	120
13620	_regular_price	129
13621	_regular_price	200
13622	_regular_price	220
13623	_regular_price	250
13624	_regular_price	370
13627	_regular_price	440
13628	_regular_price	50
13629	_regular_price	79
13630	_regular_price	110
13631	_regular_price	120
13632	_regular_price	240
13633	_regular_price	250
13634	_regular_price	450
13638	_regular_price	55
13642	_regular_price	456
13646	_regular_price	3299
13649	_regular_price	139
13653	_regular_price	189
13656	_regular_price	159
13659	_regular_price	650
13661	_regular_price	39
13664	_regular_price	139
13666	_regular_price	112
13668	_regular_price	189
13671	_regular_price	110
13677	_regular_price	39
13679	_regular_price	45
13680	_regular_price	49
13681	_regular_price	60
13682	_regular_price	110
13683	_regular_price	250
13685	_regular_price	160
13688	_regular_price	25
13690	_regular_price	2139
13698	_regular_price	220
13702	_regular_price	1099
6635	_regular_price	569
13709	_regular_price	11
13711	_regular_price	13
13713	_regular_price	17
13714	_regular_price	18
13716	_regular_price	28
13717	_regular_price	249
13719	_regular_price	500
13721	_regular_price	320
13726	_regular_price	299
13729	_regular_price	450
13739	_regular_price	559
13746	_regular_price	1040
13750	_regular_price	188
13749	_regular_price	188
13756	_regular_price	60
13759	_regular_price	435
13767	_regular_price	11
13772	_regular_price	5.5
13774	_regular_price	6
13780	_regular_price	14
13782	_regular_price	250
13787	_regular_price	1059
13791	_regular_price	81
13796	_regular_price	80
13800	_regular_price	15
13802	_regular_price	33
13803	_regular_price	100
13807	_regular_price	90
13810	_regular_price	149
13809	_regular_price	99
9027	_regular_price	43
13811	_regular_price	120
13813	_regular_price	449
13815	_regular_price	725
13819	_regular_price	569
13821	_regular_price	329
13824	_regular_price	405
13826	_regular_price	120
13828	_regular_price	1150
13830	_regular_price	315
13832	_regular_price	335
13834	_regular_price	800
13836	_regular_price	949
13849	_regular_price	299
13851	_regular_price	1190
13860	_regular_price	539
13862	_regular_price	47
13868	_regular_price	30
13873	_regular_price	24
13877	_regular_price	50
13883	_regular_price	15
13885	_regular_price	10
13888	_regular_price	15
13890	_regular_price	99
13892	_regular_price	175
13894	_regular_price	20
13896	_regular_price	65
13899	_regular_price	65
13901	_regular_price	35
13903	_regular_price	116
13905	_regular_price	116
13908	_regular_price	142
13915	_regular_price	39
13917	_regular_price	26
13919	_regular_price	18
13921	_regular_price	610
13925	_regular_price	829
13927	_regular_price	499
13928	_regular_price	790
13930	_regular_price	759
13932	_regular_price	25
13934	_regular_price	160
13939	_regular_price	339
13941	_regular_price	392
13943	_regular_price	539
13945	_regular_price	93
13949	_regular_price	245
13952	_regular_price	800
4969	_regular_price	75
4974	_regular_price	35
13962	_regular_price	90
13966	_regular_price	249
13965	_regular_price	529
13969	_regular_price	720
13973	_regular_price	60
13975	_regular_price	1.52
13977	_regular_price	90
13979	_regular_price	120
13981	_regular_price	230
13983	_regular_price	290
13986	_regular_price	239
13987	_regular_price	29
13988	_regular_price	39
13989	_regular_price	25
13991	_regular_price	469
13993	_regular_price	390
13996	_regular_price	360
13997	_regular_price	390
14001	_regular_price	795
14005	_regular_price	490
14009	_regular_price	249
14011	_regular_price	460
14014	_regular_price	750
14019	_regular_price	399
14022	_regular_price	290
14023	_regular_price	149
14025	_regular_price	390
14026	_regular_price	299
14031	_regular_price	1100
14039	_regular_price	805
14054	_regular_price	469
14058	_regular_price	198
14060	_regular_price	230
14061	_regular_price	1596
14063	_regular_price	885
14065	_regular_price	129
14067	_regular_price	189
14069	_regular_price	129
14070	_regular_price	749
14072	_regular_price	480
14074	_regular_price	298
14077	_regular_price	345
14078	_regular_price	370
14080	_regular_price	510
14081	_regular_price	383
14084	_regular_price	524
14093	_regular_price	545
14100	_regular_price	416
14101	_regular_price	486
14105	_regular_price	470
14113	_regular_price	395
14114	_regular_price	429
14115	_regular_price	490
14121	_regular_price	395
14122	_regular_price	429
14123	_regular_price	346
14125	_regular_price	372
14127	_regular_price	372
14128	_regular_price	338
14130	_regular_price	362
14131	_regular_price	547
14133	_regular_price	490
14134	_regular_price	688
14137	_regular_price	714
14138	_regular_price	507
14141	_regular_price	566
14142	_regular_price	799
14144	_regular_price	449
14145	_regular_price	160
14148	_regular_price	299
14151	_regular_price	180
14153	_regular_price	290
14154	_regular_price	325
14162	_regular_price	205
14165	_regular_price	569
14179	_regular_price	198
14180	_regular_price	230
14181	_regular_price	369
14183	_regular_price	765
14187	_regular_price	180
14189	_regular_price	180
14191	_regular_price	180
14192	_regular_price	180
14194	_regular_price	180
14195	_regular_price	180
14197	_regular_price	325
14199	_regular_price	180
14201	_regular_price	195
14204	_regular_price	195
10395	_regular_price	180
14208	_regular_price	369
14213	_regular_price	290
14215	_regular_price	470
14217	_regular_price	240
14220	_regular_price	99
14222	_regular_price	132
14224	_regular_price	195
14227	_regular_price	679
14228	_regular_price	375
11623	_regular_price	255
14235	_regular_price	170
14237	_regular_price	89
14239	_regular_price	890
14244	_regular_price	675
14248	_regular_price	140
14249	_regular_price	145
14250	_regular_price	160
14256	_regular_price	549
14259	_regular_price	359
14262	_regular_price	1199
14267	_regular_price	149
14270	_regular_price	185
14271	_regular_price	345
14266	_regular_price	210
14278	_regular_price	649
14279	_regular_price	1215
14284	_regular_price	380
14287	_regular_price	1349
14291	_regular_price	2698
14293	_regular_price	47
15593	_regular_price	395
14294	_regular_price	680
14295	_regular_price	159
14297	_regular_price	99
14300	_regular_price	72
14303	_regular_price	1499
14309	_regular_price	699
14321	_regular_price	53
14328	_regular_price	1490
14333	_regular_price	267
14335	_regular_price	480
14336	_regular_price	145
14345	_regular_price	20
14344	_regular_price	15
14346	_regular_price	10
14347	_regular_price	16
14350	_regular_price	35
14352	_regular_price	110
14354	_regular_price	26
14359	_regular_price	190
14362	_regular_price	299
14366	_regular_price	11
14371	_regular_price	56
14373	_regular_price	300
14374	_regular_price	439
14376	_regular_price	699
14377	_regular_price	680
14381	_regular_price	210
14383	_regular_price	380
14387	_regular_price	290
14389	_regular_price	399
14391	_regular_price	429
14393	_regular_price	300
14397	_regular_price	310
14399	_regular_price	310
14401	_regular_price	175
14403	_regular_price	129
14405	_regular_price	798
14408	_regular_price	214
14409	_regular_price	200
14414	_regular_price	980
14420	_regular_price	17
14423	_regular_price	12.9
14425	_regular_price	75
14428	_regular_price	34
14430	_regular_price	18
14436	_regular_price	160
14438	_regular_price	80
14440	_regular_price	120
14442	_regular_price	180
14444	_regular_price	220
14445	_regular_price	269
13353	_regular_price	265
14447	_regular_price	448
14448	_regular_price	380
14449	_regular_price	1799
14454	_regular_price	219
14456	_regular_price	281
14459	_regular_price	10
14465	_regular_price	299
14467	_regular_price	299
14469	_regular_price	899
14471	_regular_price	290
14475	_regular_price	210
14476	_regular_price	346
14478	_regular_price	135
14480	_regular_price	289
14483	_regular_price	299
14484	_regular_price	625
14488	_regular_price	385
14492	_regular_price	160
14494	_regular_price	80
14495	_regular_price	190
14497	_regular_price	29
14499	_regular_price	39
14500	_regular_price	49
14501	_regular_price	59
13640	_regular_price	60
14504	_regular_price	60
14505	_regular_price	239
14508	_regular_price	790
14512	_regular_price	229
14514	_regular_price	449
14517	_regular_price	10
14519	_regular_price	11
14521	_regular_price	12
9130	_regular_price	9
14527	_regular_price	269
14528	_regular_price	149
14529	_regular_price	550
14530	_regular_price	280
14532	_regular_price	149
14534	_regular_price	185
4883	_regular_price	185
14539	_regular_price	69
14541	_regular_price	69
14542	_regular_price	69
14546	_regular_price	210
14549	_regular_price	185
14552	_regular_price	50
14554	_regular_price	80
14555	_regular_price	45
14559	_regular_price	495
14563	_regular_price	309
14565	_regular_price	100
14567	_regular_price	349
14569	_regular_price	525
14571	_regular_price	80
14573	_regular_price	155
14574	_regular_price	79
14575	_regular_price	690
14580	_regular_price	776
14585	_regular_price	476
14591	_regular_price	599
14598	_regular_price	485
14603	_regular_price	390
14608	_regular_price	549
14610	_regular_price	129
14612	_regular_price	255
14618	_regular_price	95
14627	_regular_price	560
14635	_regular_price	149
15377	_regular_price	104
15723	_regular_price	190
15335	_regular_price	395
15428	_regular_price	96
15892	_regular_price	590
15796	_regular_price	1859
15668	_regular_price	1370
15346	_regular_price	270
15351	_regular_price	1015
15352	_regular_price	135
15315	_regular_price	640
15217	_regular_price	199
15219	_regular_price	359
15224	_regular_price	690
15225	_regular_price	690
14413	_regular_price	690
15226	_regular_price	669
15793	_regular_price	41
15357	_regular_price	212
15359	_regular_price	229
15360	_regular_price	279
6518	_regular_price	245
15361	_regular_price	790
15755	_regular_price	165
15757	_regular_price	339
15917	_regular_price	339
14639	_regular_price	1229
14646	_regular_price	1149
15364	_regular_price	299
15365	_regular_price	450
15366	_regular_price	46
15368	_regular_price	26
14647	_regular_price	799
14650	_regular_price	999
4967	_regular_price	150
4962	_regular_price	345
14655	_regular_price	369
14667	_regular_price	599
14668	_regular_price	60
14670	_regular_price	70
14671	_regular_price	849
14675	_regular_price	99
14680	_regular_price	759
14686	_regular_price	152
14690	_regular_price	799
14693	_regular_price	1099
14694	_regular_price	159
14697	_regular_price	95
14700	_regular_price	85
14702	_regular_price	199
14704	_regular_price	1100
14710	_regular_price	259
14712	_regular_price	259
14714	_regular_price	259
14716	_regular_price	259
14718	_regular_price	259
14723	_regular_price	239
14724	_regular_price	315
14728	_regular_price	829
14731	_regular_price	180
14733	_regular_price	690
14737	_regular_price	339
14746	_regular_price	379
14750	_regular_price	399
14753	_regular_price	365
14754	_regular_price	329
14757	_regular_price	60
14766	_regular_price	119
14768	_regular_price	139
14769	_regular_price	220
14772	_regular_price	429
14773	_regular_price	420
14774	_regular_price	420
14775	_regular_price	2190
14779	_regular_price	2100
14783	_regular_price	360
15752	_regular_price	335
14786	_regular_price	269
14788	_regular_price	939
14794	_regular_price	300
14796	_regular_price	490
14798	_regular_price	579
14790	_regular_price	590
14800	_regular_price	479
14806	_regular_price	190
15865	_regular_price	780
15867	_regular_price	2799
15236	_regular_price	270
15423	_regular_price	435
15238	_regular_price	69
14809	_regular_price	1190
14813	_regular_price	349
14817	_regular_price	1999
14824	_regular_price	359
14829	_regular_price	499
14831	_regular_price	599
14836	_regular_price	139
14838	_regular_price	159
14839	_regular_price	299
14840	_regular_price	439
14843	_regular_price	1345
14844	_regular_price	1345
14851	_regular_price	99
14854	_regular_price	1119
14856	_regular_price	999
14857	_regular_price	820
14858	_regular_price	95
14860	_regular_price	299
14865	_regular_price	697
14866	_regular_price	590
14869	_regular_price	249
14871	_regular_price	259
14873	_regular_price	75
14876	_regular_price	50
14879	_regular_price	220
15240	_regular_price	79
15243	_regular_price	449
14883	_regular_price	370
14888	_regular_price	169
14893	_regular_price	699
14897	_regular_price	515
14903	_regular_price	250
14905	_regular_price	190
14908	_regular_price	229
14910	_regular_price	199
14912	_regular_price	229
14913	_regular_price	369
14917	_regular_price	230
15251	_regular_price	189
15482	_regular_price	35
15648	_regular_price	110
15445	_regular_price	28
15370	_regular_price	59
15506	_regular_price	8
15507	_regular_price	10
15509	_regular_price	11
15344	_regular_price	819
15715	_regular_price	249
15718	_regular_price	590
15306	_regular_price	146
15308	_regular_price	1498
15644	_regular_price	110
15646	_regular_price	95
15418	_regular_price	359
15420	_regular_price	359
15417	_regular_price	180
15759	_regular_price	1890
15837	_regular_price	249
15492	_regular_price	16.72
15439	_regular_price	57
15042	_regular_price	440
14924	_regular_price	389
14930	_regular_price	30
14932	_regular_price	85
14934	_regular_price	200
14936	_regular_price	91
14938	_regular_price	499
14942	_regular_price	499
14947	_regular_price	499
14952	_regular_price	139
14954	_regular_price	355
14956	_regular_price	399
14959	_regular_price	380
14960	_regular_price	99
14968	_regular_price	139
14971	_regular_price	99
14973	_regular_price	490
14980	_regular_price	1159
14981	_regular_price	850
14984	_regular_price	900
14991	_regular_price	60
14995	_regular_price	70
15000	_regular_price	325
15002	_regular_price	199
15005	_regular_price	299
15012	_regular_price	279
15015	_regular_price	265
15017	_regular_price	599
15020	_regular_price	140
15021	_regular_price	145
15022	_regular_price	150
15024	_regular_price	259
15028	_regular_price	170
15029	_regular_price	199
15026	_regular_price	360
15030	_regular_price	35
4854	_regular_price	249
4855	_regular_price	399
4853	_regular_price	300
4849	_regular_price	149
4851	_regular_price	300
15041	_regular_price	299
15045	_regular_price	159
15046	_regular_price	159
15052	_regular_price	35
15057	_regular_price	30
15059	_regular_price	120
15063	_regular_price	120
15065	_regular_price	120
15067	_regular_price	120
15069	_regular_price	140
15079	_regular_price	1725
15083	_regular_price	149
15089	_regular_price	20
15091	_regular_price	27
15092	_regular_price	39
15076	_regular_price	10
15093	_regular_price	13
15098	_regular_price	1340
15107	_regular_price	869
15118	_regular_price	22
15120	_regular_price	611
15122	_regular_price	500
15123	_regular_price	400
15124	_regular_price	300
15126	_regular_price	499
15128	_regular_price	550
15136	_regular_price	245
15144	_regular_price	12
15146	_regular_price	130
15148	_regular_price	215
15152	_regular_price	305
15154	_regular_price	210
15160	_regular_price	280
15162	_regular_price	385
15163	_regular_price	300
15166	_regular_price	259
15170	_regular_price	149
15171	_regular_price	229
15172	_regular_price	359
15174	_regular_price	99
15176	_regular_price	60
15181	_regular_price	649
15188	_regular_price	199
15194	_regular_price	320
15199	_regular_price	859
15209	_regular_price	130
15211	_regular_price	235
15279	_regular_price	629
15281	_regular_price	629
15766	_regular_price	150
15573	_regular_price	34
15574	_regular_price	55
15581	_regular_price	230
15273	_regular_price	250
15868	_regular_price	170
15870	_regular_price	559
15872	_regular_price	1050
15874	_regular_price	1779
8150	_regular_price	485
15487	_regular_price	7.70
15767	_regular_price	529
15412	_regular_price	390
15413	_regular_price	1259
15476	_regular_price	102
15664	_regular_price	890
16368	_regular_price	60
15390	_regular_price	30
16021	_regular_price	345
15588	_regular_price	55
15590	_regular_price	80
15397	_regular_price	650
15635	_regular_price	455
15637	_regular_price	495
15620	_regular_price	49.90
15513	_regular_price	495
15641	_regular_price	539
15431	_regular_price	30
15434	_regular_price	30
15435	_regular_price	30
15713	_regular_price	15
15750	_regular_price	139
15894	_regular_price	195
15699	_regular_price	9
15702	_regular_price	9
15703	_regular_price	5
15704	_regular_price	7
15705	_regular_price	10
15706	_regular_price	6
15502	_regular_price	16.50
15495	_regular_price	290
15498	_regular_price	715
4901	_regular_price	249
15576	_regular_price	229
19673	_regular_price	529
15624	_regular_price	1999
15517	_regular_price	82
15518	_regular_price	64
15519	_regular_price	24
15521	_regular_price	9
15523	_regular_price	59
15527	_regular_price	56
15853	_regular_price	490
15855	_regular_price	1339
15861	_regular_price	139
15653	_regular_price	1719
15694	_regular_price	7
15696	_regular_price	10
15572	_regular_price	19
15683	_regular_price	195
15685	_regular_price	249
15688	_regular_price	700
15691	_regular_price	6
15693	_regular_price	5
15531	_regular_price	9.12
15533	_regular_price	10.80
15539	_regular_price	99
15541	_regular_price	12
15551	_regular_price	131
15553	_regular_price	29
15558	_regular_price	99
15563	_regular_price	37
15565	_regular_price	129
15567	_regular_price	519
15805	_regular_price	2990
15811	_regular_price	77
15815	_regular_price	499
16014	_regular_price	69
15611	_regular_price	3799
15613	_regular_price	3799
15617	_regular_price	389
15729	_regular_price	580
15735	_regular_price	490
15742	_regular_price	79
15744	_regular_price	10
15786	_regular_price	559
15898	_regular_price	559
16016	_regular_price	26
15746	_regular_price	100
15925	_regular_price	75
15932	_regular_price	43
15934	_regular_price	390
15813	_regular_price	2699
15797	_regular_price	1459
15800	_regular_price	1169
15802	_regular_price	779
19668	_regular_price	549
15784	_regular_price	39
15785	_regular_price	69
15999	_regular_price	290
16003	_regular_price	149
16004	_regular_price	149
15828	_regular_price	20
16005	_regular_price	200
15803	_regular_price	235
15880	_regular_price	15
15881	_regular_price	1350
15876	_regular_price	15
15882	_regular_price	1080
15886	_regular_price	1998
15824	_regular_price	92
15888	_regular_price	449
15890	_regular_price	639
15993	_regular_price	149
15997	_regular_price	230
15994	_regular_price	190
15919	_regular_price	212
15921	_regular_price	212
15923	_regular_price	212
16007	_regular_price	299
16012	_regular_price	76
16688	_regular_price	105
16126	_regular_price	259
16128	_regular_price	229
15948	_regular_price	585
15980	_regular_price	230
15976	_regular_price	245
15978	_regular_price	245
15936	_regular_price	1590
8686	_regular_price	830
15940	_regular_price	815
16149	_regular_price	135
16352	_regular_price	359
16354	_regular_price	495
16356	_regular_price	659
16357	_regular_price	629
16692	_regular_price	240
16473	_regular_price	170
16475	_regular_price	370
14921	_regular_price	300
16476	_regular_price	360
16508	_regular_price	305
16510	_regular_price	570
16459	_regular_price	969
16461	_regular_price	969
16463	_regular_price	940
14660	_regular_price	412
15910	_regular_price	590
15941	_regular_price	690
15944	_regular_price	130
15946	_regular_price	290
16345	_regular_price	300
16343	_regular_price	220
16341	_regular_price	110
16079	_regular_price	1569
16078	_regular_price	855
16076	_regular_price	605
16081	_regular_price	1579
15847	_regular_price	15
15849	_regular_price	75
16213	_regular_price	649
16215	_regular_price	599
15840	_regular_price	149
14457	_regular_price	779
15842	_regular_price	135
15844	_regular_price	549
16500	_regular_price	579
16502	_regular_price	1039
15957	_regular_price	165
15959	_regular_price	165
15960	_regular_price	135
15962	_regular_price	135
15963	_regular_price	135
15964	_regular_price	135
15965	_regular_price	135
15966	_regular_price	135
15967	_regular_price	135
15968	_regular_price	135
15969	_regular_price	135
15913	_regular_price	468
15915	_regular_price	468
15380	_regular_price	468
16028	_regular_price	46
16035	_regular_price	69
16370	_regular_price	70
16371	_regular_price	100
16372	_regular_price	142
16373	_regular_price	260
16374	_regular_price	430
16375	_regular_price	615
16376	_regular_price	149
16387	_regular_price	45
16044	_regular_price	89
16050	_regular_price	259
16053	_regular_price	360
16055	_regular_price	2399
16389	_regular_price	39
16391	_regular_price	49
16393	_regular_price	59
16395	_regular_price	629
16397	_regular_price	25
16468	_regular_price	190
16470	_regular_price	334
16151	_regular_price	380
16154	_regular_price	629
16162	_regular_price	55
16062	_regular_price	3299
16131	_regular_price	89
16132	_regular_price	110
16666	_regular_price	590
16654	_regular_price	930
16082	_regular_price	1929
16085	_regular_price	495
16090	_regular_price	290
16103	_regular_price	120
16102	_regular_price	115
16101	_regular_price	115
16100	_regular_price	110
16098	_regular_price	100
16096	_regular_price	95
16094	_regular_price	92
16092	_regular_price	89
16109	_regular_price	129
16112	_regular_price	240
16113	_regular_price	699
16114	_regular_price	649
16119	_regular_price	249
16121	_regular_price	199
16670	_regular_price	699
16147	_regular_price	280
16165	_regular_price	135
16167	_regular_price	149
16178	_regular_price	298
16180	_regular_price	440
16182	_regular_price	690
16183	_regular_price	440
16185	_regular_price	440
16187	_regular_price	440
16189	_regular_price	440
16192	_regular_price	690
16308	_regular_price	73
16310	_regular_price	90
16312	_regular_price	149
16314	_regular_price	265
13641	_regular_price	45
16196	_regular_price	75
16197	_regular_price	80
16198	_regular_price	90
16200	_regular_price	100
16201	_regular_price	120
16202	_regular_price	90
16204	_regular_price	100
16205	_regular_price	120
16206	_regular_price	145
16207	_regular_price	42
16209	_regular_price	139
16554	_regular_price	95
16455	_regular_price	305
16363	_regular_price	1179
16218	_regular_price	450
16223	_regular_price	439
16228	_regular_price	130
16234	_regular_price	495
7104	_regular_price	299
16242	_regular_price	759
16248	_regular_price	59
16424	_regular_price	35
16425	_regular_price	48
16517	_regular_price	477
16316	_regular_price	2199
16320	_regular_price	748
16493	_regular_price	189
16257	_regular_price	349
16262	_regular_price	369
16266	_regular_price	659
16274	_regular_price	299
16276	_regular_price	449
16277	_regular_price	349
16281	_regular_price	959
16285	_regular_price	239
16287	_regular_price	259
16284	_regular_price	239
16293	_regular_price	55
16295	_regular_price	374
16297	_regular_price	685
8242	_regular_price	50
16302	_regular_price	130
16304	_regular_price	399
16550	_regular_price	65
16552	_regular_price	110
16549	_regular_price	259
16421	_regular_price	155
16447	_regular_price	269
16448	_regular_price	12
16450	_regular_price	169
16398	_regular_price	329
16402	_regular_price	449
16407	_regular_price	330
16409	_regular_price	297
16477	_regular_price	8
16479	_regular_price	259
16496	_regular_price	169
16543	_regular_price	60
16545	_regular_price	99
16546	_regular_price	125
16452	_regular_price	45
16454	_regular_price	149
16634	_regular_price	1390
16417	_regular_price	297
16531	_regular_price	309
16533	_regular_price	439
16537	_regular_price	120
16539	_regular_price	149
16558	_regular_price	669
16439	_regular_price	269
16428	_regular_price	50
16430	_regular_price	55
16431	_regular_price	85
16433	_regular_price	90
16434	_regular_price	129
16416	_regular_price	984.0000
16644	_regular_price	1390
16647	_regular_price	1590
16524	_regular_price	412
16526	_regular_price	990
16482	_regular_price	590
16485	_regular_price	399
16487	_regular_price	719
16489	_regular_price	379
16566	_regular_price	219
16513	_regular_price	95
16520	_regular_price	380
16694	_regular_price	35
16700	_regular_price	110
16701	_regular_price	110
16708	_regular_price	479
16571	_regular_price	630
19681	_regular_price	2.80
19683	_regular_price	3.30
19684	_regular_price	2.8
19685	_regular_price	167
19665	_regular_price	45
16619	_regular_price	129
16620	_regular_price	139
16621	_regular_price	149
16672	_regular_price	759
16681	_regular_price	550
16683	_regular_price	45
16547	_regular_price	265
16574	_regular_price	149
16702	_regular_price	110
16703	_regular_price	110
16704	_regular_price	110
16630	_regular_price	149
16632	_regular_price	340
16626	_regular_price	190
16611	_regular_price	249
16584	_regular_price	169
16580	_regular_price	789
16589	_regular_price	25
16607	_regular_price	229
12765	_regular_price	169
16603	_regular_price	120
16604	_regular_price	120
19669	_regular_price	790
19670	_regular_price	599
19671	_regular_price	379
16709	_regular_price	297.0000
16710	_regular_price	330.0000
16711	_regular_price	449.0000
16712	_regular_price	329.0000
16713	_regular_price	25.0000
16714	_regular_price	629.0000
16715	_regular_price	39.0000
16716	_regular_price	149.0000
16717	_regular_price	60.0000
16718	_regular_price	1179.0000
16719	_regular_price	629.0000
16720	_regular_price	659.0000
16721	_regular_price	359.0000
16722	_regular_price	110.0000
16723	_regular_price	748.0000
16724	_regular_price	2199.0000
16725	_regular_price	73.0000
16726	_regular_price	130.0000
16727	_regular_price	239.0000
16728	_regular_price	959.0000
16729	_regular_price	299.0000
16730	_regular_price	659.0000
16731	_regular_price	369.0000
16732	_regular_price	349.0000
16733	_regular_price	0.0000
16734	_regular_price	59.0000
16735	_regular_price	759.0000
16736	_regular_price	495.0000
16737	_regular_price	130.0000
16738	_regular_price	439.0000
16739	_regular_price	450.0000
16740	_regular_price	599.0000
16741	_regular_price	298.0000
16742	_regular_price	55.0000
16743	_regular_price	629.0000
16744	_regular_price	380.0000
16745	_regular_price	135.0000
16746	_regular_price	280.0000
16747	_regular_price	89.0000
16748	_regular_price	229.0000
16749	_regular_price	199.0000
16750	_regular_price	249.0000
16751	_regular_price	649.0000
16752	_regular_price	699.0000
16753	_regular_price	240.0000
16754	_regular_price	290.0000
16755	_regular_price	495.0000
16756	_regular_price	1929
16757	_regular_price	1579.0000
16758	_regular_price	605.0000
16759	_regular_price	3299.0000
16760	_regular_price	2399.0000
16761	_regular_price	360.0000
16762	_regular_price	259.0000
16763	_regular_price	89.0000
16764	_regular_price	0.0000
16765	_regular_price	69.0000
16766	_regular_price	46.0000
16767	_regular_price	345.0000
16768	_regular_price	26.0000
16769	_regular_price	69.0000
16770	_regular_price	76.0000
16771	_regular_price	299.0000
16772	_regular_price	200.0000
16773	_regular_price	149.0000
16774	_regular_price	149.0000
16775	_regular_price	230.0000
16776	_regular_price	585.0000
16777	_regular_price	290.0000
16778	_regular_price	130.0000
16779	_regular_price	690.0000
16780	_regular_price	815.0000
16781	_regular_price	1590.0000
16782	_regular_price	390.0000
16783	_regular_price	43.0000
16784	_regular_price	75.0000
16785	_regular_price	212.0000
16786	_regular_price	0.0000
16787	_regular_price	0.0000
16788	_regular_price	559.0000
16789	_regular_price	195.0000
16790	_regular_price	590.0000
16791	_regular_price	639.0000
16792	_regular_price	449.0000
16793	_regular_price	1998.0000
16794	_regular_price	1080.0000
16795	_regular_price	15.0000
16796	_regular_price	780.0000
16797	_regular_price	139.0000
16798	_regular_price	490.0000
16799	_regular_price	75.0000
16800	_regular_price	15.0000
16801	_regular_price	0.0000
16802	_regular_price	549.0000
16803	_regular_price	135.0000
16804	_regular_price	149.0000
16805	_regular_price	249.0000
16806	_regular_price	19.0000
16807	_regular_price	92.0000
16808	_regular_price	499.0000
16809	_regular_price	2699.0000
16810	_regular_price	77.0000
16811	_regular_price	2990.0000
16812	_regular_price	779.0000
16813	_regular_price	1169.0000
16814	_regular_price	1459.0000
16815	_regular_price	559.0000
16816	_regular_price	39.0000
16817	_regular_price	529.0000
16818	_regular_price	150.0000
16819	_regular_price	139.0000
16820	_regular_price	1890.0000
16821	_regular_price	339.0000
16822	_regular_price	165.0000
16823	_regular_price	335.0000
16824	_regular_price	0.0000
16825	_regular_price	100.0000
16826	_regular_price	10.0000
16827	_regular_price	79.0000
16828	_regular_price	490.0000
16829	_regular_price	580.0000
16830	_regular_price	190.0000
16831	_regular_price	590.0000
16832	_regular_price	249.0000
16833	_regular_price	15.0000
16834	_regular_price	235.0000
16835	_regular_price	5.0000
16836	_regular_price	5.0000
16837	_regular_price	700.0000
16838	_regular_price	195.0000
16839	_regular_price	1370.0000
16840	_regular_price	890.0000
16841	_regular_price	1719.0000
16842	_regular_price	110.0000
16843	_regular_price	95.0000
16844	_regular_price	95.0000
16845	_regular_price	539.0000
16846	_regular_price	495.0000
16847	_regular_price	455.0000
16848	_regular_price	1999.0000
16849	_regular_price	49.9000
16850	_regular_price	389.0000
16851	_regular_price	3799.0000
16852	_regular_price	395.0000
16853	_regular_price	55.0000
16854	_regular_price	230.0000
16855	_regular_price	229.0000
16856	_regular_price	55.0000
16857	_regular_price	34.0000
16858	_regular_price	19.0000
16859	_regular_price	519.0000
16860	_regular_price	129.0000
16861	_regular_price	37.0000
16862	_regular_price	99.0000
16863	_regular_price	29.0000
16864	_regular_price	131.0000
16865	_regular_price	12.0000
16866	_regular_price	99.0000
16867	_regular_price	10.8000
16868	_regular_price	9.1200
16869	_regular_price	56.0000
16870	_regular_price	59.0000
16871	_regular_price	9.0000
16872	_regular_price	24.0000
16873	_regular_price	64.0000
16874	_regular_price	82.0000
16875	_regular_price	8.0000
16876	_regular_price	16.5000
16877	_regular_price	715.0000
16878	_regular_price	290.0000
16879	_regular_price	7.7000
16880	_regular_price	35.0000
16881	_regular_price	102.0000
16882	_regular_price	28.0000
16883	_regular_price	57.0000
16884	_regular_price	30.0000
16885	_regular_price	30.0000
16886	_regular_price	30.0000
16887	_regular_price	96.0000
16888	_regular_price	435.0000
16889	_regular_price	359.0000
16890	_regular_price	390.0000
16891	_regular_price	650.0000
16892	_regular_price	30.0000
16893	_regular_price	468.0000
16894	_regular_price	104.0000
16895	_regular_price	59.0000
16896	_regular_price	26.0000
16897	_regular_price	46.0000
16898	_regular_price	450.0000
16899	_regular_price	299.0000
16900	_regular_price	790.0000
16901	_regular_price	135.0000
16902	_regular_price	1015.0000
16903	_regular_price	819.0000
16904	_regular_price	395.0000
16905	_regular_price	480.0000
16906	_regular_price	629.0000
16907	_regular_price	250.0000
16908	_regular_price	390.0000
16909	_regular_price	185.0000
16910	_regular_price	220.0000
16911	_regular_price	189.0000
16912	_regular_price	449.0000
16913	_regular_price	79.0000
16914	_regular_price	69.0000
16915	_regular_price	270.0000
16916	_regular_price	669.0000
16917	_regular_price	359.0000
16918	_regular_price	199.0000
16919	_regular_price	235.0000
16920	_regular_price	110.0000
16921	_regular_price	859.0000
16922	_regular_price	320.0000
16923	_regular_price	199.0000
16924	_regular_price	649.0000
16925	_regular_price	60.0000
16926	_regular_price	99.0000
16927	_regular_price	359.0000
16928	_regular_price	229.0000
16929	_regular_price	149.0000
16930	_regular_price	259.0000
16931	_regular_price	280.0000
16932	_regular_price	210.0000
16933	_regular_price	305.0000
16934	_regular_price	215.0000
16935	_regular_price	130.0000
16936	_regular_price	12.0000
16937	_regular_price	245.0000
16938	_regular_price	550.0000
16939	_regular_price	499.0000
16940	_regular_price	22.0000
16941	_regular_price	869.0000
16942	_regular_price	1340.0000
16943	_regular_price	13.0000
16944	_regular_price	149.0000
16945	_regular_price	1725.0000
16946	_regular_price	20.0000
16947	_regular_price	140.0000
16948	_regular_price	120.0000
16949	_regular_price	120.0000
16950	_regular_price	120.0000
16951	_regular_price	120.0000
16952	_regular_price	30.0000
16953	_regular_price	35.0000
16954	_regular_price	159.0000
16955	_regular_price	440.0000
16956	_regular_price	299.0000
16957	_regular_price	35.0000
16958	_regular_price	170.0000
16959	_regular_price	259.0000
16960	_regular_price	140.0000
16961	_regular_price	599.0000
16962	_regular_price	265.0000
16963	_regular_price	279.0000
16964	_regular_price	299.0000
16965	_regular_price	199.0000
16966	_regular_price	325.0000
16967	_regular_price	70.0000
16968	_regular_price	60.0000
16969	_regular_price	900.0000
16970	_regular_price	850.0000
16971	_regular_price	1159.0000
16972	_regular_price	490.0000
16973	_regular_price	99.0000
16974	_regular_price	139.0000
16975	_regular_price	99.0000
16976	_regular_price	380.0000
16977	_regular_price	399.0000
16978	_regular_price	355.0000
16979	_regular_price	139.0000
16980	_regular_price	499.0000
16981	_regular_price	499.0000
16982	_regular_price	499.0000
16983	_regular_price	91.0000
16984	_regular_price	200.0000
16985	_regular_price	85.0000
16986	_regular_price	30.0000
16987	_regular_price	389.0000
16988	_regular_price	300.0000
16989	_regular_price	230.0000
16990	_regular_price	229.0000
16991	_regular_price	190.0000
16992	_regular_price	699.0000
16993	_regular_price	169.0000
16994	_regular_price	370.0000
16995	_regular_price	220.0000
16996	_regular_price	50.0000
16997	_regular_price	75.0000
16998	_regular_price	259.0000
16999	_regular_price	249.0000
17000	_regular_price	590.0000
17001	_regular_price	697.0000
17002	_regular_price	299.0000
17003	_regular_price	95.0000
17004	_regular_price	999.0000
17005	_regular_price	820.0000
17006	_regular_price	1119.0000
17007	_regular_price	99.0000
17008	_regular_price	1345.0000
17009	_regular_price	1345.0000
17010	_regular_price	439.0000
17011	_regular_price	299.0000
17012	_regular_price	139.0000
17013	_regular_price	599.0000
17014	_regular_price	499.0000
17015	_regular_price	359.0000
17016	_regular_price	1999.0000
17017	_regular_price	349.0000
17018	_regular_price	1190.0000
17019	_regular_price	190.0000
17020	_regular_price	479.0000
17021	_regular_price	300.0000
17022	_regular_price	939.0000
17023	_regular_price	269.0000
17024	_regular_price	360.0000
17025	_regular_price	2100.0000
17026	_regular_price	2190.0000
17027	_regular_price	420.0000
17028	_regular_price	420.0000
17029	_regular_price	429.0000
17030	_regular_price	220.0000
17031	_regular_price	119.0000
17032	_regular_price	60.0000
17033	_regular_price	365.0000
17034	_regular_price	329.0000
17035	_regular_price	399.0000
17036	_regular_price	369.0000
17037	_regular_price	339.0000
17038	_regular_price	690.0000
17039	_regular_price	180.0000
17040	_regular_price	829.0000
17041	_regular_price	239.0000
17042	_regular_price	315.0000
17043	_regular_price	259.0000
17044	_regular_price	1100.0000
17045	_regular_price	199.0000
17046	_regular_price	85.0000
17047	_regular_price	95.0000
17048	_regular_price	159.0000
17049	_regular_price	1099.0000
17050	_regular_price	799.0000
17051	_regular_price	152.0000
17052	_regular_price	759.0000
17053	_regular_price	99.0000
17054	_regular_price	849.0000
17055	_regular_price	70.0000
17056	_regular_price	60.0000
17057	_regular_price	0.0000
17058	_regular_price	599.0000
17059	_regular_price	412.0000
17060	_regular_price	369.0000
17061	_regular_price	999.0000
17062	_regular_price	799.0000
17063	_regular_price	1149.0000
17064	_regular_price	1229.0000
17065	_regular_price	149.0000
17066	_regular_price	560.0000
17067	_regular_price	95.0000
17068	_regular_price	255.0000
17069	_regular_price	129.0000
17070	_regular_price	549.0000
17071	_regular_price	390.0000
17072	_regular_price	485.0000
17073	_regular_price	599.0000
17074	_regular_price	476.0000
17075	_regular_price	776.0000
17076	_regular_price	690.0000
17077	_regular_price	155.0000
17078	_regular_price	79.0000
17079	_regular_price	80.0000
17080	_regular_price	525.0000
17081	_regular_price	349.0000
17082	_regular_price	100.0000
17083	_regular_price	309.0000
17084	_regular_price	495.0000
17085	_regular_price	45.0000
17086	_regular_price	80.0000
17087	_regular_price	50.0000
17088	_regular_price	185.0000
17089	_regular_price	210.0000
17090	_regular_price	69.0000
17091	_regular_price	280.0000
17092	_regular_price	149.0000
17093	_regular_price	449.0000
17094	_regular_price	229.0000
17095	_regular_price	790.0000
17096	_regular_price	239.0000
17097	_regular_price	29.0000
17098	_regular_price	190.0000
17099	_regular_price	80.0000
17100	_regular_price	160.0000
17101	_regular_price	299.0000
17102	_regular_price	625.0000
17103	_regular_price	289.0000
17104	_regular_price	346.0000
17105	_regular_price	210.0000
17106	_regular_price	290.0000
17107	_regular_price	899.0000
17108	_regular_price	299.0000
17109	_regular_price	10.0000
17110	_regular_price	212.0000
17111	_regular_price	1799.0000
17112	_regular_price	380.0000
17113	_regular_price	448.0000
17114	_regular_price	120.0000
17115	_regular_price	80.0000
17116	_regular_price	160.0000
17117	_regular_price	18.0000
17118	_regular_price	34.0000
17119	_regular_price	75.0000
17120	_regular_price	12.9000
17121	_regular_price	17.0000
17122	_regular_price	980.0000
17123	_regular_price	690.0000
17124	_regular_price	214.0000
17125	_regular_price	200.0000
17126	_regular_price	798.0000
17127	_regular_price	129.0000
17128	_regular_price	175.0000
17129	_regular_price	310.0000
17130	_regular_price	300.0000
17131	_regular_price	290.0000
17132	_regular_price	380.0000
17133	_regular_price	210.0000
17134	_regular_price	699.0000
17135	_regular_price	680.0000
17136	_regular_price	300.0000
17137	_regular_price	439.0000
17138	_regular_price	50.0000
17139	_regular_price	11.0000
17140	_regular_price	299.0000
17141	_regular_price	190.0000
17142	_regular_price	26.0000
17143	_regular_price	110.0000
17144	_regular_price	35.0000
17145	_regular_price	10.0000
17146	_regular_price	16.0000
17147	_regular_price	15.0000
17148	_regular_price	20.0000
17149	_regular_price	145.0000
17150	_regular_price	480.0000
17151	_regular_price	267.0000
17152	_regular_price	1329.0000
17153	_regular_price	53.0000
17154	_regular_price	699.0000
17155	_regular_price	1499.0000
17156	_regular_price	72.0000
17157	_regular_price	99.0000
17158	_regular_price	159.0000
17159	_regular_price	680.0000
17160	_regular_price	47.0000
17161	_regular_price	2698.0000
17162	_regular_price	1349.0000
17163	_regular_price	380.0000
17164	_regular_price	1215.0000
17165	_regular_price	649.0000
17166	_regular_price	149.0000
17167	_regular_price	1199.0000
17168	_regular_price	359.0000
17169	_regular_price	549.0000
17170	_regular_price	140.0000
17171	_regular_price	675.0000
17172	_regular_price	890.0000
17173	_regular_price	89.0000
17174	_regular_price	170.0000
17175	_regular_price	255.0000
17176	_regular_price	679.0000
17177	_regular_price	375.0000
17178	_regular_price	89.0000
17179	_regular_price	240.0000
17180	_regular_price	470.0000
17181	_regular_price	290.0000
17182	_regular_price	369.0000
17183	_regular_price	765.0000
17184	_regular_price	198.0000
17185	_regular_price	199.0000
17186	_regular_price	569.0000
17187	_regular_price	205.0000
17188	_regular_price	325.0000
17189	_regular_price	290.0000
17190	_regular_price	180.0000
17191	_regular_price	299.0000
17192	_regular_price	449.0000
17193	_regular_price	160.0000
17194	_regular_price	799.0000
17195	_regular_price	566.0000
17196	_regular_price	507.0000
17197	_regular_price	714.0000
17198	_regular_price	688.0000
17199	_regular_price	490.0000
17200	_regular_price	547.0000
17201	_regular_price	362.0000
17202	_regular_price	372.0000
17203	_regular_price	338.0000
17204	_regular_price	372.0000
17205	_regular_price	346.0000
17206	_regular_price	429.0000
17207	_regular_price	395.0000
17208	_regular_price	490.0000
17209	_regular_price	395.0000
17210	_regular_price	429.0000
17211	_regular_price	470.0000
17212	_regular_price	416.0000
17213	_regular_price	486.0000
17214	_regular_price	545.0000
17215	_regular_price	524.0000
17216	_regular_price	383.0000
17217	_regular_price	510.0000
17218	_regular_price	370.0000
17219	_regular_price	345.0000
17220	_regular_price	298.0000
17221	_regular_price	480.0000
17222	_regular_price	749.0000
17223	_regular_price	129.0000
17224	_regular_price	189.0000
17225	_regular_price	129.0000
17226	_regular_price	885.0000
17227	_regular_price	1596.0000
17228	_regular_price	469.0000
17229	_regular_price	805.0000
17230	_regular_price	1100.0000
17231	_regular_price	299.0000
17232	_regular_price	390.0000
17233	_regular_price	149.0000
17234	_regular_price	290.0000
17235	_regular_price	399.0000
17236	_regular_price	750.0000
17237	_regular_price	460.0000
17238	_regular_price	249.0000
17239	_regular_price	490.0000
17240	_regular_price	795.0000
17241	_regular_price	390.0000
17242	_regular_price	360.0000
17243	_regular_price	390.0000
17244	_regular_price	469.0000
17245	_regular_price	25.0000
17246	_regular_price	39.0000
17247	_regular_price	29.0000
17248	_regular_price	239.0000
17249	_regular_price	290.0000
17250	_regular_price	230.0000
17251	_regular_price	120.0000
17252	_regular_price	90.0000
17253	_regular_price	1.5200
17254	_regular_price	60.0000
17255	_regular_price	720.0000
17256	_regular_price	529.0000
17257	_regular_price	249.0000
17258	_regular_price	90.0000
17259	_regular_price	800.0000
17260	_regular_price	245.0000
17261	_regular_price	93.0000
17262	_regular_price	339.0000
17263	_regular_price	160.0000
17264	_regular_price	25.0000
17265	_regular_price	759.0000
17266	_regular_price	790.0000
17267	_regular_price	499.0000
17268	_regular_price	829.0000
17269	_regular_price	610.0000
17270	_regular_price	18.0000
17271	_regular_price	26.0000
17272	_regular_price	39.0000
17273	_regular_price	142.0000
17274	_regular_price	116.0000
17275	_regular_price	116.0000
17276	_regular_price	35.0000
17277	_regular_price	65.0000
17278	_regular_price	65.0000
17279	_regular_price	20.0000
17280	_regular_price	175.0000
17281	_regular_price	99.0000
17282	_regular_price	15.0000
17283	_regular_price	10.0000
17284	_regular_price	15.0000
17285	_regular_price	50.0000
17286	_regular_price	24.0000
17287	_regular_price	30.0000
17288	_regular_price	47.0000
17289	_regular_price	539.0000
17290	_regular_price	1190.0000
17291	_regular_price	299.0000
17292	_regular_price	949.0000
17293	_regular_price	800.0000
17294	_regular_price	335.0000
17295	_regular_price	275.0000
17296	_regular_price	1150.0000
17297	_regular_price	120.0000
17298	_regular_price	405.0000
17299	_regular_price	329.0000
17300	_regular_price	569.0000
17301	_regular_price	725.0000
17302	_regular_price	449.0000
17303	_regular_price	120.0000
17304	_regular_price	100.0000
17305	_regular_price	33.0000
17306	_regular_price	15.0000
17307	_regular_price	80.0000
17308	_regular_price	81.0000
17309	_regular_price	250.0000
17310	_regular_price	14.0000
17311	_regular_price	3.5000
17312	_regular_price	11.0000
17313	_regular_price	435.0000
17314	_regular_price	60.0000
17315	_regular_price	1040.0000
17316	_regular_price	559.0000
17317	_regular_price	450.0000
17318	_regular_price	299.0000
17319	_regular_price	320.0000
17320	_regular_price	500.0000
17321	_regular_price	28.0000
17322	_regular_price	249.0000
17323	_regular_price	17.0000
17324	_regular_price	18.0000
17325	_regular_price	13.0000
17326	_regular_price	11.0000
17327	_regular_price	1099.0000
17328	_regular_price	220.0000
17329	_regular_price	2139.0000
17330	_regular_price	25.0000
17331	_regular_price	160.0000
17332	_regular_price	110.0000
17333	_regular_price	189.0000
17334	_regular_price	112.0000
17335	_regular_price	139.0000
17336	_regular_price	39.0000
17337	_regular_price	650.0000
17338	_regular_price	159.0000
17339	_regular_price	189.0000
17340	_regular_price	139.0000
17341	_regular_price	3299.0000
17342	_regular_price	456.0000
17343	_regular_price	55.0000
17344	_regular_price	120.0000
17345	_regular_price	232.0000
17346	_regular_price	810.0000
17347	_regular_price	455.0000
17348	_regular_price	2934.0000
17349	_regular_price	660.0000
17350	_regular_price	235.0000
17351	_regular_price	335.0000
17352	_regular_price	565.0000
17353	_regular_price	480.0000
17354	_regular_price	650.0000
17355	_regular_price	1450.0000
17356	_regular_price	320.0000
17357	_regular_price	325.0000
17358	_regular_price	1099.0000
17359	_regular_price	2.3000
17360	_regular_price	57.0000
17361	_regular_price	103.0000
17362	_regular_price	75.0000
17363	_regular_price	44.0000
17364	_regular_price	979.0000
17365	_regular_price	200.0000
17366	_regular_price	149.0000
17367	_regular_price	8469.0000
17368	_regular_price	210.0000
17369	_regular_price	305.0000
17370	_regular_price	570.0000
17371	_regular_price	220.0000
17372	_regular_price	239.0000
17373	_regular_price	499.0000
17374	_regular_price	95.0000
17375	_regular_price	170.0000
17376	_regular_price	289.0000
17377	_regular_price	1250.0000
17378	_regular_price	10.0000
17379	_regular_price	890.0000
17380	_regular_price	990.0000
17381	_regular_price	480.0000
17382	_regular_price	220.0000
17383	_regular_price	669.0000
17384	_regular_price	49.0000
17385	_regular_price	14.0000
17386	_regular_price	796.0000
17387	_regular_price	125.0000
17388	_regular_price	125.0000
17389	_regular_price	659.0000
17390	_regular_price	999.0000
17391	_regular_price	109.0000
17392	_regular_price	1200.0000
17393	_regular_price	159.0000
17394	_regular_price	940.0000
17395	_regular_price	220.0000
17396	_regular_price	895.0000
17397	_regular_price	870.0000
17398	_regular_price	175.0000
17399	_regular_price	180.0000
17400	_regular_price	599.0000
17401	_regular_price	572.0000
17402	_regular_price	420.0000
17403	_regular_price	169.0000
17404	_regular_price	599.0000
17405	_regular_price	245.0000
17406	_regular_price	160.0000
17407	_regular_price	70.0000
17408	_regular_price	625.0000
17409	_regular_price	56.0000
17410	_regular_price	380.0000
17411	_regular_price	4.0000
17412	_regular_price	4.0000
17413	_regular_price	120.0000
17414	_regular_price	70.0000
17415	_regular_price	260.0000
17416	_regular_price	10.0000
17417	_regular_price	90.0000
17418	_regular_price	300.0000
17419	_regular_price	3397.0000
17420	_regular_price	629.0000
17421	_regular_price	57.0000
17422	_regular_price	415.0000
17423	_regular_price	469.0000
17424	_regular_price	3249.0000
17425	_regular_price	115.0000
17426	_regular_price	210.0000
17427	_regular_price	80.0000
17428	_regular_price	1049.0000
17429	_regular_price	1699.0000
17430	_regular_price	110.0000
17431	_regular_price	289.0000
17432	_regular_price	550.0000
17433	_regular_price	445.0000
17434	_regular_price	459.0000
17435	_regular_price	162.0000
17436	_regular_price	1427.0000
17437	_regular_price	290.0000
17438	_regular_price	230.0000
17439	_regular_price	259.0000
17440	_regular_price	89.0000
17441	_regular_price	525.0000
17442	_regular_price	69.9000
17443	_regular_price	1648.0000
17444	_regular_price	1200.0000
17445	_regular_price	880.0000
17446	_regular_price	245.0000
17447	_regular_price	10.0000
17448	_regular_price	789.0000
17449	_regular_price	240.0000
17450	_regular_price	480.0000
17451	_regular_price	325.0000
17452	_regular_price	125.0000
17453	_regular_price	399.0000
17454	_regular_price	349.0000
17455	_regular_price	590.0000
17456	_regular_price	619.0000
17457	_regular_price	1449.0000
17458	_regular_price	6.0000
17459	_regular_price	14.0000
17460	_regular_price	1445.0000
17461	_regular_price	105.0000
17462	_regular_price	699.0000
17463	_regular_price	315.0000
17464	_regular_price	369.0000
17465	_regular_price	169.0000
17466	_regular_price	3.1900
17467	_regular_price	129.0000
17468	_regular_price	149.0000
17469	_regular_price	125.0000
17470	_regular_price	190.0000
17471	_regular_price	437.0000
17472	_regular_price	429.0000
17473	_regular_price	82.0000
17474	_regular_price	459.0000
17475	_regular_price	39.0000
17476	_regular_price	99.0000
17477	_regular_price	75.0000
17478	_regular_price	18.0000
17479	_regular_price	26.0000
17480	_regular_price	103.0000
17481	_regular_price	116.0000
17482	_regular_price	589.0000
17483	_regular_price	269.0000
17484	_regular_price	239.0000
17485	_regular_price	310.0000
17486	_regular_price	239.0000
17487	_regular_price	95.0000
17488	_regular_price	79.0000
17489	_regular_price	330.0000
17490	_regular_price	0.0000
17491	_regular_price	149.0000
17492	_regular_price	550.0000
17493	_regular_price	650.0000
17494	_regular_price	770.0000
17495	_regular_price	290.0000
17496	_regular_price	89.0000
17497	_regular_price	1762.0000
17498	_regular_price	290.0000
17499	_regular_price	38.0000
17500	_regular_price	79.0000
17501	_regular_price	215.0000
17502	_regular_price	20.0000
17503	_regular_price	820.0000
17504	_regular_price	280.0000
17505	_regular_price	280.0000
17506	_regular_price	195.0000
17507	_regular_price	220.0000
17508	_regular_price	1069.0000
17509	_regular_price	449.0000
17510	_regular_price	420.0000
17511	_regular_price	200.0000
17512	_regular_price	390.0000
17513	_regular_price	599.0000
17514	_regular_price	100.0000
17515	_regular_price	649.0000
17516	_regular_price	799.0000
17517	_regular_price	180.0000
17518	_regular_price	510.0000
17519	_regular_price	99.0000
17520	_regular_price	130.0000
17521	_regular_price	280.0000
17522	_regular_price	250.0000
17523	_regular_price	2390.0000
17524	_regular_price	520.0000
17525	_regular_price	80.0000
17526	_regular_price	365.0000
17527	_regular_price	320.0000
17528	_regular_price	269.0000
17529	_regular_price	699.0000
17530	_regular_price	890.0000
17531	_regular_price	0.0000
17532	_regular_price	529.0000
17533	_regular_price	60.0000
17534	_regular_price	70.0000
17535	_regular_price	122.0000
17536	_regular_price	260.0000
17537	_regular_price	299.0000
17538	_regular_price	145.0000
17539	_regular_price	115.0000
17540	_regular_price	210.0000
17541	_regular_price	485.0000
17542	_regular_price	345.0000
17543	_regular_price	225.0000
17544	_regular_price	135.0000
17545	_regular_price	270.0000
17546	_regular_price	70.0000
17547	_regular_price	100.0000
17548	_regular_price	120.0000
17549	_regular_price	400.0000
17550	_regular_price	476.0000
17551	_regular_price	585.0000
17552	_regular_price	476.0000
17553	_regular_price	165.0000
17554	_regular_price	150.0000
17555	_regular_price	30.0000
17556	_regular_price	170.0000
17557	_regular_price	16.0000
17558	_regular_price	10.0000
17559	_regular_price	320.0000
17560	_regular_price	370.0000
17561	_regular_price	749.0000
17562	_regular_price	99.0000
17563	_regular_price	530.0000
17564	_regular_price	255.0000
17565	_regular_price	85.0000
17566	_regular_price	35.0000
17567	_regular_price	30.0000
17568	_regular_price	325.0000
17569	_regular_price	315.0000
17570	_regular_price	530.0000
17571	_regular_price	725.0000
17572	_regular_price	166.0000
17573	_regular_price	25.0000
17574	_regular_price	820.0000
17575	_regular_price	650.0000
17576	_regular_price	220.0000
17577	_regular_price	2129.0000
17578	_regular_price	1030.0000
17579	_regular_price	1120.0000
17580	_regular_price	297.0000
17581	_regular_price	165.0000
17582	_regular_price	520.0000
17583	_regular_price	120.0000
17584	_regular_price	1700.0000
17585	_regular_price	1040.0000
17586	_regular_price	1170.0000
17587	_regular_price	1170.0000
17588	_regular_price	70.0000
17589	_regular_price	200.0000
17590	_regular_price	1140.0000
17591	_regular_price	320.0000
17592	_regular_price	305.0000
17593	_regular_price	175.0000
17594	_regular_price	240.0000
17595	_regular_price	170.0000
17596	_regular_price	170.0000
17597	_regular_price	110.0000
17598	_regular_price	210.0000
17599	_regular_price	28.0000
17600	_regular_price	649.0000
17601	_regular_price	449.0000
17602	_regular_price	375.0000
17603	_regular_price	299.0000
17604	_regular_price	520.0000
17605	_regular_price	290.0000
17606	_regular_price	345.0000
17607	_regular_price	180.0000
17608	_regular_price	850.0000
17609	_regular_price	995.0000
17610	_regular_price	195.0000
17611	_regular_price	88.0000
17612	_regular_price	30.0000
17613	_regular_price	349.0000
17614	_regular_price	436.0000
17615	_regular_price	75.0000
17616	_regular_price	459.0000
17617	_regular_price	90.0000
17618	_regular_price	106.0000
17619	_regular_price	106.0000
17620	_regular_price	6.0000
17621	_regular_price	7.0000
17622	_regular_price	10.0000
17623	_regular_price	13.0000
17624	_regular_price	568.0000
17625	_regular_price	317.0000
17626	_regular_price	171.0000
17627	_regular_price	129.0000
17628	_regular_price	129.0000
17629	_regular_price	549.0000
17630	_regular_price	249.0000
17631	_regular_price	265.0000
17632	_regular_price	45.0000
17633	_regular_price	145.0000
17634	_regular_price	145.0000
17635	_regular_price	160.0000
17636	_regular_price	160.0000
17637	_regular_price	335.0000
17638	_regular_price	399.0000
17639	_regular_price	958.0000
17640	_regular_price	779.0000
17641	_regular_price	1059.0000
17642	_regular_price	840.0000
17643	_regular_price	200.0000
17644	_regular_price	115.0000
17645	_regular_price	460.0000
17646	_regular_price	170.0000
17647	_regular_price	5950.0000
17648	_regular_price	10.0000
17649	_regular_price	140.0000
17650	_regular_price	40.0000
17651	_regular_price	270.0000
17652	_regular_price	645.0000
17653	_regular_price	399.0000
17654	_regular_price	345.0000
17655	_regular_price	583.0000
17656	_regular_price	349.0000
17657	_regular_price	290.0000
17658	_regular_price	230.0000
17659	_regular_price	1490.0000
17660	_regular_price	3890.0000
17661	_regular_price	147.0000
17662	_regular_price	445.0000
17663	_regular_price	30.0000
17664	_regular_price	625.0000
17665	_regular_price	460.0000
17666	_regular_price	119.0000
17667	_regular_price	670.0000
17668	_regular_price	245.0000
17669	_regular_price	105.0000
17670	_regular_price	170.0000
17671	_regular_price	20.0000
17672	_regular_price	1169.0000
17673	_regular_price	199.0000
17674	_regular_price	260.0000
17675	_regular_price	430.0000
17676	_regular_price	430.0000
17677	_regular_price	330.0000
17678	_regular_price	330.0000
17679	_regular_price	50.0000
17680	_regular_price	210.0000
17681	_regular_price	210.0000
17682	_regular_price	179.0000
17683	_regular_price	1989.0000
17684	_regular_price	990.0000
17685	_regular_price	55.0000
17686	_regular_price	110.0000
17687	_regular_price	125.0000
17688	_regular_price	95.0000
17689	_regular_price	250.0000
17690	_regular_price	1090.0000
17691	_regular_price	140.0000
17692	_regular_price	70.0000
17693	_regular_price	152.0000
17694	_regular_price	663.0000
17695	_regular_price	478.0000
17696	_regular_price	269.0000
17697	_regular_price	249.0000
17698	_regular_price	235.0000
17699	_regular_price	25.0000
17700	_regular_price	20.0000
17701	_regular_price	2.2000
17702	_regular_price	679.0000
17703	_regular_price	99.0000
17704	_regular_price	780.0000
17705	_regular_price	159.0000
17706	_regular_price	1026.0000
17707	_regular_price	820.0000
17708	_regular_price	470.0000
17709	_regular_price	470.0000
17710	_regular_price	469.0000
17711	_regular_price	685.0000
17712	_regular_price	629.0000
17713	_regular_price	89.0000
17714	_regular_price	8.0000
17715	_regular_price	10.0000
17716	_regular_price	18.0000
17717	_regular_price	30.0000
17718	_regular_price	25.0000
17719	_regular_price	22.0000
17720	_regular_price	47.0000
17721	_regular_price	229.0000
17722	_regular_price	440.0000
17723	_regular_price	495.0000
17724	_regular_price	599.0000
17725	_regular_price	294.0000
17726	_regular_price	190.0000
17727	_regular_price	226.0000
17728	_regular_price	599.0000
17729	_regular_price	525.0000
17730	_regular_price	249.0000
17731	_regular_price	180.0000
17732	_regular_price	180.0000
17733	_regular_price	260.0000
17734	_regular_price	1159.0000
17735	_regular_price	280.0000
17736	_regular_price	320.0000
17737	_regular_price	490.0000
17738	_regular_price	250.0000
17739	_regular_price	195.0000
17740	_regular_price	540.0000
17741	_regular_price	210.0000
17742	_regular_price	460.0000
17743	_regular_price	799.0000
17744	_regular_price	44.0000
17745	_regular_price	96.0000
17746	_regular_price	745.0000
17747	_regular_price	205.0000
17748	_regular_price	369.0000
17749	_regular_price	150.0000
17750	_regular_price	299.0000
17751	_regular_price	235.0000
17752	_regular_price	50.0000
17753	_regular_price	350.0000
17754	_regular_price	200.0000
17755	_regular_price	229.0000
17756	_regular_price	30.0000
17757	_regular_price	2390.0000
17758	_regular_price	310.0000
17759	_regular_price	275.0000
17760	_regular_price	280.0000
17761	_regular_price	590.0000
17762	_regular_price	528.0000
17763	_regular_price	225.0000
17764	_regular_price	485.0000
17765	_regular_price	769.0000
17766	_regular_price	630.0000
17767	_regular_price	448.0000
17768	_regular_price	610.0000
17769	_regular_price	170.0000
17770	_regular_price	120.0000
17771	_regular_price	120.0000
17772	_regular_price	240.0000
17773	_regular_price	240.0000
17774	_regular_price	43.0000
17775	_regular_price	120.0000
17776	_regular_price	149.0000
17777	_regular_price	149.0000
17778	_regular_price	160.0000
17779	_regular_price	899.0000
17780	_regular_price	599.0000
17781	_regular_price	100.0000
17782	_regular_price	365.0000
17783	_regular_price	0.0000
17784	_regular_price	350.0000
17785	_regular_price	459.0000
17786	_regular_price	139.0000
17787	_regular_price	180.0000
17788	_regular_price	280.0000
17789	_regular_price	160.0000
17790	_regular_price	132.0000
17791	_regular_price	143.0000
17792	_regular_price	70.0000
17793	_regular_price	165.0000
17794	_regular_price	240.0000
17795	_regular_price	100.0000
17796	_regular_price	65.0000
17797	_regular_price	175.0000
17798	_regular_price	125.0000
17799	_regular_price	165.0000
17800	_regular_price	165.0000
17801	_regular_price	400.0000
17802	_regular_price	88.0000
17803	_regular_price	53.0000
17804	_regular_price	54.0000
17805	_regular_price	107.0000
17806	_regular_price	165.0000
17807	_regular_price	785.0000
17808	_regular_price	785.0000
17809	_regular_price	1065.0000
17810	_regular_price	299.0000
17811	_regular_price	1365.0000
17812	_regular_price	375.0000
17813	_regular_price	1950.0000
17814	_regular_price	380.0000
17815	_regular_price	280.0000
17816	_regular_price	280.0000
17817	_regular_price	0.0000
17818	_regular_price	300.0000
17819	_regular_price	140.0000
17820	_regular_price	1595.0000
17821	_regular_price	558.0000
17822	_regular_price	379.0000
17823	_regular_price	275.0000
17824	_regular_price	945.0000
17825	_regular_price	696.0000
17826	_regular_price	60.0000
17827	_regular_price	455.0000
17828	_regular_price	425.0000
17829	_regular_price	169.0000
17830	_regular_price	570.0000
17831	_regular_price	460.0000
17832	_regular_price	1040.0000
17833	_regular_price	1240.0000
17834	_regular_price	378.0000
17835	_regular_price	435.0000
17836	_regular_price	135.0000
17837	_regular_price	275.0000
17838	_regular_price	95.0000
17839	_regular_price	135.0000
17840	_regular_price	99.0000
17841	_regular_price	75.0000
17842	_regular_price	150.0000
17843	_regular_price	385.0000
17844	_regular_price	395.0000
17845	_regular_price	699.0000
17846	_regular_price	1890.0000
17847	_regular_price	650.0000
17848	_regular_price	435.0000
17849	_regular_price	158.0000
17850	_regular_price	690.0000
17851	_regular_price	39.0000
17852	_regular_price	360.0000
17853	_regular_price	89.0000
17854	_regular_price	435.0000
17855	_regular_price	556.0000
17856	_regular_price	728.0000
17857	_regular_price	869.0000
17858	_regular_price	45.0000
17859	_regular_price	50.0000
17860	_regular_price	345.0000
17861	_regular_price	165.0000
17862	_regular_price	1060.0000
17863	_regular_price	1050.0000
17864	_regular_price	100.0000
17865	_regular_price	345.0000
17866	_regular_price	315.0000
17867	_regular_price	275.0000
17868	_regular_price	205.0000
17869	_regular_price	1950.0000
17870	_regular_price	1525.0000
17871	_regular_price	640.0000
17872	_regular_price	340.0000
17873	_regular_price	255.0000
17874	_regular_price	320.0000
17875	_regular_price	575.0000
17876	_regular_price	430.0000
17877	_regular_price	356.0000
17878	_regular_price	476.0000
17879	_regular_price	265.0000
17880	_regular_price	749.0000
17881	_regular_price	70.0000
17882	_regular_price	56.0000
17883	_regular_price	35.0000
17884	_regular_price	350.0000
17885	_regular_price	10.0000
17886	_regular_price	167.0000
17887	_regular_price	180.0000
17888	_regular_price	80.0000
17889	_regular_price	48.0000
17890	_regular_price	35.0000
17891	_regular_price	770.0000
17892	_regular_price	630.0000
17893	_regular_price	479.0000
17894	_regular_price	205.0000
17895	_regular_price	180.0000
17896	_regular_price	360.0000
17897	_regular_price	61.0000
17898	_regular_price	120.0000
17899	_regular_price	99.0000
17900	_regular_price	190.0000
17901	_regular_price	685.0000
17902	_regular_price	530.0000
17903	_regular_price	8.0000
17904	_regular_price	350.0000
17905	_regular_price	690.0000
17906	_regular_price	820.0000
17907	_regular_price	227.0000
17908	_regular_price	705.0000
17909	_regular_price	485.0000
17910	_regular_price	449.0000
17911	_regular_price	340.0000
17912	_regular_price	417.0000
17913	_regular_price	245.0000
17914	_regular_price	99.0000
17915	_regular_price	316.0000
17916	_regular_price	479.0000
17917	_regular_price	479.0000
17918	_regular_price	105.0000
17919	_regular_price	90.0000
17920	_regular_price	540.0000
17921	_regular_price	26.0000
17922	_regular_price	24.0000
17923	_regular_price	90.0000
17924	_regular_price	428.0000
17925	_regular_price	410.0000
17926	_regular_price	170.0000
17927	_regular_price	220.0000
17928	_regular_price	170.0000
17929	_regular_price	190.0000
17930	_regular_price	210.0000
17931	_regular_price	445.0000
17932	_regular_price	479.0000
17933	_regular_price	380.0000
17934	_regular_price	77.0000
17935	_regular_price	895.0000
17936	_regular_price	800.0000
17937	_regular_price	140.0000
17938	_regular_price	140.0000
17939	_regular_price	130.0000
17940	_regular_price	349.0000
17941	_regular_price	120.0000
17942	_regular_price	130.0000
17943	_regular_price	275.0000
17944	_regular_price	135.0000
17945	_regular_price	90.0000
17946	_regular_price	79.0000
17947	_regular_price	110.0000
17948	_regular_price	60.0000
17949	_regular_price	945.0000
17950	_regular_price	177.0000
17951	_regular_price	180.0000
17952	_regular_price	282.0000
17953	_regular_price	422.0000
17954	_regular_price	399.0000
17955	_regular_price	390.0000
17956	_regular_price	490.0000
17957	_regular_price	545.0000
17958	_regular_price	879.0000
17959	_regular_price	125.0000
17960	_regular_price	95.0000
17961	_regular_price	25.0000
17962	_regular_price	35.0000
17963	_regular_price	120.0000
17964	_regular_price	102.0000
17965	_regular_price	405.0000
17966	_regular_price	450.0000
17967	_regular_price	134.0000
17968	_regular_price	146.0000
17969	_regular_price	45.0000
17970	_regular_price	260.0000
17971	_regular_price	204.0000
17972	_regular_price	145.0000
17973	_regular_price	475.0000
17974	_regular_price	148.0000
17975	_regular_price	148.0000
17976	_regular_price	115.0000
17977	_regular_price	139.0000
17978	_regular_price	10.0000
17979	_regular_price	5920.0000
17980	_regular_price	3190.0000
17981	_regular_price	749.0000
17982	_regular_price	100.0000
17983	_regular_price	159.0000
17984	_regular_price	1000.0000
17985	_regular_price	724.0000
17986	_regular_price	0.0000
17987	_regular_price	625.0000
17988	_regular_price	260.0000
17989	_regular_price	225.0000
17990	_regular_price	1160.0000
17991	_regular_price	1900.0000
17992	_regular_price	400.0000
17993	_regular_price	450.0000
17994	_regular_price	390.0000
17995	_regular_price	549.0000
17996	_regular_price	550.0000
17997	_regular_price	1080.0000
17998	_regular_price	599.0000
17999	_regular_price	3890.0000
18000	_regular_price	927.0000
18001	_regular_price	598.0000
18002	_regular_price	821.0000
18003	_regular_price	400.0000
18004	_regular_price	740.0000
18005	_regular_price	1285.0000
18006	_regular_price	699.0000
18007	_regular_price	539.0000
18008	_regular_price	499.0000
18009	_regular_price	499.0000
18010	_regular_price	300.0000
18011	_regular_price	270.0000
18012	_regular_price	300.0000
18013	_regular_price	280.0000
18014	_regular_price	240.0000
18015	_regular_price	240.0000
18016	_regular_price	23.0000
18017	_regular_price	110.0000
18018	_regular_price	146.0000
18019	_regular_price	180.0000
18020	_regular_price	220.0000
18021	_regular_price	175.0000
18022	_regular_price	99.0000
18023	_regular_price	1488.0000
18024	_regular_price	70.0000
18025	_regular_price	70.0000
18026	_regular_price	100.0000
18027	_regular_price	120.0000
18028	_regular_price	120.0000
18029	_regular_price	110.0000
18030	_regular_price	245.0000
18031	_regular_price	124.0000
18032	_regular_price	175.0000
18033	_regular_price	141.0000
18034	_regular_price	150.0000
18035	_regular_price	155.0000
18036	_regular_price	100.0000
18037	_regular_price	165.0000
18038	_regular_price	120.0000
18039	_regular_price	85.0000
18040	_regular_price	95.0000
18041	_regular_price	70.0000
18042	_regular_price	80.0000
18043	_regular_price	250.0000
18044	_regular_price	300.0000
18045	_regular_price	70.0000
18046	_regular_price	120.0000
18047	_regular_price	270.0000
18048	_regular_price	190.0000
18049	_regular_price	135.0000
18050	_regular_price	694.0000
18051	_regular_price	529.0000
18052	_regular_price	195.0000
18053	_regular_price	1105.0000
18054	_regular_price	120.0000
18055	_regular_price	2550.0000
18056	_regular_price	330.0000
18057	_regular_price	290.0000
18058	_regular_price	220.0000
18059	_regular_price	2580.0000
18060	_regular_price	99.0000
18061	_regular_price	250.0000
18062	_regular_price	70.0000
18063	_regular_price	70.0000
18064	_regular_price	140.0000
18065	_regular_price	150.0000
18066	_regular_price	270.0000
18067	_regular_price	150.0000
18068	_regular_price	95.0000
18069	_regular_price	85.0000
18070	_regular_price	0.0000
18071	_regular_price	85.0000
18072	_regular_price	130.0000
18073	_regular_price	380.0000
18074	_regular_price	200.0000
18075	_regular_price	50.0000
18076	_regular_price	245.0000
18077	_regular_price	215.0000
18078	_regular_price	112.0000
18079	_regular_price	110.0000
18080	_regular_price	105.0000
18081	_regular_price	70.0000
18082	_regular_price	70.0000
18083	_regular_price	140.0000
18084	_regular_price	120.0000
18085	_regular_price	220.0000
18086	_regular_price	140.0000
18087	_regular_price	120.0000
18088	_regular_price	230.0000
18089	_regular_price	220.0000
18090	_regular_price	299.0000
18091	_regular_price	187.0000
18092	_regular_price	290.0000
18093	_regular_price	250.0000
18094	_regular_price	274.0000
18095	_regular_price	129.0000
18096	_regular_price	175.0000
18097	_regular_price	235.0000
18098	_regular_price	129.0000
18099	_regular_price	239.0000
18100	_regular_price	90.0000
18101	_regular_price	180.0000
18102	_regular_price	150.0000
18103	_regular_price	170.0000
18104	_regular_price	112.0000
18105	_regular_price	112.0000
18106	_regular_price	230.0000
18107	_regular_price	1481.0000
18108	_regular_price	454.0000
18109	_regular_price	72.0000
18110	_regular_price	38.0000
18111	_regular_price	230.0000
18112	_regular_price	153.0000
18113	_regular_price	120.0000
18114	_regular_price	95.0000
18115	_regular_price	150.0000
18116	_regular_price	160.0000
18117	_regular_price	0.0000
18118	_regular_price	148.0000
18119	_regular_price	100.0000
18120	_regular_price	68.0000
18121	_regular_price	290.0000
18122	_regular_price	150.0000
18123	_regular_price	280.0000
18124	_regular_price	200.0000
18125	_regular_price	0.0000
18126	_regular_price	70.0000
18127	_regular_price	70.0000
18128	_regular_price	70.0000
18129	_regular_price	70.0000
18130	_regular_price	98.0000
18131	_regular_price	180.0000
18132	_regular_price	448.0000
18133	_regular_price	448.0000
18134	_regular_price	650.0000
18135	_regular_price	340.0000
18136	_regular_price	220.0000
18137	_regular_price	180.0000
18138	_regular_price	110.0000
18139	_regular_price	280.0000
18140	_regular_price	448.0000
18141	_regular_price	280.0000
18142	_regular_price	240.0000
18143	_regular_price	512.0000
18144	_regular_price	80.0000
18145	_regular_price	70.0000
18146	_regular_price	30.0000
18147	_regular_price	185.0000
18148	_regular_price	99.0000
18149	_regular_price	545.0000
18150	_regular_price	883.0000
18151	_regular_price	741.0000
18152	_regular_price	136.0000
18153	_regular_price	321.0000
18154	_regular_price	253.0000
18155	_regular_price	32.0000
18156	_regular_price	510.0000
18157	_regular_price	79.0000
18158	_regular_price	99.0000
18159	_regular_price	99.0000
18160	_regular_price	95.0000
18161	_regular_price	146.0000
18162	_regular_price	140.0000
18163	_regular_price	76.0000
18164	_regular_price	76.0000
18165	_regular_price	100.0000
18166	_regular_price	85.0000
18167	_regular_price	85.0000
18168	_regular_price	130.0000
18169	_regular_price	240.0000
18170	_regular_price	120.0000
18171	_regular_price	120.0000
18172	_regular_price	140.0000
18173	_regular_price	30.0000
18174	_regular_price	360.0000
18175	_regular_price	530.0000
18176	_regular_price	532.0000
18177	_regular_price	420.0000
18178	_regular_price	105.0000
18179	_regular_price	330.0000
18180	_regular_price	195.0000
18181	_regular_price	175.0000
18182	_regular_price	250.0000
18183	_regular_price	210.0000
18184	_regular_price	100.0000
18185	_regular_price	295.0000
18186	_regular_price	120.0000
18187	_regular_price	150.0000
18188	_regular_price	120.0000
18189	_regular_price	85.0000
18190	_regular_price	96.0000
18191	_regular_price	500.0000
18192	_regular_price	400.0000
18193	_regular_price	360.0000
18194	_regular_price	112.0000
18195	_regular_price	112.0000
18196	_regular_price	270.0000
18197	_regular_price	260.0000
18198	_regular_price	150.0000
18199	_regular_price	150.0000
18200	_regular_price	150.0000
18201	_regular_price	150.0000
18202	_regular_price	150.0000
18203	_regular_price	150.0000
18204	_regular_price	120.0000
18205	_regular_price	120.0000
18206	_regular_price	80.0000
18207	_regular_price	100.0000
18208	_regular_price	80.0000
18209	_regular_price	80.0000
18210	_regular_price	80.0000
18211	_regular_price	80.0000
18212	_regular_price	80.0000
18213	_regular_price	120.0000
18214	_regular_price	80.0000
18215	_regular_price	120.0000
18216	_regular_price	120.0000
18217	_regular_price	90.0000
18218	_regular_price	90.0000
18219	_regular_price	55.0000
18220	_regular_price	129.0000
18221	_regular_price	60.0000
18222	_regular_price	105.0000
18223	_regular_price	80.0000
18224	_regular_price	80.0000
18225	_regular_price	80.0000
18226	_regular_price	100.0000
18227	_regular_price	80.0000
18228	_regular_price	60.0000
18229	_regular_price	60.0000
18230	_regular_price	60.0000
18231	_regular_price	60.0000
18232	_regular_price	105.0000
18233	_regular_price	100.0000
18234	_regular_price	100.0000
18235	_regular_price	65.0000
18236	_regular_price	65.0000
18237	_regular_price	65.0000
18238	_regular_price	65.0000
18239	_regular_price	325.0000
18240	_regular_price	70.0000
18241	_regular_price	70.0000
18242	_regular_price	65.0000
18243	_regular_price	105.0000
18244	_regular_price	53.0000
18245	_regular_price	56.0000
18246	_regular_price	60.0000
18247	_regular_price	52.0000
18248	_regular_price	86.0000
18249	_regular_price	70.0000
18250	_regular_price	70.0000
18251	_regular_price	60.0000
18252	_regular_price	50.0000
18253	_regular_price	40.0000
18254	_regular_price	920.0000
18255	_regular_price	228.0000
18256	_regular_price	900.0000
18257	_regular_price	900.0000
18258	_regular_price	1000.0000
18259	_regular_price	1400.0000
18260	_regular_price	800.0000
18261	_regular_price	1200.0000
18262	_regular_price	51.0000
18263	_regular_price	185.0000
18264	_regular_price	60.0000
18265	_regular_price	190.0000
18266	_regular_price	190.0000
18267	_regular_price	200.0000
18268	_regular_price	190.0000
18269	_regular_price	190.0000
18270	_regular_price	65.0000
18271	_regular_price	18.0000
18272	_regular_price	550.0000
18273	_regular_price	420.0000
18274	_regular_price	480.0000
18275	_regular_price	418.0000
18276	_regular_price	99.0000
18277	_regular_price	90.0000
18278	_regular_price	70.0000
18279	_regular_price	800.0000
18280	_regular_price	106.0000
18281	_regular_price	300.0000
18282	_regular_price	359.0000
18283	_regular_price	79.0000
18284	_regular_price	30.0000
18285	_regular_price	185.0000
18286	_regular_price	140.0000
18287	_regular_price	290.0000
18288	_regular_price	390.0000
18289	_regular_price	220.0000
18290	_regular_price	240.0000
18291	_regular_price	320.0000
18292	_regular_price	300.0000
18293	_regular_price	225.0000
18294	_regular_price	32.0000
18295	_regular_price	32.0000
18296	_regular_price	130.0000
18297	_regular_price	80.0000
18298	_regular_price	128.0000
18299	_regular_price	485.0000
18300	_regular_price	32.0000
18301	_regular_price	145.0000
18302	_regular_price	38.0000
18303	_regular_price	27.0000
18304	_regular_price	50.0000
18305	_regular_price	50.0000
18306	_regular_price	130.0000
18307	_regular_price	70.0000
18308	_regular_price	380.0000
18309	_regular_price	130.0000
18310	_regular_price	90.0000
18311	_regular_price	225.0000
18312	_regular_price	130.0000
18313	_regular_price	150.0000
18314	_regular_price	432.0000
18315	_regular_price	170.0000
18316	_regular_price	215.0000
18317	_regular_price	0.0000
18318	_regular_price	392.0000
18319	_regular_price	392.0000
18320	_regular_price	229.0000
18321	_regular_price	145.0000
18322	_regular_price	185.0000
18323	_regular_price	129.0000
18324	_regular_price	49.0000
18325	_regular_price	271.0000
18326	_regular_price	69.0000
18327	_regular_price	277.0000
18328	_regular_price	202.0000
18329	_regular_price	120.0000
18330	_regular_price	22.0000
18331	_regular_price	26.0000
18332	_regular_price	48.0000
18333	_regular_price	49.0000
18334	_regular_price	10.0000
18335	_regular_price	10.0000
18336	_regular_price	0.0000
18337	_regular_price	0.0000
18338	_regular_price	0.0000
18339	_regular_price	0.0000
18340	_regular_price	0.0000
18341	_regular_price	280.0000
18342	_regular_price	30.8000
18343	_regular_price	115.0000
18344	_regular_price	740.0000
18345	_regular_price	200.0000
18346	_regular_price	190.0000
18347	_regular_price	160.0000
18348	_regular_price	155.0000
18349	_regular_price	0.0000
18350	_regular_price	150.0000
18351	_regular_price	200.0000
18352	_regular_price	300.0000
18353	_regular_price	945.0000
18354	_regular_price	575.0000
18355	_regular_price	799.0000
18356	_regular_price	57.0000
18357	_regular_price	65.0000
18358	_regular_price	100.0000
18359	_regular_price	178.0000
18360	_regular_price	95.0000
18361	_regular_price	112.3500
18362	_regular_price	28.0000
18363	_regular_price	65.0000
18364	_regular_price	215.0000
18365	_regular_price	100.0000
18366	_regular_price	39.0000
18367	_regular_price	60.0000
18368	_regular_price	80.0000
18369	_regular_price	10.0000
18370	_regular_price	25.0000
18371	_regular_price	25.0000
18372	_regular_price	25.0000
18373	_regular_price	15.0000
18374	_regular_price	15.0000
18375	_regular_price	13.0000
18376	_regular_price	13.0000
18377	_regular_price	20.0000
18378	_regular_price	80.0000
18379	_regular_price	200.0000
18380	_regular_price	50.0000
18381	_regular_price	220.0000
18382	_regular_price	57.0000
18383	_regular_price	795.0000
18384	_regular_price	410.0000
18385	_regular_price	215.0000
18386	_regular_price	180.0000
18387	_regular_price	169.0000
18388	_regular_price	96.0000
18389	_regular_price	179.0000
18390	_regular_price	145.0000
18391	_regular_price	0.0000
18392	_regular_price	532.0000
18393	_regular_price	145.0000
18394	_regular_price	220.0000
18395	_regular_price	3.0000
18396	_regular_price	190.0000
18397	_regular_price	450.0000
18398	_regular_price	100.0000
18399	_regular_price	450.0000
18400	_regular_price	175.0000
18401	_regular_price	750.0000
18402	_regular_price	110.0000
18403	_regular_price	130.0000
18404	_regular_price	750.0000
18405	_regular_price	15.0000
18406	_regular_price	90.0000
18407	_regular_price	650.0000
18408	_regular_price	1950.0000
18409	_regular_price	349.0000
18410	_regular_price	875.0000
18411	_regular_price	1290.0000
18412	_regular_price	58.0000
18413	_regular_price	100.0000
18414	_regular_price	249.7500
18415	_regular_price	2.8000
18416	_regular_price	32.0000
18417	_regular_price	60.0000
18418	_regular_price	270.0000
18419	_regular_price	230.0000
18420	_regular_price	310.0000
18421	_regular_price	58.0000
18422	_regular_price	90.0000
18423	_regular_price	419.0000
18424	_regular_price	290.0000
18425	_regular_price	180.0000
18426	_regular_price	320.0000
18427	_regular_price	290.0000
18428	_regular_price	45.0000
18429	_regular_price	45.0000
18430	_regular_price	45.0000
18431	_regular_price	45.0000
18432	_regular_price	40.0000
18433	_regular_price	15.0000
18434	_regular_price	30.0000
18435	_regular_price	60.0000
18436	_regular_price	700.0000
18437	_regular_price	1400.0000
18438	_regular_price	2030.0000
18439	_regular_price	650.0000
18440	_regular_price	745.0000
18441	_regular_price	2550.0000
18442	_regular_price	55.0000
18443	_regular_price	55.0000
18444	_regular_price	50.0000
18445	_regular_price	25.0000
18446	_regular_price	50.0000
18447	_regular_price	40.0000
18448	_regular_price	45.0000
18449	_regular_price	40.0000
18450	_regular_price	40.0000
18451	_regular_price	490.0000
18452	_regular_price	65.0000
18453	_regular_price	130.0000
18454	_regular_price	118.0000
18455	_regular_price	523.0000
18456	_regular_price	45.0000
18457	_regular_price	45.0000
18458	_regular_price	0.0000
18459	_regular_price	40.0000
18460	_regular_price	86.0000
18461	_regular_price	129.0000
18462	_regular_price	136.0000
18463	_regular_price	46.0000
18464	_regular_price	480.0000
18465	_regular_price	232.0000
18466	_regular_price	189.0000
18467	_regular_price	1195.0000
18468	_regular_price	0.0000
18469	_regular_price	300.0000
18470	_regular_price	190.0000
18471	_regular_price	1160.0000
18472	_regular_price	49.0000
18473	_regular_price	205.0000
18474	_regular_price	160.0000
18475	_regular_price	75.0000
18476	_regular_price	85.0000
18477	_regular_price	830.0000
18478	_regular_price	90.0000
18479	_regular_price	50.0000
18480	_regular_price	330.0000
18481	_regular_price	50.0000
18482	_regular_price	120.0000
18483	_regular_price	400.0000
18484	_regular_price	21.0000
18485	_regular_price	55.0000
18486	_regular_price	149.0000
18487	_regular_price	160.0000
18488	_regular_price	60.0000
18489	_regular_price	390.0000
18490	_regular_price	325.0000
18491	_regular_price	228.0000
18492	_regular_price	180.0000
18493	_regular_price	630.0000
18494	_regular_price	90.0000
18495	_regular_price	70.0000
18496	_regular_price	159.0000
18497	_regular_price	89.0000
18498	_regular_price	42.0000
18499	_regular_price	100.0000
18500	_regular_price	190.0000
18501	_regular_price	1746.0000
18502	_regular_price	670.0000
18503	_regular_price	430.0000
18504	_regular_price	92.0000
18505	_regular_price	75.0000
18506	_regular_price	45.0000
18507	_regular_price	325.0000
18508	_regular_price	70.0000
18509	_regular_price	70.0000
18510	_regular_price	80.0000
18511	_regular_price	100.0000
18512	_regular_price	60.0000
18513	_regular_price	30.0000
18514	_regular_price	30.0000
18515	_regular_price	60.0000
18516	_regular_price	82.0000
18517	_regular_price	256.0000
18518	_regular_price	256.0000
18519	_regular_price	247.0000
18520	_regular_price	247.0000
18521	_regular_price	550.0000
18522	_regular_price	408.0000
18523	_regular_price	550.0000
18524	_regular_price	100.0000
18525	_regular_price	956.0000
18526	_regular_price	95.0000
18527	_regular_price	7.0000
18528	_regular_price	504.0000
18529	_regular_price	7.0000
18530	_regular_price	6.0000
18531	_regular_price	1560.0000
18532	_regular_price	40.0000
18533	_regular_price	180.0000
18534	_regular_price	2500.0000
18535	_regular_price	1575.0000
18536	_regular_price	100.0000
18537	_regular_price	360.0000
18538	_regular_price	210.0000
18539	_regular_price	65.0000
18540	_regular_price	365.0000
18541	_regular_price	650.0000
18542	_regular_price	495.0000
18543	_regular_price	280.0000
18544	_regular_price	79.0000
18545	_regular_price	0.0000
18546	_regular_price	145.0000
18547	_regular_price	306.0000
18548	_regular_price	110.0000
18549	_regular_price	150.0000
18550	_regular_price	99.0000
18551	_regular_price	225.0000
18552	_regular_price	210.0000
18553	_regular_price	79.0000
18554	_regular_price	0.0000
18555	_regular_price	155.0000
18556	_regular_price	350.0000
18557	_regular_price	50.0000
18558	_regular_price	35.0000
18559	_regular_price	120.0000
18560	_regular_price	120.0000
18561	_regular_price	180.0000
18562	_regular_price	220.0000
18563	_regular_price	130.0000
18564	_regular_price	320.0000
18565	_regular_price	493.0000
18566	_regular_price	180.0000
18567	_regular_price	322.0000
18568	_regular_price	493.0000
18569	_regular_price	400.0000
18570	_regular_price	195.0000
18571	_regular_price	430.0000
18572	_regular_price	190.0000
18573	_regular_price	313.0000
18574	_regular_price	90.0000
18575	_regular_price	110.0000
18576	_regular_price	362.0000
18577	_regular_price	120.0000
18578	_regular_price	98.0000
18579	_regular_price	160.0000
18580	_regular_price	140.0000
18581	_regular_price	140.0000
18582	_regular_price	120.0000
18583	_regular_price	80.0000
18584	_regular_price	1850.0000
18585	_regular_price	1850.0000
18586	_regular_price	190.0000
18587	_regular_price	194.0000
18588	_regular_price	325.0000
18589	_regular_price	194.0000
18590	_regular_price	230.0000
18591	_regular_price	75.0000
18592	_regular_price	150.0000
18593	_regular_price	325.0000
18594	_regular_price	120.0000
18595	_regular_price	140.0000
18596	_regular_price	380.0000
18597	_regular_price	125.0000
18598	_regular_price	110.0000
18599	_regular_price	260.0000
18600	_regular_price	340.0000
18601	_regular_price	180.0000
18602	_regular_price	499.0000
18603	_regular_price	598.0000
18604	_regular_price	140.0000
18605	_regular_price	125.0000
18606	_regular_price	275.0000
18607	_regular_price	225.0000
18608	_regular_price	458.0000
18609	_regular_price	558.0000
18610	_regular_price	33.0000
18611	_regular_price	79.0000
18612	_regular_price	69.0000
18613	_regular_price	60.0000
18614	_regular_price	169.0000
18615	_regular_price	135.0000
18616	_regular_price	135.0000
18617	_regular_price	145.0000
18618	_regular_price	125.0000
18619	_regular_price	79.0000
18620	_regular_price	110.0000
18621	_regular_price	75.0000
18622	_regular_price	70.0000
18623	_regular_price	399.0000
18624	_regular_price	499.0000
18625	_regular_price	575.0000
18626	_regular_price	195.0000
18627	_regular_price	170.0000
18628	_regular_price	25.0000
18629	_regular_price	115.0000
18630	_regular_price	18.9000
18631	_regular_price	235.0000
18632	_regular_price	265.0000
18633	_regular_price	199.0000
18634	_regular_price	249.0000
18635	_regular_price	299.0000
18636	_regular_price	259.0000
18637	_regular_price	0.0000
18638	_regular_price	55.0000
18639	_regular_price	50.0000
18640	_regular_price	110.0000
18641	_regular_price	160.0000
18642	_regular_price	145.0000
18643	_regular_price	965.0000
18644	_regular_price	245.0000
18645	_regular_price	200.0000
18646	_regular_price	349.0000
18647	_regular_price	542.0000
18648	_regular_price	142.0000
18649	_regular_price	655.0000
18650	_regular_price	320.0000
18651	_regular_price	120.0000
18652	_regular_price	95.0000
18653	_regular_price	90.0000
18654	_regular_price	87.0000
18655	_regular_price	110.0000
18656	_regular_price	118.0000
18657	_regular_price	99.0000
18658	_regular_price	131.0000
18659	_regular_price	179.0000
18660	_regular_price	189.0000
18661	_regular_price	120.0000
18662	_regular_price	170.0000
18663	_regular_price	125.0000
18664	_regular_price	79.0000
18665	_regular_price	148.0000
18666	_regular_price	97.0000
18667	_regular_price	100.0000
18668	_regular_price	0.0000
18669	_regular_price	100.0000
18670	_regular_price	114.0000
18671	_regular_price	142.0000
18672	_regular_price	0.0000
18673	_regular_price	163.0000
18674	_regular_price	1283.0000
18675	_regular_price	0.0000
18676	_regular_price	119.0000
18677	_regular_price	2200.0000
18678	_regular_price	665.0000
18679	_regular_price	185.0000
18680	_regular_price	929.0000
18681	_regular_price	4930.0000
18682	_regular_price	36.0000
18683	_regular_price	380.0000
18684	_regular_price	195.0000
18685	_regular_price	459.0000
18686	_regular_price	180.0000
18687	_regular_price	0.0000
18688	_regular_price	120.0000
18689	_regular_price	120.0000
18690	_regular_price	226.0000
18691	_regular_price	99.0000
18692	_regular_price	550.0000
18693	_regular_price	215.0000
18694	_regular_price	449.0000
18695	_regular_price	150.0000
18696	_regular_price	398.0000
18697	_regular_price	865.0000
18698	_regular_price	42.0000
18699	_regular_price	295.0000
18700	_regular_price	130.0000
18701	_regular_price	290.0000
18702	_regular_price	139.0000
18703	_regular_price	305.0000
18704	_regular_price	65.0000
18705	_regular_price	288.0000
18706	_regular_price	470.0000
18707	_regular_price	1070.0000
18708	_regular_price	690.0000
18709	_regular_price	514.0000
18710	_regular_price	239.0000
18711	_regular_price	745.0000
18712	_regular_price	185.0000
18713	_regular_price	1498.0000
18714	_regular_price	260.0000
18715	_regular_price	185.0000
18716	_regular_price	245.0000
18717	_regular_price	258.0000
18718	_regular_price	839.0000
18719	_regular_price	318.0000
18720	_regular_price	1300.0000
18721	_regular_price	0.0000
18722	_regular_price	785.0000
18723	_regular_price	48.0000
18724	_regular_price	0.0000
18725	_regular_price	55.0000
18726	_regular_price	59.0000
18727	_regular_price	270.0000
18728	_regular_price	440.0000
18729	_regular_price	270.0000
18730	_regular_price	60.0000
18731	_regular_price	170.0000
18732	_regular_price	700.0000
18733	_regular_price	845.0000
18734	_regular_price	590.0000
18735	_regular_price	232.0000
18736	_regular_price	420.0000
18737	_regular_price	49.0000
18738	_regular_price	90.0000
18739	_regular_price	25.0000
18740	_regular_price	25.0000
18741	_regular_price	25.0000
18742	_regular_price	350.0000
18743	_regular_price	125.0000
18744	_regular_price	180.0000
18745	_regular_price	250.0000
18746	_regular_price	590.0000
18747	_regular_price	345.0000
18748	_regular_price	52.0000
18749	_regular_price	58.0000
18750	_regular_price	685.0000
18751	_regular_price	650.0000
18752	_regular_price	210.0000
18753	_regular_price	200.0000
18754	_regular_price	147.0000
18755	_regular_price	349.0000
18756	_regular_price	70.0000
18757	_regular_price	205.0000
18758	_regular_price	99.0000
18759	_regular_price	148.0000
18760	_regular_price	99.0000
18761	_regular_price	127.0000
18762	_regular_price	140.0000
18763	_regular_price	61.0000
18764	_regular_price	210.0000
18765	_regular_price	298.0000
18766	_regular_price	197.0000
18767	_regular_price	233.0000
18768	_regular_price	280.0000
18769	_regular_price	400.0000
18770	_regular_price	159.0000
18771	_regular_price	290.0000
18772	_regular_price	300.0000
18773	_regular_price	65.0000
18774	_regular_price	242.0000
18775	_regular_price	87.0000
18776	_regular_price	48.0000
18777	_regular_price	185.0000
18778	_regular_price	105.0000
18779	_regular_price	539.0000
18780	_regular_price	759.0000
18781	_regular_price	259.0000
18782	_regular_price	689.0000
18783	_regular_price	0.0000
18784	_regular_price	895.0000
18785	_regular_price	66.0000
18786	_regular_price	110.0000
18787	_regular_price	1653.0000
18788	_regular_price	30.0000
18789	_regular_price	1800.0000
18790	_regular_price	110.0000
18791	_regular_price	1178.0000
18792	_regular_price	360.0000
18793	_regular_price	329.0000
18794	_regular_price	135.0000
18795	_regular_price	105.0000
18796	_regular_price	668.0000
18797	_regular_price	67.0000
18798	_regular_price	245.0000
18799	_regular_price	120.0000
18800	_regular_price	100.0000
18801	_regular_price	290.0000
18802	_regular_price	160.0000
18803	_regular_price	279.0000
18804	_regular_price	229.0000
18805	_regular_price	89.0000
18806	_regular_price	645.0000
18807	_regular_price	330.0000
18808	_regular_price	290.0000
18809	_regular_price	530.0000
18810	_regular_price	190.0000
18811	_regular_price	400.0000
18812	_regular_price	330.0000
18813	_regular_price	215.0000
18814	_regular_price	575.0000
18815	_regular_price	323.0000
18816	_regular_price	150.0000
18817	_regular_price	140.0000
18818	_regular_price	120.0000
18819	_regular_price	150.0000
18820	_regular_price	140.0000
18821	_regular_price	100.0000
18822	_regular_price	2720.0000
18823	_regular_price	480.0000
18824	_regular_price	1059.0000
18825	_regular_price	1159.0000
18826	_regular_price	495.0000
18827	_regular_price	564.0000
18828	_regular_price	428.0000
18829	_regular_price	318.0000
18830	_regular_price	150.0000
18831	_regular_price	620.0000
18832	_regular_price	715.0000
18833	_regular_price	135.0000
18834	_regular_price	1397.0000
18835	_regular_price	185.0000
18836	_regular_price	636.0000
18837	_regular_price	999.0000
18838	_regular_price	285.0000
18839	_regular_price	795.0000
18840	_regular_price	170.0000
18841	_regular_price	2350.0000
18842	_regular_price	256.0000
18843	_regular_price	455.0000
18844	_regular_price	455.0000
18845	_regular_price	31.0000
18846	_regular_price	1270.0000
18847	_regular_price	32.0000
18848	_regular_price	350.0000
18849	_regular_price	64.0000
18850	_regular_price	1490.0000
18851	_regular_price	1350.0000
18852	_regular_price	1150.0000
18853	_regular_price	110.0000
18854	_regular_price	60.0000
18855	_regular_price	4290.0000
18856	_regular_price	96.0000
18857	_regular_price	102.0000
18858	_regular_price	400.0000
18859	_regular_price	1340.0000
18860	_regular_price	840.0000
18861	_regular_price	290.0000
18862	_regular_price	2450.0000
18863	_regular_price	155.0000
18864	_regular_price	250.0000
18865	_regular_price	160.0000
18866	_regular_price	139.0000
18867	_regular_price	170.0000
18868	_regular_price	245.0000
18869	_regular_price	320.0000
18870	_regular_price	133.0000
18871	_regular_price	179.0000
18872	_regular_price	180.0000
18873	_regular_price	340.0000
18874	_regular_price	206.0000
18875	_regular_price	75.0000
18876	_regular_price	380.0000
18877	_regular_price	365.0000
18878	_regular_price	257.0000
18879	_regular_price	65.0000
18880	_regular_price	125.0000
18881	_regular_price	132.0000
18882	_regular_price	1050.0000
18883	_regular_price	494.0000
18884	_regular_price	250.0000
18885	_regular_price	270.0000
18886	_regular_price	270.0000
18887	_regular_price	255.0000
18888	_regular_price	345.0000
18889	_regular_price	435.0000
18890	_regular_price	140.0000
18891	_regular_price	200.0000
18892	_regular_price	170.0000
18893	_regular_price	430.0000
18894	_regular_price	61.0000
18895	_regular_price	75.0000
18896	_regular_price	60.0000
18897	_regular_price	188.0000
18898	_regular_price	132.0000
18899	_regular_price	340.0000
18900	_regular_price	55.0000
18901	_regular_price	700.0000
18902	_regular_price	32.0000
18903	_regular_price	120.0000
18904	_regular_price	330.0000
18905	_regular_price	40.0000
18906	_regular_price	89.0000
18907	_regular_price	129.0000
18908	_regular_price	339.0000
18909	_regular_price	100.0000
18910	_regular_price	30.0000
18911	_regular_price	2160.0000
18912	_regular_price	0.0000
18913	_regular_price	40.0000
18914	_regular_price	45.0000
18915	_regular_price	300.0000
18916	_regular_price	470.0000
18917	_regular_price	35.0000
18918	_regular_price	31.0000
18919	_regular_price	1215.0000
18920	_regular_price	96.0000
18921	_regular_price	56.0000
18922	_regular_price	195.0000
18923	_regular_price	75.0000
18924	_regular_price	300.0000
18925	_regular_price	45.0000
18926	_regular_price	200.0000
18927	_regular_price	120.0000
18928	_regular_price	230.0000
18929	_regular_price	970.0000
18930	_regular_price	198.0000
18931	_regular_price	380.0000
18932	_regular_price	440.0000
18933	_regular_price	609.0000
18934	_regular_price	368.0000
18935	_regular_price	49.0000
18936	_regular_price	39.0000
18937	_regular_price	122.0000
18938	_regular_price	112.0000
18939	_regular_price	52.0000
18940	_regular_price	345.0000
18941	_regular_price	620.0000
18942	_regular_price	65.0000
18943	_regular_price	65.0000
18944	_regular_price	38.0000
18945	_regular_price	74.0000
18946	_regular_price	174.0000
18947	_regular_price	260.0000
18948	_regular_price	1390.0000
18949	_regular_price	75.0000
18950	_regular_price	536.0000
18951	_regular_price	790.0000
18952	_regular_price	620.0000
18953	_regular_price	680.0000
18954	_regular_price	270.0000
18955	_regular_price	270.0000
18956	_regular_price	210.0000
18957	_regular_price	395.0000
18958	_regular_price	225.0000
18959	_regular_price	180.0000
18960	_regular_price	500.0000
18961	_regular_price	240.0000
18962	_regular_price	522.0000
18963	_regular_price	129.0000
18964	_regular_price	190.0000
18965	_regular_price	170.0000
18966	_regular_price	540.0000
18967	_regular_price	945.0000
18968	_regular_price	547.0000
18969	_regular_price	890.0000
18970	_regular_price	430.0000
18971	_regular_price	330.0000
18972	_regular_price	250.0000
18973	_regular_price	220.0000
18974	_regular_price	162.0000
18975	_regular_price	569.0000
18976	_regular_price	278.0000
18977	_regular_price	690.0000
18978	_regular_price	225.0000
18979	_regular_price	875.0000
18980	_regular_price	135.0000
18981	_regular_price	280.0000
18982	_regular_price	992.0000
18983	_regular_price	549.0000
18984	_regular_price	135.0000
18985	_regular_price	250.0000
18986	_regular_price	0.0000
18987	_regular_price	272.0000
18988	_regular_price	267.0000
18989	_regular_price	190.0000
18990	_regular_price	0.0000
18991	_regular_price	479.0000
18992	_regular_price	360.0000
18993	_regular_price	395.0000
18994	_regular_price	395.0000
18995	_regular_price	480.0000
18996	_regular_price	1090.0000
18997	_regular_price	360.0000
18998	_regular_price	325.0000
18999	_regular_price	944.0000
19000	_regular_price	310.0000
19001	_regular_price	340.0000
19002	_regular_price	480.0000
19003	_regular_price	360.0000
19004	_regular_price	70.0000
19005	_regular_price	200.0000
19006	_regular_price	353.0000
19007	_regular_price	390.0000
19008	_regular_price	225.0000
19009	_regular_price	269.0000
19010	_regular_price	265.0000
19011	_regular_price	110.0000
19012	_regular_price	546.0000
19013	_regular_price	479.0000
19014	_regular_price	120.0000
19015	_regular_price	185.0000
19016	_regular_price	815.0000
19017	_regular_price	1100.0000
19018	_regular_price	594.0000
19019	_regular_price	870.0000
19020	_regular_price	600.0000
19021	_regular_price	245.0000
19022	_regular_price	212.0000
19023	_regular_price	279.0000
19024	_regular_price	400.0000
19025	_regular_price	290.0000
19026	_regular_price	799.0000
19027	_regular_price	230.0000
19028	_regular_price	85.0000
19029	_regular_price	276.0000
19030	_regular_price	360.0000
19031	_regular_price	419.0000
19032	_regular_price	280.0000
19033	_regular_price	45.0000
19034	_regular_price	295.0000
19035	_regular_price	395.0000
19036	_regular_price	446.0000
19037	_regular_price	446.0000
19038	_regular_price	388.0000
19039	_regular_price	240.0000
19040	_regular_price	161.0000
19041	_regular_price	120.0000
19042	_regular_price	520.0000
19043	_regular_price	265.0000
19044	_regular_price	260.0000
19045	_regular_price	496.0000
19046	_regular_price	280.0000
19047	_regular_price	540.0000
19048	_regular_price	120.0000
19049	_regular_price	200.0000
19050	_regular_price	285.0000
19051	_regular_price	390.0000
19052	_regular_price	220.0000
19053	_regular_price	200.0000
19054	_regular_price	499.0000
19055	_regular_price	241.0000
19056	_regular_price	70.0000
19057	_regular_price	875.0000
19058	_regular_price	1026.0000
19059	_regular_price	870.0000
19060	_regular_price	85.0000
19061	_regular_price	120.0000
19062	_regular_price	90.0000
19063	_regular_price	139.0000
19064	_regular_price	1350.0000
19065	_regular_price	50.0000
19066	_regular_price	55.0000
19067	_regular_price	0.0000
19068	_regular_price	55.0000
19069	_regular_price	100.0000
19070	_regular_price	55.0000
19071	_regular_price	120.0000
19072	_regular_price	390.0000
19073	_regular_price	430.0000
19074	_regular_price	60.0000
19075	_regular_price	295.0000
19076	_regular_price	164.0000
19077	_regular_price	165.0000
19078	_regular_price	270.0000
19079	_regular_price	172.0000
19080	_regular_price	230.0000
19081	_regular_price	150.0000
19082	_regular_price	120.0000
19083	_regular_price	280.0000
19084	_regular_price	140.0000
19085	_regular_price	229.0000
19086	_regular_price	390.0000
19087	_regular_price	270.0000
19088	_regular_price	340.0000
19089	_regular_price	257.0000
19090	_regular_price	260.0000
19091	_regular_price	130.0000
19092	_regular_price	25.0000
19093	_regular_price	60.0000
19094	_regular_price	196.0000
19095	_regular_price	0.0000
19096	_regular_price	940.0000
19097	_regular_price	690.0000
19098	_regular_price	185.0000
19099	_regular_price	215.0000
19100	_regular_price	90.0000
19101	_regular_price	120.0000
19102	_regular_price	190.0000
19103	_regular_price	60.0000
19104	_regular_price	1320.0000
19105	_regular_price	850.0000
19106	_regular_price	1320.0000
19107	_regular_price	1100.0000
19108	_regular_price	800.0000
19109	_regular_price	373.0000
19110	_regular_price	715.0000
19111	_regular_price	135.0000
19112	_regular_price	816.0000
19113	_regular_price	110.0000
19114	_regular_price	200.0000
19115	_regular_price	315.0000
19116	_regular_price	120.0000
19117	_regular_price	174.0000
19118	_regular_price	120.0000
19119	_regular_price	620.0000
19120	_regular_price	715.0000
19121	_regular_price	130.0000
19122	_regular_price	340.0000
19123	_regular_price	490.0000
19124	_regular_price	89.0000
19125	_regular_price	370.0000
19126	_regular_price	299.0000
19127	_regular_price	120.0000
19128	_regular_price	139.0000
19129	_regular_price	339.0000
19130	_regular_price	398.0000
19131	_regular_price	390.0000
19132	_regular_price	120.0000
19133	_regular_price	165.0000
19134	_regular_price	268.0000
19135	_regular_price	740.0000
19136	_regular_price	325.0000
19137	_regular_price	250.0000
19138	_regular_price	650.0000
19139	_regular_price	2335.0000
19140	_regular_price	160.0000
19141	_regular_price	790.0000
19142	_regular_price	260.0000
19143	_regular_price	431.0000
19144	_regular_price	428.0000
19145	_regular_price	180.0000
19146	_regular_price	566.0000
19147	_regular_price	390.0000
19148	_regular_price	294.0000
19149	_regular_price	805.0000
19150	_regular_price	160.0000
19151	_regular_price	375.0000
19152	_regular_price	195.0000
19153	_regular_price	155.0000
19154	_regular_price	120.0000
19155	_regular_price	180.0000
19156	_regular_price	260.0000
19157	_regular_price	478.0000
19158	_regular_price	1480.0000
19159	_regular_price	1900.0000
19160	_regular_price	120.0000
19161	_regular_price	125.0000
19162	_regular_price	8990.0000
19163	_regular_price	198.0000
19164	_regular_price	805.0000
19165	_regular_price	135.0000
19166	_regular_price	135.0000
19167	_regular_price	459.0000
19168	_regular_price	460.0000
19169	_regular_price	65.0000
19170	_regular_price	210.0000
19171	_regular_price	810.0000
19172	_regular_price	490.0000
19173	_regular_price	569.0000
19174	_regular_price	499.0000
19175	_regular_price	250.0000
19176	_regular_price	325.0000
19177	_regular_price	810.0000
19178	_regular_price	1760.0000
19179	_regular_price	286.0000
19180	_regular_price	240.0000
19181	_regular_price	135.0000
19182	_regular_price	110.0000
19183	_regular_price	600.0000
19184	_regular_price	450.0000
19185	_regular_price	309.0000
19186	_regular_price	1350.0000
19187	_regular_price	2219.0000
19188	_regular_price	627.0000
19189	_regular_price	230.0000
19190	_regular_price	420.0000
19191	_regular_price	630.0000
19192	_regular_price	295.0000
19193	_regular_price	300.0000
19194	_regular_price	675.0000
19195	_regular_price	447.0000
19196	_regular_price	345.0000
19197	_regular_price	0.0000
19198	_regular_price	189.0000
19199	_regular_price	280.0000
19200	_regular_price	225.0000
19201	_regular_price	70.0000
19202	_regular_price	185.0000
19203	_regular_price	120.0000
19204	_regular_price	310.0000
19205	_regular_price	600.0000
19206	_regular_price	275.0000
19207	_regular_price	225.0000
19208	_regular_price	499.0000
19209	_regular_price	110.0000
19210	_regular_price	345.0000
19211	_regular_price	360.0000
19212	_regular_price	450.0000
19213	_regular_price	570.0000
19214	_regular_price	220.0000
19215	_regular_price	260.0000
19216	_regular_price	252.0000
19217	_regular_price	220.0000
19218	_regular_price	200.0000
19219	_regular_price	110.0000
19220	_regular_price	536.0000
19221	_regular_price	48.0000
19222	_regular_price	43.0000
19223	_regular_price	22.0000
19224	_regular_price	27.0000
19225	_regular_price	10.0000
19226	_regular_price	398.0000
19227	_regular_price	134.0000
19228	_regular_price	169.0000
19229	_regular_price	39.0000
19230	_regular_price	45.0000
19231	_regular_price	82.0000
19232	_regular_price	66.0000
19233	_regular_price	450.0000
19234	_regular_price	95.0000
19235	_regular_price	439.0000
19236	_regular_price	210.0000
19237	_regular_price	315.0000
19238	_regular_price	280.0000
19239	_regular_price	320.0000
19240	_regular_price	310.0000
19241	_regular_price	270.0000
19242	_regular_price	740.0000
19243	_regular_price	380.0000
19244	_regular_price	58.0000
19245	_regular_price	249.0000
19246	_regular_price	470.0000
19247	_regular_price	230.0000
19248	_regular_price	390.0000
19249	_regular_price	542.0000
19250	_regular_price	190.0000
19251	_regular_price	170.0000
19252	_regular_price	165.0000
19253	_regular_price	335.0000
19254	_regular_price	210.0000
19255	_regular_price	1015.0000
19256	_regular_price	160.0000
19257	_regular_price	359.0000
19258	_regular_price	1470.0000
19259	_regular_price	515.0000
19260	_regular_price	485.0000
19261	_regular_price	1900.0000
19262	_regular_price	230.0000
19263	_regular_price	378.0000
19264	_regular_price	627.0000
19265	_regular_price	297.0000
19266	_regular_price	230.0000
19267	_regular_price	370.0000
19268	_regular_price	620.0000
19269	_regular_price	255.0000
19270	_regular_price	352.0000
19271	_regular_price	490.0000
19272	_regular_price	159.0000
19273	_regular_price	1250.0000
19274	_regular_price	39.0000
19275	_regular_price	220.0000
19276	_regular_price	400.0000
19277	_regular_price	900.0000
19278	_regular_price	489.0000
19279	_regular_price	489.0000
19280	_regular_price	489.0000
19281	_regular_price	880.0000
19282	_regular_price	7100.0000
19283	_regular_price	7100.0000
19284	_regular_price	7100.0000
19285	_regular_price	320.0000
19286	_regular_price	130.0000
19287	_regular_price	200.0000
19288	_regular_price	272.0000
19289	_regular_price	129.0000
19290	_regular_price	430.0000
19291	_regular_price	535.0000
19292	_regular_price	258.0000
19293	_regular_price	1540.0000
19294	_regular_price	705.0000
19295	_regular_price	225.0000
19296	_regular_price	82.0000
19297	_regular_price	229.0000
19298	_regular_price	170.0000
19299	_regular_price	229.0000
19300	_regular_price	165.0000
19301	_regular_price	165.0000
19302	_regular_price	210.0000
19303	_regular_price	89.0000
19304	_regular_price	380.0000
19305	_regular_price	220.0000
19306	_regular_price	646.0000
19307	_regular_price	320.0000
19308	_regular_price	290.0000
19309	_regular_price	590.0000
19310	_regular_price	185.0000
19311	_regular_price	260.0000
19312	_regular_price	560.0000
19313	_regular_price	200.0000
19314	_regular_price	69.0000
19315	_regular_price	179.0000
19316	_regular_price	192.0000
19317	_regular_price	179.0000
19318	_regular_price	1540.0000
19319	_regular_price	1540.0000
19320	_regular_price	1990.0000
19321	_regular_price	1990.0000
19322	_regular_price	2790.0000
19323	_regular_price	2450.0000
19324	_regular_price	199.0000
19325	_regular_price	455.0000
19326	_regular_price	650.0000
19327	_regular_price	250.0000
19328	_regular_price	345.0000
19329	_regular_price	192.0000
19330	_regular_price	160.0000
19331	_regular_price	96.0000
19332	_regular_price	360.0000
19333	_regular_price	498.0000
19334	_regular_price	297.0000
19335	_regular_price	215.0000
19336	_regular_price	1140.0000
19337	_regular_price	1200.0000
19338	_regular_price	479.0000
19339	_regular_price	249.0000
19340	_regular_price	100.0000
19341	_regular_price	105.0000
19342	_regular_price	427.0000
19343	_regular_price	130.0000
19344	_regular_price	120.0000
19345	_regular_price	760.0000
19346	_regular_price	142.0000
19347	_regular_price	305.0000
19348	_regular_price	559.0000
19349	_regular_price	286.0000
19350	_regular_price	260.0000
19351	_regular_price	269.0000
19352	_regular_price	255.0000
19353	_regular_price	295.0000
19354	_regular_price	120.0000
19355	_regular_price	309.0000
19356	_regular_price	550.0000
19357	_regular_price	145.0000
19358	_regular_price	390.0000
19359	_regular_price	213.0000
19360	_regular_price	848.0000
19361	_regular_price	480.0000
19362	_regular_price	250.0000
19363	_regular_price	684.0000
19364	_regular_price	220.0000
19365	_regular_price	1350.0000
19366	_regular_price	65.0000
19367	_regular_price	858.0000
19368	_regular_price	330.0000
19369	_regular_price	1392.0000
19370	_regular_price	270.0000
19371	_regular_price	740.0000
19372	_regular_price	460.0000
19373	_regular_price	150.0000
19374	_regular_price	552.0000
19375	_regular_price	1210.0000
19376	_regular_price	396.0000
19377	_regular_price	665.0000
19378	_regular_price	583.0000
19379	_regular_price	210.0000
19380	_regular_price	270.0000
19381	_regular_price	200.0000
19382	_regular_price	425.0000
19383	_regular_price	73.0000
19384	_regular_price	110.0000
19385	_regular_price	460.0000
19386	_regular_price	1035.0000
19387	_regular_price	931.0000
19388	_regular_price	1460.0000
19389	_regular_price	257.0000
19390	_regular_price	245.0000
19391	_regular_price	498.0000
19392	_regular_price	250.0000
19393	_regular_price	800.0000
19394	_regular_price	410.0000
19395	_regular_price	120.0000
19396	_regular_price	120.0000
19397	_regular_price	900.0000
19398	_regular_price	120.0000
19399	_regular_price	199.0000
19400	_regular_price	569.0000
19401	_regular_price	19.0000
19402	_regular_price	19.0000
19403	_regular_price	324.0000
19404	_regular_price	190.0000
19405	_regular_price	190.0000
19406	_regular_price	142.0000
19407	_regular_price	872.0000
19408	_regular_price	129.0000
19409	_regular_price	200.0000
19410	_regular_price	215.0000
19411	_regular_price	1940.0000
19412	_regular_price	189.0000
19413	_regular_price	88.0000
19414	_regular_price	125.0000
19415	_regular_price	229.0000
19416	_regular_price	480.0000
19417	_regular_price	349.0000
19418	_regular_price	716.0000
19419	_regular_price	76.0000
19420	_regular_price	76.0000
19421	_regular_price	60.0000
19422	_regular_price	140.0000
19423	_regular_price	90.0000
19424	_regular_price	86.0000
19425	_regular_price	1408.0000
19426	_regular_price	859.0000
19427	_regular_price	833.0000
19428	_regular_price	460.0000
19429	_regular_price	390.0000
19430	_regular_price	560.0000
19431	_regular_price	1865.0000
19432	_regular_price	798.0000
19433	_regular_price	120.0000
19434	_regular_price	2088.0000
19435	_regular_price	410.0000
19436	_regular_price	25.0000
19437	_regular_price	1220.0000
19438	_regular_price	650.0000
19439	_regular_price	549.0000
19440	_regular_price	305.0000
19441	_regular_price	186.0000
19442	_regular_price	30.0000
19443	_regular_price	35.0000
19444	_regular_price	190.0000
19445	_regular_price	160.0000
19446	_regular_price	120.0000
19447	_regular_price	92.0000
19448	_regular_price	140.0000
19449	_regular_price	90.0000
19450	_regular_price	195.0000
19451	_regular_price	140.0000
19452	_regular_price	200.0000
19453	_regular_price	960.0000
19454	_regular_price	405.0000
19455	_regular_price	180.0000
19456	_regular_price	30.0000
19457	_regular_price	400.0000
19458	_regular_price	105.0000
19459	_regular_price	38.0000
19460	_regular_price	38.0000
19461	_regular_price	450.0000
19462	_regular_price	80.0000
19463	_regular_price	155.0000
19464	_regular_price	129.0000
19465	_regular_price	165.0000
19466	_regular_price	225.0000
19467	_regular_price	146.0000
19468	_regular_price	528.0000
19469	_regular_price	181.0000
19470	_regular_price	275.0000
19471	_regular_price	220.0000
19472	_regular_price	370.0000
19473	_regular_price	770.0000
19474	_regular_price	184.0000
19475	_regular_price	2470.0000
19476	_regular_price	120.0000
19477	_regular_price	151.0000
19478	_regular_price	140.0000
19479	_regular_price	646.0000
19480	_regular_price	258.0000
19481	_regular_price	335.0000
19482	_regular_price	258.0000
19483	_regular_price	299.0000
19484	_regular_price	0.0000
19485	_regular_price	0.0000
19486	_regular_price	0.0000
19487	_regular_price	0.0000
19488	_regular_price	0.0000
19489	_regular_price	0.0000
19490	_regular_price	0.0000
19491	_regular_price	0.0000
19492	_regular_price	0.0000
19493	_regular_price	0.0000
19494	_regular_price	0.0000
19495	_regular_price	0.0000
19496	_regular_price	0.0000
19497	_regular_price	0.0000
19498	_regular_price	0.0000
19499	_regular_price	0.0000
19500	_regular_price	0.0000
19501	_regular_price	0.0000
19502	_regular_price	0.0000
19503	_regular_price	779.0000
19504	_regular_price	449.0000
19505	_regular_price	390.0000
19506	_regular_price	1375.0000
19507	_regular_price	1099.0000
19508	_regular_price	1620.0000
19509	_regular_price	930.0000
19510	_regular_price	528.0000
19511	_regular_price	652.0000
19512	_regular_price	245.0000
19513	_regular_price	245.0000
19514	_regular_price	480.0000
19515	_regular_price	492.0000
19516	_regular_price	319.0000
19517	_regular_price	0.0000
19518	_regular_price	0.0000
19519	_regular_price	265.0000
19520	_regular_price	0.0000
19521	_regular_price	35.0000
19522	_regular_price	75.0000
19523	_regular_price	815.0000
19524	_regular_price	150.0000
19525	_regular_price	345.0000
19526	_regular_price	1210.0000
19527	_regular_price	1182.0000
19528	_regular_price	120.0000
19529	_regular_price	155.0000
19530	_regular_price	330.0000
19531	_regular_price	210.0000
19532	_regular_price	390.0000
19533	_regular_price	121.0000
19534	_regular_price	121.0000
19535	_regular_price	121.0000
19536	_regular_price	90.0000
19537	_regular_price	40.0000
19538	_regular_price	42.0000
19539	_regular_price	196.0000
19540	_regular_price	33.0000
19541	_regular_price	31.0000
19542	_regular_price	175.0000
19543	_regular_price	190.0000
19544	_regular_price	135.0000
19545	_regular_price	0.0000
19546	_regular_price	0.0000
19547	_regular_price	0.0000
19548	_regular_price	0.0000
19549	_regular_price	0.0000
19550	_regular_price	249.0000
19551	_regular_price	0.0000
19552	_regular_price	0.0000
19553	_regular_price	0.0000
19554	_regular_price	317.0000
19555	_regular_price	730.0000
19556	_regular_price	1800.0000
19557	_regular_price	149.0000
19558	_regular_price	296.0000
19559	_regular_price	209.0000
19560	_regular_price	0.0000
19561	_regular_price	0.0000
19562	_regular_price	0.0000
19563	_regular_price	0.0000
19564	_regular_price	0.0000
19565	_regular_price	497.0000
19566	_regular_price	0.0000
19567	_regular_price	0.0000
19568	_regular_price	0.0000
19569	_regular_price	0.0000
19570	_regular_price	399.0000
19571	_regular_price	249.0000
19572	_regular_price	300.0000
19573	_regular_price	300.0000
19574	_regular_price	149.0000
19575	_regular_price	1590.0000
19576	_regular_price	730.0000
19577	_regular_price	590.0000
19578	_regular_price	590.0000
19579	_regular_price	1870.0000
19580	_regular_price	950.0000
19581	_regular_price	59.0000
19582	_regular_price	150.0000
19583	_regular_price	129.0000
19584	_regular_price	200.0000
19585	_regular_price	550.0000
19586	_regular_price	300.0000
19587	_regular_price	180.0000
19588	_regular_price	680.0000
19589	_regular_price	920.0000
19590	_regular_price	3.4400
19591	_regular_price	3.1600
19592	_regular_price	3.0200
19593	_regular_price	2.7400
19594	_regular_price	2.5700
19595	_regular_price	2.4200
19596	_regular_price	3.6000
19597	_regular_price	3.3400
19598	_regular_price	3.2000
19599	_regular_price	2.8900
19600	_regular_price	2.7000
19601	_regular_price	2.5700
19602	_regular_price	3.8400
19603	_regular_price	3.0000
19604	_regular_price	2.6900
19605	_regular_price	2.4800
19606	_regular_price	2.3500
19607	_regular_price	440.0000
19608	_regular_price	380.0000
19609	_regular_price	550.0000
19610	_regular_price	55.0000
19611	_regular_price	70.0000
19612	_regular_price	110.0000
19613	_regular_price	185.0000
19614	_regular_price	790.0000
19615	_regular_price	0.0000
19616	_regular_price	660.0000
19617	_regular_price	1197.0000
19618	_regular_price	375.0000
19619	_regular_price	4.2000
19620	_regular_price	627.0000
19621	_regular_price	130.0000
19622	_regular_price	930.0000
19623	_regular_price	2790.0000
19624	_regular_price	2790.0000
19625	_regular_price	250.0000
19626	_regular_price	170.0000
19627	_regular_price	129.0000
19628	_regular_price	83.0000
19629	_regular_price	99.0000
19630	_regular_price	189.0000
19631	_regular_price	135.0000
19632	_regular_price	190.0000
19633	_regular_price	990.0000
19634	_regular_price	179.0000
19635	_regular_price	315.0000
19636	_regular_price	425.0000
19637	_regular_price	347.0000
19638	_regular_price	48.0000
19639	_regular_price	2.5316
19640	_regular_price	63.0000
19641	_regular_price	0.0000
19642	_regular_price	55.0000
19643	_regular_price	325.0000
19644	_regular_price	46.0000
19645	_regular_price	970.0000
19646	_regular_price	970.0000
19647	_regular_price	970.0000
19648	_regular_price	0.0000
19649	_regular_price	0.0000
19650	_regular_price	0.0000
19651	_regular_price	340.0000
19652	_regular_price	530.0000
19653	_regular_price	870.0000
19654	_regular_price	295.0000
19655	_regular_price	47.0000
19656	_regular_price	100.0000
19657	_regular_price	79.0000
19658	_regular_price	40.0000
19659	_regular_price	47.0000
19660	_regular_price	0.0000
19661	_regular_price	0.0000
19663	_regular_price	229
7036	_sku	68-1
6914	_sku	68
7055	_sku	68-1
7056	_sku	68
7057	_sku	68-1
7058	_sku	68-1
7077	_sku	68-1
7120	_sku	68-1-1
13228	_sku	68-1-1-1
7210	_sku	68-2
7233	_sku	68-2
7267	_sku	68-2-2
7269	_sku	68-2-3
9964	_sku	1
9778	_sku	5
9332	_sku	20
9931	_sku	15
12820	_sku	208
13234	_sku	68-2-1
13235	_sku	68-2-1
16416	_sku	0188
16709	_sku	WC-16409
16710	_sku	WC-16407
16711	_sku	WC-16402
16712	_sku	WC-16398
16713	_sku	WC-16397
16714	_sku	WC-16395
16715	_sku	WC-16382
16716	_sku	WC-16376
16717	_sku	WC-16366
16718	_sku	WC-16363
16719	_sku	WC-16357
16720	_sku	WC-16356
16721	_sku	WC-16349
16722	_sku	WC-16339
16723	_sku	WC-16320
16724	_sku	WC-16316
16725	_sku	WC-16306
16726	_sku	WC-16299
16727	_sku	WC-16284
16728	_sku	WC-16281
16729	_sku	WC-16271
16730	_sku	WC-16266
16731	_sku	WC-16262
16732	_sku	WC-16257
16733	_sku	WC-16254
16734	_sku	WC-16248
16735	_sku	WC-16242
16736	_sku	WC-16234
16737	_sku	WC-16228
16738	_sku	WC-16223
16739	_sku	WC-16218
16740	_sku	WC-16211
16741	_sku	WC-16174
16742	_sku	WC-16162
16743	_sku	WC-16154
16744	_sku	WC-16151
16745	_sku	WC-16149
16746	_sku	WC-16147
16747	_sku	WC-16130
16748	_sku	WC-16124
16749	_sku	WC-16121
16750	_sku	WC-16119
16751	_sku	WC-16114
16752	_sku	WC-16113
16753	_sku	WC-16112
16754	_sku	WC-16090
16755	_sku	WC-16085
16756	_sku	WC-16082
16757	_sku	WC-16081
16758	_sku	WC-16067
16759	_sku	WC-16062
16760	_sku	WC-16055
16761	_sku	WC-16053
16762	_sku	WC-16050
16763	_sku	WC-16044
16764	_sku	WC-16043
16765	_sku	WC-16035
16766	_sku	WC-16028
16767	_sku	WC-16021
16768	_sku	WC-16016
16769	_sku	WC-16014
16770	_sku	WC-16012
16771	_sku	WC-16007
16772	_sku	WC-16005
16773	_sku	WC-16002
16774	_sku	WC-15992
16775	_sku	WC-15970
16776	_sku	WC-15948
16777	_sku	WC-15946
16778	_sku	WC-15944
16779	_sku	WC-15941
16780	_sku	WC-15940
16781	_sku	WC-15936
16782	_sku	WC-15934
16783	_sku	WC-15932
16784	_sku	WC-15925
16785	_sku	WC-15917
16786	_sku	WC-15907
16787	_sku	WC-15900
16788	_sku	WC-15898
16789	_sku	WC-15894
16790	_sku	WC-15892
16791	_sku	WC-15890
16792	_sku	WC-15888
16793	_sku	WC-15886
16794	_sku	WC-15882
16795	_sku	WC-15876
16796	_sku	WC-15863
16797	_sku	WC-15861
16798	_sku	WC-15851
16799	_sku	WC-15849
16800	_sku	WC-15847
16801	_sku	WC-15846
16802	_sku	WC-15844
16803	_sku	WC-15842
16804	_sku	WC-15840
16805	_sku	WC-15837
16806	_sku	WC-15828
16807	_sku	WC-15824
16808	_sku	WC-15815
16809	_sku	WC-15813
16810	_sku	WC-15811
16811	_sku	WC-15805
16812	_sku	WC-15802
16813	_sku	WC-15800
16814	_sku	WC-15797
16815	_sku	WC-15786
16816	_sku	WC-15776
16817	_sku	WC-15767
16818	_sku	WC-15766
16819	_sku	WC-15750
16820	_sku	WC-15759
16821	_sku	WC-15757
16822	_sku	WC-15755
16823	_sku	WC-15752
16824	_sku	WC-15751
16825	_sku	WC-15746
16826	_sku	WC-15744
16827	_sku	WC-15742
16828	_sku	WC-15735
16829	_sku	WC-15729
16830	_sku	WC-15723
16831	_sku	WC-15718
16832	_sku	WC-15715
16833	_sku	WC-15713
16834	_sku	WC-15707
16835	_sku	WC-15701
16836	_sku	WC-15690
16837	_sku	WC-15688
16838	_sku	WC-15680
16839	_sku	WC-15668
16840	_sku	WC-15664
16841	_sku	WC-15653
16842	_sku	WC-15648
16843	_sku	WC-15646
16844	_sku	WC-15644
16845	_sku	WC-15641
16846	_sku	WC-15513
16847	_sku	WC-15469
16848	_sku	WC-15624
16849	_sku	WC-15620
16850	_sku	WC-15617
16851	_sku	WC-15601
16852	_sku	WC-15593
16853	_sku	WC-15586
16854	_sku	WC-15581
16855	_sku	WC-15576
16856	_sku	WC-15574
16857	_sku	WC-15573
16858	_sku	WC-15572
16859	_sku	WC-15567
16860	_sku	WC-15565
16861	_sku	WC-15563
16862	_sku	WC-15558
16863	_sku	WC-15553
16864	_sku	WC-15551
16865	_sku	WC-15541
16866	_sku	WC-15539
16867	_sku	WC-15533
16868	_sku	WC-15531
16869	_sku	WC-15527
16870	_sku	WC-15523
16871	_sku	WC-15521
16872	_sku	WC-15519
16873	_sku	WC-15518
16874	_sku	WC-15517
16875	_sku	WC-15504
16876	_sku	WC-15502
16877	_sku	WC-15498
16878	_sku	WC-15495
16879	_sku	WC-15487
16880	_sku	WC-15482
16881	_sku	WC-15476
16882	_sku	WC-15445
16883	_sku	WC-15439
16884	_sku	WC-15434
16885	_sku	WC-15435
16886	_sku	WC-15431
16887	_sku	WC-15428
16888	_sku	WC-15423
16889	_sku	WC-15417
16890	_sku	WC-15410
16891	_sku	WC-15397
16892	_sku	WC-15390
16893	_sku	WC-15380
16894	_sku	WC-15377
16895	_sku	WC-15370
16896	_sku	WC-15368
16897	_sku	WC-15366
16898	_sku	WC-15365
16899	_sku	WC-15364
16900	_sku	WC-15361
16901	_sku	WC-15352
16902	_sku	WC-15351
16903	_sku	WC-15344
16904	_sku	WC-15335
16905	_sku	WC-15311
16906	_sku	WC-15278
16907	_sku	WC-15273
16908	_sku	WC-15269
16909	_sku	WC-15265
16910	_sku	WC-15263
16911	_sku	WC-15251
16912	_sku	WC-15243
16913	_sku	WC-15240
16914	_sku	WC-15238
16915	_sku	WC-15236
16916	_sku	WC-15226
16917	_sku	WC-15219
16918	_sku	WC-15217
16919	_sku	WC-15211
16920	_sku	WC-15209
16921	_sku	WC-15199
16922	_sku	WC-15194
16923	_sku	WC-15188
16924	_sku	WC-15181
16925	_sku	WC-15176
16926	_sku	WC-15174
16927	_sku	WC-15172
16928	_sku	WC-15171
16929	_sku	WC-15170
16930	_sku	WC-15166
16931	_sku	WC-15157
16932	_sku	WC-15154
16933	_sku	WC-15152
16934	_sku	WC-15148
16935	_sku	WC-15146
16936	_sku	WC-15144
16937	_sku	WC-15136
16938	_sku	WC-15128
16939	_sku	WC-15126
16940	_sku	WC-15118
16941	_sku	WC-15107
16942	_sku	WC-15098
16943	_sku	WC-15093
16944	_sku	WC-15083
16945	_sku	WC-15079
16946	_sku	WC-15076
16947	_sku	WC-15069
16948	_sku	WC-15067
16949	_sku	WC-15065
16950	_sku	WC-15063
16951	_sku	WC-15059
16952	_sku	WC-15057
16953	_sku	WC-15052
16954	_sku	WC-15044
16955	_sku	WC-15042
16956	_sku	WC-15041
16957	_sku	WC-15030
16958	_sku	WC-15026
16959	_sku	WC-15024
16960	_sku	WC-15019
16961	_sku	WC-15017
16962	_sku	WC-15015
16963	_sku	WC-15012
16964	_sku	WC-15005
16965	_sku	WC-15002
16966	_sku	WC-15000
16967	_sku	WC-14995
16968	_sku	WC-14991
16969	_sku	WC-14984
16970	_sku	WC-14981
16971	_sku	WC-14980
16972	_sku	WC-14973
16973	_sku	WC-14971
16974	_sku	WC-14968
16975	_sku	WC-14960
16976	_sku	WC-14959
16977	_sku	WC-14956
16978	_sku	WC-14954
16979	_sku	WC-14952
16980	_sku	WC-14947
16981	_sku	WC-14942
16982	_sku	WC-14938
16983	_sku	WC-14936
16984	_sku	WC-14934
16985	_sku	WC-14932
16986	_sku	WC-14930
16987	_sku	WC-14924
16988	_sku	WC-14921
16989	_sku	WC-14917
16990	_sku	WC-14908
16991	_sku	WC-14899
16992	_sku	WC-14893
16993	_sku	WC-14888
16994	_sku	WC-14883
16995	_sku	WC-14879
16996	_sku	WC-14876
16997	_sku	WC-14873
16998	_sku	WC-14871
16999	_sku	WC-14869
17000	_sku	WC-14866
17001	_sku	WC-14865
17002	_sku	WC-14860
17003	_sku	WC-14858
17004	_sku	WC-14856
17005	_sku	WC-14857
17006	_sku	WC-14854
17007	_sku	WC-14851
17008	_sku	WC-14844
17009	_sku	WC-14843
17010	_sku	WC-14840
17011	_sku	WC-14839
17012	_sku	WC-14834
17013	_sku	WC-14831
17014	_sku	WC-14829
17015	_sku	WC-14824
17016	_sku	WC-14817
17017	_sku	WC-14813
17018	_sku	WC-14809
17019	_sku	WC-14806
17020	_sku	WC-14800
17021	_sku	WC-14790
17022	_sku	WC-14788
17023	_sku	WC-14786
17024	_sku	WC-14783
17025	_sku	WC-14779
17026	_sku	WC-14775
17027	_sku	WC-14773
17028	_sku	WC-14774
17029	_sku	WC-14772
17030	_sku	WC-14769
17031	_sku	WC-14763
17032	_sku	WC-14757
17033	_sku	WC-14753
17034	_sku	WC-14754
17035	_sku	WC-14750
17036	_sku	WC-14746
17037	_sku	WC-14737
17038	_sku	WC-14733
17039	_sku	WC-14731
17040	_sku	WC-14728
17041	_sku	WC-14723
17042	_sku	WC-14724
17043	_sku	WC-14709
17044	_sku	WC-14704
17045	_sku	WC-14702
17046	_sku	WC-14700
17047	_sku	WC-14697
17048	_sku	WC-14694
17049	_sku	WC-14693
17050	_sku	WC-14690
17051	_sku	WC-14686
17052	_sku	WC-14680
17053	_sku	WC-14675
17054	_sku	WC-14671
17055	_sku	WC-14670
17056	_sku	WC-14668
17057	_sku	WC-14666
17058	_sku	WC-14667
17059	_sku	WC-14660
17060	_sku	WC-14655
17061	_sku	WC-14650
17062	_sku	WC-14647
17063	_sku	WC-14646
17064	_sku	WC-14639
17065	_sku	WC-14635
17066	_sku	WC-14627
17067	_sku	WC-14618
17068	_sku	WC-14612
17069	_sku	WC-14610
17070	_sku	WC-14608
17071	_sku	WC-14603
17072	_sku	WC-14598
17073	_sku	WC-14591
17074	_sku	WC-14585
17075	_sku	WC-14580
17076	_sku	WC-14575
17077	_sku	WC-14573
17078	_sku	WC-14574
17079	_sku	WC-14571
17080	_sku	WC-14569
17081	_sku	WC-14567
17082	_sku	WC-14565
17083	_sku	WC-14563
17084	_sku	WC-14559
17085	_sku	WC-14555
17086	_sku	WC-14554
17087	_sku	WC-14552
17088	_sku	WC-14549
17089	_sku	WC-14546
17090	_sku	WC-14537
17091	_sku	WC-14526
17092	_sku	WC-14525
17093	_sku	WC-14514
17094	_sku	WC-14512
17095	_sku	WC-14508
17096	_sku	WC-14505
17097	_sku	WC-14496
17098	_sku	WC-14495
17099	_sku	WC-14494
17100	_sku	WC-14492
17101	_sku	WC-14483
17102	_sku	WC-14484
17103	_sku	WC-14480
17104	_sku	WC-14476
17105	_sku	WC-14475
17106	_sku	WC-14471
17107	_sku	WC-14469
17108	_sku	WC-14461
17109	_sku	WC-14459
17110	_sku	WC-14453
17111	_sku	WC-14449
17112	_sku	WC-14448
17113	_sku	WC-14447
17114	_sku	WC-14440
17115	_sku	WC-14438
17116	_sku	WC-14436
17117	_sku	WC-14430
17118	_sku	WC-14428
17119	_sku	WC-14425
17120	_sku	WC-14423
17121	_sku	WC-14420
17122	_sku	WC-14414
17123	_sku	WC-14413
17124	_sku	WC-14408
17125	_sku	WC-14409
17126	_sku	WC-14405
17127	_sku	WC-14403
17128	_sku	WC-14401
17129	_sku	WC-14395
17130	_sku	WC-14393
17131	_sku	WC-14385
17132	_sku	WC-14383
17133	_sku	WC-14381
17134	_sku	WC-14376
17135	_sku	WC-14377
17136	_sku	WC-14373
17137	_sku	WC-14374
17138	_sku	WC-14371
17139	_sku	WC-14366
17140	_sku	WC-14362
17141	_sku	WC-14359
17142	_sku	WC-14354
17143	_sku	WC-14352
17144	_sku	WC-14350
17145	_sku	WC-14346
17146	_sku	WC-14347
17147	_sku	WC-14344
17148	_sku	WC-14345
17149	_sku	WC-14336
17150	_sku	WC-14335
17151	_sku	WC-14333
17152	_sku	WC-14328
17153	_sku	WC-14321
17154	_sku	WC-14309
17155	_sku	WC-14303
17156	_sku	WC-14300
17157	_sku	WC-14297
17158	_sku	WC-14295
17159	_sku	WC-14294
17160	_sku	WC-14293
17161	_sku	WC-14291
17162	_sku	WC-14287
17163	_sku	WC-14284
17164	_sku	WC-14279
17165	_sku	WC-14278
17166	_sku	WC-14266
17167	_sku	WC-14262
17168	_sku	WC-14259
17169	_sku	WC-14256
17170	_sku	WC-14246
17171	_sku	WC-14244
17172	_sku	WC-14239
17173	_sku	WC-14237
17174	_sku	WC-14235
17175	_sku	WC-11623
17176	_sku	WC-14227
17177	_sku	WC-14228
17178	_sku	WC-14219
17179	_sku	WC-14217
17180	_sku	WC-14215
17181	_sku	WC-14213
17182	_sku	WC-14208
17183	_sku	WC-14183
17184	_sku	WC-14175
17185	_sku	WC-14174
17186	_sku	WC-14165
17187	_sku	WC-14162
17188	_sku	WC-14154
17189	_sku	WC-14153
17190	_sku	WC-14151
17191	_sku	WC-14148
17192	_sku	WC-14144
17193	_sku	WC-14145
17194	_sku	WC-14142
17195	_sku	WC-14141
17196	_sku	WC-14138
17197	_sku	WC-14137
17198	_sku	WC-14134
17199	_sku	WC-14133
17200	_sku	WC-14131
17201	_sku	WC-14130
17202	_sku	WC-14127
17203	_sku	WC-14128
17204	_sku	WC-14125
17205	_sku	WC-14123
17206	_sku	WC-14122
17207	_sku	WC-14121
17208	_sku	WC-14115
17209	_sku	WC-14113
17210	_sku	WC-14114
17211	_sku	WC-14105
17212	_sku	WC-14100
17213	_sku	WC-14101
17214	_sku	WC-14093
17215	_sku	WC-14084
17216	_sku	WC-14081
17217	_sku	WC-14080
17218	_sku	WC-14078
17219	_sku	WC-14077
17220	_sku	WC-14074
17221	_sku	WC-14072
17222	_sku	WC-14070
17223	_sku	WC-14069
17224	_sku	WC-14067
17225	_sku	WC-14065
17226	_sku	WC-14063
17227	_sku	WC-14061
17228	_sku	WC-14054
17229	_sku	WC-14039
17230	_sku	WC-14031
17231	_sku	WC-14026
17232	_sku	WC-14025
17233	_sku	WC-14023
17234	_sku	WC-14022
17235	_sku	WC-14019
17236	_sku	WC-14014
17237	_sku	WC-14011
17238	_sku	WC-14009
17239	_sku	WC-14005
17240	_sku	WC-14001
17241	_sku	WC-13997
17242	_sku	WC-13996
17243	_sku	WC-13993
17244	_sku	WC-13991
17245	_sku	WC-13989
17246	_sku	WC-13988
17247	_sku	WC-13987
17248	_sku	WC-13986
17249	_sku	WC-13983
17250	_sku	WC-13981
17251	_sku	WC-13979
17252	_sku	WC-13977
17253	_sku	WC-13975
17254	_sku	WC-13973
17255	_sku	WC-13969
17256	_sku	WC-13965
17257	_sku	WC-13966
17258	_sku	WC-13962
17259	_sku	WC-13952
17260	_sku	WC-13949
17261	_sku	WC-13945
17262	_sku	WC-13937
17263	_sku	WC-13934
17264	_sku	WC-13932
17265	_sku	WC-13930
17266	_sku	WC-13928
17267	_sku	WC-13927
17268	_sku	WC-13925
17269	_sku	WC-13921
17270	_sku	WC-13919
17271	_sku	WC-13917
17272	_sku	WC-13915
17273	_sku	WC-13908
17274	_sku	WC-13905
17275	_sku	WC-13903
17276	_sku	WC-13901
17277	_sku	WC-13899
17278	_sku	WC-13896
17279	_sku	WC-13894
17280	_sku	WC-13892
17281	_sku	WC-13890
17282	_sku	WC-13888
17283	_sku	WC-13885
17284	_sku	WC-13883
17285	_sku	WC-13877
17286	_sku	WC-13873
17287	_sku	WC-13868
17288	_sku	WC-13862
17289	_sku	WC-13860
17290	_sku	WC-13851
17291	_sku	WC-13849
17292	_sku	WC-13836
17293	_sku	WC-13834
17294	_sku	WC-13832
17295	_sku	WC-13830
17296	_sku	WC-13828
17297	_sku	WC-13826
17298	_sku	WC-13824
17299	_sku	WC-13821
17300	_sku	WC-13819
17301	_sku	WC-13815
17302	_sku	WC-13813
17303	_sku	WC-13811
17304	_sku	WC-13803
17305	_sku	WC-13802
17306	_sku	WC-13800
17307	_sku	WC-13796
17308	_sku	WC-13791
17309	_sku	WC-13782
17310	_sku	WC-13780
17311	_sku	WC-13769
17312	_sku	WC-13767
17313	_sku	WC-13759
17314	_sku	WC-13756
17315	_sku	WC-13746
17316	_sku	WC-13739
17317	_sku	WC-13729
17318	_sku	WC-13726
17319	_sku	WC-13721
17320	_sku	WC-13719
17321	_sku	WC-13716
17322	_sku	WC-13717
17323	_sku	WC-13713
17324	_sku	WC-13714
17325	_sku	WC-13711
17326	_sku	WC-13709
17327	_sku	WC-13702
17328	_sku	WC-13698
17329	_sku	WC-13690
17330	_sku	WC-13688
17331	_sku	WC-13685
17332	_sku	WC-13671
17333	_sku	WC-13668
17334	_sku	WC-13666
17335	_sku	WC-13664
17336	_sku	WC-13661
17337	_sku	WC-13659
17338	_sku	WC-13656
17339	_sku	WC-13653
17340	_sku	WC-13649
17341	_sku	WC-13646
17342	_sku	WC-13642
17343	_sku	WC-13576
17344	_sku	WC-13571
17345	_sku	WC-13567
17346	_sku	WC-13564
17347	_sku	WC-13562
17348	_sku	WC-13550
17349	_sku	WC-13548
17350	_sku	WC-13547
17351	_sku	WC-13546
17352	_sku	WC-13544
17353	_sku	WC-13541
17354	_sku	WC-13539
17355	_sku	WC-13538
17356	_sku	WC-13537
17357	_sku	WC-13532
17358	_sku	WC-13529
17359	_sku	WC-13526
17360	_sku	WC-13524
17361	_sku	WC-13521
17362	_sku	WC-13520
17363	_sku	WC-13516
17364	_sku	WC-13510
17365	_sku	WC-13503
17366	_sku	WC-13502
17367	_sku	WC-13491
17368	_sku	WC-13488
17369	_sku	WC-13480
17370	_sku	WC-13478
17371	_sku	WC-13472
17372	_sku	WC-13469
17373	_sku	WC-13462
17374	_sku	WC-13456
17375	_sku	WC-13454
17376	_sku	WC-13451
17377	_sku	WC-13446
17378	_sku	WC-13439
17379	_sku	WC-13433
17380	_sku	WC-13430
17381	_sku	WC-13429
17382	_sku	WC-13425
17383	_sku	WC-13423
17384	_sku	WC-13421
17385	_sku	WC-13414
17386	_sku	WC-13412
17387	_sku	WC-13409
17388	_sku	WC-13406
17389	_sku	WC-13403
17390	_sku	WC-13399
17391	_sku	WC-13397
17392	_sku	WC-13393
17393	_sku	WC-13384
17394	_sku	WC-13379
17395	_sku	WC-13377
17396	_sku	WC-13370
17397	_sku	WC-13371
17398	_sku	WC-13357
17399	_sku	WC-13353
17400	_sku	WC-13350
17401	_sku	WC-13344
17402	_sku	WC-13338
17403	_sku	WC-13334
17404	_sku	WC-13330
17405	_sku	WC-13326
17406	_sku	WC-13324
17407	_sku	WC-13320
17408	_sku	WC-13317
17409	_sku	WC-13305
17410	_sku	WC-13302
17411	_sku	WC-13298
17412	_sku	WC-13296
17413	_sku	WC-13295
17414	_sku	WC-13286
17415	_sku	WC-13284
17416	_sku	WC-13266
17417	_sku	WC-13261
17418	_sku	WC-13254
17419	_sku	WC-13249
17420	_sku	WC-13248
17421	_sku	WC-13244
17422	_sku	WC-13184
17423	_sku	WC-13177
17424	_sku	WC-13171
17425	_sku	WC-13162
17426	_sku	WC-13159
17427	_sku	WC-13158
17428	_sku	WC-13147
17429	_sku	WC-13140
17430	_sku	WC-13134
17431	_sku	WC-13131
17432	_sku	WC-13123
17433	_sku	WC-13117
17434	_sku	WC-12993
17435	_sku	WC-12986
17436	_sku	WC-12982
17437	_sku	WC-12976
17438	_sku	WC-12974
17439	_sku	WC-12971
17440	_sku	WC-12968
17441	_sku	WC-12966
17442	_sku	WC-12960
17443	_sku	WC-12956
17444	_sku	WC-12950
17445	_sku	WC-12948
17446	_sku	WC-12946
17447	_sku	WC-12944
17448	_sku	WC-12938
17449	_sku	WC-12937
17450	_sku	WC-12935
17451	_sku	WC-12930
17452	_sku	WC-12926
17453	_sku	WC-12924
17454	_sku	WC-12921
17455	_sku	WC-12915
17456	_sku	WC-12910
17457	_sku	WC-12906
17458	_sku	WC-12899
17459	_sku	WC-12884
17460	_sku	WC-12878
17461	_sku	WC-12871
17462	_sku	WC-12866
17463	_sku	WC-12863
17464	_sku	WC-12861
17465	_sku	WC-12859
17466	_sku	WC-12856
17467	_sku	WC-12853
17468	_sku	WC-12851
17469	_sku	WC-12848
17470	_sku	WC-12846
17471	_sku	WC-12844
17472	_sku	WC-12840
17473	_sku	WC-12835
17474	_sku	WC-12831
17475	_sku	WC-12817
17476	_sku	WC-12810
17477	_sku	WC-12806
17478	_sku	WC-12804
17479	_sku	WC-12802
17480	_sku	WC-12800
17481	_sku	WC-12796
17482	_sku	WC-12792
17483	_sku	WC-12789
17484	_sku	WC-12783
17485	_sku	WC-12780
17486	_sku	WC-12778
17487	_sku	WC-12773
17488	_sku	WC-12771
17489	_sku	WC-12766
17490	_sku	WC-12765
17491	_sku	WC-12736
17492	_sku	WC-12701
17493	_sku	WC-12693
17494	_sku	WC-12686
17495	_sku	WC-12683
17496	_sku	WC-12679
17497	_sku	WC-12637
17498	_sku	WC-12632
17499	_sku	WC-12619
17500	_sku	WC-12616
17501	_sku	WC-12612
17502	_sku	WC-12605
17503	_sku	WC-12596
17504	_sku	WC-12594
17505	_sku	WC-12593
17506	_sku	WC-12592
17507	_sku	WC-12591
17508	_sku	WC-12587
17509	_sku	WC-12583
17510	_sku	WC-12577
17511	_sku	WC-12565
17512	_sku	WC-12560
17513	_sku	WC-12550
17514	_sku	WC-12539
17515	_sku	WC-12525
17516	_sku	WC-12514
17517	_sku	WC-12511
17518	_sku	WC-12502
17519	_sku	WC-12497
17520	_sku	WC-12493
17521	_sku	WC-12490
17522	_sku	WC-12491
17523	_sku	WC-12476
17524	_sku	WC-12474
17525	_sku	WC-12466
17526	_sku	WC-12464
17527	_sku	WC-12461
17528	_sku	WC-12459
17529	_sku	WC-12456
17530	_sku	WC-12450
17531	_sku	WC-12447
17532	_sku	WC-12443
17533	_sku	WC-12441
17534	_sku	WC-12439
17535	_sku	WC-12434
17536	_sku	WC-12432
17537	_sku	WC-12427
17538	_sku	WC-12423
17539	_sku	WC-12424
17540	_sku	WC-12422
17541	_sku	WC-12421
17542	_sku	WC-12416
17543	_sku	WC-12415
17544	_sku	WC-12413
17545	_sku	WC-12405
17546	_sku	WC-12395
17547	_sku	WC-12393
17548	_sku	WC-12391
17549	_sku	WC-12387
17550	_sku	WC-12382
17551	_sku	WC-12381
17552	_sku	WC-12380
17553	_sku	WC-12376
17554	_sku	WC-12372
17555	_sku	WC-12363
17556	_sku	WC-12348
17557	_sku	WC-12347
17558	_sku	WC-12345
17559	_sku	WC-12340
17560	_sku	WC-12341
17561	_sku	WC-12337
17562	_sku	WC-12335
17563	_sku	WC-12328
17564	_sku	WC-12314
17565	_sku	WC-12312
17566	_sku	WC-12305
17567	_sku	WC-12304
17568	_sku	WC-12300
17569	_sku	WC-12299
17570	_sku	WC-12294
17571	_sku	WC-12291
17572	_sku	WC-12290
17573	_sku	WC-12286
17574	_sku	WC-12280
17575	_sku	WC-12279
17576	_sku	WC-12276
17577	_sku	WC-12272
17578	_sku	WC-12269
17579	_sku	WC-12262
17580	_sku	WC-12257
17581	_sku	WC-12254
17582	_sku	WC-12236
17583	_sku	WC-12216
17584	_sku	WC-12214
17585	_sku	WC-12211
17586	_sku	WC-12204
17587	_sku	WC-12201
17588	_sku	WC-12197
17589	_sku	WC-12193
17590	_sku	WC-12188
17591	_sku	WC-12176
17592	_sku	WC-12174
17593	_sku	WC-12169
17594	_sku	WC-12170
17595	_sku	WC-12167
17596	_sku	WC-12159
17597	_sku	WC-12158
17598	_sku	WC-12157
17599	_sku	WC-12141
17600	_sku	WC-12102
17601	_sku	WC-12089
17602	_sku	WC-12086
17603	_sku	WC-12082
17604	_sku	WC-12080
17605	_sku	WC-12078
17606	_sku	WC-12072
17607	_sku	WC-12067
17608	_sku	WC-12064
17609	_sku	WC-12062
17610	_sku	WC-12053
17611	_sku	WC-12043
17612	_sku	WC-12011
17613	_sku	WC-12007
17614	_sku	WC-12004
17615	_sku	WC-12002
17616	_sku	WC-11999
17617	_sku	WC-11996
17618	_sku	WC-11993
17619	_sku	WC-11988
17620	_sku	WC-11987
17621	_sku	WC-11986
17622	_sku	WC-11985
17623	_sku	WC-11983
17624	_sku	WC-11982
17625	_sku	WC-11981
17626	_sku	WC-11979
17627	_sku	WC-11977
17628	_sku	WC-11974
17629	_sku	WC-11972
17630	_sku	WC-11969
17631	_sku	WC-11963
17632	_sku	WC-11962
17633	_sku	WC-11953
17634	_sku	WC-11950
17635	_sku	WC-11947
17636	_sku	WC-11943
17637	_sku	WC-11941
17638	_sku	WC-11937
17639	_sku	WC-11936
17640	_sku	WC-11932
17641	_sku	WC-11924
17642	_sku	WC-11922
17643	_sku	WC-11915
17644	_sku	WC-11913
17645	_sku	WC-11909
17646	_sku	WC-11907
17647	_sku	WC-11900
17648	_sku	WC-11894
17649	_sku	WC-11889
17650	_sku	WC-11887
17651	_sku	WC-11879
17652	_sku	WC-11877
17653	_sku	WC-11874
17654	_sku	WC-11867
17655	_sku	WC-11866
17656	_sku	WC-11865
17657	_sku	WC-11861
17658	_sku	WC-11851
17659	_sku	WC-11848
17660	_sku	WC-11839
17661	_sku	WC-11833
17662	_sku	WC-11828
17663	_sku	WC-11821
17664	_sku	WC-11818
17665	_sku	WC-11817
17666	_sku	WC-11812
17667	_sku	WC-11807
17668	_sku	WC-11804
17669	_sku	WC-11799
17670	_sku	WC-11797
17671	_sku	WC-11790
17672	_sku	WC-11779
17673	_sku	WC-11770
17674	_sku	WC-11767
17675	_sku	WC-11766
17676	_sku	WC-11764
17677	_sku	WC-11763
17678	_sku	WC-11761
17679	_sku	WC-11755
17680	_sku	WC-11752
17681	_sku	WC-11746
17682	_sku	WC-11743
17683	_sku	WC-11725
17684	_sku	WC-11718
17685	_sku	WC-11709
17686	_sku	WC-11708
17687	_sku	WC-11705
17688	_sku	WC-11703
17689	_sku	WC-11701
17690	_sku	WC-11697
17691	_sku	WC-11694
17692	_sku	WC-11692
17693	_sku	WC-11689
17694	_sku	WC-11688
17695	_sku	WC-11686
17696	_sku	WC-11684
17697	_sku	WC-11679
17698	_sku	WC-11676
17699	_sku	WC-11671
17700	_sku	WC-11669
17701	_sku	WC-11663
17702	_sku	WC-11658
17703	_sku	WC-11656
17704	_sku	WC-11648
17705	_sku	WC-11645
17706	_sku	WC-11635
17707	_sku	WC-11633
17708	_sku	WC-11629
17709	_sku	WC-11625
17710	_sku	WC-11624
17711	_sku	WC-11618
17712	_sku	WC-11616
17713	_sku	WC-11615
17714	_sku	WC-11614
17715	_sku	WC-11613
17716	_sku	WC-11611
17717	_sku	WC-11610
17718	_sku	WC-11609
17719	_sku	WC-11605
17720	_sku	WC-11604
17721	_sku	WC-11600
17722	_sku	WC-11594
17723	_sku	WC-11589
17724	_sku	WC-11577
17725	_sku	WC-11584
17726	_sku	WC-11582
17727	_sku	WC-11579
17728	_sku	WC-11574
17729	_sku	WC-11572
17730	_sku	WC-11567
17731	_sku	WC-11563
17732	_sku	WC-11560
17733	_sku	WC-11558
17734	_sku	WC-11550
17735	_sku	WC-11549
17736	_sku	WC-11543
17737	_sku	WC-11540
17738	_sku	WC-11536
17739	_sku	WC-11535
17740	_sku	WC-11524
17741	_sku	WC-11516
17742	_sku	WC-11510
17743	_sku	WC-11480
17744	_sku	WC-11471
17745	_sku	WC-11468
17746	_sku	WC-11456
17747	_sku	WC-11454
17748	_sku	WC-11450
17749	_sku	WC-11446
17750	_sku	WC-11443
17751	_sku	WC-11441
17752	_sku	WC-11436
17753	_sku	WC-11434
17754	_sku	WC-11430
17755	_sku	WC-11424
17756	_sku	WC-8489
17757	_sku	WC-11393
17758	_sku	WC-11379
17759	_sku	WC-11376
17760	_sku	WC-11373
17761	_sku	WC-11358
17762	_sku	WC-11351
17763	_sku	WC-11344
17764	_sku	WC-11338
17765	_sku	WC-11331
17766	_sku	WC-11324
17767	_sku	WC-11319
17768	_sku	WC-11312
17769	_sku	WC-11303
17770	_sku	WC-11301
17771	_sku	WC-11296
17772	_sku	WC-11289
17773	_sku	WC-11255
17774	_sku	WC-11244
17775	_sku	WC-11234
17776	_sku	WC-11228
17777	_sku	WC-11224
17778	_sku	WC-11223
17779	_sku	WC-11203
17780	_sku	WC-11196
17781	_sku	WC-11190
17782	_sku	WC-11184
17783	_sku	WC-11176
17784	_sku	WC-11174
17785	_sku	WC-11165
17786	_sku	WC-11152
17787	_sku	WC-11148
17788	_sku	WC-11143
17789	_sku	WC-11140
17790	_sku	WC-11139
17791	_sku	WC-11137
17792	_sku	WC-11132
17793	_sku	WC-11129
17794	_sku	WC-11127
17795	_sku	WC-11125
17796	_sku	WC-11119
17797	_sku	WC-11117
17798	_sku	WC-11108
17799	_sku	WC-11107
17800	_sku	WC-11104
17801	_sku	WC-11090
17802	_sku	WC-11082
17803	_sku	WC-11076
17804	_sku	WC-11072
17805	_sku	WC-11069
17806	_sku	WC-11066
17807	_sku	WC-11061
17808	_sku	WC-11056
17809	_sku	WC-11050
17810	_sku	WC-11039
17811	_sku	WC-11041
17812	_sku	WC-11034
17813	_sku	WC-11026
17814	_sku	WC-11021
17815	_sku	WC-11018
17816	_sku	WC-11011
17817	_sku	WC-11010
17818	_sku	WC-11007
17819	_sku	WC-11003
17820	_sku	WC-11000
17821	_sku	WC-10999
17822	_sku	WC-10998
17823	_sku	WC-10996
17824	_sku	WC-10995
17825	_sku	WC-10981
17826	_sku	WC-10977
17827	_sku	WC-10971
17828	_sku	WC-10963
17829	_sku	WC-10957
17830	_sku	WC-10953
17831	_sku	WC-10950
17832	_sku	WC-10946
17833	_sku	WC-10944
17834	_sku	WC-10931
17835	_sku	WC-10927
17836	_sku	WC-10922
17837	_sku	WC-10917
17838	_sku	WC-10913
17839	_sku	WC-10912
17840	_sku	WC-10906
17841	_sku	WC-10902
17842	_sku	WC-10897
17843	_sku	WC-10884
17844	_sku	WC-10880
17845	_sku	WC-10872
17846	_sku	WC-10862
17847	_sku	WC-10856
17848	_sku	WC-10850
17849	_sku	WC-10847
17850	_sku	WC-10837
17851	_sku	WC-10835
17852	_sku	WC-10833
17853	_sku	WC-10821
17854	_sku	WC-10816
17855	_sku	WC-10811
17856	_sku	WC-10807
17857	_sku	WC-10802
17858	_sku	WC-10799
17859	_sku	WC-10792
17860	_sku	WC-10790
17861	_sku	WC-10789
17862	_sku	WC-10787
17863	_sku	WC-10775
17864	_sku	WC-10771
17865	_sku	WC-10770
17866	_sku	WC-10769
17867	_sku	WC-10768
17868	_sku	WC-10765
17869	_sku	WC-10756
17870	_sku	WC-10749
17871	_sku	WC-10747
17872	_sku	WC-10738
17873	_sku	WC-10735
17874	_sku	WC-10731
17875	_sku	WC-10725
17876	_sku	WC-10717
17877	_sku	WC-10715
17878	_sku	WC-10709
17879	_sku	WC-10707
17880	_sku	WC-10702
17881	_sku	WC-10701
17882	_sku	WC-10699
17883	_sku	WC-10693
17884	_sku	WC-10688
17885	_sku	WC-10681
17886	_sku	WC-10679
17887	_sku	WC-10677
17888	_sku	WC-10668
17889	_sku	WC-10666
17890	_sku	WC-10664
17891	_sku	WC-10663
17892	_sku	WC-10662
17893	_sku	WC-10657
17894	_sku	WC-10656
17895	_sku	WC-10650
17896	_sku	WC-10643
17897	_sku	WC-10641
17898	_sku	WC-10637
17899	_sku	WC-10632
17900	_sku	WC-10627
17901	_sku	WC-10622
17902	_sku	WC-10619
17903	_sku	WC-10617
17904	_sku	WC-10614
17905	_sku	WC-10612
17906	_sku	WC-10609
17907	_sku	WC-10605
17908	_sku	WC-10594
17909	_sku	WC-10589
17910	_sku	WC-10580
17911	_sku	WC-10577
17912	_sku	WC-10565
17913	_sku	WC-10562
17914	_sku	WC-10559
17915	_sku	WC-10553
17916	_sku	WC-10541
17917	_sku	WC-10535
17918	_sku	WC-10533
17919	_sku	WC-10532
17920	_sku	WC-10529
17921	_sku	WC-10526
17922	_sku	WC-10523
17923	_sku	WC-10513
17924	_sku	WC-10509
17925	_sku	WC-10510
17926	_sku	WC-10508
17927	_sku	WC-10506
17928	_sku	WC-10505
17929	_sku	WC-10496
17930	_sku	WC-10489
17931	_sku	WC-10487
17932	_sku	WC-10483
17933	_sku	WC-10478
17934	_sku	WC-10476
17935	_sku	WC-10462
17936	_sku	WC-10457
17937	_sku	WC-10456
17938	_sku	WC-10454
17939	_sku	WC-10451
17940	_sku	WC-10449
17941	_sku	WC-10447
17942	_sku	WC-10446
17943	_sku	WC-10445
17944	_sku	WC-10442
17945	_sku	WC-10436
17946	_sku	WC-10434
17947	_sku	WC-10430
17948	_sku	WC-10421
17949	_sku	WC-10414
17950	_sku	WC-10398
17951	_sku	WC-10395
17952	_sku	WC-10389
17953	_sku	WC-10388
17954	_sku	WC-10384
17955	_sku	WC-10375
17956	_sku	WC-10373
17957	_sku	WC-10372
17958	_sku	WC-10368
17959	_sku	WC-10366
17960	_sku	WC-10362
17961	_sku	WC-10361
17962	_sku	WC-10358
17963	_sku	WC-10355
17964	_sku	WC-10352
17965	_sku	WC-10350
17966	_sku	WC-10348
17967	_sku	WC-10342
17968	_sku	WC-10339
17969	_sku	WC-10335
17970	_sku	WC-10323
17971	_sku	WC-10317
17972	_sku	WC-10312
17973	_sku	WC-10302
17974	_sku	WC-10288
17975	_sku	WC-10272
17976	_sku	WC-10268
17977	_sku	WC-10264
17978	_sku	WC-10251
17979	_sku	WC-10250
17980	_sku	WC-10247
17981	_sku	WC-10243
17982	_sku	WC-10236
17983	_sku	WC-10222
17984	_sku	WC-10220
17985	_sku	WC-10209
17986	_sku	WC-10203
17987	_sku	WC-10196
17988	_sku	WC-10194
17989	_sku	WC-10192
17990	_sku	WC-10190
17991	_sku	WC-10188
17992	_sku	WC-10186
17993	_sku	WC-10185
17994	_sku	WC-10183
17995	_sku	WC-10181
17996	_sku	WC-10177
17997	_sku	WC-10174
17998	_sku	WC-10171
17999	_sku	WC-10169
18000	_sku	WC-10167
18001	_sku	WC-10163
18002	_sku	WC-10161
18003	_sku	WC-10159
18004	_sku	WC-10157
18005	_sku	WC-10154
18006	_sku	WC-10152
18007	_sku	WC-10150
18008	_sku	WC-10149
18009	_sku	WC-10146
18010	_sku	WC-10141
18011	_sku	WC-10138
18012	_sku	WC-10134
18013	_sku	WC-10132
18014	_sku	WC-10127
18015	_sku	WC-10125
18016	_sku	WC-10123
18017	_sku	WC-10120
18018	_sku	WC-10118
18019	_sku	WC-10113
18020	_sku	WC-10117
18021	_sku	WC-10116
18022	_sku	WC-10111
18023	_sku	WC-10098
18024	_sku	WC-10107
18025	_sku	WC-10103
18026	_sku	WC-10099
18027	_sku	WC-10097
18028	_sku	WC-10095
18029	_sku	WC-10093
18030	_sku	WC-10091
18031	_sku	WC-10089
18032	_sku	WC-10087
18033	_sku	WC-10086
18034	_sku	WC-10082
18035	_sku	WC-10074
18036	_sku	WC-10072
18037	_sku	WC-10063
18038	_sku	WC-10059
18039	_sku	WC-10053
18040	_sku	WC-10051
18041	_sku	WC-10046
18042	_sku	WC-10045
18043	_sku	WC-10043
18044	_sku	WC-10041
18045	_sku	WC-10039
18046	_sku	WC-10036
18047	_sku	WC-10033
18048	_sku	WC-10030
18049	_sku	WC-10028
18050	_sku	WC-10026
18051	_sku	WC-10022
18052	_sku	WC-10020
18053	_sku	WC-10017
18054	_sku	WC-10010
18055	_sku	WC-10004
18056	_sku	WC-10002
18057	_sku	WC-10000
18058	_sku	WC-9993
18059	_sku	WC-9995
18060	_sku	WC-9991
18061	_sku	WC-9989
18062	_sku	WC-9987
18063	_sku	WC-9985
18064	_sku	WC-9983
18065	_sku	WC-9981
18066	_sku	WC-9979
18067	_sku	WC-9977
18068	_sku	WC-9975
18069	_sku	WC-9973
18070	_sku	WC-9970
18071	_sku	WC-9968
18072	_sku	WC-9965
18073	_sku	WC-9962
18074	_sku	WC-9960
18075	_sku	WC-9957
18076	_sku	WC-9954
18077	_sku	WC-9953
18078	_sku	WC-9949
18079	_sku	WC-9947
18080	_sku	WC-9945
18081	_sku	WC-9943
18082	_sku	WC-9941
18083	_sku	WC-9939
18084	_sku	WC-9937
18085	_sku	WC-9934
18086	_sku	WC-9930
18087	_sku	WC-9928
18088	_sku	WC-9926
18089	_sku	WC-9924
18090	_sku	WC-9922
18091	_sku	WC-9919
18092	_sku	WC-9915
18093	_sku	WC-9912
18094	_sku	WC-9910
18095	_sku	WC-9908
18096	_sku	WC-9906
18097	_sku	WC-9904
18098	_sku	WC-9902
18099	_sku	WC-9897
18100	_sku	WC-9895
18101	_sku	WC-9892
18102	_sku	WC-9889
18103	_sku	WC-9887
18104	_sku	WC-9885
18105	_sku	WC-9883
18106	_sku	WC-9881
18107	_sku	WC-9879
18108	_sku	WC-9877
18109	_sku	WC-9875
18110	_sku	WC-9873
18111	_sku	WC-9871
18112	_sku	WC-9869
18113	_sku	WC-9867
18114	_sku	WC-9866
18115	_sku	WC-9861
18116	_sku	WC-9859
18117	_sku	WC-9858
18118	_sku	WC-9856
18119	_sku	WC-9854
18120	_sku	WC-9845
18121	_sku	WC-9843
18122	_sku	WC-9841
18123	_sku	WC-9839
18124	_sku	WC-9836
18125	_sku	WC-9834
18126	_sku	WC-9832
18127	_sku	WC-9830
18128	_sku	WC-9828
18129	_sku	WC-9826
18130	_sku	WC-9824
18131	_sku	WC-9823
18132	_sku	WC-9818
18133	_sku	WC-9816
18134	_sku	WC-9813
18135	_sku	WC-9811
18136	_sku	WC-9808
18137	_sku	WC-9806
18138	_sku	WC-9804
18139	_sku	WC-9802
18140	_sku	WC-9799
18141	_sku	WC-9796
18142	_sku	WC-9792
18143	_sku	WC-9790
18144	_sku	WC-9784
18145	_sku	WC-9782
18146	_sku	WC-9780
18147	_sku	WC-9776
18148	_sku	WC-9773
18149	_sku	WC-9772
18150	_sku	WC-9769
18151	_sku	WC-9767
18152	_sku	WC-9765
18153	_sku	WC-9763
18154	_sku	WC-9761
18155	_sku	WC-9752
18156	_sku	WC-9750
18157	_sku	WC-9748
18158	_sku	WC-9744
18159	_sku	WC-9742
18160	_sku	WC-9729
18161	_sku	WC-9732
18162	_sku	WC-9727
18163	_sku	WC-9724
18164	_sku	WC-9722
18165	_sku	WC-9718
18166	_sku	WC-9717
18167	_sku	WC-9713
18168	_sku	WC-9712
18169	_sku	WC-9710
18170	_sku	WC-9708
18171	_sku	WC-9706
18172	_sku	WC-9704
18173	_sku	WC-9698
18174	_sku	WC-9699
18175	_sku	WC-9693
18176	_sku	WC-9691
18177	_sku	WC-9689
18178	_sku	WC-9687
18179	_sku	WC-9684
18180	_sku	WC-9682
18181	_sku	WC-9680
18182	_sku	WC-9676
18183	_sku	WC-9674
18184	_sku	WC-9670
18185	_sku	WC-9668
18186	_sku	WC-9666
18187	_sku	WC-9663
18188	_sku	WC-9660
18189	_sku	WC-9659
18190	_sku	WC-9657
18191	_sku	WC-9655
18192	_sku	WC-9653
18193	_sku	WC-9651
18194	_sku	WC-9649
18195	_sku	WC-9647
18196	_sku	WC-9646
18197	_sku	WC-9644
18198	_sku	WC-9643
18199	_sku	WC-9642
18200	_sku	WC-9641
18201	_sku	WC-9640
18202	_sku	WC-9639
18203	_sku	WC-9638
18204	_sku	WC-9637
18205	_sku	WC-9635
18206	_sku	WC-9634
18207	_sku	WC-9619
18208	_sku	WC-9616
18209	_sku	WC-9614
18210	_sku	WC-9613
18211	_sku	WC-9612
18212	_sku	WC-9610
18213	_sku	WC-9604
18214	_sku	WC-9602
18215	_sku	WC-9595
18216	_sku	WC-9592
18217	_sku	WC-9591
18218	_sku	WC-9587
18219	_sku	WC-9585
18220	_sku	WC-9583
18221	_sku	WC-9579
18222	_sku	WC-9571
18223	_sku	WC-9570
18224	_sku	WC-9569
18225	_sku	WC-9568
18226	_sku	WC-9567
18227	_sku	WC-9561
18228	_sku	WC-9559
18229	_sku	WC-9556
18230	_sku	WC-9553
18231	_sku	WC-9552
18232	_sku	WC-9550
18233	_sku	WC-9548
18234	_sku	WC-9546
18235	_sku	WC-9544
18236	_sku	WC-9543
18237	_sku	WC-9540
18238	_sku	WC-9538
18239	_sku	WC-9530
18240	_sku	WC-9533
18241	_sku	WC-9531
18242	_sku	WC-9528
18243	_sku	WC-9522
18244	_sku	WC-9521
18245	_sku	WC-9520
18246	_sku	WC-9518
18247	_sku	WC-9516
18248	_sku	WC-9514
18249	_sku	WC-9512
18250	_sku	WC-9511
18251	_sku	WC-9508
18252	_sku	WC-9507
18253	_sku	WC-9505
18254	_sku	WC-9503
18255	_sku	WC-9501
18256	_sku	WC-9499
18257	_sku	WC-9496
18258	_sku	WC-9494
18259	_sku	WC-9493
18260	_sku	WC-9491
18261	_sku	WC-9488
18262	_sku	WC-9486
18263	_sku	WC-9484
18264	_sku	WC-9482
18265	_sku	WC-9480
18266	_sku	WC-9478
18267	_sku	WC-9476
18268	_sku	WC-9474
18269	_sku	WC-9470
18270	_sku	WC-9467
18271	_sku	WC-9468
18272	_sku	WC-9466
18273	_sku	WC-9464
18274	_sku	WC-9461
18275	_sku	WC-9459
18276	_sku	WC-9458
18277	_sku	WC-9452
18278	_sku	WC-9450
18279	_sku	WC-9448
18280	_sku	WC-9446
18281	_sku	WC-9444
18282	_sku	WC-9442
18283	_sku	WC-9440
18284	_sku	WC-9438
18285	_sku	WC-9436
18286	_sku	WC-9434
18287	_sku	WC-9430
18288	_sku	WC-9428
18289	_sku	WC-9426
18290	_sku	WC-9424
18291	_sku	WC-9422
18292	_sku	WC-9421
18293	_sku	WC-9419
18294	_sku	WC-9417
18295	_sku	WC-9416
18296	_sku	WC-9415
18297	_sku	WC-9414
18298	_sku	WC-9391
18299	_sku	WC-9402
18300	_sku	WC-9399
18301	_sku	WC-9398
18302	_sku	WC-9393
18303	_sku	WC-9390
18304	_sku	WC-9387
18305	_sku	WC-9382
18306	_sku	WC-9380
18307	_sku	WC-9376
18308	_sku	WC-9371
18309	_sku	WC-9369
18310	_sku	WC-9366
18311	_sku	WC-9358
18312	_sku	WC-9361
18313	_sku	WC-9359
18314	_sku	WC-9350
18315	_sku	WC-9349
18316	_sku	WC-9347
18317	_sku	WC-9344
18318	_sku	WC-9342
18319	_sku	WC-9340
18320	_sku	WC-9338
18321	_sku	WC-9336
18322	_sku	WC-9329
18323	_sku	WC-9327
18324	_sku	WC-9304
18325	_sku	WC-9295
18326	_sku	WC-9301
18327	_sku	WC-9293
18328	_sku	WC-9291
18329	_sku	WC-9289
18330	_sku	WC-9287
18331	_sku	WC-9284
18332	_sku	WC-9281
18333	_sku	WC-9279
18334	_sku	WC-9278
18335	_sku	WC-9276
18336	_sku	WC-9274
18337	_sku	WC-9258
18338	_sku	WC-9254
18339	_sku	WC-9253
18340	_sku	WC-9248
18341	_sku	WC-9245
18342	_sku	WC-9231
18343	_sku	WC-9224
18344	_sku	WC-9222
18345	_sku	WC-9217
18346	_sku	WC-9207
18347	_sku	WC-9206
18348	_sku	WC-9203
18349	_sku	WC-9195
18350	_sku	WC-9197
18351	_sku	WC-9193
18352	_sku	WC-9191
18353	_sku	WC-9175
18354	_sku	WC-9188
18355	_sku	WC-9182
18356	_sku	WC-9172
18357	_sku	WC-9174
18358	_sku	WC-9170
18359	_sku	WC-9165
18360	_sku	WC-9161
18361	_sku	WC-9154
18362	_sku	WC-9152
18363	_sku	WC-9149
18364	_sku	WC-9146
18365	_sku	WC-9144
18366	_sku	WC-9138
18367	_sku	WC-9136
18368	_sku	WC-9132
18369	_sku	WC-9130
18370	_sku	WC-9129
18371	_sku	WC-9124
18372	_sku	WC-9122
18373	_sku	WC-9119
18374	_sku	WC-9114
18375	_sku	WC-9113
18376	_sku	WC-9110
18377	_sku	WC-9108
18378	_sku	WC-9106
18379	_sku	WC-9105
18380	_sku	WC-9102
18381	_sku	WC-9100
18382	_sku	WC-9098
18383	_sku	WC-9096
18384	_sku	WC-9094
18385	_sku	WC-9092
18386	_sku	WC-9090
18387	_sku	WC-9084
18388	_sku	WC-9082
18389	_sku	WC-9078
18390	_sku	WC-9077
18391	_sku	WC-9074
18392	_sku	WC-9068
18393	_sku	WC-9071
18394	_sku	WC-9069
18395	_sku	WC-9061
18396	_sku	WC-9056
18397	_sku	WC-9054
18398	_sku	WC-9053
18399	_sku	WC-9051
18400	_sku	WC-9048
18401	_sku	WC-9045
18402	_sku	WC-9042
18403	_sku	WC-9040
18404	_sku	WC-9035
18405	_sku	WC-9025
18406	_sku	WC-9027
18407	_sku	WC-9023
18408	_sku	WC-9021
18409	_sku	WC-9017
18410	_sku	WC-9010
18411	_sku	WC-9007
18412	_sku	WC-9005
18413	_sku	WC-9003
18414	_sku	WC-8992
18415	_sku	WC-8990
18416	_sku	WC-8988
18417	_sku	WC-8985
18418	_sku	WC-8983
18419	_sku	WC-8980
18420	_sku	WC-8976
18421	_sku	WC-8973
18422	_sku	WC-8971
18423	_sku	WC-8967
18424	_sku	WC-8962
18425	_sku	WC-8958
18426	_sku	WC-8954
18427	_sku	WC-8951
18428	_sku	WC-8945
18429	_sku	WC-8948
18430	_sku	WC-8944
18431	_sku	WC-8942
18432	_sku	WC-8939
18433	_sku	WC-8932
18434	_sku	WC-8930
18435	_sku	WC-8928
18436	_sku	WC-8923
18437	_sku	WC-8920
18438	_sku	WC-8916
18439	_sku	WC-8915
18440	_sku	WC-8913
18441	_sku	WC-8910
18442	_sku	WC-8893
18443	_sku	WC-8889
18444	_sku	WC-8887
18445	_sku	WC-8879
18446	_sku	WC-8865
18447	_sku	WC-8848
18448	_sku	WC-8768
18449	_sku	WC-8803
18450	_sku	WC-8797
18451	_sku	WC-8766
18452	_sku	WC-8764
18453	_sku	WC-8762
18454	_sku	WC-8760
18455	_sku	WC-8740
18456	_sku	WC-8751
18457	_sku	WC-8742
18458	_sku	WC-8739
18459	_sku	WC-8727
18460	_sku	WC-8732
18461	_sku	WC-8728
18462	_sku	WC-8719
18463	_sku	WC-8715
18464	_sku	WC-8713
18465	_sku	WC-8712
18466	_sku	WC-8710
18467	_sku	WC-8708
18468	_sku	WC-8706
18469	_sku	WC-8703
18470	_sku	WC-8700
18471	_sku	WC-8697
18472	_sku	WC-8696
18473	_sku	WC-8694
18474	_sku	WC-8691
18475	_sku	WC-8690
18476	_sku	WC-8688
18477	_sku	WC-8686
18478	_sku	WC-8684
18479	_sku	WC-8682
18480	_sku	WC-8679
18481	_sku	WC-8676
18482	_sku	WC-8673
18483	_sku	WC-8671
18484	_sku	WC-8664
18485	_sku	WC-8668
18486	_sku	WC-8667
18487	_sku	WC-8666
18488	_sku	WC-8665
18489	_sku	WC-8655
18490	_sku	WC-8650
18491	_sku	WC-8646
18492	_sku	WC-8645
18493	_sku	WC-8643
18494	_sku	WC-8641
18495	_sku	WC-8640
18496	_sku	WC-8639
18497	_sku	WC-8634
18498	_sku	WC-8635
18499	_sku	WC-8630
18500	_sku	WC-8631
18501	_sku	WC-8628
18502	_sku	WC-8626
18503	_sku	WC-8624
18504	_sku	WC-8616
18505	_sku	WC-8614
18506	_sku	WC-8611
18507	_sku	WC-8610
18508	_sku	WC-8609
18509	_sku	WC-8606
18510	_sku	WC-8603
18511	_sku	WC-8590
18512	_sku	WC-8601
18513	_sku	WC-8597
18514	_sku	WC-8594
18515	_sku	WC-8592
18516	_sku	WC-8587
18517	_sku	WC-8584
18518	_sku	WC-8582
18519	_sku	WC-8581
18520	_sku	WC-8579
18521	_sku	WC-8577
18522	_sku	WC-8578
18523	_sku	WC-8575
18524	_sku	WC-8572
18525	_sku	WC-8570
18526	_sku	WC-8569
18527	_sku	WC-8566
18528	_sku	WC-8561
18529	_sku	WC-8562
18530	_sku	WC-8559
18531	_sku	WC-8557
18532	_sku	WC-8555
18533	_sku	WC-8553
18534	_sku	WC-8545
18535	_sku	WC-8549
18536	_sku	WC-8543
18537	_sku	WC-8541
18538	_sku	WC-8538
18539	_sku	WC-8533
18540	_sku	WC-8530
18541	_sku	WC-8528
18542	_sku	WC-8507
18543	_sku	WC-8523
18544	_sku	WC-8520
18545	_sku	WC-8517
18546	_sku	WC-8514
18547	_sku	WC-8513
18548	_sku	WC-8511
18549	_sku	WC-8509
18550	_sku	WC-8506
18551	_sku	WC-8505
18552	_sku	WC-8503
18553	_sku	WC-8501
18554	_sku	WC-8486
18555	_sku	WC-8482
18556	_sku	WC-8480
18557	_sku	WC-8478
18558	_sku	WC-8475
18559	_sku	WC-8473
18560	_sku	WC-8469
18561	_sku	WC-8467
18562	_sku	WC-8465
18563	_sku	WC-8464
18564	_sku	WC-8462
18565	_sku	WC-8461
18566	_sku	WC-8459
18567	_sku	WC-8458
18568	_sku	WC-8456
18569	_sku	WC-8454
18570	_sku	WC-8453
18571	_sku	WC-8452
18572	_sku	WC-8451
18573	_sku	WC-8450
18574	_sku	WC-8445
18575	_sku	WC-8442
18576	_sku	WC-8441
18577	_sku	WC-8440
18578	_sku	WC-8439
18579	_sku	WC-8437
18580	_sku	WC-8435
18581	_sku	WC-8433
18582	_sku	WC-8431
18583	_sku	WC-8415
18584	_sku	WC-8424
18585	_sku	WC-8419
18586	_sku	WC-8418
18587	_sku	WC-8410
18588	_sku	WC-8409
18589	_sku	WC-8402
18590	_sku	WC-8404
18591	_sku	WC-8403
18592	_sku	WC-8401
18593	_sku	WC-8394
18594	_sku	WC-8399
18595	_sku	WC-8396
18596	_sku	WC-8382
18597	_sku	WC-8392
18598	_sku	WC-8390
18599	_sku	WC-8388
18600	_sku	WC-8385
18601	_sku	WC-8383
18602	_sku	WC-8380
18603	_sku	WC-8373
18604	_sku	WC-8375
18605	_sku	WC-8370
18606	_sku	WC-8363
18607	_sku	WC-8356
18608	_sku	WC-8361
18609	_sku	WC-8359
18610	_sku	WC-8351
18611	_sku	WC-8354
18612	_sku	WC-8352
18613	_sku	WC-8349
18614	_sku	WC-8347
18615	_sku	WC-8343
18616	_sku	WC-8337
18617	_sku	WC-8335
18618	_sku	WC-8329
18619	_sku	WC-8328
18620	_sku	WC-8326
18621	_sku	WC-8325
18622	_sku	WC-8323
18623	_sku	WC-8321
18624	_sku	WC-8318
18625	_sku	WC-8314
18626	_sku	WC-8305
18627	_sku	WC-8303
18628	_sku	WC-8300
18629	_sku	WC-8290
18630	_sku	WC-8278
18631	_sku	WC-8277
18632	_sku	WC-8273
18633	_sku	WC-8272
18634	_sku	WC-8270
18635	_sku	WC-8266
18636	_sku	WC-8263
18637	_sku	WC-8255
18638	_sku	WC-8242
18639	_sku	WC-8229
18640	_sku	WC-8230
18641	_sku	WC-8221
18642	_sku	WC-8217
18643	_sku	WC-8214
18644	_sku	WC-8208
18645	_sku	WC-8202
18646	_sku	WC-8199
18647	_sku	WC-8197
18648	_sku	WC-8194
18649	_sku	WC-8192
18650	_sku	WC-8158
18651	_sku	WC-8191
18652	_sku	WC-8189
18653	_sku	WC-8182
18654	_sku	WC-8171
18655	_sku	WC-8167
18656	_sku	WC-8166
18657	_sku	WC-8164
18658	_sku	WC-8162
18659	_sku	WC-8160
18660	_sku	WC-8157
18661	_sku	WC-8153
18662	_sku	WC-8150
18663	_sku	WC-8151
18664	_sku	WC-8148
18665	_sku	WC-8146
18666	_sku	WC-8144
18667	_sku	WC-8135
18668	_sku	WC-8121
18669	_sku	WC-8117
18670	_sku	WC-8115
18671	_sku	WC-8113
18672	_sku	WC-8111
18673	_sku	WC-8109
18674	_sku	WC-8107
18675	_sku	WC-8105
18676	_sku	WC-8103
18677	_sku	WC-8101
18678	_sku	WC-8099
18679	_sku	WC-8090
18680	_sku	WC-8093
18681	_sku	WC-8091
18682	_sku	WC-8082
18683	_sku	WC-8085
18684	_sku	WC-8081
18685	_sku	WC-8073
18686	_sku	WC-8069
18687	_sku	WC-8071
18688	_sku	WC-8068
18689	_sku	WC-8066
18690	_sku	WC-8059
18691	_sku	WC-8056
18692	_sku	WC-8045
18693	_sku	WC-8041
18694	_sku	WC-8033
18695	_sku	WC-8032
18696	_sku	WC-7993
18697	_sku	WC-8030
18698	_sku	WC-8028
18699	_sku	WC-8027
18700	_sku	WC-8019
18701	_sku	WC-8016
18702	_sku	WC-8014
18703	_sku	WC-8012
18704	_sku	WC-8010
18705	_sku	WC-8007
18706	_sku	WC-8005
18707	_sku	WC-8002
18708	_sku	WC-7999
18709	_sku	WC-7997
18710	_sku	WC-7995
18711	_sku	WC-7989
18712	_sku	WC-7987
18713	_sku	WC-7966
18714	_sku	WC-7984
18715	_sku	WC-7981
18716	_sku	WC-7973
18717	_sku	WC-7961
18718	_sku	WC-7956
18719	_sku	WC-7958
18720	_sku	WC-7953
18721	_sku	WC-7955
18722	_sku	WC-7951
18723	_sku	WC-7937
18724	_sku	WC-7930
18725	_sku	WC-7920
18726	_sku	WC-7900
18727	_sku	WC-7885
18728	_sku	WC-7889
18729	_sku	WC-7887
18730	_sku	WC-7867
18731	_sku	WC-7841
18732	_sku	WC-7848
18733	_sku	WC-7844
18734	_sku	WC-7839
18735	_sku	WC-7837
18736	_sku	WC-7828
18737	_sku	WC-7827
18738	_sku	WC-7824
18739	_sku	WC-7823
18740	_sku	WC-7822
18741	_sku	WC-7819
18742	_sku	WC-7816
18743	_sku	WC-7815
18744	_sku	WC-7812
18745	_sku	WC-7806
18746	_sku	WC-7802
18747	_sku	WC-7801
18748	_sku	WC-7799
18749	_sku	WC-7789
18750	_sku	WC-7797
18751	_sku	WC-7792
18752	_sku	WC-7790
18753	_sku	WC-7787
18754	_sku	WC-7784
18755	_sku	WC-7779
18756	_sku	WC-7776
18757	_sku	WC-7775
18758	_sku	WC-7774
18759	_sku	WC-7772
18760	_sku	WC-7771
18761	_sku	WC-7768
18762	_sku	WC-7734
18763	_sku	WC-7747
18764	_sku	WC-7744
18765	_sku	WC-7742
18766	_sku	WC-7740
18767	_sku	WC-7739
18768	_sku	WC-7736
18769	_sku	WC-7733
18770	_sku	WC-7728
18771	_sku	WC-7727
18772	_sku	WC-7723
18773	_sku	WC-7722
18774	_sku	WC-7717
18775	_sku	WC-7715
18776	_sku	WC-7714
18777	_sku	WC-7711
18778	_sku	WC-7709
18779	_sku	WC-7707
18780	_sku	WC-7705
18781	_sku	WC-7702
18782	_sku	WC-7703
18783	_sku	WC-7698
18784	_sku	WC-7695
18785	_sku	WC-7693
18786	_sku	WC-7689
18787	_sku	WC-7692
18788	_sku	WC-7685
18789	_sku	WC-7688
18790	_sku	WC-7682
18791	_sku	WC-7679
18792	_sku	WC-7675
18793	_sku	WC-7674
18794	_sku	WC-7671
18795	_sku	WC-7656
18796	_sku	WC-7657
18797	_sku	WC-7648
18798	_sku	WC-7644
18799	_sku	WC-7641
18800	_sku	WC-7638
18801	_sku	WC-7631
18802	_sku	WC-7634
18803	_sku	WC-7633
18804	_sku	WC-7630
18805	_sku	WC-7628
18806	_sku	WC-7626
18807	_sku	WC-7623
18808	_sku	WC-7621
18809	_sku	WC-7619
18810	_sku	WC-7617
18811	_sku	WC-7615
18812	_sku	WC-7613
18813	_sku	WC-7611
18814	_sku	WC-7607
18815	_sku	WC-7602
18816	_sku	WC-7604
18817	_sku	WC-7599
18818	_sku	WC-7595
18819	_sku	WC-7593
18820	_sku	WC-7591
18821	_sku	WC-7589
18822	_sku	WC-7587
18823	_sku	WC-7574
18824	_sku	WC-7568
18825	_sku	WC-7561
18826	_sku	WC-7558
18827	_sku	WC-7557
18828	_sku	WC-7554
18829	_sku	WC-7550
18830	_sku	WC-7546
18831	_sku	WC-7540
18832	_sku	WC-7537
18833	_sku	WC-7512
18834	_sku	WC-7533
18835	_sku	WC-7528
18836	_sku	WC-7524
18837	_sku	WC-7515
18838	_sku	WC-7509
18839	_sku	WC-7507
18840	_sku	WC-7503
18841	_sku	WC-7495
18842	_sku	WC-7496
18843	_sku	WC-7490
18844	_sku	WC-7487
18845	_sku	WC-7481
18846	_sku	WC-7477
18847	_sku	WC-7472
18848	_sku	WC-7470
18849	_sku	WC-7455
18850	_sku	WC-7464
18851	_sku	WC-7460
18852	_sku	WC-7454
18853	_sku	WC-7447
18854	_sku	WC-7446
18855	_sku	WC-7441
18856	_sku	WC-7439
18857	_sku	WC-7437
18858	_sku	WC-7435
18859	_sku	WC-7432
18860	_sku	WC-7430
18861	_sku	WC-7428
18862	_sku	WC-7426
18863	_sku	WC-7422
18864	_sku	WC-7420
18865	_sku	WC-7418
18866	_sku	WC-7416
18867	_sku	WC-7414
18868	_sku	WC-7412
18869	_sku	WC-7410
18870	_sku	WC-7408
18871	_sku	WC-7405
18872	_sku	WC-7402
18873	_sku	WC-7399
18874	_sku	WC-7394
18875	_sku	WC-7348
18876	_sku	WC-7392
18877	_sku	WC-7390
18878	_sku	WC-7382
18879	_sku	WC-7380
18880	_sku	WC-7377
18881	_sku	WC-7373
18882	_sku	WC-7367
18883	_sku	WC-7362
18884	_sku	WC-7360
18885	_sku	WC-7358
18886	_sku	WC-7356
18887	_sku	WC-7354
18888	_sku	WC-7351
18889	_sku	WC-7349
18890	_sku	WC-7341
18891	_sku	WC-7346
18892	_sku	WC-7342
18893	_sku	WC-7339
18894	_sku	WC-7330
18895	_sku	WC-7328
18896	_sku	WC-7323
18897	_sku	WC-7317
18898	_sku	WC-7315
18899	_sku	WC-7295
18900	_sku	WC-7293
18901	_sku	WC-7290
18902	_sku	WC-7286
18903	_sku	WC-7287
18904	_sku	WC-7284
18905	_sku	WC-7281
18906	_sku	WC-7278
18907	_sku	WC-7275
18908	_sku	WC-7271
18909	_sku	WC-7263
18910	_sku	WC-7258
18911	_sku	WC-7255
18912	_sku	WC-7253
18913	_sku	WC-7252
18914	_sku	WC-7250
18915	_sku	WC-7245
18916	_sku	WC-7241
18917	_sku	WC-7239
18918	_sku	WC-7237
18919	_sku	WC-7235
18920	_sku	WC-7232
18921	_sku	WC-7206
18922	_sku	WC-7199
18923	_sku	WC-7190
18924	_sku	WC-7189
18925	_sku	WC-7160
18926	_sku	WC-7187
18927	_sku	WC-7185
18928	_sku	WC-7183
18929	_sku	WC-7181
18930	_sku	WC-7180
18931	_sku	WC-7178
18932	_sku	WC-7176
18933	_sku	WC-7171
18934	_sku	WC-7167
18935	_sku	WC-7137
18936	_sku	WC-6998
18937	_sku	WC-6992
18938	_sku	WC-6987
18939	_sku	WC-6875
18940	_sku	WC-6755
18941	_sku	WC-6718
18942	_sku	WC-6709
18943	_sku	WC-6705
18944	_sku	WC-6704
18945	_sku	WC-6694
18946	_sku	WC-6689
18947	_sku	WC-6687
18948	_sku	WC-6683
18949	_sku	WC-6655
18950	_sku	WC-6681
18951	_sku	WC-6679
18952	_sku	WC-6678
18953	_sku	WC-6676
18954	_sku	WC-6675
18955	_sku	WC-6673
18956	_sku	WC-6671
18957	_sku	WC-6669
18958	_sku	WC-6668
18959	_sku	WC-6666
18960	_sku	WC-6665
18961	_sku	WC-6664
18962	_sku	WC-6663
18963	_sku	WC-6661
18964	_sku	WC-6660
18965	_sku	WC-6657
18966	_sku	WC-6653
18967	_sku	WC-6650
18968	_sku	WC-6648
18969	_sku	WC-6647
18970	_sku	WC-6645
18971	_sku	WC-6644
18972	_sku	WC-6642
18973	_sku	WC-6641
18974	_sku	WC-6634
18975	_sku	WC-6635
18976	_sku	WC-6632
18977	_sku	WC-6629
18978	_sku	WC-6626
18979	_sku	WC-6625
18980	_sku	WC-6619
18981	_sku	WC-6621
18982	_sku	WC-6616
18983	_sku	WC-6617
18984	_sku	WC-6611
18985	_sku	WC-6612
18986	_sku	WC-6605
18987	_sku	WC-6602
18988	_sku	WC-6599
18989	_sku	WC-6598
18990	_sku	WC-6562
18991	_sku	WC-6595
18992	_sku	WC-6594
18993	_sku	WC-6590
18994	_sku	WC-6588
18995	_sku	WC-6587
18996	_sku	WC-6584
18997	_sku	WC-6582
18998	_sku	WC-6580
18999	_sku	WC-6577
19000	_sku	WC-6576
19001	_sku	WC-6573
19002	_sku	WC-6569
19003	_sku	WC-6568
19004	_sku	WC-6567
19005	_sku	WC-6538
19006	_sku	WC-6561
19007	_sku	WC-6548
19008	_sku	WC-6559
19009	_sku	WC-6553
19010	_sku	WC-6551
19011	_sku	WC-6537
19012	_sku	WC-6544
19013	_sku	WC-6542
19014	_sku	WC-6539
19015	_sku	WC-6535
19016	_sku	WC-6532
19017	_sku	WC-6530
19018	_sku	WC-6528
19019	_sku	WC-6526
19020	_sku	WC-6524
19021	_sku	WC-6522
19022	_sku	WC-6518
19023	_sku	WC-6516
19024	_sku	WC-6514
19025	_sku	WC-6512
19026	_sku	WC-6510
19027	_sku	WC-6508
19028	_sku	WC-6506
19029	_sku	WC-6501
19030	_sku	WC-6499
19031	_sku	WC-6495
19032	_sku	WC-6493
19033	_sku	WC-6489
19034	_sku	WC-6490
19035	_sku	WC-6487
19036	_sku	WC-6486
19037	_sku	WC-6483
19038	_sku	WC-6475
19039	_sku	WC-6479
19040	_sku	WC-6472
19041	_sku	WC-6466
19042	_sku	WC-6467
19043	_sku	WC-6459
19044	_sku	WC-6463
19045	_sku	WC-6461
19046	_sku	WC-6458
19047	_sku	WC-6448
19048	_sku	WC-6453
19049	_sku	WC-6451
19050	_sku	WC-6446
19051	_sku	WC-6444
19052	_sku	WC-6442
19053	_sku	WC-6440
19054	_sku	WC-6438
19055	_sku	WC-6436
19056	_sku	WC-6434
19057	_sku	WC-6432
19058	_sku	WC-6431
19059	_sku	WC-6429
19060	_sku	WC-6428
19061	_sku	WC-6425
19062	_sku	WC-6421
19063	_sku	WC-6380
19064	_sku	WC-6419
19065	_sku	WC-6417
19066	_sku	WC-6415
19067	_sku	WC-6399
19068	_sku	WC-6411
19069	_sku	WC-6409
19070	_sku	WC-6407
19071	_sku	WC-6403
19072	_sku	WC-6404
19073	_sku	WC-6401
19074	_sku	WC-6397
19075	_sku	WC-6388
19076	_sku	WC-6392
19077	_sku	WC-6390
19078	_sku	WC-6386
19079	_sku	WC-6379
19080	_sku	WC-6384
19081	_sku	WC-6382
19082	_sku	WC-6374
19083	_sku	WC-6365
19084	_sku	WC-6368
19085	_sku	WC-6366
19086	_sku	WC-6360
19087	_sku	WC-6359
19088	_sku	WC-6357
19089	_sku	WC-6355
19090	_sku	WC-6353
19091	_sku	WC-6347
19092	_sku	WC-6345
19093	_sku	WC-6342
19094	_sku	WC-6334
19095	_sku	WC-6332
19096	_sku	WC-6330
19097	_sku	WC-6328
19098	_sku	WC-6326
19099	_sku	WC-6324
19100	_sku	WC-6322
19101	_sku	WC-6319
19102	_sku	WC-6313
19103	_sku	WC-6316
19104	_sku	WC-6308
19105	_sku	WC-6309
19106	_sku	WC-6304
19107	_sku	WC-6305
19108	_sku	WC-6295
19109	_sku	WC-6296
19110	_sku	WC-6299
19111	_sku	WC-6275
19112	_sku	WC-6293
19113	_sku	WC-6290
19114	_sku	WC-6287
19115	_sku	WC-6285
19116	_sku	WC-6283
19117	_sku	WC-6281
19118	_sku	WC-6279
19119	_sku	WC-6277
19120	_sku	WC-6274
19121	_sku	WC-6268
19122	_sku	WC-6270
19123	_sku	WC-6266
19124	_sku	WC-6264
19125	_sku	WC-6261
19126	_sku	WC-6259
19127	_sku	WC-6256
19128	_sku	WC-6252
19129	_sku	WC-6249
19130	_sku	WC-6247
19131	_sku	WC-6244
19132	_sku	WC-6227
19133	_sku	WC-6237
19134	_sku	WC-6241
19135	_sku	WC-6239
19136	_sku	WC-6238
19137	_sku	WC-6235
19138	_sku	WC-6232
19139	_sku	WC-6230
19140	_sku	WC-6229
19141	_sku	WC-6226
19142	_sku	WC-6219
19143	_sku	WC-6223
19144	_sku	WC-6221
19145	_sku	WC-6214
19146	_sku	WC-6201
19147	_sku	WC-6211
19148	_sku	WC-6209
19149	_sku	WC-6208
19150	_sku	WC-6202
19151	_sku	WC-6200
19152	_sku	WC-6197
19153	_sku	WC-6195
19154	_sku	WC-6193
19155	_sku	WC-6174
19156	_sku	WC-6159
19157	_sku	WC-6153
19158	_sku	WC-6151
19159	_sku	WC-6149
19160	_sku	WC-6143
19161	_sku	WC-6139
19162	_sku	WC-6133
19163	_sku	WC-6111
19164	_sku	WC-6115
19165	_sku	WC-6113
19166	_sku	WC-6108
19167	_sku	WC-6109
19168	_sku	WC-6105
19169	_sku	WC-6103
19170	_sku	WC-6100
19171	_sku	WC-6097
19172	_sku	WC-6095
19173	_sku	WC-6093
19174	_sku	WC-6091
19175	_sku	WC-6089
19176	_sku	WC-6086
19177	_sku	WC-6084
19178	_sku	WC-6051
19179	_sku	WC-6074
19180	_sku	WC-6068
19181	_sku	WC-6064
19182	_sku	WC-6059
19183	_sku	WC-6057
19184	_sku	WC-6055
19185	_sku	WC-6053
19186	_sku	WC-6050
19187	_sku	WC-6047
19188	_sku	WC-6045
19189	_sku	WC-6042
19190	_sku	WC-6037
19191	_sku	WC-6035
19192	_sku	WC-6030
19193	_sku	WC-6028
19194	_sku	WC-6027
19195	_sku	WC-6025
19196	_sku	WC-6022
19197	_sku	WC-6021
19198	_sku	WC-6019
19199	_sku	WC-6013
19200	_sku	WC-6008
19201	_sku	WC-5998
19202	_sku	WC-5990
19203	_sku	WC-5986
19204	_sku	WC-5984
19205	_sku	WC-5976
19206	_sku	WC-5969
19207	_sku	WC-5961
19208	_sku	WC-5956
19209	_sku	WC-5913
19210	_sku	WC-5951
19211	_sku	WC-5949
19212	_sku	WC-5947
19213	_sku	WC-5944
19214	_sku	WC-5940
19215	_sku	WC-5938
19216	_sku	WC-5937
19217	_sku	WC-5936
19218	_sku	WC-5933
19219	_sku	WC-5932
19220	_sku	WC-5929
19221	_sku	WC-5923
19222	_sku	WC-5921
19223	_sku	WC-5919
19224	_sku	WC-5917
19225	_sku	WC-5914
19226	_sku	WC-5910
19227	_sku	WC-5909
19228	_sku	WC-5907
19229	_sku	WC-5903
19230	_sku	WC-5897
19231	_sku	WC-5896
19232	_sku	WC-5894
19233	_sku	WC-5891
19234	_sku	WC-5888
19235	_sku	WC-5885
19236	_sku	WC-5883
19237	_sku	WC-5881
19238	_sku	WC-5880
19239	_sku	WC-5878
19240	_sku	WC-5876
19241	_sku	WC-5874
19242	_sku	WC-5871
19243	_sku	WC-5869
19244	_sku	WC-5867
19245	_sku	WC-5864
19246	_sku	WC-5781
19247	_sku	WC-5862
19248	_sku	WC-5860
19249	_sku	WC-5859
19250	_sku	WC-5855
19251	_sku	WC-5853
19252	_sku	WC-5851
19253	_sku	WC-5849
19254	_sku	WC-5846
19255	_sku	WC-5842
19256	_sku	WC-5796
19257	_sku	WC-5837
19258	_sku	WC-5834
19259	_sku	WC-5831
19260	_sku	WC-5829
19261	_sku	WC-5826
19262	_sku	WC-5823
19263	_sku	WC-5819
19264	_sku	WC-5816
19265	_sku	WC-5814
19266	_sku	WC-5810
19267	_sku	WC-5806
19268	_sku	WC-5795
19269	_sku	WC-5790
19270	_sku	WC-5788
19271	_sku	WC-5787
19272	_sku	WC-5779
19273	_sku	WC-5782
19274	_sku	WC-5772
19275	_sku	WC-5774
19276	_sku	WC-5771
19277	_sku	WC-5769
19278	_sku	WC-5765
19279	_sku	WC-5762
19280	_sku	WC-5758
19281	_sku	WC-5756
19282	_sku	WC-5750
19283	_sku	WC-5746
19284	_sku	WC-5727
19285	_sku	WC-5741
19286	_sku	WC-5738
19287	_sku	WC-5733
19288	_sku	WC-5731
19289	_sku	WC-5729
19290	_sku	WC-5726
19291	_sku	WC-5723
19292	_sku	WC-5719
19293	_sku	WC-5714
19294	_sku	WC-5715
19295	_sku	WC-5711
19296	_sku	WC-5707
19297	_sku	WC-5705
19298	_sku	WC-5702
19299	_sku	WC-5700
19300	_sku	WC-5699
19301	_sku	WC-5698
19302	_sku	WC-5694
19303	_sku	WC-5690
19304	_sku	WC-5687
19305	_sku	WC-5685
19306	_sku	WC-5683
19307	_sku	WC-5681
19308	_sku	WC-5679
19309	_sku	WC-5677
19310	_sku	WC-5676
19311	_sku	WC-5667
19312	_sku	WC-5665
19313	_sku	WC-5664
19314	_sku	WC-5658
19315	_sku	WC-5663
19316	_sku	WC-5660
19317	_sku	WC-5657
19318	_sku	WC-5652
19319	_sku	WC-5636
19320	_sku	WC-5642
19321	_sku	WC-5637
19322	_sku	WC-5633
19323	_sku	WC-5629
19324	_sku	WC-5615
19325	_sku	WC-5611
19326	_sku	WC-5609
19327	_sku	WC-5607
19328	_sku	WC-5605
19329	_sku	WC-5600
19330	_sku	WC-5598
19331	_sku	WC-5595
19332	_sku	WC-5593
19333	_sku	WC-5591
19334	_sku	WC-5589
19335	_sku	WC-5587
19336	_sku	WC-5585
19337	_sku	WC-5583
19338	_sku	WC-5580
19339	_sku	WC-5574
19340	_sku	WC-5572
19341	_sku	WC-5570
19342	_sku	WC-5568
19343	_sku	WC-5565
19344	_sku	WC-5563
19345	_sku	WC-5561
19346	_sku	WC-5559
19347	_sku	WC-5557
19348	_sku	WC-5555
19349	_sku	WC-5551
19350	_sku	WC-5528
19351	_sku	WC-5457
19352	_sku	WC-5453
19353	_sku	WC-5501
19354	_sku	WC-5427
19355	_sku	WC-5424
19356	_sku	WC-5422
19357	_sku	WC-5420
19358	_sku	WC-5418
19359	_sku	WC-5416
19360	_sku	WC-5414
19361	_sku	WC-5397
19362	_sku	WC-5395
19363	_sku	WC-5393
19364	_sku	WC-5391
19365	_sku	WC-5389
19366	_sku	WC-5387
19367	_sku	WC-5385
19368	_sku	WC-5383
19369	_sku	WC-5381
19370	_sku	WC-5379
19371	_sku	WC-5376
19372	_sku	WC-5374
19373	_sku	WC-5371
19374	_sku	WC-5369
19375	_sku	WC-5353
19376	_sku	WC-5350
19377	_sku	WC-5348
19378	_sku	WC-5344
19379	_sku	WC-5340
19380	_sku	WC-5313
19381	_sku	WC-5330
19382	_sku	WC-5328
19383	_sku	WC-5324
19384	_sku	WC-5292
19385	_sku	WC-5310
19386	_sku	WC-5307
19387	_sku	WC-5305
19388	_sku	WC-5304
19389	_sku	WC-5301
19390	_sku	WC-5297
19391	_sku	WC-5294
19392	_sku	WC-5290
19393	_sku	WC-5287
19394	_sku	WC-5285
19395	_sku	WC-5284
19396	_sku	WC-5281
19397	_sku	WC-5279
19398	_sku	WC-5277
19399	_sku	WC-5275
19400	_sku	WC-5273
19401	_sku	WC-5271
19402	_sku	WC-5269
19403	_sku	WC-5267
19404	_sku	WC-5265
19405	_sku	WC-5263
19406	_sku	WC-5259
19407	_sku	WC-5250
19408	_sku	WC-5255
19409	_sku	WC-5252
19410	_sku	WC-5249
19411	_sku	WC-5234
19412	_sku	WC-5246
19413	_sku	WC-5244
19414	_sku	WC-5241
19415	_sku	WC-5238
19416	_sku	WC-5236
19417	_sku	WC-5232
19418	_sku	WC-5229
19419	_sku	WC-5227
19420	_sku	WC-5224
19421	_sku	WC-5221
19422	_sku	WC-4714
19423	_sku	WC-4935
19424	_sku	WC-4952
19425	_sku	WC-5209
19426	_sku	WC-5208
19427	_sku	WC-5206
19428	_sku	WC-5201
19429	_sku	WC-5199
19430	_sku	WC-5196
19431	_sku	WC-5194
19432	_sku	WC-5190
19433	_sku	WC-5188
19434	_sku	WC-5186
19435	_sku	WC-5184
19436	_sku	WC-5180
19437	_sku	WC-5177
19438	_sku	WC-5175
19439	_sku	WC-5174
19440	_sku	WC-5172
19441	_sku	WC-5170
19442	_sku	WC-5168
19443	_sku	WC-5166
19444	_sku	WC-5164
19445	_sku	WC-5162
19446	_sku	WC-5160
19447	_sku	WC-5158
19448	_sku	WC-5155
19449	_sku	WC-5153
19450	_sku	WC-5151
19451	_sku	WC-5149
19452	_sku	WC-5145
19453	_sku	WC-5143
19454	_sku	WC-5141
19455	_sku	WC-5140
19456	_sku	WC-5136
19457	_sku	WC-5137
19458	_sku	WC-5134
19459	_sku	WC-5130
19460	_sku	WC-5128
19461	_sku	WC-5124
19462	_sku	WC-5122
19463	_sku	WC-5120
19464	_sku	WC-5117
19465	_sku	WC-5114
19466	_sku	WC-5111
19467	_sku	WC-5110
19468	_sku	WC-5008
19469	_sku	WC-5109
19470	_sku	WC-5106
19471	_sku	WC-5103
19472	_sku	WC-5019
19473	_sku	WC-5097
19474	_sku	WC-5099
19475	_sku	WC-5087
19476	_sku	WC-5092
19477	_sku	WC-5090
19478	_sku	WC-5088
19479	_sku	WC-5085
19480	_sku	WC-5081
19481	_sku	WC-5077
19482	_sku	WC-5075
19483	_sku	WC-5073
19484	_sku	WC-5070
19485	_sku	WC-5067
19486	_sku	WC-5065
19487	_sku	WC-5063
19488	_sku	WC-5060
19489	_sku	WC-5058
19490	_sku	WC-5055
19491	_sku	WC-5053
19492	_sku	WC-5052
19493	_sku	WC-5050
19494	_sku	WC-5048
19495	_sku	WC-5046
19496	_sku	WC-5044
19497	_sku	WC-5043
19498	_sku	WC-5040
19499	_sku	WC-5038
19500	_sku	WC-5036
19501	_sku	WC-5034
19502	_sku	WC-5032
19503	_sku	WC-5029
19504	_sku	WC-5027
19505	_sku	WC-5013
19506	_sku	WC-5022
19507	_sku	WC-5017
19508	_sku	WC-5015
19509	_sku	WC-5012
19510	_sku	WC-5010
19511	_sku	WC-5002
19512	_sku	WC-4995
19513	_sku	WC-4948
19514	_sku	WC-4990
19515	_sku	WC-4987
19516	_sku	WC-4983
19517	_sku	WC-4984
19518	_sku	WC-4980
19519	_sku	WC-4978
19520	_sku	WC-4975
19521	_sku	WC-4974
19522	_sku	WC-4969
19523	_sku	WC-4970
19524	_sku	WC-4967
19525	_sku	WC-4962
19526	_sku	WC-4961
19527	_sku	WC-4958
19528	_sku	WC-4954
19529	_sku	WC-4950
19530	_sku	WC-4929
19531	_sku	WC-4946
19532	_sku	WC-4944
19533	_sku	WC-4943
19534	_sku	WC-4942
19535	_sku	WC-4940
19536	_sku	WC-4938
19537	_sku	WC-4933
19538	_sku	WC-4931
19539	_sku	WC-4923
19540	_sku	WC-4922
19541	_sku	WC-4921
19542	_sku	WC-4920
19543	_sku	WC-4918
19544	_sku	WC-4916
19545	_sku	WC-4911
19546	_sku	WC-4910
19547	_sku	WC-4908
19548	_sku	WC-4906
19549	_sku	WC-4904
19550	_sku	WC-4901
19551	_sku	WC-4898
19552	_sku	WC-4897
19553	_sku	WC-4895
19554	_sku	WC-4894
19555	_sku	WC-4888
19556	_sku	WC-4878
19557	_sku	WC-4883
19558	_sku	WC-4877
19559	_sku	WC-4875
19560	_sku	WC-4873
19561	_sku	WC-4871
19562	_sku	WC-4869
19563	_sku	WC-4868
19564	_sku	WC-4866
19565	_sku	WC-4864
19566	_sku	WC-4862
19567	_sku	WC-4860
19568	_sku	WC-4858
19569	_sku	WC-4856
19570	_sku	WC-4855
19571	_sku	WC-4854
19572	_sku	WC-4853
19573	_sku	WC-4851
19574	_sku	WC-4849
19575	_sku	WC-4842
19576	_sku	WC-4839
19577	_sku	WC-4833
19578	_sku	WC-4830
19579	_sku	WC-4829
19580	_sku	WC-4826
19581	_sku	WC-4821
19582	_sku	WC-4818
19583	_sku	WC-4816
19584	_sku	WC-4813
19585	_sku	WC-4810
19586	_sku	WC-4807
19587	_sku	WC-4803
19588	_sku	WC-4800
19589	_sku	WC-4797
19590	_sku	WC-4793
19591	_sku	WC-4792
19592	_sku	WC-4791
19593	_sku	WC-4790
19594	_sku	WC-4787
19595	_sku	WC-4785
19596	_sku	WC-4784
19597	_sku	WC-4783
19598	_sku	WC-4782
19599	_sku	WC-4781
19600	_sku	WC-4776
19601	_sku	WC-4774
19602	_sku	WC-4771
19603	_sku	WC-4770
19604	_sku	WC-4764
19605	_sku	WC-4762
19606	_sku	WC-4759
19607	_sku	WC-4753
19608	_sku	WC-4751
19609	_sku	WC-4745
19610	_sku	WC-4743
19611	_sku	WC-4741
19612	_sku	WC-4739
19613	_sku	WC-4736
19614	_sku	WC-4733
19615	_sku	WC-4724
19616	_sku	WC-4722
19617	_sku	WC-4720
19618	_sku	WC-4716
19619	_sku	WC-4698
19620	_sku	WC-4692
19621	_sku	WC-4689
19622	_sku	WC-4686
19623	_sku	WC-4685
19624	_sku	WC-4682
19625	_sku	WC-4679
19626	_sku	WC-4677
19627	_sku	WC-4673
19628	_sku	WC-4668
19629	_sku	WC-4666
19630	_sku	WC-4665
19631	_sku	WC-4660
19632	_sku	WC-4658
19633	_sku	WC-4654
19634	_sku	WC-4653
19635	_sku	WC-4646
19636	_sku	WC-4645
19637	_sku	WC-4641
19638	_sku	WC-4638
19639	_sku	WC-4631
19640	_sku	WC-4629
19641	_sku	WC-4612
19642	_sku	WC-4617
19643	_sku	WC-4610
19644	_sku	WC-4604
19645	_sku	WC-4361
19646	_sku	WC-4359
19647	_sku	WC-4355
19648	_sku	WC-4353
19649	_sku	WC-4351
19650	_sku	WC-4347
19651	_sku	WC-4345
19652	_sku	WC-4343
19653	_sku	WC-4341
19654	_sku	WC-4338
19655	_sku	WC-4329
19656	_sku	WC-4327
19657	_sku	WC-4325
19658	_sku	WC-4323
19659	_sku	WC-4321
19660	_sku	WC-4318
19661	_sku	WC-4313
5694	_stock	NULL
4313	_stock	NULL
4318	_stock	NULL
4321	_stock	NULL
4323	_stock	NULL
4325	_stock	NULL
4327	_stock	NULL
4329	_stock	NULL
8437	_stock	NULL
4335	_stock	NULL
4338	_stock	NULL
4341	_stock	NULL
4343	_stock	NULL
4345	_stock	NULL
4347	_stock	NULL
4351	_stock	NULL
4353	_stock	NULL
4355	_stock	NULL
4359	_stock	NULL
4361	_stock	NULL
4604	_stock	NULL
4610	_stock	NULL
4617	_stock	NULL
4612	_stock	NULL
4629	_stock	NULL
4631	_stock	NULL
4638	_stock	NULL
4641	_stock	NULL
9750	_stock	NULL
4645	_stock	NULL
4646	_stock	NULL
4653	_stock	NULL
4654	_stock	NULL
4658	_stock	NULL
4660	_stock	NULL
4665	_stock	NULL
4666	_stock	NULL
4668	_stock	NULL
4673	_stock	NULL
4677	_stock	NULL
4679	_stock	NULL
4682	_stock	NULL
4685	_stock	NULL
4686	_stock	NULL
4689	_stock	NULL
4692	_stock	NULL
4698	_stock	NULL
4716	_stock	NULL
4720	_stock	NULL
4722	_stock	NULL
4724	_stock	NULL
4727	_stock	NULL
4732	_stock	NULL
4733	_stock	NULL
4736	_stock	NULL
4739	_stock	NULL
4741	_stock	NULL
4743	_stock	NULL
4745	_stock	NULL
4751	_stock	NULL
4753	_stock	NULL
4759	_stock	NULL
4762	_stock	NULL
4764	_stock	NULL
4770	_stock	NULL
4771	_stock	NULL
4774	_stock	NULL
4776	_stock	NULL
4781	_stock	NULL
4782	_stock	NULL
4783	_stock	NULL
4784	_stock	NULL
4785	_stock	NULL
4787	_stock	NULL
4790	_stock	NULL
4791	_stock	NULL
4792	_stock	NULL
4793	_stock	NULL
4797	_stock	NULL
4800	_stock	NULL
4803	_stock	NULL
4807	_stock	NULL
4810	_stock	NULL
4813	_stock	NULL
4816	_stock	NULL
4818	_stock	NULL
4821	_stock	NULL
4826	_stock	NULL
4829	_stock	NULL
4830	_stock	NULL
4833	_stock	NULL
4839	_stock	NULL
4842	_stock	NULL
4849	_stock	NULL
4851	_stock	NULL
4853	_stock	NULL
4854	_stock	NULL
4855	_stock	NULL
4856	_stock	NULL
4858	_stock	NULL
4860	_stock	NULL
4862	_stock	NULL
4864	_stock	NULL
4866	_stock	NULL
4868	_stock	NULL
4869	_stock	NULL
4871	_stock	NULL
4873	_stock	NULL
4875	_stock	NULL
4877	_stock	NULL
4883	_stock	NULL
4878	_stock	NULL
4888	_stock	NULL
4894	_stock	NULL
4895	_stock	NULL
4897	_stock	NULL
4898	_stock	NULL
4901	_stock	NULL
4904	_stock	NULL
4906	_stock	NULL
4908	_stock	NULL
4910	_stock	NULL
4911	_stock	NULL
4916	_stock	NULL
4918	_stock	NULL
4920	_stock	NULL
4921	_stock	NULL
4922	_stock	NULL
4923	_stock	NULL
4931	_stock	NULL
4933	_stock	NULL
4938	_stock	NULL
4940	_stock	NULL
4942	_stock	NULL
4943	_stock	NULL
4944	_stock	NULL
4946	_stock	NULL
4929	_stock	NULL
4950	_stock	NULL
4954	_stock	NULL
9647	_stock	NULL
4958	_stock	NULL
4961	_stock	NULL
4962	_stock	NULL
15265	_stock	NULL
4967	_stock	NULL
4970	_stock	NULL
15263	_stock	NULL
4969	_stock	NULL
4974	_stock	NULL
4975	_stock	NULL
4978	_stock	NULL
4980	_stock	NULL
4984	_stock	NULL
4983	_stock	NULL
4987	_stock	NULL
4990	_stock	NULL
4948	_stock	NULL
4995	_stock	NULL
5002	_stock	NULL
5010	_stock	NULL
5012	_stock	NULL
5015	_stock	NULL
5017	_stock	NULL
15315	_stock	NULL
5022	_stock	NULL
5013	_stock	NULL
5027	_stock	NULL
5029	_stock	NULL
5032	_stock	NULL
5034	_stock	NULL
5036	_stock	NULL
5038	_stock	NULL
5040	_stock	NULL
5043	_stock	NULL
5044	_stock	NULL
5046	_stock	NULL
5048	_stock	NULL
5050	_stock	NULL
5052	_stock	NULL
5053	_stock	NULL
5055	_stock	NULL
5058	_stock	NULL
5060	_stock	NULL
5063	_stock	NULL
5065	_stock	NULL
5067	_stock	NULL
5070	_stock	NULL
5073	_stock	NULL
5075	_stock	NULL
5077	_stock	NULL
5081	_stock	NULL
5085	_stock	NULL
5088	_stock	NULL
5090	_stock	NULL
5092	_stock	NULL
5087	_stock	NULL
5096	_stock	NULL
5099	_stock	NULL
5097	_stock	NULL
5019	_stock	NULL
5103	_stock	NULL
5106	_stock	NULL
5109	_stock	NULL
5008	_stock	NULL
5110	_stock	NULL
5111	_stock	NULL
5114	_stock	NULL
5117	_stock	NULL
5120	_stock	NULL
5122	_stock	NULL
5124	_stock	NULL
5128	_stock	NULL
5130	_stock	NULL
5134	_stock	NULL
5137	_stock	NULL
5136	_stock	NULL
5141	_stock	NULL
5140	_stock	NULL
5143	_stock	NULL
5145	_stock	NULL
5149	_stock	NULL
5151	_stock	NULL
5153	_stock	NULL
5155	_stock	NULL
5158	_stock	NULL
5160	_stock	NULL
5162	_stock	NULL
5164	_stock	NULL
5166	_stock	NULL
5168	_stock	NULL
5170	_stock	NULL
5172	_stock	NULL
5174	_stock	NULL
5175	_stock	NULL
5177	_stock	NULL
5180	_stock	NULL
5184	_stock	NULL
5186	_stock	NULL
5188	_stock	NULL
5190	_stock	NULL
12416	_stock	NULL
5194	_stock	NULL
5196	_stock	NULL
5199	_stock	NULL
5201	_stock	NULL
5206	_stock	NULL
5208	_stock	NULL
5209	_stock	NULL
4952	_stock	NULL
4935	_stock	NULL
4714	_stock	NULL
5221	_stock	NULL
5224	_stock	NULL
5227	_stock	NULL
5229	_stock	NULL
5232	_stock	NULL
5236	_stock	NULL
5238	_stock	NULL
5241	_stock	NULL
5244	_stock	NULL
5246	_stock	NULL
5234	_stock	NULL
5249	_stock	NULL
5252	_stock	NULL
5255	_stock	NULL
5250	_stock	NULL
5259	_stock	NULL
5263	_stock	NULL
5265	_stock	NULL
5267	_stock	NULL
5269	_stock	NULL
5271	_stock	NULL
5273	_stock	NULL
5275	_stock	NULL
5277	_stock	NULL
5279	_stock	NULL
5281	_stock	NULL
5284	_stock	NULL
5285	_stock	NULL
5287	_stock	NULL
5290	_stock	NULL
5294	_stock	NULL
5297	_stock	NULL
5301	_stock	NULL
5304	_stock	NULL
5305	_stock	NULL
5307	_stock	NULL
5310	_stock	NULL
5292	_stock	NULL
5313	_stock	NULL
8505	_stock	NULL
5324	_stock	NULL
5328	_stock	NULL
5330	_stock	NULL
5340	_stock	NULL
5344	_stock	NULL
5348	_stock	NULL
5350	_stock	NULL
8503	_stock	NULL
8501	_stock	NULL
5353	_stock	NULL
5369	_stock	NULL
5371	_stock	NULL
5374	_stock	NULL
5376	_stock	NULL
5379	_stock	NULL
5381	_stock	NULL
5383	_stock	NULL
5385	_stock	NULL
5387	_stock	NULL
5389	_stock	NULL
5391	_stock	NULL
5393	_stock	NULL
5395	_stock	NULL
8513	_stock	NULL
5561	_stock	NULL
5559	_stock	NULL
5397	_stock	NULL
5414	_stock	NULL
5416	_stock	NULL
5418	_stock	NULL
5420	_stock	NULL
5422	_stock	NULL
5424	_stock	NULL
5427	_stock	NULL
8511	_stock	NULL
8509	_stock	NULL
5552	_stock	NULL
5553	_stock	NULL
5554	_stock	NULL
5557	_stock	NULL
5555	_stock	NULL
5551	_stock	NULL
8523	_stock	NULL
5501	_stock	NULL
5502	_stock	NULL
5503	_stock	NULL
5504	_stock	NULL
5453	_stock	NULL
5508	_stock	NULL
5509	_stock	NULL
5510	_stock	NULL
5457	_stock	NULL
5527	_stock	NULL
5517	_stock	NULL
5528	_stock	NULL
5629	_stock	NULL
5563	_stock	NULL
5565	_stock	NULL
5568	_stock	NULL
5570	_stock	NULL
5572	_stock	NULL
5574	_stock	NULL
5580	_stock	NULL
5583	_stock	NULL
5585	_stock	NULL
5587	_stock	NULL
5589	_stock	NULL
5591	_stock	NULL
5593	_stock	NULL
5595	_stock	NULL
8587	_stock	NULL
5598	_stock	NULL
5600	_stock	NULL
5605	_stock	NULL
8520	_stock	NULL
8517	_stock	NULL
8514	_stock	NULL
8506	_stock	NULL
5607	_stock	NULL
5609	_stock	NULL
5611	_stock	NULL
5615	_stock	NULL
5618	_stock	NULL
5619	_stock	NULL
5628	_stock	NULL
5633	_stock	NULL
5637	_stock	NULL
5642	_stock	NULL
5636	_stock	NULL
5652	_stock	NULL
5657	_stock	NULL
5660	_stock	NULL
5663	_stock	NULL
5658	_stock	NULL
5664	_stock	NULL
5665	_stock	NULL
5667	_stock	NULL
9748	_stock	NULL
5676	_stock	NULL
5677	_stock	NULL
5679	_stock	NULL
5681	_stock	NULL
5683	_stock	NULL
5685	_stock	NULL
5687	_stock	NULL
5690	_stock	NULL
5698	_stock	NULL
5699	_stock	NULL
5700	_stock	NULL
5702	_stock	NULL
5705	_stock	NULL
5707	_stock	NULL
5711	_stock	NULL
5714	_stock	NULL
5715	_stock	NULL
5719	_stock	NULL
5723	_stock	NULL
5726	_stock	NULL
5729	_stock	NULL
5731	_stock	NULL
5733	_stock	NULL
5738	_stock	NULL
5741	_stock	NULL
5727	_stock	NULL
5746	_stock	NULL
5750	_stock	NULL
5756	_stock	NULL
5758	_stock	NULL
5762	_stock	NULL
5765	_stock	NULL
5769	_stock	NULL
5771	_stock	NULL
5774	_stock	NULL
5772	_stock	NULL
5782	_stock	NULL
5779	_stock	NULL
8665	_stock	NULL
5787	_stock	NULL
5788	_stock	NULL
5790	_stock	NULL
5796	_stock	NULL
5848	_stock	NULL
5846	_stock	NULL
5795	_stock	NULL
5806	_stock	NULL
5810	_stock	NULL
5814	_stock	NULL
5816	_stock	NULL
5817	_stock	NULL
5819	_stock	NULL
5823	_stock	NULL
5826	_stock	NULL
5829	_stock	NULL
5831	_stock	NULL
5834	_stock	NULL
5837	_stock	NULL
5842	_stock	NULL
5849	_stock	NULL
5851	_stock	NULL
5853	_stock	NULL
5855	_stock	NULL
8720	_stock	NULL
5859	_stock	NULL
5860	_stock	NULL
5862	_stock	NULL
5781	_stock	NULL
5864	_stock	NULL
5867	_stock	NULL
5869	_stock	NULL
5871	_stock	NULL
5874	_stock	NULL
5876	_stock	NULL
5878	_stock	NULL
5880	_stock	NULL
5881	_stock	NULL
5883	_stock	NULL
5885	_stock	NULL
5888	_stock	NULL
5891	_stock	NULL
5894	_stock	NULL
5896	_stock	NULL
5897	_stock	NULL
5901	_stock	NULL
5903	_stock	NULL
5904	_stock	NULL
5907	_stock	NULL
5909	_stock	NULL
5910	_stock	NULL
5914	_stock	NULL
5915	_stock	NULL
5917	_stock	NULL
5918	_stock	NULL
5919	_stock	NULL
5920	_stock	NULL
5921	_stock	NULL
5922	_stock	NULL
5923	_stock	NULL
5924	_stock	NULL
5929	_stock	NULL
5932	_stock	NULL
5933	_stock	NULL
5936	_stock	NULL
5937	_stock	NULL
5938	_stock	NULL
5940	_stock	NULL
5941	_stock	NULL
5944	_stock	NULL
5947	_stock	NULL
5949	_stock	NULL
5951	_stock	NULL
5913	_stock	NULL
5953	_stock	NULL
5956	_stock	NULL
5961	_stock	NULL
5962	_stock	NULL
5964	_stock	NULL
5966	_stock	NULL
5969	_stock	NULL
5970	_stock	NULL
5972	_stock	NULL
5973	_stock	NULL
5976	_stock	NULL
5977	_stock	NULL
5978	_stock	NULL
5984	_stock	NULL
5986	_stock	NULL
5987	_stock	NULL
5988	_stock	NULL
5990	_stock	NULL
5993	_stock	NULL
5992	_stock	NULL
5996	_stock	NULL
5998	_stock	NULL
5999	_stock	NULL
6001	_stock	NULL
6002	_stock	NULL
6003	_stock	NULL
6004	_stock	NULL
6008	_stock	NULL
6009	_stock	NULL
6011	_stock	NULL
6012	_stock	NULL
6013	_stock	NULL
6014	_stock	NULL
6016	_stock	NULL
8719	_stock	NULL
6019	_stock	NULL
6022	_stock	NULL
6025	_stock	NULL
6027	_stock	NULL
6028	_stock	NULL
6030	_stock	NULL
6035	_stock	NULL
6037	_stock	NULL
6042	_stock	NULL
6045	_stock	NULL
6047	_stock	NULL
6050	_stock	NULL
6053	_stock	NULL
6055	_stock	NULL
6057	_stock	NULL
6059	_stock	NULL
6064	_stock	NULL
6068	_stock	NULL
6051	_stock	NULL
6075	_stock	0
6077	_stock	NULL
6078	_stock	NULL
6080	_stock	NULL
6081	_stock	NULL
6082	_stock	NULL
6083	_stock	NULL
6074	_stock	NULL
6084	_stock	NULL
6086	_stock	NULL
6089	_stock	NULL
6091	_stock	NULL
6093	_stock	NULL
6095	_stock	NULL
6097	_stock	NULL
6100	_stock	NULL
6103	_stock	NULL
6105	_stock	NULL
6109	_stock	NULL
6108	_stock	NULL
6113	_stock	NULL
6115	_stock	NULL
6111	_stock	NULL
6117	_stock	NULL
6118	_stock	NULL
6119	_stock	NULL
6120	_stock	NULL
6121	_stock	NULL
6122	_stock	NULL
6127	_stock	NULL
6133	_stock	NULL
6139	_stock	NULL
6143	_stock	NULL
6145	_stock	NULL
6149	_stock	NULL
6151	_stock	NULL
6153	_stock	NULL
6157	_stock	NULL
6159	_stock	NULL
6165	_stock	NULL
6166	_stock	NULL
6167	_stock	NULL
6168	_stock	NULL
6169	_stock	NULL
6170	_stock	NULL
6171	_stock	NULL
6172	_stock	NULL
6174	_stock	NULL
6177	_stock	NULL
6178	_stock	NULL
6179	_stock	NULL
6180	_stock	NULL
6181	_stock	NULL
6182	_stock	NULL
6183	_stock	NULL
6184	_stock	NULL
6185	_stock	NULL
6186	_stock	NULL
6187	_stock	NULL
6188	_stock	NULL
6189	_stock	NULL
6193	_stock	NULL
6195	_stock	NULL
6197	_stock	NULL
6200	_stock	NULL
6202	_stock	NULL
6208	_stock	
6209	_stock	NULL
6211	_stock	NULL
6201	_stock	NULL
6214	_stock	NULL
6221	_stock	NULL
6223	_stock	NULL
6219	_stock	NULL
6226	_stock	NULL
6229	_stock	NULL
6230	_stock	NULL
6232	_stock	NULL
6235	_stock	NULL
6238	_stock	NULL
6239	_stock	NULL
6241	_stock	NULL
6237	_stock	NULL
6227	_stock	NULL
6244	_stock	NULL
6247	_stock	NULL
6249	_stock	NULL
6252	_stock	NULL
6256	_stock	NULL
6259	_stock	NULL
6261	_stock	NULL
6264	_stock	NULL
6266	_stock	NULL
6270	_stock	NULL
6268	_stock	NULL
6274	_stock	NULL
6277	_stock	NULL
6279	_stock	NULL
6281	_stock	NULL
6283	_stock	NULL
6285	_stock	NULL
6287	_stock	NULL
6290	_stock	NULL
6293	_stock	NULL
6275	_stock	NULL
6299	_stock	NULL
6296	_stock	NULL
6295	_stock	NULL
6305	_stock	NULL
6304	_stock	NULL
6308	_stock	NULL
6309	_stock	NULL
6316	_stock	NULL
6313	_stock	NULL
6319	_stock	NULL
6322	_stock	NULL
6324	_stock	NULL
6326	_stock	NULL
6328	_stock	NULL
6330	_stock	NULL
6332	_stock	NULL
6334	_stock	NULL
6338	_stock	NULL
6339	_stock	NULL
6340	_stock	NULL
6341	_stock	NULL
6342	_stock	NULL
6345	_stock	NULL
6347	_stock	NULL
6353	_stock	NULL
6355	_stock	NULL
6357	_stock	NULL
6359	_stock	NULL
6360	_stock	NULL
6366	_stock	NULL
6368	_stock	NULL
6365	_stock	NULL
9436	_stock	NULL
6374	_stock	NULL
6382	_stock	NULL
6384	_stock	NULL
6379	_stock	NULL
6386	_stock	NULL
6390	_stock	NULL
6392	_stock	NULL
6388	_stock	NULL
6397	_stock	NULL
6401	_stock	NULL
6404	_stock	NULL
6403	_stock	NULL
6407	_stock	NULL
6409	_stock	NULL
6411	_stock	NULL
6399	_stock	NULL
6415	_stock	NULL
6417	_stock	NULL
6419	_stock	NULL
6380	_stock	NULL
6421	_stock	NULL
6425	_stock	NULL
6428	_stock	NULL
6429	_stock	NULL
6431	_stock	NULL
6432	_stock	NULL
6434	_stock	NULL
6436	_stock	NULL
6438	_stock	NULL
6440	_stock	NULL
6442	_stock	NULL
6444	_stock	NULL
6446	_stock	NULL
6448	_stock	NULL
6451	_stock	NULL
6453	_stock	NULL
6458	_stock	NULL
6461	_stock	NULL
6463	_stock	NULL
6459	_stock	NULL
6467	_stock	NULL
6466	_stock	NULL
6472	_stock	NULL
6479	_stock	NULL
6475	_stock	NULL
6483	_stock	NULL
6486	_stock	NULL
6487	_stock	NULL
6490	_stock	NULL
6489	_stock	NULL
6493	_stock	NULL
6495	_stock	NULL
6501	_stock	NULL
6499	_stock	NULL
6506	_stock	NULL
6508	_stock	NULL
6510	_stock	NULL
6512	_stock	NULL
6514	_stock	NULL
6516	_stock	NULL
6518	_stock	NULL
6522	_stock	NULL
6524	_stock	NULL
6526	_stock	NULL
6528	_stock	NULL
6530	_stock	NULL
6532	_stock	NULL
6535	_stock	NULL
6539	_stock	NULL
6542	_stock	NULL
6544	_stock	NULL
6537	_stock	NULL
6551	_stock	NULL
6553	_stock	NULL
6559	_stock	NULL
6548	_stock	NULL
6561	_stock	NULL
6538	_stock	NULL
6567	_stock	NULL
6568	_stock	NULL
6569	_stock	NULL
6573	_stock	NULL
6576	_stock	NULL
6577	_stock	NULL
9069	_stock	NULL
6580	_stock	NULL
6582	_stock	NULL
6584	_stock	NULL
6587	_stock	NULL
6588	_stock	NULL
6590	_stock	NULL
6594	_stock	NULL
6595	_stock	NULL
6562	_stock	NULL
6598	_stock	NULL
6599	_stock	NULL
6602	_stock	NULL
6605	_stock	NULL
6612	_stock	NULL
6611	_stock	NULL
6617	_stock	NULL
6616	_stock	NULL
6621	_stock	NULL
6619	_stock	NULL
6625	_stock	NULL
6626	_stock	NULL
6629	_stock	NULL
6632	_stock	NULL
6635	_stock	NULL
6634	_stock	NULL
6641	_stock	NULL
6642	_stock	NULL
6644	_stock	NULL
6645	_stock	NULL
6647	_stock	NULL
6648	_stock	NULL
6650	_stock	NULL
6653	_stock	NULL
6657	_stock	NULL
6660	_stock	NULL
6661	_stock	NULL
6663	_stock	NULL
6664	_stock	NULL
6665	_stock	NULL
6666	_stock	NULL
6668	_stock	NULL
6669	_stock	NULL
6671	_stock	NULL
6673	_stock	NULL
6675	_stock	NULL
6676	_stock	NULL
6678	_stock	NULL
6679	_stock	NULL
6681	_stock	NULL
6655	_stock	NULL
6683	_stock	NULL
6687	_stock	NULL
6689	_stock	NULL
6694	_stock	NULL
6704	_stock	NULL
6705	_stock	NULL
6709	_stock	NULL
6718	_stock	NULL
6755	_stock	NULL
6868	_stock	NULL
6869	_stock	NULL
6870	_stock	NULL
6871	_stock	NULL
6872	_stock	NULL
6873	_stock	NULL
6874	_stock	NULL
6875	_stock	NULL
6876	_stock	NULL
6877	_stock	NULL
6878	_stock	NULL
6879	_stock	NULL
6880	_stock	NULL
6881	_stock	NULL
6882	_stock	NULL
6914	_stock	NULL
7036	_stock	NULL
6987	_stock	NULL
6992	_stock	NULL
6998	_stock	NULL
7055	_stock	NULL
7056	_stock	NULL
7057	_stock	NULL
7058	_stock	NULL
7077	_stock	NULL
7104	_stock	NULL
7120	_stock	NULL
7137	_stock	NULL
7160	_stock	NULL
7167	_stock	NULL
7171	_stock	NULL
7176	_stock	NULL
7178	_stock	NULL
7180	_stock	NULL
7181	_stock	NULL
7183	_stock	NULL
7185	_stock	NULL
7187	_stock	NULL
7189	_stock	NULL
7190	_stock	NULL
7206	_stock	NULL
7199	_stock	NULL
7210	_stock	NULL
7233	_stock	NULL
7232	_stock	NULL
7235	_stock	NULL
7237	_stock	NULL
7239	_stock	NULL
7241	_stock	NULL
7245	_stock	NULL
7250	_stock	NULL
7252	_stock	NULL
7253	_stock	NULL
7255	_stock	NULL
7258	_stock	NULL
9438	_stock	NULL
7267	_stock	NULL
7269	_stock	NULL
7263	_stock	NULL
7271	_stock	NULL
7275	_stock	NULL
7278	_stock	NULL
7281	_stock	NULL
7284	_stock	NULL
7287	_stock	NULL
7286	_stock	NULL
7290	_stock	NULL
7293	_stock	NULL
7295	_stock	NULL
7299	_stock	NULL
7301	_stock	NULL
7303	_stock	NULL
7304	_stock	NULL
7306	_stock	NULL
7307	_stock	NULL
7308	_stock	NULL
7310	_stock	NULL
7311	_stock	NULL
7312	_stock	NULL
7315	_stock	NULL
7317	_stock	NULL
7318	_stock	NULL
7323	_stock	NULL
7328	_stock	NULL
7330	_stock	NULL
7331	_stock	NULL
7333	_stock	NULL
7335	_stock	NULL
7337	_stock	NULL
7339	_stock	NULL
7342	_stock	NULL
7346	_stock	NULL
7341	_stock	NULL
7349	_stock	NULL
7351	_stock	NULL
7354	_stock	NULL
7356	_stock	NULL
7358	_stock	NULL
7360	_stock	NULL
7362	_stock	NULL
7367	_stock	NULL
7348	_stock	NULL
7373	_stock	NULL
7376	_stock	NULL
7377	_stock	NULL
7380	_stock	NULL
7384	_stock	NULL
7386	_stock	NULL
7388	_stock	NULL
7382	_stock	NULL
7390	_stock	NULL
7392	_stock	NULL
7397	_stock	NULL
7394	_stock	NULL
7399	_stock	NULL
7402	_stock	NULL
7405	_stock	NULL
7408	_stock	NULL
7410	_stock	NULL
7412	_stock	NULL
7414	_stock	NULL
7416	_stock	NULL
7418	_stock	NULL
7420	_stock	NULL
7422	_stock	NULL
7426	_stock	NULL
7428	_stock	NULL
7430	_stock	NULL
7432	_stock	NULL
7435	_stock	NULL
7437	_stock	NULL
7439	_stock	NULL
7441	_stock	NULL
7447	_stock	NULL
7446	_stock	NULL
7455	_stock	NULL
7454	_stock	NULL
7460	_stock	NULL
7463	_stock	NULL
7466	_stock	NULL
7469	_stock	NULL
7464	_stock	NULL
7472	_stock	NULL
7475	_stock	NULL
7470	_stock	NULL
7478	_stock	NULL
7479	_stock	NULL
7477	_stock	NULL
7481	_stock	NULL
7482	_stock	NULL
7491	_stock	NULL
7487	_stock	NULL
7490	_stock	NULL
7493	_stock	NULL
7494	_stock	NULL
7496	_stock	NULL
7495	_stock	NULL
7500	_stock	NULL
7502	_stock	NULL
7503	_stock	NULL
7504	_stock	NULL
7505	_stock	NULL
7507	_stock	NULL
7509	_stock	NULL
7515	_stock	NULL
7524	_stock	NULL
7528	_stock	NULL
7533	_stock	NULL
7512	_stock	NULL
7537	_stock	NULL
7540	_stock	NULL
7546	_stock	NULL
7550	_stock	NULL
7554	_stock	NULL
7557	_stock	NULL
7558	_stock	NULL
7561	_stock	NULL
7568	_stock	NULL
7574	_stock	NULL
7587	_stock	NULL
7589	_stock	NULL
7591	_stock	NULL
7593	_stock	NULL
7595	_stock	NULL
7599	_stock	NULL
7604	_stock	NULL
7602	_stock	NULL
7607	_stock	NULL
7611	_stock	NULL
7613	_stock	NULL
7615	_stock	NULL
7617	_stock	NULL
7619	_stock	NULL
7621	_stock	NULL
7623	_stock	NULL
7626	_stock	NULL
7628	_stock	NULL
7630	_stock	NULL
7633	_stock	NULL
7634	_stock	NULL
7631	_stock	NULL
7638	_stock	NULL
7641	_stock	NULL
7644	_stock	NULL
7648	_stock	NULL
7657	_stock	NULL
7656	_stock	NULL
7661	_stock	NULL
7663	_stock	NULL
7664	_stock	NULL
7665	_stock	NULL
7667	_stock	NULL
7669	_stock	NULL
7670	_stock	NULL
7671	_stock	NULL
7674	_stock	NULL
7675	_stock	NULL
7679	_stock	NULL
7682	_stock	NULL
7688	_stock	NULL
7685	_stock	NULL
7692	_stock	NULL
7689	_stock	NULL
7693	_stock	NULL
7695	_stock	NULL
7698	_stock	NULL
7703	_stock	NULL
7702	_stock	NULL
7705	_stock	NULL
7707	_stock	NULL
7709	_stock	NULL
7711	_stock	NULL
7714	_stock	NULL
7715	_stock	NULL
7717	_stock	NULL
7722	_stock	NULL
7723	_stock	NULL
7727	_stock	NULL
7728	_stock	NULL
7733	_stock	NULL
7736	_stock	NULL
7739	_stock	NULL
7740	_stock	NULL
7742	_stock	NULL
7744	_stock	NULL
7747	_stock	NULL
7734	_stock	NULL
7768	_stock	NULL
7771	_stock	NULL
7772	_stock	NULL
7774	_stock	NULL
7775	_stock	NULL
7776	_stock	NULL
7779	_stock	NULL
7784	_stock	NULL
7787	_stock	NULL
7790	_stock	NULL
7792	_stock	NULL
7797	_stock	NULL
7789	_stock	NULL
7799	_stock	NULL
7801	_stock	NULL
7802	_stock	NULL
7806	_stock	NULL
7812	_stock	NULL
7815	_stock	NULL
7816	_stock	NULL
7819	_stock	NULL
7822	_stock	NULL
7823	_stock	NULL
7824	_stock	NULL
7829	_stock	NULL
7830	_stock	NULL
7831	_stock	NULL
7832	_stock	NULL
7833	_stock	NULL
7827	_stock	NULL
7828	_stock	NULL
7837	_stock	NULL
7839	_stock	NULL
7844	_stock	NULL
7848	_stock	NULL
7850	_stock	NULL
7851	_stock	NULL
7841	_stock	NULL
7887	_stock	NULL
7867	_stock	NULL
7866	_stock	NULL
7868	_stock	NULL
7869	_stock	NULL
7870	_stock	NULL
7871	_stock	NULL
7872	_stock	NULL
7873	_stock	NULL
7874	_stock	NULL
7875	_stock	NULL
7876	_stock	NULL
7877	_stock	NULL
7878	_stock	NULL
7879	_stock	NULL
7880	_stock	NULL
7881	_stock	NULL
7882	_stock	NULL
7883	_stock	NULL
7884	_stock	NULL
7885	_stock	NULL
7891	_stock	NULL
7892	_stock	NULL
7893	_stock	NULL
7894	_stock	NULL
7895	_stock	NULL
7889	_stock	NULL
7897	_stock	NULL
7900	_stock	NULL
7939	_stock	NULL
7938	_stock	NULL
8128	_stock	NULL
8129	_stock	NULL
8127	_stock	NULL
7937	_stock	NULL
7920	_stock	NULL
7923	_stock	NULL
7924	_stock	NULL
7925	_stock	NULL
7940	_stock	NULL
7942	_stock	NULL
15269	_stock	NULL
15646	_stock	NULL
15851	_stock	NULL
7951	_stock	NULL
7953	_stock	NULL
7958	_stock	NULL
7956	_stock	NULL
7961	_stock	NULL
7963	_stock	NULL
7965	_stock	NULL
7967	_stock	NULL
7973	_stock	NULL
7976	_stock	NULL
7978	_stock	NULL
7979	_stock	NULL
7981	_stock	NULL
7984	_stock	NULL
7966	_stock	NULL
7987	_stock	NULL
7989	_stock	NULL
7995	_stock	NULL
7997	_stock	NULL
7999	_stock	NULL
8002	_stock	NULL
8005	_stock	NULL
8007	_stock	NULL
8010	_stock	NULL
8012	_stock	NULL
8014	_stock	NULL
8016	_stock	NULL
8019	_stock	NULL
8025	_stock	NULL
8026	_stock	NULL
8027	_stock	NULL
8028	_stock	NULL
8030	_stock	NULL
7993	_stock	NULL
8032	_stock	NULL
8034	_stock	NULL
8036	_stock	NULL
8033	_stock	NULL
8041	_stock	NULL
8045	_stock	NULL
8051	_stock	NULL
8056	_stock	NULL
8059	_stock	NULL
8066	_stock	NULL
8068	_stock	NULL
8071	_stock	NULL
8069	_stock	NULL
8073	_stock	NULL
8081	_stock	NULL
8085	_stock	NULL
8082	_stock	NULL
8091	_stock	NULL
8093	_stock	NULL
8090	_stock	NULL
8099	_stock	NULL
8101	_stock	NULL
8103	_stock	NULL
8105	_stock	NULL
8107	_stock	NULL
8109	_stock	NULL
8111	_stock	NULL
8113	_stock	NULL
8115	_stock	NULL
8117	_stock	NULL
8121	_stock	NULL
8130	_stock	NULL
8131	_stock	NULL
8132	_stock	NULL
8133	_stock	NULL
8134	_stock	NULL
8135	_stock	NULL
8136	_stock	NULL
8138	_stock	NULL
8140	_stock	0
8144	_stock	NULL
8146	_stock	NULL
8148	_stock	NULL
8151	_stock	NULL
8150	_stock	NULL
8153	_stock	NULL
8157	_stock	NULL
8160	_stock	NULL
8162	_stock	NULL
8164	_stock	NULL
8166	_stock	NULL
8167	_stock	NULL
8158	_stock	NULL
8171	_stock	NULL
8172	_stock	NULL
8173	_stock	NULL
8174	_stock	NULL
8175	_stock	NULL
8176	_stock	NULL
8177	_stock	NULL
8178	_stock	NULL
8179	_stock	NULL
8180	_stock	NULL
8181	_stock	NULL
8183	_stock	NULL
8184	_stock	NULL
8185	_stock	NULL
8186	_stock	NULL
8187	_stock	NULL
8182	_stock	NULL
8189	_stock	NULL
8191	_stock	NULL
8192	_stock	NULL
8194	_stock	NULL
8197	_stock	NULL
8199	_stock	NULL
8202	_stock	NULL
8209	_stock	NULL
8212	_stock	NULL
8208	_stock	NULL
8214	_stock	NULL
8217	_stock	NULL
8221	_stock	NULL
8224	_stock	NULL
8230	_stock	NULL
8233	_stock	NULL
8234	_stock	NULL
8235	_stock	NULL
8236	_stock	NULL
8237	_stock	NULL
8238	_stock	NULL
8239	_stock	NULL
8229	_stock	NULL
8240	_stock	NULL
8241	_stock	NULL
8243	_stock	NULL
8244	_stock	NULL
8245	_stock	NULL
8246	_stock	NULL
8247	_stock	NULL
8248	_stock	NULL
8249	_stock	NULL
8250	_stock	NULL
8242	_stock	NULL
8257	_stock	NULL
8258	_stock	NULL
8263	_stock	NULL
8266	_stock	NULL
8270	_stock	NULL
8272	_stock	NULL
8273	_stock	NULL
8277	_stock	NULL
8278	_stock	NULL
8290	_stock	NULL
8300	_stock	NULL
8303	_stock	NULL
8305	_stock	NULL
8314	_stock	NULL
8318	_stock	NULL
8321	_stock	NULL
8323	_stock	NULL
8325	_stock	NULL
8326	_stock	NULL
8328	_stock	NULL
8329	_stock	NULL
8331	_stock	NULL
8332	_stock	NULL
8333	_stock	NULL
8335	_stock	NULL
8337	_stock	NULL
8343	_stock	NULL
8347	_stock	NULL
8349	_stock	NULL
8352	_stock	NULL
8354	_stock	NULL
8351	_stock	NULL
8357	_stock	NULL
8358	_stock	NULL
8356	_stock	NULL
8359	_stock	NULL
8361	_stock	NULL
8363	_stock	NULL
8370	_stock	NULL
8375	_stock	NULL
8373	_stock	NULL
8380	_stock	NULL
8383	_stock	NULL
8385	_stock	NULL
8388	_stock	NULL
8390	_stock	NULL
8392	_stock	NULL
8382	_stock	NULL
8396	_stock	NULL
8399	_stock	NULL
8394	_stock	NULL
8401	_stock	NULL
8403	_stock	NULL
8404	_stock	NULL
8402	_stock	NULL
8409	_stock	NULL
8410	_stock	NULL
8418	_stock	NULL
8419	_stock	NULL
8424	_stock	NULL
8415	_stock	NULL
8431	_stock	NULL
8433	_stock	NULL
8435	_stock	NULL
8439	_stock	NULL
8440	_stock	NULL
8441	_stock	NULL
8442	_stock	NULL
8445	_stock	NULL
8450	_stock	NULL
8451	_stock	NULL
8452	_stock	NULL
8453	_stock	NULL
8454	_stock	NULL
8456	_stock	NULL
8458	_stock	NULL
8459	_stock	NULL
8461	_stock	NULL
8462	_stock	NULL
8464	_stock	NULL
8465	_stock	NULL
8467	_stock	NULL
8469	_stock	NULL
8473	_stock	NULL
8475	_stock	NULL
8478	_stock	NULL
8480	_stock	NULL
8482	_stock	NULL
8486	_stock	NULL
8489	_stock	NULL
8490	_stock	NULL
8494	_stock	NULL
8495	_stock	NULL
8496	_stock	NULL
8497	_stock	NULL
8498	_stock	NULL
8499	_stock	NULL
8500	_stock	NULL
8507	_stock	NULL
8528	_stock	NULL
8530	_stock	NULL
8533	_stock	NULL
8538	_stock	NULL
8541	_stock	NULL
8543	_stock	NULL
8549	_stock	NULL
8545	_stock	NULL
8553	_stock	NULL
8555	_stock	NULL
8557	_stock	NULL
8559	_stock	NULL
8562	_stock	NULL
8561	_stock	NULL
8566	_stock	NULL
8570	_stock	NULL
8569	_stock	NULL
8572	_stock	NULL
8575	_stock	NULL
8577	_stock	NULL
8578	_stock	NULL
8579	_stock	NULL
8581	_stock	NULL
8582	_stock	NULL
8584	_stock	NULL
8592	_stock	NULL
8594	_stock	NULL
8597	_stock	NULL
8601	_stock	NULL
8590	_stock	NULL
8603	_stock	NULL
8606	_stock	NULL
8609	_stock	NULL
8610	_stock	NULL
8611	_stock	NULL
8614	_stock	NULL
8616	_stock	NULL
8618	_stock	NULL
8619	_stock	NULL
8620	_stock	NULL
8621	_stock	NULL
8622	_stock	NULL
8623	_stock	NULL
8624	_stock	NULL
8626	_stock	NULL
8628	_stock	NULL
8631	_stock	NULL
8630	_stock	NULL
8635	_stock	NULL
8634	_stock	NULL
8639	_stock	NULL
8640	_stock	NULL
8641	_stock	NULL
8643	_stock	NULL
8645	_stock	NULL
8646	_stock	NULL
8650	_stock	NULL
8655	_stock	NULL
8666	_stock	NULL
8667	_stock	NULL
8668	_stock	NULL
8664	_stock	NULL
8671	_stock	NULL
8673	_stock	NULL
8676	_stock	NULL
8679	_stock	NULL
8682	_stock	NULL
8684	_stock	NULL
8686	_stock	NULL
8688	_stock	NULL
8690	_stock	NULL
8691	_stock	NULL
8694	_stock	NULL
8696	_stock	NULL
8697	_stock	NULL
8700	_stock	NULL
8703	_stock	NULL
8706	_stock	NULL
8708	_stock	NULL
8710	_stock	NULL
8712	_stock	NULL
8713	_stock	NULL
8715	_stock	NULL
8722	_stock	NULL
8723	_stock	NULL
8724	_stock	NULL
8728	_stock	NULL
8732	_stock	NULL
8727	_stock	NULL
8735	_stock	NULL
8736	_stock	NULL
8737	_stock	NULL
8741	_stock	NULL
8742	_stock	NULL
8743	_stock	NULL
8744	_stock	NULL
8745	_stock	NULL
8746	_stock	NULL
8748	_stock	NULL
8749	_stock	NULL
8751	_stock	NULL
8752	_stock	NULL
8753	_stock	NULL
8754	_stock	NULL
8755	_stock	NULL
8757	_stock	NULL
8740	_stock	NULL
8760	_stock	NULL
8762	_stock	NULL
8764	_stock	NULL
8766	_stock	NULL
8768	_stock	NULL
8772	_stock	NULL
8848	_stock	NULL
8849	_stock	NULL
8780	_stock	NULL
8781	_stock	NULL
8782	_stock	NULL
8785	_stock	NULL
8788	_stock	NULL
8789	_stock	NULL
8790	_stock	NULL
9778	_stock	NULL
8797	_stock	NULL
8798	_stock	NULL
8799	_stock	NULL
8800	_stock	NULL
8801	_stock	NULL
8802	_stock	NULL
8803	_stock	NULL
8804	_stock	NULL
8805	_stock	NULL
8806	_stock	NULL
8807	_stock	NULL
8808	_stock	NULL
8809	_stock	NULL
8810	_stock	NULL
8812	_stock	NULL
8811	_stock	NULL
8813	_stock	NULL
8814	_stock	NULL
8815	_stock	NULL
8816	_stock	NULL
8817	_stock	NULL
8818	_stock	NULL
8819	_stock	NULL
8820	_stock	NULL
8821	_stock	NULL
8822	_stock	NULL
8823	_stock	NULL
8824	_stock	NULL
8826	_stock	NULL
8825	_stock	NULL
8827	_stock	NULL
8828	_stock	NULL
8829	_stock	NULL
8830	_stock	NULL
8831	_stock	NULL
8832	_stock	NULL
8833	_stock	NULL
8834	_stock	NULL
8835	_stock	NULL
8836	_stock	NULL
8837	_stock	NULL
8838	_stock	NULL
8839	_stock	NULL
8840	_stock	NULL
8841	_stock	NULL
8842	_stock	NULL
8843	_stock	NULL
8844	_stock	NULL
8845	_stock	NULL
8846	_stock	NULL
8852	_stock	NULL
8854	_stock	NULL
9776	_stock	NULL
8856	_stock	NULL
8857	_stock	NULL
8858	_stock	NULL
8860	_stock	NULL
8864	_stock	NULL
8865	_stock	NULL
8867	_stock	NULL
8868	_stock	NULL
8869	_stock	NULL
8870	_stock	NULL
8871	_stock	NULL
8872	_stock	NULL
8879	_stock	NULL
8887	_stock	NULL
8889	_stock	NULL
8893	_stock	NULL
8894	_stock	NULL
8895	_stock	NULL
8896	_stock	NULL
8897	_stock	NULL
8898	_stock	NULL
8899	_stock	NULL
8901	_stock	NULL
8910	_stock	NULL
8913	_stock	NULL
8915	_stock	NULL
8916	_stock	NULL
8920	_stock	NULL
8923	_stock	NULL
12415	_stock	NULL
8928	_stock	NULL
8930	_stock	NULL
8932	_stock	NULL
8934	_stock	NULL
8936	_stock	NULL
8939	_stock	NULL
8942	_stock	NULL
8944	_stock	NULL
8948	_stock	NULL
8945	_stock	NULL
8951	_stock	NULL
8954	_stock	NULL
8958	_stock	NULL
8962	_stock	NULL
8967	_stock	NULL
8971	_stock	NULL
8973	_stock	NULL
8976	_stock	NULL
8980	_stock	NULL
8983	_stock	NULL
8985	_stock	NULL
8988	_stock	NULL
8990	_stock	NULL
8992	_stock	NULL
8994	_stock	NULL
8995	_stock	NULL
8996	_stock	NULL
8997	_stock	NULL
8998	_stock	NULL
8999	_stock	NULL
9000	_stock	NULL
9003	_stock	NULL
9005	_stock	NULL
9007	_stock	NULL
9010	_stock	NULL
9017	_stock	NULL
9021	_stock	NULL
9023	_stock	NULL
9025	_stock	NULL
9027	_stock	NULL
9032	_stock	NULL
9033	_stock	NULL
9034	_stock	NULL
9035	_stock	NULL
9036	_stock	NULL
9037	_stock	NULL
9038	_stock	NULL
9040	_stock	NULL
9042	_stock	NULL
9045	_stock	NULL
9048	_stock	NULL
9051	_stock	NULL
9053	_stock	NULL
9054	_stock	NULL
9056	_stock	NULL
9061	_stock	NULL
9071	_stock	NULL
9068	_stock	NULL
9074	_stock	NULL
9077	_stock	NULL
9078	_stock	NULL
9082	_stock	NULL
9084	_stock	NULL
9090	_stock	NULL
9092	_stock	NULL
9094	_stock	NULL
9096	_stock	NULL
9098	_stock	NULL
9100	_stock	NULL
9102	_stock	NULL
9105	_stock	NULL
9106	_stock	NULL
9108	_stock	NULL
9110	_stock	NULL
9113	_stock	NULL
9114	_stock	NULL
9116	_stock	NULL
9117	_stock	NULL
9118	_stock	NULL
9119	_stock	NULL
9122	_stock	NULL
9124	_stock	NULL
9129	_stock	NULL
9130	_stock	NULL
9132	_stock	NULL
9136	_stock	NULL
9138	_stock	NULL
9140	_stock	NULL
9141	_stock	NULL
9142	_stock	NULL
9143	_stock	NULL
9144	_stock	NULL
9146	_stock	NULL
9149	_stock	NULL
9152	_stock	NULL
9154	_stock	NULL
9158	_stock	NULL
9159	_stock	NULL
9160	_stock	NULL
9161	_stock	NULL
9165	_stock	NULL
9170	_stock	NULL
9174	_stock	NULL
9172	_stock	NULL
9179	_stock	NULL
9180	_stock	NULL
9181	_stock	NULL
9182	_stock	NULL
9188	_stock	NULL
9175	_stock	NULL
9191	_stock	NULL
9193	_stock	NULL
9197	_stock	NULL
9195	_stock	NULL
9203	_stock	NULL
9206	_stock	NULL
9207	_stock	NULL
10097	_stock	NULL
10095	_stock	NULL
10099	_stock	NULL
9217	_stock	NULL
9222	_stock	NULL
9224	_stock	NULL
9225	_stock	NULL
9226	_stock	NULL
9227	_stock	NULL
9231	_stock	NULL
9232	_stock	NULL
9233	_stock	NULL
9234	_stock	NULL
9236	_stock	NULL
9237	_stock	NULL
9239	_stock	NULL
9240	_stock	NULL
9241	_stock	NULL
9243	_stock	NULL
9244	_stock	NULL
9245	_stock	NULL
9246	_stock	NULL
9247	_stock	NULL
9248	_stock	NULL
9253	_stock	NULL
9254	_stock	NULL
9258	_stock	NULL
12214	_stock	NULL
12211	_stock	NULL
9274	_stock	NULL
9276	_stock	NULL
9278	_stock	NULL
9279	_stock	NULL
9281	_stock	NULL
9284	_stock	NULL
9287	_stock	NULL
9289	_stock	NULL
9291	_stock	NULL
9293	_stock	NULL
9295	_stock	NULL
9297	_stock	NULL
9298	_stock	NULL
9299	_stock	NULL
9300	_stock	NULL
9301	_stock	NULL
9304	_stock	NULL
9305	_stock	NULL
9306	_stock	NULL
9307	_stock	NULL
9308	_stock	NULL
9309	_stock	NULL
9310	_stock	NULL
9311	_stock	NULL
9312	_stock	NULL
9313	_stock	NULL
9314	_stock	NULL
9315	_stock	NULL
9316	_stock	NULL
9318	_stock	NULL
9321	_stock	NULL
9322	_stock	NULL
9323	_stock	NULL
9324	_stock	NULL
9325	_stock	NULL
9327	_stock	NULL
9329	_stock	NULL
9332	_stock	NULL
9336	_stock	NULL
9338	_stock	NULL
9340	_stock	NULL
9342	_stock	NULL
9344	_stock	NULL
9347	_stock	NULL
9349	_stock	NULL
9350	_stock	NULL
9355	_stock	NULL
9356	_stock	NULL
9357	_stock	NULL
9358	_stock	NULL
9359	_stock	NULL
9361	_stock	NULL
9366	_stock	NULL
9369	_stock	NULL
9371	_stock	NULL
9376	_stock	NULL
9380	_stock	NULL
9382	_stock	NULL
9387	_stock	NULL
9390	_stock	NULL
9393	_stock	NULL
9398	_stock	NULL
9399	_stock	NULL
9402	_stock	NULL
9391	_stock	NULL
9414	_stock	NULL
9415	_stock	NULL
9416	_stock	NULL
9417	_stock	NULL
9419	_stock	NULL
9421	_stock	NULL
9422	_stock	NULL
9424	_stock	NULL
9426	_stock	NULL
9428	_stock	NULL
9430	_stock	NULL
9434	_stock	NULL
9440	_stock	NULL
9442	_stock	NULL
9444	_stock	NULL
9446	_stock	NULL
9448	_stock	NULL
9450	_stock	NULL
9452	_stock	NULL
9458	_stock	NULL
9459	_stock	NULL
9461	_stock	NULL
9464	_stock	NULL
9466	_stock	NULL
9468	_stock	NULL
9467	_stock	NULL
9470	_stock	NULL
9474	_stock	NULL
9476	_stock	NULL
9478	_stock	NULL
9480	_stock	NULL
9482	_stock	NULL
9484	_stock	NULL
9486	_stock	NULL
9488	_stock	NULL
9491	_stock	NULL
9493	_stock	NULL
9494	_stock	NULL
9496	_stock	NULL
9499	_stock	NULL
9501	_stock	NULL
9503	_stock	NULL
9505	_stock	NULL
9507	_stock	NULL
9508	_stock	NULL
9511	_stock	NULL
9512	_stock	NULL
9514	_stock	NULL
9516	_stock	NULL
9518	_stock	NULL
9520	_stock	NULL
9521	_stock	NULL
9522	_stock	NULL
9528	_stock	NULL
9531	_stock	NULL
9533	_stock	NULL
9530	_stock	NULL
9538	_stock	NULL
9540	_stock	NULL
9543	_stock	NULL
9544	_stock	NULL
9546	_stock	NULL
9548	_stock	NULL
9550	_stock	NULL
9552	_stock	NULL
9553	_stock	NULL
9556	_stock	NULL
9559	_stock	NULL
9561	_stock	NULL
9567	_stock	NULL
9568	_stock	NULL
9569	_stock	NULL
9570	_stock	NULL
9571	_stock	NULL
9579	_stock	NULL
9583	_stock	NULL
9585	_stock	NULL
9587	_stock	NULL
9591	_stock	NULL
9592	_stock	NULL
9595	_stock	NULL
9602	_stock	NULL
9604	_stock	NULL
9610	_stock	NULL
9612	_stock	NULL
9613	_stock	NULL
9614	_stock	NULL
9616	_stock	NULL
9619	_stock	NULL
9634	_stock	NULL
9635	_stock	NULL
9637	_stock	NULL
9638	_stock	NULL
9639	_stock	NULL
9640	_stock	NULL
9641	_stock	NULL
9642	_stock	NULL
9643	_stock	NULL
9644	_stock	NULL
9646	_stock	NULL
9649	_stock	NULL
9651	_stock	NULL
9653	_stock	NULL
9655	_stock	NULL
9657	_stock	NULL
9659	_stock	NULL
9660	_stock	NULL
9663	_stock	NULL
9666	_stock	NULL
9668	_stock	NULL
9670	_stock	NULL
9674	_stock	NULL
9676	_stock	NULL
9680	_stock	NULL
9682	_stock	NULL
9684	_stock	NULL
9687	_stock	NULL
9689	_stock	NULL
9691	_stock	NULL
9693	_stock	NULL
9699	_stock	NULL
9698	_stock	NULL
9704	_stock	NULL
9706	_stock	NULL
9708	_stock	NULL
9710	_stock	NULL
9712	_stock	NULL
9713	_stock	NULL
9717	_stock	NULL
9718	_stock	NULL
9722	_stock	NULL
9724	_stock	NULL
9727	_stock	NULL
9732	_stock	NULL
9729	_stock	NULL
9739	_stock	NULL
9742	_stock	NULL
9744	_stock	NULL
9752	_stock	NULL
9755	_stock	NULL
9756	_stock	NULL
9757	_stock	NULL
9758	_stock	NULL
9759	_stock	NULL
9760	_stock	NULL
9761	_stock	NULL
9763	_stock	NULL
9765	_stock	NULL
9767	_stock	NULL
9769	_stock	NULL
9772	_stock	NULL
9774	_stock	NULL
9773	_stock	NULL
9780	_stock	NULL
9782	_stock	NULL
9784	_stock	NULL
9790	_stock	NULL
9792	_stock	NULL
9796	_stock	NULL
9799	_stock	NULL
9802	_stock	NULL
9804	_stock	NULL
9806	_stock	NULL
9808	_stock	NULL
9811	_stock	NULL
9813	_stock	NULL
9816	_stock	NULL
9818	_stock	NULL
9823	_stock	NULL
9824	_stock	NULL
9826	_stock	NULL
9828	_stock	NULL
9830	_stock	NULL
9832	_stock	NULL
9834	_stock	NULL
9836	_stock	NULL
9839	_stock	NULL
9841	_stock	NULL
9843	_stock	NULL
9845	_stock	NULL
9848	_stock	NULL
9849	_stock	NULL
9850	_stock	NULL
9851	_stock	NULL
9852	_stock	NULL
9854	_stock	NULL
9856	_stock	NULL
9858	_stock	NULL
9859	_stock	NULL
9861	_stock	NULL
9866	_stock	NULL
9867	_stock	NULL
9869	_stock	NULL
9871	_stock	NULL
9873	_stock	NULL
9875	_stock	NULL
9877	_stock	NULL
9879	_stock	NULL
9881	_stock	NULL
9883	_stock	NULL
9885	_stock	NULL
9887	_stock	NULL
9889	_stock	NULL
9892	_stock	NULL
9895	_stock	NULL
9897	_stock	NULL
9899	_stock	NULL
9902	_stock	NULL
9904	_stock	NULL
9906	_stock	NULL
9908	_stock	NULL
9910	_stock	NULL
9912	_stock	NULL
9915	_stock	NULL
9919	_stock	NULL
9922	_stock	NULL
9924	_stock	NULL
9926	_stock	NULL
9928	_stock	NULL
9930	_stock	NULL
9931	_stock	NULL
9934	_stock	NULL
9937	_stock	NULL
9939	_stock	NULL
9941	_stock	NULL
9943	_stock	NULL
9945	_stock	NULL
9947	_stock	NULL
9949	_stock	NULL
9953	_stock	NULL
9954	_stock	NULL
9957	_stock	NULL
9960	_stock	NULL
9962	_stock	NULL
9964	_stock	NULL
9965	_stock	NULL
9968	_stock	NULL
9970	_stock	NULL
9973	_stock	NULL
9975	_stock	NULL
9977	_stock	NULL
9979	_stock	NULL
9981	_stock	NULL
9983	_stock	NULL
9985	_stock	NULL
9987	_stock	NULL
9989	_stock	NULL
9991	_stock	NULL
9995	_stock	NULL
9993	_stock	NULL
10000	_stock	NULL
10002	_stock	NULL
10004	_stock	NULL
10010	_stock	NULL
10017	_stock	NULL
10020	_stock	NULL
10022	_stock	NULL
10026	_stock	NULL
10028	_stock	NULL
10030	_stock	NULL
10033	_stock	NULL
10036	_stock	NULL
10039	_stock	NULL
10041	_stock	NULL
10043	_stock	NULL
10045	_stock	NULL
10046	_stock	NULL
10051	_stock	NULL
10053	_stock	NULL
10059	_stock	NULL
10063	_stock	NULL
10065	_stock	NULL
10072	_stock	NULL
10074	_stock	NULL
10082	_stock	NULL
10086	_stock	NULL
10087	_stock	NULL
10089	_stock	NULL
10091	_stock	NULL
10093	_stock	NULL
10103	_stock	NULL
10107	_stock	NULL
10098	_stock	NULL
10111	_stock	NULL
10116	_stock	NULL
10117	_stock	NULL
10113	_stock	NULL
10118	_stock	NULL
10120	_stock	NULL
10123	_stock	NULL
10125	_stock	NULL
10127	_stock	NULL
10132	_stock	NULL
10134	_stock	NULL
10138	_stock	NULL
10141	_stock	NULL
10146	_stock	NULL
10131	_stock	NULL
10149	_stock	NULL
10150	_stock	NULL
10152	_stock	NULL
10154	_stock	NULL
10157	_stock	NULL
10159	_stock	NULL
10161	_stock	NULL
10163	_stock	NULL
10167	_stock	NULL
10169	_stock	NULL
10171	_stock	NULL
10174	_stock	NULL
10177	_stock	NULL
10181	_stock	NULL
10183	_stock	NULL
10185	_stock	NULL
10186	_stock	NULL
10188	_stock	NULL
10190	_stock	NULL
10192	_stock	NULL
10194	_stock	NULL
10196	_stock	NULL
10199	_stock	NULL
10200	_stock	NULL
10209	_stock	NULL
10214	_stock	NULL
10215	_stock	NULL
10217	_stock	NULL
10220	_stock	NULL
10222	_stock	NULL
10236	_stock	NULL
10243	_stock	NULL
10247	_stock	NULL
10250	_stock	NULL
10251	_stock	NULL
10264	_stock	NULL
10268	_stock	NULL
10272	_stock	NULL
10278	_stock	NULL
10282	_stock	NULL
10284	_stock	NULL
10285	_stock	NULL
10286	_stock	NULL
10288	_stock	NULL
10302	_stock	NULL
10312	_stock	NULL
10317	_stock	NULL
10323	_stock	NULL
10335	_stock	NULL
10339	_stock	NULL
10342	_stock	NULL
10348	_stock	NULL
10350	_stock	NULL
10352	_stock	NULL
10355	_stock	NULL
10358	_stock	NULL
10361	_stock	NULL
10362	_stock	NULL
10366	_stock	NULL
10368	_stock	NULL
10372	_stock	NULL
10373	_stock	NULL
10375	_stock	NULL
10384	_stock	NULL
10388	_stock	NULL
10389	_stock	NULL
10395	_stock	NULL
10398	_stock	NULL
10414	_stock	NULL
10421	_stock	NULL
10426	_stock	NULL
10428	_stock	NULL
10429	_stock	NULL
10430	_stock	NULL
10434	_stock	NULL
10436	_stock	NULL
10442	_stock	NULL
10445	_stock	NULL
10446	_stock	NULL
10447	_stock	NULL
10449	_stock	NULL
10451	_stock	NULL
10454	_stock	NULL
10456	_stock	NULL
10457	_stock	NULL
10462	_stock	NULL
10467	_stock	NULL
10468	_stock	NULL
10476	_stock	NULL
10478	_stock	NULL
10483	_stock	NULL
10487	_stock	NULL
10489	_stock	NULL
10496	_stock	NULL
10505	_stock	NULL
10506	_stock	NULL
10508	_stock	NULL
10509	_stock	NULL
10510	_stock	NULL
10513	_stock	NULL
10514	_stock	NULL
10515	_stock	NULL
10523	_stock	NULL
10526	_stock	NULL
10529	_stock	NULL
10532	_stock	NULL
10533	_stock	NULL
10535	_stock	NULL
10541	_stock	NULL
10553	_stock	NULL
10559	_stock	NULL
10562	_stock	NULL
10565	_stock	NULL
10577	_stock	NULL
10580	_stock	NULL
10589	_stock	NULL
10594	_stock	NULL
10605	_stock	NULL
10609	_stock	NULL
10612	_stock	NULL
10614	_stock	NULL
10617	_stock	NULL
10619	_stock	NULL
10622	_stock	NULL
10627	_stock	NULL
10632	_stock	NULL
10637	_stock	NULL
10641	_stock	NULL
10643	_stock	NULL
10650	_stock	NULL
10656	_stock	NULL
10657	_stock	NULL
10662	_stock	NULL
10663	_stock	NULL
10664	_stock	NULL
10666	_stock	NULL
10668	_stock	NULL
10677	_stock	NULL
10679	_stock	NULL
10681	_stock	NULL
10688	_stock	NULL
10693	_stock	NULL
10699	_stock	NULL
10701	_stock	NULL
10702	_stock	NULL
10707	_stock	NULL
10709	_stock	NULL
10715	_stock	NULL
10717	_stock	NULL
10725	_stock	NULL
10731	_stock	NULL
10735	_stock	NULL
10738	_stock	NULL
10747	_stock	NULL
10749	_stock	NULL
10756	_stock	NULL
10765	_stock	NULL
10768	_stock	NULL
10769	_stock	NULL
10770	_stock	NULL
10771	_stock	NULL
10775	_stock	NULL
10787	_stock	NULL
10789	_stock	NULL
10790	_stock	NULL
10792	_stock	NULL
10799	_stock	NULL
10802	_stock	NULL
10807	_stock	NULL
10811	_stock	NULL
10816	_stock	NULL
10821	_stock	NULL
10827	_stock	NULL
10828	_stock	NULL
10829	_stock	NULL
10833	_stock	NULL
10835	_stock	NULL
10837	_stock	NULL
10847	_stock	NULL
10850	_stock	NULL
10856	_stock	NULL
10862	_stock	NULL
10872	_stock	NULL
10880	_stock	NULL
10884	_stock	NULL
10886	_stock	NULL
10894	_stock	NULL
10895	_stock	NULL
10897	_stock	NULL
10902	_stock	NULL
10906	_stock	NULL
10912	_stock	NULL
10913	_stock	NULL
10917	_stock	NULL
10922	_stock	NULL
10927	_stock	NULL
10931	_stock	NULL
10944	_stock	NULL
10946	_stock	NULL
10950	_stock	NULL
10953	_stock	NULL
10957	_stock	NULL
10963	_stock	NULL
10971	_stock	NULL
10977	_stock	NULL
10981	_stock	NULL
10995	_stock	NULL
10996	_stock	NULL
10998	_stock	NULL
10999	_stock	NULL
11000	_stock	NULL
11003	_stock	NULL
11007	_stock	NULL
11011	_stock	NULL
11018	_stock	NULL
11021	_stock	NULL
11026	_stock	NULL
11034	_stock	NULL
11041	_stock	NULL
11039	_stock	NULL
11050	_stock	NULL
11056	_stock	NULL
11061	_stock	NULL
11066	_stock	NULL
11069	_stock	NULL
11072	_stock	NULL
11076	_stock	NULL
11082	_stock	NULL
11090	_stock	NULL
11104	_stock	NULL
11107	_stock	NULL
11108	_stock	NULL
11117	_stock	NULL
11119	_stock	NULL
11125	_stock	NULL
11127	_stock	NULL
11129	_stock	NULL
11132	_stock	NULL
11137	_stock	NULL
11139	_stock	NULL
11140	_stock	NULL
11143	_stock	NULL
11148	_stock	NULL
11152	_stock	NULL
11165	_stock	NULL
11174	_stock	NULL
11176	_stock	NULL
11184	_stock	NULL
11190	_stock	NULL
11196	_stock	NULL
11203	_stock	NULL
11223	_stock	NULL
11224	_stock	NULL
11228	_stock	NULL
11234	_stock	NULL
11244	_stock	NULL
11255	_stock	NULL
11256	_stock	NULL
11264	_stock	NULL
11265	_stock	NULL
11266	_stock	NULL
11267	_stock	NULL
11272	_stock	NULL
11273	_stock	NULL
11274	_stock	NULL
11289	_stock	NULL
11296	_stock	NULL
11301	_stock	NULL
11303	_stock	NULL
11312	_stock	NULL
11319	_stock	NULL
11324	_stock	NULL
11331	_stock	NULL
11338	_stock	NULL
11344	_stock	NULL
11351	_stock	NULL
11358	_stock	NULL
11373	_stock	NULL
11376	_stock	NULL
11379	_stock	NULL
11393	_stock	NULL
11420	_stock	NULL
11421	_stock	NULL
11422	_stock	NULL
11423	_stock	NULL
11424	_stock	NULL
11430	_stock	NULL
11434	_stock	NULL
11436	_stock	NULL
11441	_stock	NULL
11443	_stock	NULL
11446	_stock	NULL
11450	_stock	NULL
11454	_stock	NULL
11456	_stock	NULL
11468	_stock	NULL
11471	_stock	NULL
11480	_stock	NULL
11497	_stock	NULL
11498	_stock	NULL
11499	_stock	NULL
11500	_stock	NULL
11501	_stock	NULL
11502	_stock	NULL
11510	_stock	NULL
11516	_stock	NULL
11519	_stock	NULL
11524	_stock	NULL
11527	_stock	0
11529	_stock	2
11535	_stock	NULL
11536	_stock	NULL
11540	_stock	NULL
11543	_stock	NULL
11549	_stock	NULL
11550	_stock	NULL
11558	_stock	NULL
11560	_stock	NULL
11563	_stock	NULL
11567	_stock	NULL
11572	_stock	NULL
11574	_stock	NULL
11579	_stock	NULL
11582	_stock	NULL
11584	_stock	NULL
11577	_stock	NULL
11589	_stock	NULL
11594	_stock	NULL
11600	_stock	NULL
11604	_stock	NULL
11605	_stock	NULL
11609	_stock	NULL
11610	_stock	NULL
11611	_stock	NULL
11613	_stock	NULL
11614	_stock	NULL
11615	_stock	NULL
11616	_stock	NULL
11618	_stock	NULL
11624	_stock	NULL
11625	_stock	NULL
11629	_stock	NULL
11633	_stock	NULL
11635	_stock	NULL
11645	_stock	NULL
11648	_stock	NULL
11649	_stock	NULL
11651	_stock	NULL
11656	_stock	NULL
11658	_stock	NULL
11663	_stock	NULL
11669	_stock	NULL
11671	_stock	NULL
11676	_stock	NULL
11679	_stock	NULL
11684	_stock	NULL
11686	_stock	NULL
11688	_stock	NULL
11689	_stock	NULL
11692	_stock	NULL
11694	_stock	NULL
11697	_stock	NULL
11701	_stock	NULL
11703	_stock	NULL
11705	_stock	NULL
11708	_stock	NULL
11709	_stock	NULL
11718	_stock	NULL
11725	_stock	NULL
11743	_stock	NULL
11746	_stock	NULL
11752	_stock	NULL
11755	_stock	NULL
11761	_stock	NULL
11763	_stock	NULL
11764	_stock	NULL
11766	_stock	NULL
11767	_stock	NULL
11770	_stock	NULL
11779	_stock	NULL
11790	_stock	NULL
11797	_stock	NULL
11799	_stock	NULL
11804	_stock	NULL
11807	_stock	NULL
11812	_stock	NULL
11817	_stock	NULL
11818	_stock	NULL
11821	_stock	NULL
11828	_stock	NULL
11833	_stock	NULL
11839	_stock	NULL
11848	_stock	NULL
11851	_stock	NULL
11861	_stock	NULL
11865	_stock	NULL
11866	_stock	NULL
11867	_stock	NULL
11874	_stock	NULL
11877	_stock	NULL
11879	_stock	NULL
11884	_stock	NULL
11885	_stock	NULL
11886	_stock	NULL
11887	_stock	NULL
11889	_stock	NULL
11894	_stock	NULL
11895	_stock	NULL
11897	_stock	NULL
11898	_stock	NULL
11900	_stock	NULL
11907	_stock	NULL
11909	_stock	NULL
11913	_stock	NULL
11915	_stock	NULL
11922	_stock	NULL
11924	_stock	NULL
11932	_stock	NULL
11936	_stock	NULL
11937	_stock	NULL
11941	_stock	NULL
11943	_stock	NULL
11947	_stock	NULL
11950	_stock	NULL
11953	_stock	NULL
11962	_stock	NULL
11963	_stock	NULL
11969	_stock	NULL
11972	_stock	NULL
11974	_stock	NULL
11977	_stock	NULL
11979	_stock	NULL
11981	_stock	NULL
11982	_stock	NULL
11983	_stock	NULL
11985	_stock	NULL
11986	_stock	NULL
11987	_stock	NULL
11988	_stock	NULL
11993	_stock	NULL
11996	_stock	NULL
11999	_stock	NULL
12002	_stock	NULL
12004	_stock	NULL
12007	_stock	NULL
12011	_stock	NULL
12193	_stock	NULL
12022	_stock	NULL
12024	_stock	NULL
12026	_stock	NULL
12028	_stock	NULL
12035	_stock	NULL
12040	_stock	NULL
12041	_stock	NULL
12043	_stock	NULL
12045	_stock	NULL
12047	_stock	NULL
12050	_stock	NULL
12051	_stock	NULL
12053	_stock	NULL
12054	_stock	NULL
12059	_stock	NULL
12062	_stock	NULL
12064	_stock	NULL
12067	_stock	NULL
12072	_stock	NULL
12078	_stock	NULL
12080	_stock	NULL
12082	_stock	NULL
12086	_stock	NULL
12089	_stock	NULL
12102	_stock	NULL
12108	_stock	NULL
12111	_stock	NULL
12113	_stock	NULL
12114	_stock	NULL
12116	_stock	NULL
12117	_stock	NULL
12119	_stock	NULL
12141	_stock	NULL
12142	_stock	NULL
12143	_stock	NULL
12144	_stock	NULL
12145	_stock	NULL
12146	_stock	NULL
12147	_stock	NULL
12157	_stock	NULL
12158	_stock	NULL
12159	_stock	NULL
12162	_stock	NULL
12164	_stock	NULL
12165	_stock	NULL
12166	_stock	NULL
12167	_stock	NULL
12169	_stock	NULL
12170	_stock	NULL
12174	_stock	NULL
12176	_stock	NULL
12188	_stock	NULL
12197	_stock	NULL
12201	_stock	NULL
12204	_stock	NULL
12216	_stock	NULL
12220	_stock	NULL
12222	_stock	NULL
12223	_stock	NULL
12224	_stock	NULL
12225	_stock	NULL
12226	_stock	NULL
12227	_stock	NULL
12228	_stock	NULL
12229	_stock	NULL
12230	_stock	NULL
12231	_stock	NULL
12234	_stock	NULL
12236	_stock	NULL
12239	_stock	NULL
12242	_stock	NULL
12246	_stock	NULL
12248	_stock	NULL
12254	_stock	NULL
12257	_stock	NULL
12262	_stock	NULL
12269	_stock	NULL
12272	_stock	NULL
12276	_stock	NULL
12279	_stock	NULL
12280	_stock	NULL
12286	_stock	NULL
12290	_stock	NULL
12291	_stock	NULL
12294	_stock	NULL
12299	_stock	NULL
12300	_stock	NULL
12302	_stock	NULL
12304	_stock	NULL
12305	_stock	NULL
12307	_stock	NULL
12309	_stock	NULL
12310	_stock	NULL
12312	_stock	NULL
12314	_stock	NULL
12323	_stock	NULL
12325	_stock	NULL
12328	_stock	NULL
12335	_stock	NULL
12337	_stock	NULL
12340	_stock	NULL
12341	_stock	NULL
12345	_stock	NULL
12347	_stock	NULL
12348	_stock	NULL
12350	_stock	NULL
12352	_stock	NULL
12354	_stock	NULL
12363	_stock	NULL
12372	_stock	NULL
12376	_stock	NULL
12380	_stock	NULL
12382	_stock	NULL
12381	_stock	NULL
12387	_stock	NULL
12391	_stock	NULL
12393	_stock	NULL
12395	_stock	NULL
12397	_stock	NULL
12399	_stock	NULL
12405	_stock	NULL
12413	_stock	NULL
12421	_stock	NULL
12422	_stock	NULL
12423	_stock	NULL
12424	_stock	NULL
12427	_stock	NULL
12432	_stock	NULL
12434	_stock	NULL
12439	_stock	NULL
12441	_stock	NULL
12443	_stock	NULL
15453	_stock	NULL
12450	_stock	NULL
12456	_stock	NULL
12459	_stock	NULL
12461	_stock	NULL
12464	_stock	NULL
12466	_stock	NULL
12474	_stock	NULL
12476	_stock	NULL
12490	_stock	NULL
12491	_stock	NULL
12493	_stock	NULL
12497	_stock	NULL
12502	_stock	NULL
12511	_stock	NULL
12514	_stock	NULL
12520	_stock	NULL
12521	_stock	NULL
12523	_stock	NULL
12525	_stock	NULL
12539	_stock	NULL
12550	_stock	NULL
12560	_stock	NULL
12565	_stock	NULL
12566	_stock	NULL
12568	_stock	NULL
12571	_stock	NULL
12572	_stock	NULL
12577	_stock	NULL
12583	_stock	NULL
12587	_stock	NULL
12591	_stock	NULL
12592	_stock	NULL
12593	_stock	NULL
12594	_stock	NULL
12596	_stock	NULL
12605	_stock	NULL
12612	_stock	NULL
12616	_stock	NULL
12619	_stock	NULL
12621	_stock	NULL
12623	_stock	NULL
12625	_stock	NULL
12627	_stock	NULL
12628	_stock	NULL
12629	_stock	NULL
12630	_stock	NULL
12632	_stock	NULL
12637	_stock	NULL
12646	_stock	NULL
12648	_stock	NULL
12650	_stock	NULL
12652	_stock	NULL
12676	_stock	NULL
12678	_stock	NULL
12679	_stock	NULL
12683	_stock	NULL
12686	_stock	NULL
12693	_stock	NULL
12701	_stock	NULL
12713	_stock	NULL
12715	_stock	NULL
12726	_stock	NULL
12728	_stock	NULL
12736	_stock	NULL
12749	_stock	NULL
12751	_stock	NULL
12753	_stock	NULL
12755	_stock	NULL
12759	_stock	NULL
12761	_stock	NULL
12766	_stock	NULL
12771	_stock	NULL
12773	_stock	NULL
12778	_stock	NULL
12780	_stock	NULL
12783	_stock	NULL
12789	_stock	NULL
12790	_stock	NULL
12791	_stock	NULL
12792	_stock	NULL
12796	_stock	NULL
12800	_stock	NULL
12802	_stock	NULL
12804	_stock	NULL
12806	_stock	NULL
12810	_stock	NULL
12817	_stock	NULL
12820	_stock	NULL
12831	_stock	NULL
12835	_stock	NULL
12840	_stock	NULL
12844	_stock	NULL
12846	_stock	NULL
12848	_stock	NULL
12851	_stock	NULL
12853	_stock	NULL
12856	_stock	NULL
12859	_stock	NULL
12861	_stock	NULL
12863	_stock	NULL
12866	_stock	NULL
12871	_stock	NULL
12878	_stock	NULL
12884	_stock	NULL
12894	_stock	NULL
12895	_stock	NULL
12896	_stock	NULL
12897	_stock	NULL
12898	_stock	NULL
12899	_stock	NULL
12900	_stock	NULL
12901	_stock	NULL
12902	_stock	NULL
12903	_stock	NULL
12904	_stock	NULL
12906	_stock	NULL
12910	_stock	NULL
12915	_stock	NULL
12921	_stock	NULL
12924	_stock	NULL
12926	_stock	NULL
12930	_stock	NULL
12935	_stock	NULL
12937	_stock	NULL
12938	_stock	NULL
12944	_stock	NULL
12946	_stock	NULL
12948	_stock	NULL
12950	_stock	NULL
12956	_stock	NULL
12960	_stock	NULL
12966	_stock	NULL
12968	_stock	NULL
12971	_stock	NULL
12974	_stock	NULL
12976	_stock	NULL
12982	_stock	NULL
12986	_stock	NULL
12993	_stock	NULL
13117	_stock	NULL
13123	_stock	NULL
13131	_stock	NULL
13134	_stock	NULL
13140	_stock	NULL
13147	_stock	NULL
13158	_stock	NULL
13159	_stock	NULL
13162	_stock	NULL
13163	_stock	NULL
13167	_stock	NULL
13168	_stock	NULL
13171	_stock	NULL
13177	_stock	NULL
13178	_stock	NULL
13180	_stock	NULL
13184	_stock	NULL
13185	_stock	NULL
13186	_stock	NULL
13191	_stock	NULL
13193	_stock	NULL
13194	_stock	NULL
13195	_stock	NULL
13196	_stock	NULL
13197	_stock	NULL
13198	_stock	NULL
13199	_stock	NULL
15316	_stock	NULL
13228	_stock	NULL
13234	_stock	NULL
13235	_stock	NULL
13244	_stock	NULL
13245	_stock	NULL
13246	_stock	NULL
13247	_stock	NULL
13248	_stock	NULL
13249	_stock	NULL
13254	_stock	NULL
13256	_stock	NULL
13258	_stock	NULL
13261	_stock	NULL
13262	_stock	NULL
13264	_stock	NULL
13266	_stock	NULL
13270	_stock	NULL
13272	_stock	NULL
13277	_stock	NULL
13279	_stock	NULL
13281	_stock	NULL
13284	_stock	NULL
13286	_stock	NULL
13295	_stock	NULL
13296	_stock	NULL
13298	_stock	NULL
13302	_stock	NULL
13305	_stock	NULL
13307	_stock	NULL
13309	_stock	NULL
13310	_stock	NULL
13311	_stock	NULL
13313	_stock	NULL
13315	_stock	NULL
13317	_stock	NULL
13320	_stock	NULL
13324	_stock	NULL
13326	_stock	NULL
13330	_stock	NULL
13334	_stock	NULL
13338	_stock	NULL
13344	_stock	NULL
13345	_stock	NULL
13347	_stock	NULL
13350	_stock	NULL
13351	_stock	NULL
13352	_stock	NULL
13353	_stock	NULL
13357	_stock	NULL
13363	_stock	NULL
13365	_stock	NULL
13367	_stock	NULL
13370	_stock	NULL
13371	_stock	NULL
13377	_stock	NULL
13379	_stock	NULL
13384	_stock	NULL
13393	_stock	NULL
13397	_stock	NULL
13399	_stock	NULL
13403	_stock	NULL
13406	_stock	NULL
13409	_stock	NULL
13412	_stock	NULL
13414	_stock	NULL
13416	_stock	NULL
13418	_stock	NULL
13421	_stock	NULL
13423	_stock	NULL
13425	_stock	NULL
13429	_stock	NULL
13430	_stock	NULL
13433	_stock	NULL
13439	_stock	NULL
13446	_stock	NULL
13451	_stock	NULL
13454	_stock	NULL
13456	_stock	NULL
13462	_stock	NULL
13464	_stock	NULL
13466	_stock	NULL
13469	_stock	NULL
13472	_stock	NULL
13478	_stock	NULL
13480	_stock	NULL
13488	_stock	NULL
13491	_stock	NULL
13502	_stock	NULL
13503	_stock	NULL
13504	_stock	NULL
13506	_stock	NULL
13507	_stock	NULL
13510	_stock	NULL
13516	_stock	NULL
13520	_stock	NULL
13521	_stock	NULL
13524	_stock	NULL
13526	_stock	NULL
13529	_stock	NULL
13532	_stock	NULL
13537	_stock	NULL
13538	_stock	NULL
13539	_stock	NULL
13541	_stock	NULL
13544	_stock	NULL
13546	_stock	NULL
13547	_stock	NULL
13548	_stock	NULL
13550	_stock	NULL
13562	_stock	NULL
13564	_stock	NULL
13567	_stock	NULL
13571	_stock	NULL
13576	_stock	NULL
13581	_stock	NULL
13582	_stock	NULL
13583	_stock	NULL
13585	_stock	NULL
13591	_stock	NULL
13592	_stock	NULL
13593	_stock	NULL
13595	_stock	NULL
13596	_stock	NULL
13598	_stock	NULL
13599	_stock	NULL
13600	_stock	NULL
13601	_stock	NULL
13603	_stock	NULL
13605	_stock	NULL
13607	_stock	NULL
13608	_stock	NULL
13609	_stock	NULL
13611	_stock	NULL
13612	_stock	NULL
13614	_stock	NULL
13615	_stock	NULL
13616	_stock	NULL
13617	_stock	NULL
13618	_stock	NULL
13619	_stock	NULL
13620	_stock	NULL
13621	_stock	NULL
13622	_stock	NULL
13623	_stock	NULL
13624	_stock	NULL
13626	_stock	NULL
13627	_stock	NULL
13628	_stock	NULL
13629	_stock	NULL
13630	_stock	NULL
13631	_stock	NULL
13632	_stock	NULL
13633	_stock	NULL
13634	_stock	NULL
13638	_stock	NULL
13640	_stock	NULL
13641	_stock	NULL
13642	_stock	NULL
13646	_stock	NULL
13649	_stock	NULL
13653	_stock	NULL
13656	_stock	NULL
13659	_stock	NULL
13661	_stock	NULL
13664	_stock	NULL
13666	_stock	NULL
13668	_stock	NULL
13671	_stock	NULL
13677	_stock	NULL
13679	_stock	NULL
13680	_stock	NULL
13681	_stock	NULL
13682	_stock	NULL
13683	_stock	NULL
13685	_stock	NULL
13688	_stock	NULL
13690	_stock	NULL
13698	_stock	NULL
13702	_stock	NULL
13709	_stock	NULL
13711	_stock	NULL
13713	_stock	NULL
13714	_stock	NULL
13716	_stock	NULL
13717	_stock	NULL
13719	_stock	NULL
13721	_stock	NULL
13726	_stock	NULL
13729	_stock	NULL
13739	_stock	NULL
13746	_stock	NULL
13749	_stock	NULL
13750	_stock	NULL
13756	_stock	NULL
13759	_stock	NULL
13767	_stock	NULL
13769	_stock	NULL
13772	_stock	NULL
13774	_stock	NULL
13780	_stock	NULL
13782	_stock	NULL
13787	_stock	NULL
13791	_stock	NULL
13796	_stock	NULL
13800	_stock	NULL
13802	_stock	NULL
13803	_stock	NULL
13807	_stock	NULL
13809	_stock	NULL
13810	_stock	NULL
13811	_stock	NULL
13813	_stock	NULL
13815	_stock	NULL
13819	_stock	NULL
13821	_stock	NULL
13824	_stock	NULL
13826	_stock	NULL
13828	_stock	NULL
13830	_stock	NULL
13832	_stock	NULL
13834	_stock	NULL
13836	_stock	NULL
13849	_stock	NULL
13851	_stock	NULL
13860	_stock	NULL
13862	_stock	NULL
13868	_stock	NULL
13873	_stock	NULL
13877	_stock	NULL
13883	_stock	NULL
13885	_stock	NULL
13888	_stock	NULL
13890	_stock	NULL
13892	_stock	NULL
13894	_stock	NULL
13896	_stock	NULL
13899	_stock	NULL
13901	_stock	NULL
13903	_stock	NULL
13905	_stock	NULL
13908	_stock	NULL
13915	_stock	NULL
13917	_stock	NULL
13919	_stock	NULL
13921	_stock	NULL
13925	_stock	NULL
13927	_stock	NULL
13928	_stock	NULL
13930	_stock	NULL
13932	_stock	NULL
13934	_stock	NULL
13937	_stock	NULL
13939	_stock	NULL
13941	_stock	NULL
13943	_stock	NULL
13945	_stock	NULL
13949	_stock	NULL
13952	_stock	NULL
13962	_stock	NULL
13966	_stock	NULL
13965	_stock	NULL
13969	_stock	NULL
13973	_stock	NULL
13975	_stock	NULL
13977	_stock	NULL
13979	_stock	NULL
13981	_stock	NULL
13983	_stock	NULL
13986	_stock	NULL
13987	_stock	NULL
13988	_stock	NULL
13989	_stock	NULL
13991	_stock	NULL
13993	_stock	NULL
13996	_stock	NULL
13997	_stock	NULL
14001	_stock	NULL
14005	_stock	NULL
14009	_stock	NULL
14011	_stock	NULL
14014	_stock	NULL
14019	_stock	NULL
14022	_stock	NULL
14023	_stock	NULL
14025	_stock	NULL
14026	_stock	NULL
14031	_stock	NULL
14039	_stock	NULL
14054	_stock	NULL
14058	_stock	NULL
14060	_stock	NULL
14061	_stock	NULL
14063	_stock	NULL
14065	_stock	NULL
14067	_stock	NULL
14069	_stock	NULL
14070	_stock	NULL
14072	_stock	NULL
14074	_stock	NULL
14077	_stock	NULL
14078	_stock	NULL
14080	_stock	NULL
14081	_stock	NULL
14084	_stock	NULL
14093	_stock	NULL
14100	_stock	NULL
14101	_stock	NULL
14105	_stock	NULL
14113	_stock	NULL
14114	_stock	NULL
14115	_stock	NULL
14121	_stock	NULL
14122	_stock	NULL
14123	_stock	NULL
14125	_stock	NULL
14127	_stock	NULL
14128	_stock	NULL
14130	_stock	NULL
14131	_stock	NULL
14133	_stock	NULL
14134	_stock	NULL
14137	_stock	NULL
14138	_stock	NULL
14141	_stock	NULL
14142	_stock	NULL
14144	_stock	NULL
14145	_stock	NULL
14148	_stock	NULL
14151	_stock	NULL
14153	_stock	NULL
14154	_stock	NULL
14162	_stock	NULL
14165	_stock	NULL
14174	_stock	NULL
14175	_stock	NULL
14179	_stock	NULL
14180	_stock	NULL
14181	_stock	NULL
14183	_stock	NULL
14187	_stock	NULL
14189	_stock	NULL
14191	_stock	NULL
14192	_stock	NULL
14194	_stock	NULL
14195	_stock	NULL
14197	_stock	NULL
14199	_stock	NULL
14201	_stock	NULL
14204	_stock	NULL
14208	_stock	NULL
14213	_stock	NULL
14215	_stock	NULL
14217	_stock	NULL
14219	_stock	NULL
14220	_stock	NULL
14222	_stock	NULL
14224	_stock	NULL
14227	_stock	NULL
14228	_stock	NULL
11623	_stock	NULL
14235	_stock	NULL
14237	_stock	NULL
14239	_stock	NULL
14244	_stock	NULL
14246	_stock	NULL
14248	_stock	NULL
14249	_stock	NULL
14250	_stock	NULL
14256	_stock	NULL
14259	_stock	NULL
14262	_stock	NULL
14266	_stock	NULL
14267	_stock	NULL
14270	_stock	NULL
14271	_stock	NULL
14278	_stock	NULL
14279	_stock	NULL
14284	_stock	NULL
14287	_stock	NULL
14291	_stock	NULL
14293	_stock	NULL
14294	_stock	NULL
14295	_stock	NULL
14297	_stock	NULL
14300	_stock	NULL
14303	_stock	NULL
14309	_stock	NULL
14321	_stock	NULL
14328	_stock	NULL
14333	_stock	NULL
14335	_stock	NULL
14336	_stock	NULL
14345	_stock	NULL
14344	_stock	NULL
14346	_stock	NULL
14347	_stock	NULL
14350	_stock	NULL
14352	_stock	NULL
14354	_stock	NULL
14359	_stock	NULL
14362	_stock	NULL
14366	_stock	NULL
14371	_stock	NULL
14373	_stock	NULL
14374	_stock	NULL
14376	_stock	NULL
14377	_stock	NULL
14381	_stock	NULL
14383	_stock	NULL
14385	_stock	NULL
14387	_stock	NULL
14389	_stock	NULL
14391	_stock	NULL
14393	_stock	NULL
14395	_stock	NULL
14397	_stock	NULL
14399	_stock	NULL
14401	_stock	NULL
14403	_stock	NULL
14405	_stock	NULL
14408	_stock	NULL
14409	_stock	NULL
14413	_stock	NULL
14414	_stock	NULL
14420	_stock	NULL
14423	_stock	NULL
14425	_stock	NULL
14428	_stock	NULL
14430	_stock	NULL
14436	_stock	NULL
14438	_stock	NULL
14440	_stock	NULL
14442	_stock	NULL
14444	_stock	NULL
14445	_stock	NULL
14447	_stock	NULL
14448	_stock	NULL
14449	_stock	NULL
14453	_stock	NULL
14454	_stock	NULL
14456	_stock	NULL
14457	_stock	NULL
14459	_stock	NULL
14461	_stock	NULL
14465	_stock	NULL
14467	_stock	NULL
14469	_stock	NULL
14471	_stock	NULL
14475	_stock	NULL
14476	_stock	NULL
14478	_stock	NULL
14480	_stock	NULL
14483	_stock	NULL
14484	_stock	NULL
14488	_stock	NULL
14492	_stock	NULL
14494	_stock	NULL
14495	_stock	
14496	_stock	NULL
14497	_stock	NULL
14499	_stock	NULL
14500	_stock	NULL
14501	_stock	NULL
14504	_stock	NULL
14505	_stock	NULL
14508	_stock	NULL
14512	_stock	NULL
14514	_stock	NULL
14517	_stock	NULL
14519	_stock	NULL
14521	_stock	NULL
14525	_stock	NULL
14526	_stock	NULL
14527	_stock	NULL
14528	_stock	NULL
14529	_stock	NULL
14530	_stock	NULL
14532	_stock	NULL
14534	_stock	NULL
14537	_stock	NULL
14539	_stock	NULL
14541	_stock	NULL
14542	_stock	NULL
14546	_stock	NULL
14549	_stock	NULL
14552	_stock	NULL
14554	_stock	NULL
14555	_stock	NULL
14559	_stock	NULL
14563	_stock	NULL
14565	_stock	NULL
14567	_stock	NULL
14569	_stock	NULL
14571	_stock	NULL
14573	_stock	NULL
14574	_stock	NULL
14575	_stock	NULL
14580	_stock	NULL
14585	_stock	NULL
14591	_stock	NULL
14598	_stock	NULL
14603	_stock	NULL
14608	_stock	NULL
14610	_stock	NULL
14612	_stock	NULL
14618	_stock	NULL
14627	_stock	NULL
14635	_stock	NULL
15377	_stock	NULL
15723	_stock	NULL
15707	_stock	NULL
15428	_stock	NULL
15713	_stock	NULL
15999	_stock	NULL
15892	_stock	NULL
15796	_stock	NULL
15668	_stock	NULL
15346	_stock	NULL
15351	_stock	NULL
15352	_stock	NULL
15217	_stock	NULL
15219	_stock	NULL
15224	_stock	NULL
15225	_stock	NULL
15226	_stock	NULL
15357	_stock	NULL
15359	_stock	NULL
15360	_stock	NULL
15361	_stock	NULL
15757	_stock	NULL
15755	_stock	NULL
15926	_stock	NULL
15423	_stock	NULL
14639	_stock	NULL
14646	_stock	NULL
15793	_stock	NULL
15364	_stock	NULL
15365	_stock	NULL
15366	_stock	NULL
15368	_stock	NULL
14647	_stock	NULL
14650	_stock	NULL
14655	_stock	NULL
14660	_stock	NULL
14665	_stock	NULL
14667	_stock	NULL
14666	_stock	NULL
14668	_stock	NULL
14670	_stock	NULL
14671	_stock	NULL
14675	_stock	NULL
14680	_stock	NULL
14686	_stock	NULL
14690	_stock	NULL
14693	_stock	NULL
14694	_stock	NULL
14697	_stock	NULL
14700	_stock	NULL
14702	_stock	NULL
14704	_stock	NULL
14709	_stock	NULL
14710	_stock	NULL
14712	_stock	NULL
14714	_stock	NULL
14716	_stock	NULL
14718	_stock	NULL
14723	_stock	NULL
14724	_stock	NULL
14728	_stock	NULL
14731	_stock	NULL
14733	_stock	NULL
14737	_stock	NULL
14746	_stock	NULL
14750	_stock	NULL
14754	_stock	NULL
14753	_stock	NULL
14757	_stock	NULL
14763	_stock	NULL
14766	_stock	NULL
14768	_stock	NULL
14769	_stock	NULL
14772	_stock	NULL
14773	_stock	NULL
14774	_stock	NULL
14775	_stock	NULL
14779	_stock	NULL
14783	_stock	NULL
15824	_stock	NULL
14786	_stock	NULL
14788	_stock	NULL
14790	_stock	NULL
14794	_stock	NULL
14796	_stock	NULL
14798	_stock	NULL
14800	_stock	NULL
14806	_stock	NULL
15867	_stock	NULL
16021	_stock	NULL
15236	_stock	NULL
15238	_stock	NULL
15752	_stock	NULL
14809	_stock	NULL
14813	_stock	NULL
14817	_stock	NULL
14824	_stock	NULL
14829	_stock	NULL
14831	_stock	NULL
14834	_stock	NULL
14836	_stock	NULL
14838	_stock	NULL
14840	_stock	NULL
14839	_stock	NULL
14843	_stock	NULL
14844	_stock	NULL
14851	_stock	NULL
14854	_stock	NULL
14856	_stock	NULL
14857	_stock	NULL
14858	_stock	NULL
14860	_stock	NULL
14865	_stock	NULL
14866	_stock	NULL
14869	_stock	NULL
14871	_stock	NULL
14873	_stock	NULL
14876	_stock	NULL
14879	_stock	NULL
15240	_stock	NULL
15243	_stock	NULL
14883	_stock	NULL
14888	_stock	NULL
14893	_stock	NULL
14897	_stock	NULL
14899	_stock	NULL
14903	_stock	NULL
14905	_stock	NULL
14908	_stock	NULL
14910	_stock	NULL
14912	_stock	NULL
14913	_stock	NULL
14917	_stock	NULL
15251	_stock	NULL
15482	_stock	NULL
15648	_stock	NULL
15872	_stock	NULL
15868	_stock	NULL
15870	_stock	NULL
15445	_stock	NULL
15370	_stock	NULL
15509	_stock	NULL
15344	_stock	NULL
15715	_stock	NULL
15311	_stock	NULL
15718	_stock	NULL
15306	_stock	NULL
15308	_stock	NULL
15644	_stock	NULL
15418	_stock	NULL
15420	_stock	NULL
15759	_stock	NULL
15865	_stock	NULL
15837	_stock	NULL
15863	_stock	NULL
15451	_stock	NULL
15492	_stock	NULL
15439	_stock	NULL
14921	_stock	NULL
14924	_stock	NULL
14930	_stock	NULL
14932	_stock	NULL
14934	_stock	NULL
14936	_stock	NULL
14938	_stock	NULL
14942	_stock	NULL
14947	_stock	NULL
14952	_stock	NULL
14954	_stock	NULL
14956	_stock	NULL
14959	_stock	NULL
14960	_stock	NULL
14968	_stock	NULL
14971	_stock	NULL
14973	_stock	NULL
14980	_stock	NULL
14981	_stock	NULL
14984	_stock	NULL
14991	_stock	NULL
15925	_stock	NULL
14995	_stock	NULL
15000	_stock	NULL
15002	_stock	NULL
15005	_stock	NULL
15012	_stock	NULL
15015	_stock	NULL
15017	_stock	NULL
15019	_stock	NULL
15020	_stock	NULL
15021	_stock	NULL
15022	_stock	NULL
15024	_stock	NULL
15026	_stock	NULL
15028	_stock	NULL
15029	_stock	NULL
15030	_stock	NULL
15041	_stock	NULL
15042	_stock	NULL
15044	_stock	NULL
15045	_stock	NULL
15046	_stock	NULL
15052	_stock	NULL
15057	_stock	NULL
15059	_stock	NULL
15063	_stock	NULL
15065	_stock	NULL
15067	_stock	NULL
15069	_stock	NULL
15076	_stock	NULL
15079	_stock	NULL
15083	_stock	NULL
15089	_stock	NULL
15091	_stock	NULL
15092	_stock	NULL
15093	_stock	NULL
15098	_stock	NULL
15107	_stock	NULL
15118	_stock	NULL
15120	_stock	NULL
15122	_stock	NULL
15123	_stock	NULL
15124	_stock	NULL
15125	_stock	NULL
15126	_stock	NULL
15128	_stock	NULL
15136	_stock	NULL
15144	_stock	NULL
15146	_stock	NULL
15148	_stock	NULL
15152	_stock	NULL
15154	_stock	NULL
15157	_stock	NULL
15160	_stock	NULL
15162	_stock	NULL
15163	_stock	NULL
15166	_stock	NULL
15170	_stock	NULL
15171	_stock	NULL
15172	_stock	NULL
15174	_stock	NULL
15176	_stock	NULL
15181	_stock	NULL
15188	_stock	NULL
15194	_stock	NULL
15199	_stock	NULL
15209	_stock	NULL
15211	_stock	NULL
15279	_stock	NULL
15997	_stock	NULL
15766	_stock	NULL
15573	_stock	NULL
15574	_stock	NULL
15581	_stock	NULL
15281	_stock	NULL
15273	_stock	NULL
15278	_stock	NULL
15417	_stock	NULL
15874	_stock	NULL
15487	_stock	NULL
15767	_stock	NULL
15685	_stock	NULL
15410	_stock	NULL
15412	_stock	NULL
15413	_stock	NULL
15335	_stock	NULL
15664	_stock	NULL
15593	_stock	NULL
16372	_stock	NULL
16373	_stock	NULL
16374	_stock	NULL
16375	_stock	NULL
15653	_stock	NULL
15380	_stock	NULL
15390	_stock	NULL
16016	_stock	NULL
15586	_stock	NULL
15588	_stock	NULL
15590	_stock	NULL
15591	_stock	NULL
15592	_stock	NULL
15397	_stock	NULL
15635	_stock	NULL
15637	_stock	NULL
15620	_stock	NULL
15694	_stock	NULL
15513	_stock	NULL
15641	_stock	NULL
15431	_stock	NULL
15434	_stock	NULL
15435	_stock	NULL
15750	_stock	NULL
15476	_stock	NULL
15894	_stock	NULL
15699	_stock	NULL
15701	_stock	NULL
15702	_stock	NULL
15703	_stock	NULL
15704	_stock	NULL
15705	_stock	NULL
15706	_stock	NULL
15498	_stock	NULL
15502	_stock	NULL
15504	_stock	NULL
15506	_stock	NULL
15507	_stock	NULL
15495	_stock	NULL
15959	_stock	NULL
15960	_stock	NULL
15469	_stock	NULL
15576	_stock	NULL
19673	_stock	NULL
19678	_stock	NULL
19681	_stock	NULL
15680	_stock	NULL
15683	_stock	NULL
15624	_stock	NULL
15517	_stock	NULL
15518	_stock	NULL
15519	_stock	NULL
15521	_stock	NULL
15523	_stock	NULL
15527	_stock	NULL
15855	_stock	NULL
15861	_stock	NULL
15853	_stock	NULL
15572	_stock	NULL
15696	_stock	NULL
15688	_stock	NULL
15690	_stock	NULL
15691	_stock	NULL
15693	_stock	NULL
15531	_stock	NULL
15533	_stock	NULL
15539	_stock	NULL
15541	_stock	NULL
15551	_stock	NULL
15553	_stock	NULL
15558	_stock	NULL
15563	_stock	NULL
15565	_stock	NULL
15567	_stock	NULL
15805	_stock	NULL
15811	_stock	NULL
15815	_stock	NULL
16014	_stock	NULL
15611	_stock	NULL
15613	_stock	NULL
15617	_stock	NULL
15601	_stock	NULL
15729	_stock	NULL
15735	_stock	NULL
15742	_stock	NULL
15744	_stock	NULL
15786	_stock	NULL
15898	_stock	NULL
15900	_stock	NULL
15904	_stock	NULL
15746	_stock	NULL
15932	_stock	NULL
15934	_stock	NULL
15813	_stock	NULL
15784	_stock	NULL
15797	_stock	NULL
15800	_stock	NULL
15802	_stock	NULL
19668	_stock	NULL
16397	_stock	NULL
15785	_stock	NULL
16002	_stock	NULL
16003	_stock	NULL
15828	_stock	NULL
16004	_stock	NULL
16005	_stock	NULL
16130	_stock	NULL
15803	_stock	NULL
15876	_stock	NULL
15880	_stock	NULL
15881	_stock	NULL
15882	_stock	NULL
15886	_stock	NULL
15888	_stock	NULL
15890	_stock	NULL
15992	_stock	NULL
15993	_stock	NULL
15994	_stock	NULL
15776	_stock	NULL
16007	_stock	NULL
16012	_stock	NULL
16508	_stock	NULL
16211	_stock	NULL
15948	_stock	NULL
15980	_stock	NULL
16213	_stock	NULL
16067	_stock	NULL
16076	_stock	NULL
16078	_stock	NULL
15936	_stock	NULL
15940	_stock	NULL
15978	_stock	NULL
15962	_stock	NULL
15963	_stock	NULL
15964	_stock	NULL
15965	_stock	NULL
15966	_stock	NULL
15967	_stock	NULL
16371	_stock	NULL
16079	_stock	NULL
16670	_stock	NULL
16149	_stock	NULL
16370	_stock	NULL
16354	_stock	NULL
16356	_stock	NULL
16357	_stock	NULL
16692	_stock	NULL
16475	_stock	NULL
16510	_stock	NULL
16461	_stock	NULL
16463	_stock	NULL
15910	_stock	NULL
16345	_stock	NULL
15970	_stock	NULL
15976	_stock	NULL
15941	_stock	NULL
15944	_stock	NULL
15946	_stock	NULL
16688	_stock	NULL
16081	_stock	NULL
15847	_stock	NULL
15849	_stock	NULL
16215	_stock	NULL
16550	_stock	NULL
15957	_stock	NULL
15840	_stock	NULL
15842	_stock	NULL
15844	_stock	NULL
16498	_stock	NULL
16500	_stock	NULL
16502	_stock	NULL
15968	_stock	NULL
15969	_stock	NULL
15913	_stock	NULL
15915	_stock	NULL
15917	_stock	NULL
15919	_stock	NULL
15921	_stock	NULL
15923	_stock	NULL
16028	_stock	NULL
16035	_stock	NULL
16376	_stock	NULL
16393	_stock	NULL
16349	_stock	NULL
16352	_stock	NULL
16306	_stock	NULL
16308	_stock	NULL
16044	_stock	NULL
16050	_stock	NULL
16053	_stock	NULL
16055	_stock	NULL
16366	_stock	NULL
16395	_stock	NULL
16473	_stock	NULL
16124	_stock	NULL
16126	_stock	NULL
16128	_stock	NULL
16151	_stock	NULL
16154	_stock	NULL
16162	_stock	NULL
16165	_stock	NULL
16062	_stock	NULL
16131	_stock	NULL
16132	_stock	NULL
16654	_stock	NULL
16082	_stock	NULL
16085	_stock	NULL
16090	_stock	NULL
16092	_stock	NULL
16094	_stock	NULL
16096	_stock	NULL
16098	_stock	NULL
16100	_stock	NULL
16101	_stock	NULL
16102	_stock	NULL
16103	_stock	NULL
16109	_stock	NULL
16112	_stock	NULL
16113	_stock	NULL
16114	_stock	NULL
16119	_stock	NULL
16121	_stock	NULL
16368	_stock	NULL
16666	_stock	NULL
16147	_stock	NULL
16167	_stock	NULL
16174	_stock	NULL
16183	_stock	NULL
16178	_stock	NULL
16180	_stock	NULL
16182	_stock	NULL
16185	_stock	NULL
16187	_stock	NULL
16189	_stock	NULL
16192	_stock	NULL
16312	_stock	NULL
16314	_stock	NULL
16310	_stock	NULL
16196	_stock	NULL
16197	_stock	NULL
16198	_stock	NULL
16200	_stock	NULL
16201	_stock	NULL
16202	_stock	NULL
16204	_stock	NULL
16205	_stock	NULL
16206	_stock	NULL
16207	_stock	NULL
16209	_stock	NULL
16470	_stock	NULL
16466	_stock	NULL
16468	_stock	NULL
16455	_stock	NULL
16363	_stock	NULL
16546	_stock	NULL
16218	_stock	NULL
16223	_stock	NULL
16228	_stock	NULL
16234	_stock	NULL
16339	_stock	NULL
16341	_stock	NULL
16343	_stock	NULL
16457	_stock	NULL
16459	_stock	NULL
16242	_stock	NULL
16248	_stock	NULL
16254	_stock	NULL
16422	_stock	NULL
16424	_stock	NULL
16425	_stock	NULL
16517	_stock	NULL
16316	_stock	NULL
16320	_stock	NULL
16493	_stock	NULL
16257	_stock	NULL
16262	_stock	NULL
16266	_stock	NULL
16382	_stock	NULL
16387	_stock	NULL
16389	_stock	NULL
16391	_stock	NULL
16271	_stock	NULL
16274	_stock	NULL
16276	_stock	NULL
16277	_stock	NULL
16281	_stock	NULL
16284	_stock	NULL
16285	_stock	NULL
16287	_stock	NULL
16293	_stock	NULL
16295	_stock	NULL
16297	_stock	NULL
16299	_stock	NULL
16302	_stock	NULL
16304	_stock	NULL
16552	_stock	NULL
16554	_stock	NULL
16418	_stock	NULL
16420	_stock	NULL
16421	_stock	NULL
16529	_stock	NULL
16531	_stock	NULL
16533	_stock	NULL
16448	_stock	NULL
16450	_stock	NULL
16398	_stock	NULL
16402	_stock	NULL
16407	_stock	NULL
16409	_stock	NULL
16476	_stock	NULL
16477	_stock	NULL
16479	_stock	NULL
16496	_stock	NULL
16545	_stock	NULL
16540	_stock	NULL
16543	_stock	NULL
16452	_stock	NULL
16454	_stock	NULL
16430	_stock	NULL
16431	_stock	NULL
16433	_stock	NULL
16434	_stock	NULL
16417	_stock	NULL
16535	_stock	NULL
16537	_stock	NULL
16539	_stock	NULL
16558	_stock	NULL
16444	_stock	NULL
16445	_stock	NULL
16446	_stock	NULL
16439	_stock	NULL
16447	_stock	NULL
16416	_stock	0
16634	_stock	NULL
16644	_stock	NULL
16426	_stock	NULL
16428	_stock	NULL
16526	_stock	NULL
16647	_stock	NULL
16482	_stock	NULL
16485	_stock	NULL
16487	_stock	NULL
16489	_stock	NULL
16566	_stock	NULL
16621	_stock	NULL
16513	_stock	NULL
16520	_stock	NULL
16524	_stock	NULL
16694	_stock	NULL
16699	_stock	NULL
16700	_stock	NULL
16549	_stock	NULL
16571	_stock	NULL
19683	_stock	NULL
19684	_stock	NULL
19685	_stock	NULL
19665	_stock	NULL
16618	_stock	NULL
16619	_stock	NULL
16620	_stock	NULL
16683	_stock	NULL
16672	_stock	NULL
16681	_stock	NULL
16547	_stock	NULL
16574	_stock	NULL
16701	_stock	NULL
16702	_stock	NULL
16703	_stock	NULL
16704	_stock	NULL
16708	_stock	NULL
16630	_stock	NULL
16632	_stock	NULL
16626	_stock	NULL
16584	_stock	NULL
16580	_stock	NULL
16589	_stock	NULL
16607	_stock	NULL
12765	_stock	NULL
16611	_stock	NULL
16601	_stock	NULL
16603	_stock	NULL
16604	_stock	NULL
19669	_stock	NULL
19670	_stock	NULL
19671	_stock	NULL
16709	_stock	NULL
16710	_stock	NULL
16711	_stock	NULL
16712	_stock	NULL
16713	_stock	NULL
16714	_stock	NULL
16715	_stock	NULL
16716	_stock	NULL
16717	_stock	NULL
16718	_stock	NULL
16719	_stock	NULL
16720	_stock	NULL
16721	_stock	NULL
16722	_stock	NULL
16723	_stock	NULL
16724	_stock	NULL
16725	_stock	NULL
16726	_stock	NULL
16727	_stock	NULL
16728	_stock	NULL
16729	_stock	NULL
16730	_stock	NULL
16731	_stock	NULL
16732	_stock	NULL
16733	_stock	NULL
16734	_stock	NULL
16735	_stock	NULL
16736	_stock	NULL
16737	_stock	NULL
16738	_stock	NULL
16739	_stock	NULL
16740	_stock	NULL
16741	_stock	NULL
16742	_stock	NULL
16743	_stock	NULL
16744	_stock	NULL
16745	_stock	NULL
16746	_stock	NULL
16747	_stock	NULL
16748	_stock	NULL
16749	_stock	NULL
16750	_stock	NULL
16751	_stock	NULL
16752	_stock	NULL
16753	_stock	NULL
16754	_stock	NULL
16755	_stock	NULL
16756	_stock	NULL
16757	_stock	NULL
16758	_stock	NULL
16759	_stock	NULL
16760	_stock	NULL
16761	_stock	NULL
16762	_stock	NULL
16763	_stock	NULL
16764	_stock	NULL
16765	_stock	NULL
16766	_stock	NULL
16767	_stock	NULL
16768	_stock	NULL
16769	_stock	NULL
16770	_stock	NULL
16771	_stock	NULL
16772	_stock	NULL
16773	_stock	NULL
16774	_stock	NULL
16775	_stock	NULL
16776	_stock	NULL
16777	_stock	NULL
16778	_stock	NULL
16779	_stock	NULL
16780	_stock	NULL
16781	_stock	NULL
16782	_stock	NULL
16783	_stock	NULL
16784	_stock	NULL
16785	_stock	NULL
16786	_stock	NULL
16787	_stock	NULL
16788	_stock	NULL
16789	_stock	NULL
16790	_stock	NULL
16791	_stock	NULL
16792	_stock	NULL
16793	_stock	NULL
16794	_stock	NULL
16795	_stock	NULL
16796	_stock	NULL
16797	_stock	NULL
16798	_stock	NULL
16799	_stock	NULL
16800	_stock	NULL
16801	_stock	NULL
16802	_stock	NULL
16803	_stock	NULL
16804	_stock	NULL
16805	_stock	NULL
16806	_stock	NULL
16807	_stock	NULL
16808	_stock	NULL
16809	_stock	NULL
16810	_stock	NULL
16811	_stock	NULL
16812	_stock	NULL
16813	_stock	NULL
16814	_stock	NULL
16815	_stock	NULL
16816	_stock	NULL
16817	_stock	NULL
16818	_stock	NULL
16819	_stock	NULL
16820	_stock	NULL
16821	_stock	NULL
16822	_stock	NULL
16823	_stock	NULL
16824	_stock	NULL
16825	_stock	NULL
16826	_stock	NULL
16827	_stock	NULL
16828	_stock	NULL
16829	_stock	NULL
16830	_stock	NULL
16831	_stock	NULL
16832	_stock	NULL
16833	_stock	NULL
16834	_stock	NULL
16835	_stock	NULL
16836	_stock	NULL
16837	_stock	NULL
16838	_stock	NULL
16839	_stock	NULL
16840	_stock	NULL
16841	_stock	NULL
16842	_stock	NULL
16843	_stock	NULL
16844	_stock	NULL
16845	_stock	NULL
16846	_stock	NULL
16847	_stock	NULL
16848	_stock	NULL
16849	_stock	NULL
16850	_stock	NULL
16851	_stock	NULL
16852	_stock	NULL
16853	_stock	NULL
16854	_stock	NULL
16855	_stock	NULL
16856	_stock	NULL
16857	_stock	NULL
16858	_stock	NULL
16859	_stock	NULL
16860	_stock	NULL
16861	_stock	NULL
16862	_stock	NULL
16863	_stock	NULL
16864	_stock	NULL
16865	_stock	NULL
16866	_stock	NULL
16867	_stock	NULL
16868	_stock	NULL
16869	_stock	NULL
16870	_stock	NULL
16871	_stock	NULL
16872	_stock	NULL
16873	_stock	NULL
16874	_stock	NULL
16875	_stock	NULL
16876	_stock	NULL
16877	_stock	NULL
16878	_stock	NULL
16879	_stock	NULL
16880	_stock	NULL
16881	_stock	NULL
16882	_stock	NULL
16883	_stock	NULL
16884	_stock	NULL
16885	_stock	NULL
16886	_stock	NULL
16887	_stock	NULL
16888	_stock	NULL
16889	_stock	NULL
16890	_stock	NULL
16891	_stock	NULL
16892	_stock	NULL
16893	_stock	NULL
16894	_stock	NULL
16895	_stock	NULL
16896	_stock	NULL
16897	_stock	NULL
16898	_stock	NULL
16899	_stock	NULL
16900	_stock	NULL
16901	_stock	NULL
16902	_stock	NULL
16903	_stock	NULL
16904	_stock	NULL
16905	_stock	NULL
16906	_stock	NULL
16907	_stock	NULL
16908	_stock	NULL
16909	_stock	NULL
16910	_stock	NULL
16911	_stock	NULL
16912	_stock	NULL
16913	_stock	NULL
16914	_stock	NULL
16915	_stock	NULL
16916	_stock	NULL
16917	_stock	NULL
16918	_stock	NULL
16919	_stock	NULL
16920	_stock	NULL
16921	_stock	NULL
16922	_stock	NULL
16923	_stock	NULL
16924	_stock	NULL
16925	_stock	NULL
16926	_stock	NULL
16927	_stock	NULL
16928	_stock	NULL
16929	_stock	NULL
16930	_stock	NULL
16931	_stock	NULL
16932	_stock	NULL
16933	_stock	NULL
16934	_stock	NULL
16935	_stock	NULL
16936	_stock	NULL
16937	_stock	NULL
16938	_stock	NULL
16939	_stock	NULL
16940	_stock	NULL
16941	_stock	NULL
16942	_stock	NULL
16943	_stock	NULL
16944	_stock	NULL
16945	_stock	NULL
16946	_stock	NULL
16947	_stock	NULL
16948	_stock	NULL
16949	_stock	NULL
16950	_stock	NULL
16951	_stock	NULL
16952	_stock	NULL
16953	_stock	NULL
16954	_stock	NULL
16955	_stock	NULL
16956	_stock	NULL
16957	_stock	NULL
16958	_stock	NULL
16959	_stock	NULL
16960	_stock	NULL
16961	_stock	NULL
16962	_stock	NULL
16963	_stock	NULL
16964	_stock	NULL
16965	_stock	NULL
16966	_stock	NULL
16967	_stock	NULL
16968	_stock	NULL
16969	_stock	NULL
16970	_stock	NULL
16971	_stock	NULL
16972	_stock	NULL
16973	_stock	NULL
16974	_stock	NULL
16975	_stock	NULL
16976	_stock	NULL
16977	_stock	NULL
16978	_stock	NULL
16979	_stock	NULL
16980	_stock	NULL
16981	_stock	NULL
16982	_stock	NULL
16983	_stock	NULL
16984	_stock	NULL
16985	_stock	NULL
16986	_stock	NULL
16987	_stock	NULL
16988	_stock	NULL
16989	_stock	NULL
16990	_stock	NULL
16991	_stock	NULL
16992	_stock	NULL
16993	_stock	NULL
16994	_stock	NULL
16995	_stock	NULL
16996	_stock	NULL
16997	_stock	NULL
16998	_stock	NULL
16999	_stock	NULL
17000	_stock	NULL
17001	_stock	NULL
17002	_stock	NULL
17003	_stock	NULL
17004	_stock	NULL
17005	_stock	NULL
17006	_stock	NULL
17007	_stock	NULL
17008	_stock	NULL
17009	_stock	NULL
17010	_stock	NULL
17011	_stock	NULL
17012	_stock	NULL
17013	_stock	NULL
17014	_stock	NULL
17015	_stock	NULL
17016	_stock	NULL
17017	_stock	NULL
17018	_stock	NULL
17019	_stock	NULL
17020	_stock	NULL
17021	_stock	NULL
17022	_stock	NULL
17023	_stock	NULL
17024	_stock	NULL
17025	_stock	NULL
17026	_stock	NULL
17027	_stock	NULL
17028	_stock	NULL
17029	_stock	NULL
17030	_stock	NULL
17031	_stock	NULL
17032	_stock	NULL
17033	_stock	NULL
17034	_stock	NULL
17035	_stock	NULL
17036	_stock	NULL
17037	_stock	NULL
17038	_stock	NULL
17039	_stock	NULL
17040	_stock	NULL
17041	_stock	NULL
17042	_stock	NULL
17043	_stock	NULL
17044	_stock	NULL
17045	_stock	NULL
17046	_stock	NULL
17047	_stock	NULL
17048	_stock	NULL
17049	_stock	NULL
17050	_stock	NULL
17051	_stock	NULL
17052	_stock	NULL
17053	_stock	NULL
17054	_stock	NULL
17055	_stock	NULL
17056	_stock	NULL
17057	_stock	NULL
17058	_stock	NULL
17059	_stock	NULL
17060	_stock	NULL
17061	_stock	NULL
17062	_stock	NULL
17063	_stock	NULL
17064	_stock	NULL
17065	_stock	NULL
17066	_stock	NULL
17067	_stock	NULL
17068	_stock	NULL
17069	_stock	NULL
17070	_stock	NULL
17071	_stock	NULL
17072	_stock	NULL
17073	_stock	NULL
17074	_stock	NULL
17075	_stock	NULL
17076	_stock	NULL
17077	_stock	NULL
17078	_stock	NULL
17079	_stock	NULL
17080	_stock	NULL
17081	_stock	NULL
17082	_stock	NULL
17083	_stock	NULL
17084	_stock	NULL
17085	_stock	NULL
17086	_stock	NULL
17087	_stock	NULL
17088	_stock	NULL
17089	_stock	NULL
17090	_stock	NULL
17091	_stock	NULL
17092	_stock	NULL
17093	_stock	NULL
17094	_stock	NULL
17095	_stock	NULL
17096	_stock	NULL
17097	_stock	NULL
17098	_stock	NULL
17099	_stock	NULL
17100	_stock	NULL
17101	_stock	NULL
17102	_stock	NULL
17103	_stock	NULL
17104	_stock	NULL
17105	_stock	NULL
17106	_stock	NULL
17107	_stock	NULL
17108	_stock	NULL
17109	_stock	NULL
17110	_stock	NULL
17111	_stock	NULL
17112	_stock	NULL
17113	_stock	NULL
17114	_stock	NULL
17115	_stock	NULL
17116	_stock	NULL
17117	_stock	NULL
17118	_stock	NULL
17119	_stock	NULL
17120	_stock	NULL
17121	_stock	NULL
17122	_stock	NULL
17123	_stock	NULL
17124	_stock	NULL
17125	_stock	NULL
17126	_stock	NULL
17127	_stock	NULL
17128	_stock	NULL
17129	_stock	NULL
17130	_stock	NULL
17131	_stock	NULL
17132	_stock	NULL
17133	_stock	NULL
17134	_stock	NULL
17135	_stock	NULL
17136	_stock	NULL
17137	_stock	NULL
17138	_stock	NULL
17139	_stock	NULL
17140	_stock	NULL
17141	_stock	NULL
17142	_stock	NULL
17143	_stock	NULL
17144	_stock	NULL
17145	_stock	NULL
17146	_stock	NULL
17147	_stock	NULL
17148	_stock	NULL
17149	_stock	NULL
17150	_stock	NULL
17151	_stock	NULL
17152	_stock	NULL
17153	_stock	NULL
17154	_stock	NULL
17155	_stock	NULL
17156	_stock	NULL
17157	_stock	NULL
17158	_stock	NULL
17159	_stock	NULL
17160	_stock	NULL
17161	_stock	NULL
17162	_stock	NULL
17163	_stock	NULL
17164	_stock	NULL
17165	_stock	NULL
17166	_stock	NULL
17167	_stock	NULL
17168	_stock	NULL
17169	_stock	NULL
17170	_stock	NULL
17171	_stock	NULL
17172	_stock	NULL
17173	_stock	NULL
17174	_stock	NULL
17175	_stock	NULL
17176	_stock	NULL
17177	_stock	NULL
17178	_stock	NULL
17179	_stock	NULL
17180	_stock	NULL
17181	_stock	NULL
17182	_stock	NULL
17183	_stock	NULL
17184	_stock	NULL
17185	_stock	NULL
17186	_stock	NULL
17187	_stock	NULL
17188	_stock	NULL
17189	_stock	NULL
17190	_stock	NULL
17191	_stock	NULL
17192	_stock	NULL
17193	_stock	NULL
17194	_stock	NULL
17195	_stock	NULL
17196	_stock	NULL
17197	_stock	NULL
17198	_stock	NULL
17199	_stock	NULL
17200	_stock	NULL
17201	_stock	NULL
17202	_stock	NULL
17203	_stock	NULL
17204	_stock	NULL
17205	_stock	NULL
17206	_stock	NULL
17207	_stock	NULL
17208	_stock	NULL
17209	_stock	NULL
17210	_stock	NULL
17211	_stock	NULL
17212	_stock	NULL
17213	_stock	NULL
17214	_stock	NULL
17215	_stock	NULL
17216	_stock	NULL
17217	_stock	NULL
17218	_stock	NULL
17219	_stock	NULL
17220	_stock	NULL
17221	_stock	NULL
17222	_stock	NULL
17223	_stock	NULL
17224	_stock	NULL
17225	_stock	NULL
17226	_stock	NULL
17227	_stock	NULL
17228	_stock	NULL
17229	_stock	NULL
17230	_stock	NULL
17231	_stock	NULL
17232	_stock	NULL
17233	_stock	NULL
17234	_stock	NULL
17235	_stock	NULL
17236	_stock	NULL
17237	_stock	NULL
17238	_stock	NULL
17239	_stock	NULL
17240	_stock	NULL
17241	_stock	NULL
17242	_stock	NULL
17243	_stock	NULL
17244	_stock	NULL
17245	_stock	NULL
17246	_stock	NULL
17247	_stock	NULL
17248	_stock	NULL
17249	_stock	NULL
17250	_stock	NULL
17251	_stock	NULL
17252	_stock	NULL
17253	_stock	NULL
17254	_stock	NULL
17255	_stock	NULL
17256	_stock	NULL
17257	_stock	NULL
17258	_stock	NULL
17259	_stock	NULL
17260	_stock	NULL
17261	_stock	NULL
17262	_stock	NULL
17263	_stock	NULL
17264	_stock	NULL
17265	_stock	NULL
17266	_stock	NULL
17267	_stock	NULL
17268	_stock	NULL
17269	_stock	NULL
17270	_stock	NULL
17271	_stock	NULL
17272	_stock	NULL
17273	_stock	NULL
17274	_stock	NULL
17275	_stock	NULL
17276	_stock	NULL
17277	_stock	NULL
17278	_stock	NULL
17279	_stock	NULL
17280	_stock	NULL
17281	_stock	NULL
17282	_stock	NULL
17283	_stock	NULL
17284	_stock	NULL
17285	_stock	NULL
17286	_stock	NULL
17287	_stock	NULL
17288	_stock	NULL
17289	_stock	NULL
17290	_stock	NULL
17291	_stock	NULL
17292	_stock	NULL
17293	_stock	NULL
17294	_stock	NULL
17295	_stock	NULL
17296	_stock	NULL
17297	_stock	NULL
17298	_stock	NULL
17299	_stock	NULL
17300	_stock	NULL
17301	_stock	NULL
17302	_stock	NULL
17303	_stock	NULL
17304	_stock	NULL
17305	_stock	NULL
17306	_stock	NULL
17307	_stock	NULL
17308	_stock	NULL
17309	_stock	NULL
17310	_stock	NULL
17311	_stock	NULL
17312	_stock	NULL
17313	_stock	NULL
17314	_stock	NULL
17315	_stock	NULL
17316	_stock	NULL
17317	_stock	NULL
17318	_stock	NULL
17319	_stock	NULL
17320	_stock	NULL
17321	_stock	NULL
17322	_stock	NULL
17323	_stock	NULL
17324	_stock	NULL
17325	_stock	NULL
17326	_stock	NULL
17327	_stock	NULL
17328	_stock	NULL
17329	_stock	NULL
17330	_stock	NULL
17331	_stock	NULL
17332	_stock	NULL
17333	_stock	NULL
17334	_stock	NULL
17335	_stock	NULL
17336	_stock	NULL
17337	_stock	NULL
17338	_stock	NULL
17339	_stock	NULL
17340	_stock	NULL
17341	_stock	NULL
17342	_stock	NULL
17343	_stock	NULL
17344	_stock	NULL
17345	_stock	NULL
17346	_stock	NULL
17347	_stock	NULL
17348	_stock	NULL
17349	_stock	NULL
17350	_stock	NULL
17351	_stock	NULL
17352	_stock	NULL
17353	_stock	NULL
17354	_stock	NULL
17355	_stock	NULL
17356	_stock	NULL
17357	_stock	NULL
17358	_stock	NULL
17359	_stock	NULL
17360	_stock	NULL
17361	_stock	NULL
17362	_stock	NULL
17363	_stock	NULL
17364	_stock	NULL
17365	_stock	NULL
17366	_stock	NULL
17367	_stock	NULL
17368	_stock	NULL
17369	_stock	NULL
17370	_stock	NULL
17371	_stock	NULL
17372	_stock	NULL
17373	_stock	NULL
17374	_stock	NULL
17375	_stock	NULL
17376	_stock	NULL
17377	_stock	NULL
17378	_stock	NULL
17379	_stock	NULL
17380	_stock	NULL
17381	_stock	NULL
17382	_stock	NULL
17383	_stock	NULL
17384	_stock	NULL
17385	_stock	NULL
17386	_stock	NULL
17387	_stock	NULL
17388	_stock	NULL
17389	_stock	NULL
17390	_stock	NULL
17391	_stock	NULL
17392	_stock	NULL
17393	_stock	NULL
17394	_stock	NULL
17395	_stock	NULL
17396	_stock	NULL
17397	_stock	NULL
17398	_stock	NULL
17399	_stock	NULL
17400	_stock	NULL
17401	_stock	NULL
17402	_stock	NULL
17403	_stock	NULL
17404	_stock	NULL
17405	_stock	NULL
17406	_stock	NULL
17407	_stock	NULL
17408	_stock	NULL
17409	_stock	NULL
17410	_stock	NULL
17411	_stock	NULL
17412	_stock	NULL
17413	_stock	NULL
17414	_stock	NULL
17415	_stock	NULL
17416	_stock	NULL
17417	_stock	NULL
17418	_stock	NULL
17419	_stock	NULL
17420	_stock	NULL
17421	_stock	NULL
17422	_stock	NULL
17423	_stock	NULL
17424	_stock	NULL
17425	_stock	NULL
17426	_stock	NULL
17427	_stock	NULL
17428	_stock	NULL
17429	_stock	NULL
17430	_stock	NULL
17431	_stock	NULL
17432	_stock	NULL
17433	_stock	NULL
17434	_stock	NULL
17435	_stock	NULL
17436	_stock	NULL
17437	_stock	NULL
17438	_stock	NULL
17439	_stock	NULL
17440	_stock	NULL
17441	_stock	NULL
17442	_stock	NULL
17443	_stock	NULL
17444	_stock	NULL
17445	_stock	NULL
17446	_stock	NULL
17447	_stock	NULL
17448	_stock	NULL
17449	_stock	NULL
17450	_stock	NULL
17451	_stock	NULL
17452	_stock	NULL
17453	_stock	NULL
17454	_stock	NULL
17455	_stock	NULL
17456	_stock	NULL
17457	_stock	NULL
17458	_stock	NULL
17459	_stock	NULL
17460	_stock	NULL
17461	_stock	NULL
17462	_stock	NULL
17463	_stock	NULL
17464	_stock	NULL
17465	_stock	NULL
17466	_stock	NULL
17467	_stock	NULL
17468	_stock	NULL
17469	_stock	NULL
17470	_stock	NULL
17471	_stock	NULL
17472	_stock	NULL
17473	_stock	NULL
17474	_stock	NULL
17475	_stock	NULL
17476	_stock	NULL
17477	_stock	NULL
17478	_stock	NULL
17479	_stock	NULL
17480	_stock	NULL
17481	_stock	NULL
17482	_stock	NULL
17483	_stock	NULL
17484	_stock	NULL
17485	_stock	NULL
17486	_stock	NULL
17487	_stock	NULL
17488	_stock	NULL
17489	_stock	NULL
17490	_stock	NULL
17491	_stock	NULL
17492	_stock	NULL
17493	_stock	NULL
17494	_stock	NULL
17495	_stock	NULL
17496	_stock	NULL
17497	_stock	NULL
17498	_stock	NULL
17499	_stock	NULL
17500	_stock	NULL
17501	_stock	NULL
17502	_stock	NULL
17503	_stock	NULL
17504	_stock	NULL
17505	_stock	NULL
17506	_stock	NULL
17507	_stock	NULL
17508	_stock	NULL
17509	_stock	NULL
17510	_stock	NULL
17511	_stock	NULL
17512	_stock	NULL
17513	_stock	NULL
17514	_stock	NULL
17515	_stock	NULL
17516	_stock	NULL
17517	_stock	NULL
17518	_stock	NULL
17519	_stock	NULL
17520	_stock	NULL
17521	_stock	NULL
17522	_stock	NULL
17523	_stock	NULL
17524	_stock	NULL
17525	_stock	NULL
17526	_stock	NULL
17527	_stock	NULL
17528	_stock	NULL
17529	_stock	NULL
17530	_stock	NULL
17531	_stock	NULL
17532	_stock	NULL
17533	_stock	NULL
17534	_stock	NULL
17535	_stock	NULL
17536	_stock	NULL
17537	_stock	NULL
17538	_stock	NULL
17539	_stock	NULL
17540	_stock	NULL
17541	_stock	NULL
17542	_stock	NULL
17543	_stock	NULL
17544	_stock	NULL
17545	_stock	NULL
17546	_stock	NULL
17547	_stock	NULL
17548	_stock	NULL
17549	_stock	NULL
17550	_stock	NULL
17551	_stock	NULL
17552	_stock	NULL
17553	_stock	NULL
17554	_stock	NULL
17555	_stock	NULL
17556	_stock	NULL
17557	_stock	NULL
17558	_stock	NULL
17559	_stock	NULL
17560	_stock	NULL
17561	_stock	NULL
17562	_stock	NULL
17563	_stock	NULL
17564	_stock	NULL
17565	_stock	NULL
17566	_stock	NULL
17567	_stock	NULL
17568	_stock	NULL
17569	_stock	NULL
17570	_stock	NULL
17571	_stock	NULL
17572	_stock	NULL
17573	_stock	NULL
17574	_stock	NULL
17575	_stock	NULL
17576	_stock	NULL
17577	_stock	NULL
17578	_stock	NULL
17579	_stock	NULL
17580	_stock	NULL
17581	_stock	NULL
17582	_stock	NULL
17583	_stock	NULL
17584	_stock	NULL
17585	_stock	NULL
17586	_stock	NULL
17587	_stock	NULL
17588	_stock	NULL
17589	_stock	NULL
17590	_stock	NULL
17591	_stock	NULL
17592	_stock	NULL
17593	_stock	NULL
17594	_stock	NULL
17595	_stock	NULL
17596	_stock	NULL
17597	_stock	NULL
17598	_stock	NULL
17599	_stock	NULL
17600	_stock	NULL
17601	_stock	NULL
17602	_stock	NULL
17603	_stock	NULL
17604	_stock	NULL
17605	_stock	NULL
17606	_stock	NULL
17607	_stock	NULL
17608	_stock	NULL
17609	_stock	NULL
17610	_stock	NULL
17611	_stock	NULL
17612	_stock	NULL
17613	_stock	NULL
17614	_stock	NULL
17615	_stock	NULL
17616	_stock	NULL
17617	_stock	NULL
17618	_stock	NULL
17619	_stock	NULL
17620	_stock	NULL
17621	_stock	NULL
17622	_stock	NULL
17623	_stock	NULL
17624	_stock	NULL
17625	_stock	NULL
17626	_stock	NULL
17627	_stock	NULL
17628	_stock	NULL
17629	_stock	NULL
17630	_stock	NULL
17631	_stock	NULL
17632	_stock	NULL
17633	_stock	NULL
17634	_stock	NULL
17635	_stock	NULL
17636	_stock	NULL
17637	_stock	NULL
17638	_stock	NULL
17639	_stock	NULL
17640	_stock	NULL
17641	_stock	NULL
17642	_stock	NULL
17643	_stock	NULL
17644	_stock	NULL
17645	_stock	NULL
17646	_stock	NULL
17647	_stock	NULL
17648	_stock	NULL
17649	_stock	NULL
17650	_stock	NULL
17651	_stock	NULL
17652	_stock	NULL
17653	_stock	NULL
17654	_stock	NULL
17655	_stock	NULL
17656	_stock	NULL
17657	_stock	NULL
17658	_stock	NULL
17659	_stock	NULL
17660	_stock	NULL
17661	_stock	NULL
17662	_stock	NULL
17663	_stock	NULL
17664	_stock	NULL
17665	_stock	NULL
17666	_stock	NULL
17667	_stock	NULL
17668	_stock	NULL
17669	_stock	NULL
17670	_stock	NULL
17671	_stock	NULL
17672	_stock	NULL
17673	_stock	NULL
17674	_stock	NULL
17675	_stock	NULL
17676	_stock	NULL
17677	_stock	NULL
17678	_stock	NULL
17679	_stock	NULL
17680	_stock	NULL
17681	_stock	NULL
17682	_stock	NULL
17683	_stock	NULL
17684	_stock	NULL
17685	_stock	NULL
17686	_stock	NULL
17687	_stock	NULL
17688	_stock	NULL
17689	_stock	NULL
17690	_stock	NULL
17691	_stock	NULL
17692	_stock	NULL
17693	_stock	NULL
17694	_stock	NULL
17695	_stock	NULL
17696	_stock	NULL
17697	_stock	NULL
17698	_stock	NULL
17699	_stock	NULL
17700	_stock	NULL
17701	_stock	NULL
17702	_stock	NULL
17703	_stock	NULL
17704	_stock	NULL
17705	_stock	NULL
17706	_stock	NULL
17707	_stock	NULL
17708	_stock	NULL
17709	_stock	NULL
17710	_stock	NULL
17711	_stock	NULL
17712	_stock	NULL
17713	_stock	NULL
17714	_stock	NULL
17715	_stock	NULL
17716	_stock	NULL
17717	_stock	NULL
17718	_stock	NULL
17719	_stock	NULL
17720	_stock	NULL
17721	_stock	NULL
17722	_stock	NULL
17723	_stock	NULL
17724	_stock	NULL
17725	_stock	NULL
17726	_stock	NULL
17727	_stock	NULL
17728	_stock	NULL
17729	_stock	NULL
17730	_stock	NULL
17731	_stock	NULL
17732	_stock	NULL
17733	_stock	NULL
17734	_stock	NULL
17735	_stock	NULL
17736	_stock	NULL
17737	_stock	NULL
17738	_stock	NULL
17739	_stock	NULL
17740	_stock	NULL
17741	_stock	NULL
17742	_stock	NULL
17743	_stock	NULL
17744	_stock	NULL
17745	_stock	NULL
17746	_stock	NULL
17747	_stock	NULL
17748	_stock	NULL
17749	_stock	NULL
17750	_stock	NULL
17751	_stock	NULL
17752	_stock	NULL
17753	_stock	NULL
17754	_stock	NULL
17755	_stock	NULL
17756	_stock	NULL
17757	_stock	NULL
17758	_stock	NULL
17759	_stock	NULL
17760	_stock	NULL
17761	_stock	NULL
17762	_stock	NULL
17763	_stock	NULL
17764	_stock	NULL
17765	_stock	NULL
17766	_stock	NULL
17767	_stock	NULL
17768	_stock	NULL
17769	_stock	NULL
17770	_stock	NULL
17771	_stock	NULL
17772	_stock	NULL
17773	_stock	NULL
17774	_stock	NULL
17775	_stock	NULL
17776	_stock	NULL
17777	_stock	NULL
17778	_stock	NULL
17779	_stock	NULL
17780	_stock	NULL
17781	_stock	NULL
17782	_stock	NULL
17783	_stock	NULL
17784	_stock	NULL
17785	_stock	NULL
17786	_stock	NULL
17787	_stock	NULL
17788	_stock	NULL
17789	_stock	NULL
17790	_stock	NULL
17791	_stock	NULL
17792	_stock	NULL
17793	_stock	NULL
17794	_stock	NULL
17795	_stock	NULL
17796	_stock	NULL
17797	_stock	NULL
17798	_stock	NULL
17799	_stock	NULL
17800	_stock	NULL
17801	_stock	NULL
17802	_stock	NULL
17803	_stock	NULL
17804	_stock	NULL
17805	_stock	NULL
17806	_stock	NULL
17807	_stock	NULL
17808	_stock	NULL
17809	_stock	NULL
17810	_stock	NULL
17811	_stock	NULL
17812	_stock	NULL
17813	_stock	NULL
17814	_stock	NULL
17815	_stock	NULL
17816	_stock	NULL
17817	_stock	NULL
17818	_stock	NULL
17819	_stock	NULL
17820	_stock	NULL
17821	_stock	NULL
17822	_stock	NULL
17823	_stock	NULL
17824	_stock	NULL
17825	_stock	NULL
17826	_stock	NULL
17827	_stock	NULL
17828	_stock	NULL
17829	_stock	NULL
17830	_stock	NULL
17831	_stock	NULL
17832	_stock	NULL
17833	_stock	NULL
17834	_stock	NULL
17835	_stock	NULL
17836	_stock	NULL
17837	_stock	NULL
17838	_stock	NULL
17839	_stock	NULL
17840	_stock	NULL
17841	_stock	NULL
17842	_stock	NULL
17843	_stock	NULL
17844	_stock	NULL
17845	_stock	NULL
17846	_stock	NULL
17847	_stock	NULL
17848	_stock	NULL
17849	_stock	NULL
17850	_stock	NULL
17851	_stock	NULL
17852	_stock	NULL
17853	_stock	NULL
17854	_stock	NULL
17855	_stock	NULL
17856	_stock	NULL
17857	_stock	NULL
17858	_stock	NULL
17859	_stock	NULL
17860	_stock	NULL
17861	_stock	NULL
17862	_stock	NULL
17863	_stock	NULL
17864	_stock	NULL
17865	_stock	NULL
17866	_stock	NULL
17867	_stock	NULL
17868	_stock	NULL
17869	_stock	NULL
17870	_stock	NULL
17871	_stock	NULL
17872	_stock	NULL
17873	_stock	NULL
17874	_stock	NULL
17875	_stock	NULL
17876	_stock	NULL
17877	_stock	NULL
17878	_stock	NULL
17879	_stock	NULL
17880	_stock	NULL
17881	_stock	NULL
17882	_stock	NULL
17883	_stock	NULL
17884	_stock	NULL
17885	_stock	NULL
17886	_stock	NULL
17887	_stock	NULL
17888	_stock	NULL
17889	_stock	NULL
17890	_stock	NULL
17891	_stock	NULL
17892	_stock	NULL
17893	_stock	NULL
17894	_stock	NULL
17895	_stock	NULL
17896	_stock	NULL
17897	_stock	NULL
17898	_stock	NULL
17899	_stock	NULL
17900	_stock	NULL
17901	_stock	NULL
17902	_stock	NULL
17903	_stock	NULL
17904	_stock	NULL
17905	_stock	NULL
17906	_stock	NULL
17907	_stock	NULL
17908	_stock	NULL
17909	_stock	NULL
17910	_stock	NULL
17911	_stock	NULL
17912	_stock	NULL
17913	_stock	NULL
17914	_stock	NULL
17915	_stock	NULL
17916	_stock	NULL
17917	_stock	NULL
17918	_stock	NULL
17919	_stock	NULL
17920	_stock	NULL
17921	_stock	NULL
17922	_stock	NULL
17923	_stock	NULL
17924	_stock	NULL
17925	_stock	NULL
17926	_stock	NULL
17927	_stock	NULL
17928	_stock	NULL
17929	_stock	NULL
17930	_stock	NULL
17931	_stock	NULL
17932	_stock	NULL
17933	_stock	NULL
17934	_stock	NULL
17935	_stock	NULL
17936	_stock	NULL
17937	_stock	NULL
17938	_stock	NULL
17939	_stock	NULL
17940	_stock	NULL
17941	_stock	NULL
17942	_stock	NULL
17943	_stock	NULL
17944	_stock	NULL
17945	_stock	NULL
17946	_stock	NULL
17947	_stock	NULL
17948	_stock	NULL
17949	_stock	NULL
17950	_stock	NULL
17951	_stock	NULL
17952	_stock	NULL
17953	_stock	NULL
17954	_stock	NULL
17955	_stock	NULL
17956	_stock	NULL
17957	_stock	NULL
17958	_stock	NULL
17959	_stock	NULL
17960	_stock	NULL
17961	_stock	NULL
17962	_stock	NULL
17963	_stock	NULL
17964	_stock	NULL
17965	_stock	NULL
17966	_stock	NULL
17967	_stock	NULL
17968	_stock	NULL
17969	_stock	NULL
17970	_stock	NULL
17971	_stock	NULL
17972	_stock	NULL
17973	_stock	NULL
17974	_stock	NULL
17975	_stock	NULL
17976	_stock	NULL
17977	_stock	NULL
17978	_stock	NULL
17979	_stock	NULL
17980	_stock	NULL
17981	_stock	NULL
17982	_stock	NULL
17983	_stock	NULL
17984	_stock	NULL
17985	_stock	NULL
17986	_stock	NULL
17987	_stock	NULL
17988	_stock	NULL
17989	_stock	NULL
17990	_stock	NULL
17991	_stock	NULL
17992	_stock	NULL
17993	_stock	NULL
17994	_stock	NULL
17995	_stock	NULL
17996	_stock	NULL
17997	_stock	NULL
17998	_stock	NULL
17999	_stock	NULL
18000	_stock	NULL
18001	_stock	NULL
18002	_stock	NULL
18003	_stock	NULL
18004	_stock	NULL
18005	_stock	NULL
18006	_stock	NULL
18007	_stock	NULL
18008	_stock	NULL
18009	_stock	NULL
18010	_stock	NULL
18011	_stock	NULL
18012	_stock	NULL
18013	_stock	NULL
18014	_stock	NULL
18015	_stock	NULL
18016	_stock	NULL
18017	_stock	NULL
18018	_stock	NULL
18019	_stock	NULL
18020	_stock	NULL
18021	_stock	NULL
18022	_stock	NULL
18023	_stock	NULL
18024	_stock	NULL
18025	_stock	NULL
18026	_stock	NULL
18027	_stock	NULL
18028	_stock	NULL
18029	_stock	NULL
18030	_stock	NULL
18031	_stock	NULL
18032	_stock	NULL
18033	_stock	NULL
18034	_stock	NULL
18035	_stock	NULL
18036	_stock	NULL
18037	_stock	NULL
18038	_stock	NULL
18039	_stock	NULL
18040	_stock	NULL
18041	_stock	NULL
18042	_stock	NULL
18043	_stock	NULL
18044	_stock	NULL
18045	_stock	NULL
18046	_stock	NULL
18047	_stock	NULL
18048	_stock	NULL
18049	_stock	NULL
18050	_stock	NULL
18051	_stock	NULL
18052	_stock	NULL
18053	_stock	NULL
18054	_stock	NULL
18055	_stock	NULL
18056	_stock	NULL
18057	_stock	NULL
18058	_stock	NULL
18059	_stock	NULL
18060	_stock	NULL
18061	_stock	NULL
18062	_stock	NULL
18063	_stock	NULL
18064	_stock	NULL
18065	_stock	NULL
18066	_stock	NULL
18067	_stock	NULL
18068	_stock	NULL
18069	_stock	NULL
18070	_stock	NULL
18071	_stock	NULL
18072	_stock	NULL
18073	_stock	NULL
18074	_stock	NULL
18075	_stock	NULL
18076	_stock	NULL
18077	_stock	NULL
18078	_stock	NULL
18079	_stock	NULL
18080	_stock	NULL
18081	_stock	NULL
18082	_stock	NULL
18083	_stock	NULL
18084	_stock	NULL
18085	_stock	NULL
18086	_stock	NULL
18087	_stock	NULL
18088	_stock	NULL
18089	_stock	NULL
18090	_stock	NULL
18091	_stock	NULL
18092	_stock	NULL
18093	_stock	NULL
18094	_stock	NULL
18095	_stock	NULL
18096	_stock	NULL
18097	_stock	NULL
18098	_stock	NULL
18099	_stock	NULL
18100	_stock	NULL
18101	_stock	NULL
18102	_stock	NULL
18103	_stock	NULL
18104	_stock	NULL
18105	_stock	NULL
18106	_stock	NULL
18107	_stock	NULL
18108	_stock	NULL
18109	_stock	NULL
18110	_stock	NULL
18111	_stock	NULL
18112	_stock	NULL
18113	_stock	NULL
18114	_stock	NULL
18115	_stock	NULL
18116	_stock	NULL
18117	_stock	NULL
18118	_stock	NULL
18119	_stock	NULL
18120	_stock	NULL
18121	_stock	NULL
18122	_stock	NULL
18123	_stock	NULL
18124	_stock	NULL
18125	_stock	NULL
18126	_stock	NULL
18127	_stock	NULL
18128	_stock	NULL
18129	_stock	NULL
18130	_stock	NULL
18131	_stock	NULL
18132	_stock	NULL
18133	_stock	NULL
18134	_stock	NULL
18135	_stock	NULL
18136	_stock	NULL
18137	_stock	NULL
18138	_stock	NULL
18139	_stock	NULL
18140	_stock	NULL
18141	_stock	NULL
18142	_stock	NULL
18143	_stock	NULL
18144	_stock	NULL
18145	_stock	NULL
18146	_stock	NULL
18147	_stock	NULL
18148	_stock	NULL
18149	_stock	NULL
18150	_stock	NULL
18151	_stock	NULL
18152	_stock	NULL
18153	_stock	NULL
18154	_stock	NULL
18155	_stock	NULL
18156	_stock	NULL
18157	_stock	NULL
18158	_stock	NULL
18159	_stock	NULL
18160	_stock	NULL
18161	_stock	NULL
18162	_stock	NULL
18163	_stock	NULL
18164	_stock	NULL
18165	_stock	NULL
18166	_stock	NULL
18167	_stock	NULL
18168	_stock	NULL
18169	_stock	NULL
18170	_stock	NULL
18171	_stock	NULL
18172	_stock	NULL
18173	_stock	NULL
18174	_stock	NULL
18175	_stock	NULL
18176	_stock	NULL
18177	_stock	NULL
18178	_stock	NULL
18179	_stock	NULL
18180	_stock	NULL
18181	_stock	NULL
18182	_stock	NULL
18183	_stock	NULL
18184	_stock	NULL
18185	_stock	NULL
18186	_stock	NULL
18187	_stock	NULL
18188	_stock	NULL
18189	_stock	NULL
18190	_stock	NULL
18191	_stock	NULL
18192	_stock	NULL
18193	_stock	NULL
18194	_stock	NULL
18195	_stock	NULL
18196	_stock	NULL
18197	_stock	NULL
18198	_stock	NULL
18199	_stock	NULL
18200	_stock	NULL
18201	_stock	NULL
18202	_stock	NULL
18203	_stock	NULL
18204	_stock	NULL
18205	_stock	NULL
18206	_stock	NULL
18207	_stock	NULL
18208	_stock	NULL
18209	_stock	NULL
18210	_stock	NULL
18211	_stock	NULL
18212	_stock	NULL
18213	_stock	NULL
18214	_stock	NULL
18215	_stock	NULL
18216	_stock	NULL
18217	_stock	NULL
18218	_stock	NULL
18219	_stock	NULL
18220	_stock	NULL
18221	_stock	NULL
18222	_stock	NULL
18223	_stock	NULL
18224	_stock	NULL
18225	_stock	NULL
18226	_stock	NULL
18227	_stock	NULL
18228	_stock	NULL
18229	_stock	NULL
18230	_stock	NULL
18231	_stock	NULL
18232	_stock	NULL
18233	_stock	NULL
18234	_stock	NULL
18235	_stock	NULL
18236	_stock	NULL
18237	_stock	NULL
18238	_stock	NULL
18239	_stock	NULL
18240	_stock	NULL
18241	_stock	NULL
18242	_stock	NULL
18243	_stock	NULL
18244	_stock	NULL
18245	_stock	NULL
18246	_stock	NULL
18247	_stock	NULL
18248	_stock	NULL
18249	_stock	NULL
18250	_stock	NULL
18251	_stock	NULL
18252	_stock	NULL
18253	_stock	NULL
18254	_stock	NULL
18255	_stock	NULL
18256	_stock	NULL
18257	_stock	NULL
18258	_stock	NULL
18259	_stock	NULL
18260	_stock	NULL
18261	_stock	NULL
18262	_stock	NULL
18263	_stock	NULL
18264	_stock	NULL
18265	_stock	NULL
18266	_stock	NULL
18267	_stock	NULL
18268	_stock	NULL
18269	_stock	NULL
18270	_stock	NULL
18271	_stock	NULL
18272	_stock	NULL
18273	_stock	NULL
18274	_stock	NULL
18275	_stock	NULL
18276	_stock	NULL
18277	_stock	NULL
18278	_stock	NULL
18279	_stock	NULL
18280	_stock	NULL
18281	_stock	NULL
18282	_stock	NULL
18283	_stock	NULL
18284	_stock	NULL
18285	_stock	NULL
18286	_stock	NULL
18287	_stock	NULL
18288	_stock	NULL
18289	_stock	NULL
18290	_stock	NULL
18291	_stock	NULL
18292	_stock	NULL
18293	_stock	NULL
18294	_stock	NULL
18295	_stock	NULL
18296	_stock	NULL
18297	_stock	NULL
18298	_stock	NULL
18299	_stock	NULL
18300	_stock	NULL
18301	_stock	NULL
18302	_stock	NULL
18303	_stock	NULL
18304	_stock	NULL
18305	_stock	NULL
18306	_stock	NULL
18307	_stock	NULL
18308	_stock	NULL
18309	_stock	NULL
18310	_stock	NULL
18311	_stock	NULL
18312	_stock	NULL
18313	_stock	NULL
18314	_stock	NULL
18315	_stock	NULL
18316	_stock	NULL
18317	_stock	NULL
18318	_stock	NULL
18319	_stock	NULL
18320	_stock	NULL
18321	_stock	NULL
18322	_stock	NULL
18323	_stock	NULL
18324	_stock	NULL
18325	_stock	NULL
18326	_stock	NULL
18327	_stock	NULL
18328	_stock	NULL
18329	_stock	NULL
18330	_stock	NULL
18331	_stock	NULL
18332	_stock	NULL
18333	_stock	NULL
18334	_stock	NULL
18335	_stock	NULL
18336	_stock	NULL
18337	_stock	NULL
18338	_stock	NULL
18339	_stock	NULL
18340	_stock	NULL
18341	_stock	NULL
18342	_stock	NULL
18343	_stock	NULL
18344	_stock	NULL
18345	_stock	NULL
18346	_stock	NULL
18347	_stock	NULL
18348	_stock	NULL
18349	_stock	NULL
18350	_stock	NULL
18351	_stock	NULL
18352	_stock	NULL
18353	_stock	NULL
18354	_stock	NULL
18355	_stock	NULL
18356	_stock	NULL
18357	_stock	NULL
18358	_stock	NULL
18359	_stock	NULL
18360	_stock	NULL
18361	_stock	NULL
18362	_stock	NULL
18363	_stock	NULL
18364	_stock	NULL
18365	_stock	NULL
18366	_stock	NULL
18367	_stock	NULL
18368	_stock	NULL
18369	_stock	NULL
18370	_stock	NULL
18371	_stock	NULL
18372	_stock	NULL
18373	_stock	NULL
18374	_stock	NULL
18375	_stock	NULL
18376	_stock	NULL
18377	_stock	NULL
18378	_stock	NULL
18379	_stock	NULL
18380	_stock	NULL
18381	_stock	NULL
18382	_stock	NULL
18383	_stock	NULL
18384	_stock	NULL
18385	_stock	NULL
18386	_stock	NULL
18387	_stock	NULL
18388	_stock	NULL
18389	_stock	NULL
18390	_stock	NULL
18391	_stock	NULL
18392	_stock	NULL
18393	_stock	NULL
18394	_stock	NULL
18395	_stock	NULL
18396	_stock	NULL
18397	_stock	NULL
18398	_stock	NULL
18399	_stock	NULL
18400	_stock	NULL
18401	_stock	NULL
18402	_stock	NULL
18403	_stock	NULL
18404	_stock	NULL
18405	_stock	NULL
18406	_stock	NULL
18407	_stock	NULL
18408	_stock	NULL
18409	_stock	NULL
18410	_stock	NULL
18411	_stock	NULL
18412	_stock	NULL
18413	_stock	NULL
18414	_stock	NULL
18415	_stock	NULL
18416	_stock	NULL
18417	_stock	NULL
18418	_stock	NULL
18419	_stock	NULL
18420	_stock	NULL
18421	_stock	NULL
18422	_stock	NULL
18423	_stock	NULL
18424	_stock	NULL
18425	_stock	NULL
18426	_stock	NULL
18427	_stock	NULL
18428	_stock	NULL
18429	_stock	NULL
18430	_stock	NULL
18431	_stock	NULL
18432	_stock	NULL
18433	_stock	NULL
18434	_stock	NULL
18435	_stock	NULL
18436	_stock	NULL
18437	_stock	NULL
18438	_stock	NULL
18439	_stock	NULL
18440	_stock	NULL
18441	_stock	NULL
18442	_stock	NULL
18443	_stock	NULL
18444	_stock	NULL
18445	_stock	NULL
18446	_stock	NULL
18447	_stock	NULL
18448	_stock	NULL
18449	_stock	NULL
18450	_stock	NULL
18451	_stock	NULL
18452	_stock	NULL
18453	_stock	NULL
18454	_stock	NULL
18455	_stock	NULL
18456	_stock	NULL
18457	_stock	NULL
18458	_stock	NULL
18459	_stock	NULL
18460	_stock	NULL
18461	_stock	NULL
18462	_stock	NULL
18463	_stock	NULL
18464	_stock	NULL
18465	_stock	NULL
18466	_stock	NULL
18467	_stock	NULL
18468	_stock	NULL
18469	_stock	NULL
18470	_stock	NULL
18471	_stock	NULL
18472	_stock	NULL
18473	_stock	NULL
18474	_stock	NULL
18475	_stock	NULL
18476	_stock	NULL
18477	_stock	NULL
18478	_stock	NULL
18479	_stock	NULL
18480	_stock	NULL
18481	_stock	NULL
18482	_stock	NULL
18483	_stock	NULL
18484	_stock	NULL
18485	_stock	NULL
18486	_stock	NULL
18487	_stock	NULL
18488	_stock	NULL
18489	_stock	NULL
18490	_stock	NULL
18491	_stock	NULL
18492	_stock	NULL
18493	_stock	NULL
18494	_stock	NULL
18495	_stock	NULL
18496	_stock	NULL
18497	_stock	NULL
18498	_stock	NULL
18499	_stock	NULL
18500	_stock	NULL
18501	_stock	NULL
18502	_stock	NULL
18503	_stock	NULL
18504	_stock	NULL
18505	_stock	NULL
18506	_stock	NULL
18507	_stock	NULL
18508	_stock	NULL
18509	_stock	NULL
18510	_stock	NULL
18511	_stock	NULL
18512	_stock	NULL
18513	_stock	NULL
18514	_stock	NULL
18515	_stock	NULL
18516	_stock	NULL
18517	_stock	NULL
18518	_stock	NULL
18519	_stock	NULL
18520	_stock	NULL
18521	_stock	NULL
18522	_stock	NULL
18523	_stock	NULL
18524	_stock	NULL
18525	_stock	NULL
18526	_stock	NULL
18527	_stock	NULL
18528	_stock	NULL
18529	_stock	NULL
18530	_stock	NULL
18531	_stock	NULL
18532	_stock	NULL
18533	_stock	NULL
18534	_stock	NULL
18535	_stock	NULL
18536	_stock	NULL
18537	_stock	NULL
18538	_stock	NULL
18539	_stock	NULL
18540	_stock	NULL
18541	_stock	NULL
18542	_stock	NULL
18543	_stock	NULL
18544	_stock	NULL
18545	_stock	NULL
18546	_stock	NULL
18547	_stock	NULL
18548	_stock	NULL
18549	_stock	NULL
18550	_stock	NULL
18551	_stock	NULL
18552	_stock	NULL
18553	_stock	NULL
18554	_stock	NULL
18555	_stock	NULL
18556	_stock	NULL
18557	_stock	NULL
18558	_stock	NULL
18559	_stock	NULL
18560	_stock	NULL
18561	_stock	NULL
18562	_stock	NULL
18563	_stock	NULL
18564	_stock	NULL
18565	_stock	NULL
18566	_stock	NULL
18567	_stock	NULL
18568	_stock	NULL
18569	_stock	NULL
18570	_stock	NULL
18571	_stock	NULL
18572	_stock	NULL
18573	_stock	NULL
18574	_stock	NULL
18575	_stock	NULL
18576	_stock	NULL
18577	_stock	NULL
18578	_stock	NULL
18579	_stock	NULL
18580	_stock	NULL
18581	_stock	NULL
18582	_stock	NULL
18583	_stock	NULL
18584	_stock	NULL
18585	_stock	NULL
18586	_stock	NULL
18587	_stock	NULL
18588	_stock	NULL
18589	_stock	NULL
18590	_stock	NULL
18591	_stock	NULL
18592	_stock	NULL
18593	_stock	NULL
18594	_stock	NULL
18595	_stock	NULL
18596	_stock	NULL
18597	_stock	NULL
18598	_stock	NULL
18599	_stock	NULL
18600	_stock	NULL
18601	_stock	NULL
18602	_stock	NULL
18603	_stock	NULL
18604	_stock	NULL
18605	_stock	NULL
18606	_stock	NULL
18607	_stock	NULL
18608	_stock	NULL
18609	_stock	NULL
18610	_stock	NULL
18611	_stock	NULL
18612	_stock	NULL
18613	_stock	NULL
18614	_stock	NULL
18615	_stock	NULL
18616	_stock	NULL
18617	_stock	NULL
18618	_stock	NULL
18619	_stock	NULL
18620	_stock	NULL
18621	_stock	NULL
18622	_stock	NULL
18623	_stock	NULL
18624	_stock	NULL
18625	_stock	NULL
18626	_stock	NULL
18627	_stock	NULL
18628	_stock	NULL
18629	_stock	NULL
18630	_stock	NULL
18631	_stock	NULL
18632	_stock	NULL
18633	_stock	NULL
18634	_stock	NULL
18635	_stock	NULL
18636	_stock	NULL
18637	_stock	NULL
18638	_stock	NULL
18639	_stock	NULL
18640	_stock	NULL
18641	_stock	NULL
18642	_stock	NULL
18643	_stock	NULL
18644	_stock	NULL
18645	_stock	NULL
18646	_stock	NULL
18647	_stock	NULL
18648	_stock	NULL
18649	_stock	NULL
18650	_stock	NULL
18651	_stock	NULL
18652	_stock	NULL
18653	_stock	NULL
18654	_stock	NULL
18655	_stock	NULL
18656	_stock	NULL
18657	_stock	NULL
18658	_stock	NULL
18659	_stock	NULL
18660	_stock	NULL
18661	_stock	NULL
18662	_stock	NULL
18663	_stock	NULL
18664	_stock	NULL
18665	_stock	NULL
18666	_stock	NULL
18667	_stock	NULL
18668	_stock	NULL
18669	_stock	NULL
18670	_stock	NULL
18671	_stock	NULL
18672	_stock	NULL
18673	_stock	NULL
18674	_stock	NULL
18675	_stock	NULL
18676	_stock	NULL
18677	_stock	NULL
18678	_stock	NULL
18679	_stock	NULL
18680	_stock	NULL
18681	_stock	NULL
18682	_stock	NULL
18683	_stock	NULL
18684	_stock	NULL
18685	_stock	NULL
18686	_stock	NULL
18687	_stock	NULL
18688	_stock	NULL
18689	_stock	NULL
18690	_stock	NULL
18691	_stock	NULL
18692	_stock	NULL
18693	_stock	NULL
18694	_stock	NULL
18695	_stock	NULL
18696	_stock	NULL
18697	_stock	NULL
18698	_stock	NULL
18699	_stock	NULL
18700	_stock	NULL
18701	_stock	NULL
18702	_stock	NULL
18703	_stock	NULL
18704	_stock	NULL
18705	_stock	NULL
18706	_stock	NULL
18707	_stock	NULL
18708	_stock	NULL
18709	_stock	NULL
18710	_stock	NULL
18711	_stock	NULL
18712	_stock	NULL
18713	_stock	NULL
18714	_stock	NULL
18715	_stock	NULL
18716	_stock	NULL
18717	_stock	NULL
18718	_stock	NULL
18719	_stock	NULL
18720	_stock	NULL
18721	_stock	NULL
18722	_stock	NULL
18723	_stock	NULL
18724	_stock	NULL
18725	_stock	NULL
18726	_stock	NULL
18727	_stock	NULL
18728	_stock	NULL
18729	_stock	NULL
18730	_stock	NULL
18731	_stock	NULL
18732	_stock	NULL
18733	_stock	NULL
18734	_stock	NULL
18735	_stock	NULL
18736	_stock	NULL
18737	_stock	NULL
18738	_stock	NULL
18739	_stock	NULL
18740	_stock	NULL
18741	_stock	NULL
18742	_stock	NULL
18743	_stock	NULL
18744	_stock	NULL
18745	_stock	NULL
18746	_stock	NULL
18747	_stock	NULL
18748	_stock	NULL
18749	_stock	NULL
18750	_stock	NULL
18751	_stock	NULL
18752	_stock	NULL
18753	_stock	NULL
18754	_stock	NULL
18755	_stock	NULL
18756	_stock	NULL
18757	_stock	NULL
18758	_stock	NULL
18759	_stock	NULL
18760	_stock	NULL
18761	_stock	NULL
18762	_stock	NULL
18763	_stock	NULL
18764	_stock	NULL
18765	_stock	NULL
18766	_stock	NULL
18767	_stock	NULL
18768	_stock	NULL
18769	_stock	NULL
18770	_stock	NULL
18771	_stock	NULL
18772	_stock	NULL
18773	_stock	NULL
18774	_stock	NULL
18775	_stock	NULL
18776	_stock	NULL
18777	_stock	NULL
18778	_stock	NULL
18779	_stock	NULL
18780	_stock	NULL
18781	_stock	NULL
18782	_stock	NULL
18783	_stock	NULL
18784	_stock	NULL
18785	_stock	NULL
18786	_stock	NULL
18787	_stock	NULL
18788	_stock	NULL
18789	_stock	NULL
18790	_stock	NULL
18791	_stock	NULL
18792	_stock	NULL
18793	_stock	NULL
18794	_stock	NULL
18795	_stock	NULL
18796	_stock	NULL
18797	_stock	NULL
18798	_stock	NULL
18799	_stock	NULL
18800	_stock	NULL
18801	_stock	NULL
18802	_stock	NULL
18803	_stock	NULL
18804	_stock	NULL
18805	_stock	NULL
18806	_stock	NULL
18807	_stock	NULL
18808	_stock	NULL
18809	_stock	NULL
18810	_stock	NULL
18811	_stock	NULL
18812	_stock	NULL
18813	_stock	NULL
18814	_stock	NULL
18815	_stock	NULL
18816	_stock	NULL
18817	_stock	NULL
18818	_stock	NULL
18819	_stock	NULL
18820	_stock	NULL
18821	_stock	NULL
18822	_stock	NULL
18823	_stock	NULL
18824	_stock	NULL
18825	_stock	NULL
18826	_stock	NULL
18827	_stock	NULL
18828	_stock	NULL
18829	_stock	NULL
18830	_stock	NULL
18831	_stock	NULL
18832	_stock	NULL
18833	_stock	NULL
18834	_stock	NULL
18835	_stock	NULL
18836	_stock	NULL
18837	_stock	NULL
18838	_stock	NULL
18839	_stock	NULL
18840	_stock	NULL
18841	_stock	NULL
18842	_stock	NULL
18843	_stock	NULL
18844	_stock	NULL
18845	_stock	NULL
18846	_stock	NULL
18847	_stock	NULL
18848	_stock	NULL
18849	_stock	NULL
18850	_stock	NULL
18851	_stock	NULL
18852	_stock	NULL
18853	_stock	NULL
18854	_stock	NULL
18855	_stock	NULL
18856	_stock	NULL
18857	_stock	NULL
18858	_stock	NULL
18859	_stock	NULL
18860	_stock	NULL
18861	_stock	NULL
18862	_stock	NULL
18863	_stock	NULL
18864	_stock	NULL
18865	_stock	NULL
18866	_stock	NULL
18867	_stock	NULL
18868	_stock	NULL
18869	_stock	NULL
18870	_stock	NULL
18871	_stock	NULL
18872	_stock	NULL
18873	_stock	NULL
18874	_stock	NULL
18875	_stock	NULL
18876	_stock	NULL
18877	_stock	NULL
18878	_stock	NULL
18879	_stock	NULL
18880	_stock	NULL
18881	_stock	NULL
18882	_stock	NULL
18883	_stock	NULL
18884	_stock	NULL
18885	_stock	NULL
18886	_stock	NULL
18887	_stock	NULL
18888	_stock	NULL
18889	_stock	NULL
18890	_stock	NULL
18891	_stock	NULL
18892	_stock	NULL
18893	_stock	NULL
18894	_stock	NULL
18895	_stock	NULL
18896	_stock	NULL
18897	_stock	NULL
18898	_stock	NULL
18899	_stock	NULL
18900	_stock	NULL
18901	_stock	NULL
18902	_stock	NULL
18903	_stock	NULL
18904	_stock	NULL
18905	_stock	NULL
18906	_stock	NULL
18907	_stock	NULL
18908	_stock	NULL
18909	_stock	NULL
18910	_stock	NULL
18911	_stock	NULL
18912	_stock	NULL
18913	_stock	NULL
18914	_stock	NULL
18915	_stock	NULL
18916	_stock	NULL
18917	_stock	NULL
18918	_stock	NULL
18919	_stock	NULL
18920	_stock	NULL
18921	_stock	NULL
18922	_stock	NULL
18923	_stock	NULL
18924	_stock	NULL
18925	_stock	NULL
18926	_stock	NULL
18927	_stock	NULL
18928	_stock	NULL
18929	_stock	NULL
18930	_stock	NULL
18931	_stock	NULL
18932	_stock	NULL
18933	_stock	NULL
18934	_stock	NULL
18935	_stock	NULL
18936	_stock	NULL
18937	_stock	NULL
18938	_stock	NULL
18939	_stock	NULL
18940	_stock	NULL
18941	_stock	NULL
18942	_stock	NULL
18943	_stock	NULL
18944	_stock	NULL
18945	_stock	NULL
18946	_stock	NULL
18947	_stock	NULL
18948	_stock	NULL
18949	_stock	NULL
18950	_stock	NULL
18951	_stock	NULL
18952	_stock	NULL
18953	_stock	NULL
18954	_stock	NULL
18955	_stock	NULL
18956	_stock	NULL
18957	_stock	NULL
18958	_stock	NULL
18959	_stock	NULL
18960	_stock	NULL
18961	_stock	NULL
18962	_stock	NULL
18963	_stock	NULL
18964	_stock	NULL
18965	_stock	NULL
18966	_stock	NULL
18967	_stock	NULL
18968	_stock	NULL
18969	_stock	NULL
18970	_stock	NULL
18971	_stock	NULL
18972	_stock	NULL
18973	_stock	NULL
18974	_stock	NULL
18975	_stock	NULL
18976	_stock	NULL
18977	_stock	NULL
18978	_stock	NULL
18979	_stock	NULL
18980	_stock	NULL
18981	_stock	NULL
18982	_stock	NULL
18983	_stock	NULL
18984	_stock	NULL
18985	_stock	NULL
18986	_stock	NULL
18987	_stock	NULL
18988	_stock	NULL
18989	_stock	NULL
18990	_stock	NULL
18991	_stock	NULL
18992	_stock	NULL
18993	_stock	NULL
18994	_stock	NULL
18995	_stock	NULL
18996	_stock	NULL
18997	_stock	NULL
18998	_stock	NULL
18999	_stock	NULL
19000	_stock	NULL
19001	_stock	NULL
19002	_stock	NULL
19003	_stock	NULL
19004	_stock	NULL
19005	_stock	NULL
19006	_stock	NULL
19007	_stock	NULL
19008	_stock	NULL
19009	_stock	NULL
19010	_stock	NULL
19011	_stock	NULL
19012	_stock	NULL
19013	_stock	NULL
19014	_stock	NULL
19015	_stock	NULL
19016	_stock	NULL
19017	_stock	NULL
19018	_stock	NULL
19019	_stock	NULL
19020	_stock	NULL
19021	_stock	NULL
19022	_stock	NULL
19023	_stock	NULL
19024	_stock	NULL
19025	_stock	NULL
19026	_stock	NULL
19027	_stock	NULL
19028	_stock	NULL
19029	_stock	NULL
19030	_stock	NULL
19031	_stock	NULL
19032	_stock	NULL
19033	_stock	NULL
19034	_stock	NULL
19035	_stock	NULL
19036	_stock	NULL
19037	_stock	NULL
19038	_stock	NULL
19039	_stock	NULL
19040	_stock	NULL
19041	_stock	NULL
19042	_stock	NULL
19043	_stock	NULL
19044	_stock	NULL
19045	_stock	NULL
19046	_stock	NULL
19047	_stock	NULL
19048	_stock	NULL
19049	_stock	NULL
19050	_stock	NULL
19051	_stock	NULL
19052	_stock	NULL
19053	_stock	NULL
19054	_stock	NULL
19055	_stock	NULL
19056	_stock	NULL
19057	_stock	NULL
19058	_stock	NULL
19059	_stock	NULL
19060	_stock	NULL
19061	_stock	NULL
19062	_stock	NULL
19063	_stock	NULL
19064	_stock	NULL
19065	_stock	NULL
19066	_stock	NULL
19067	_stock	NULL
19068	_stock	NULL
19069	_stock	NULL
19070	_stock	NULL
19071	_stock	NULL
19072	_stock	NULL
19073	_stock	NULL
19074	_stock	NULL
19075	_stock	NULL
19076	_stock	NULL
19077	_stock	NULL
19078	_stock	NULL
19079	_stock	NULL
19080	_stock	NULL
19081	_stock	NULL
19082	_stock	NULL
19083	_stock	NULL
19084	_stock	NULL
19085	_stock	NULL
19086	_stock	NULL
19087	_stock	NULL
19088	_stock	NULL
19089	_stock	NULL
19090	_stock	NULL
19091	_stock	NULL
19092	_stock	NULL
19093	_stock	NULL
19094	_stock	NULL
19095	_stock	NULL
19096	_stock	NULL
19097	_stock	NULL
19098	_stock	NULL
19099	_stock	NULL
19100	_stock	NULL
19101	_stock	NULL
19102	_stock	NULL
19103	_stock	NULL
19104	_stock	NULL
19105	_stock	NULL
19106	_stock	NULL
19107	_stock	NULL
19108	_stock	NULL
19109	_stock	NULL
19110	_stock	NULL
19111	_stock	NULL
19112	_stock	NULL
19113	_stock	NULL
19114	_stock	NULL
19115	_stock	NULL
19116	_stock	NULL
19117	_stock	NULL
19118	_stock	NULL
19119	_stock	NULL
19120	_stock	NULL
19121	_stock	NULL
19122	_stock	NULL
19123	_stock	NULL
19124	_stock	NULL
19125	_stock	NULL
19126	_stock	NULL
19127	_stock	NULL
19128	_stock	NULL
19129	_stock	NULL
19130	_stock	NULL
19131	_stock	NULL
19132	_stock	NULL
19133	_stock	NULL
19134	_stock	NULL
19135	_stock	NULL
19136	_stock	NULL
19137	_stock	NULL
19138	_stock	NULL
19139	_stock	NULL
19140	_stock	NULL
19141	_stock	NULL
19142	_stock	NULL
19143	_stock	NULL
19144	_stock	NULL
19145	_stock	NULL
19146	_stock	NULL
19147	_stock	NULL
19148	_stock	NULL
19149	_stock	NULL
19150	_stock	NULL
19151	_stock	NULL
19152	_stock	NULL
19153	_stock	NULL
19154	_stock	NULL
19155	_stock	NULL
19156	_stock	NULL
19157	_stock	NULL
19158	_stock	NULL
19159	_stock	NULL
19160	_stock	NULL
19161	_stock	NULL
19162	_stock	NULL
19163	_stock	NULL
19164	_stock	NULL
19165	_stock	NULL
19166	_stock	NULL
19167	_stock	NULL
19168	_stock	NULL
19169	_stock	NULL
19170	_stock	NULL
19171	_stock	NULL
19172	_stock	NULL
19173	_stock	NULL
19174	_stock	NULL
19175	_stock	NULL
19176	_stock	NULL
19177	_stock	NULL
19178	_stock	NULL
19179	_stock	NULL
19180	_stock	NULL
19181	_stock	NULL
19182	_stock	NULL
19183	_stock	NULL
19184	_stock	NULL
19185	_stock	NULL
19186	_stock	NULL
19187	_stock	NULL
19188	_stock	NULL
19189	_stock	NULL
19190	_stock	NULL
19191	_stock	NULL
19192	_stock	NULL
19193	_stock	NULL
19194	_stock	NULL
19195	_stock	NULL
19196	_stock	NULL
19197	_stock	NULL
19198	_stock	NULL
19199	_stock	NULL
19200	_stock	NULL
19201	_stock	NULL
19202	_stock	NULL
19203	_stock	NULL
19204	_stock	NULL
19205	_stock	NULL
19206	_stock	NULL
19207	_stock	NULL
19208	_stock	NULL
19209	_stock	NULL
19210	_stock	NULL
19211	_stock	NULL
19212	_stock	NULL
19213	_stock	NULL
19214	_stock	NULL
19215	_stock	NULL
19216	_stock	NULL
19217	_stock	NULL
19218	_stock	NULL
19219	_stock	NULL
19220	_stock	NULL
19221	_stock	NULL
19222	_stock	NULL
19223	_stock	NULL
19224	_stock	NULL
19225	_stock	NULL
19226	_stock	NULL
19227	_stock	NULL
19228	_stock	NULL
19229	_stock	NULL
19230	_stock	NULL
19231	_stock	NULL
19232	_stock	NULL
19233	_stock	NULL
19234	_stock	NULL
19235	_stock	NULL
19236	_stock	NULL
19237	_stock	NULL
19238	_stock	NULL
19239	_stock	NULL
19240	_stock	NULL
19241	_stock	NULL
19242	_stock	NULL
19243	_stock	NULL
19244	_stock	NULL
19245	_stock	NULL
19246	_stock	NULL
19247	_stock	NULL
19248	_stock	NULL
19249	_stock	NULL
19250	_stock	NULL
19251	_stock	NULL
19252	_stock	NULL
19253	_stock	NULL
19254	_stock	NULL
19255	_stock	NULL
19256	_stock	NULL
19257	_stock	NULL
19258	_stock	NULL
19259	_stock	NULL
19260	_stock	NULL
19261	_stock	NULL
19262	_stock	NULL
19263	_stock	NULL
19264	_stock	NULL
19265	_stock	NULL
19266	_stock	NULL
19267	_stock	NULL
19268	_stock	NULL
19269	_stock	NULL
19270	_stock	NULL
19271	_stock	NULL
19272	_stock	NULL
19273	_stock	NULL
19274	_stock	NULL
19275	_stock	NULL
19276	_stock	NULL
19277	_stock	NULL
19278	_stock	NULL
19279	_stock	NULL
19280	_stock	NULL
19281	_stock	NULL
19282	_stock	NULL
19283	_stock	NULL
19284	_stock	NULL
19285	_stock	NULL
19286	_stock	NULL
19287	_stock	NULL
19288	_stock	NULL
19289	_stock	NULL
19290	_stock	NULL
19291	_stock	NULL
19292	_stock	NULL
19293	_stock	NULL
19294	_stock	NULL
19295	_stock	NULL
19296	_stock	NULL
19297	_stock	NULL
19298	_stock	NULL
19299	_stock	NULL
19300	_stock	NULL
19301	_stock	NULL
19302	_stock	NULL
19303	_stock	NULL
19304	_stock	NULL
19305	_stock	NULL
19306	_stock	NULL
19307	_stock	NULL
19308	_stock	NULL
19309	_stock	NULL
19310	_stock	NULL
19311	_stock	NULL
19312	_stock	NULL
19313	_stock	NULL
19314	_stock	NULL
19315	_stock	NULL
19316	_stock	NULL
19317	_stock	NULL
19318	_stock	NULL
19319	_stock	NULL
19320	_stock	NULL
19321	_stock	NULL
19322	_stock	NULL
19323	_stock	NULL
19324	_stock	NULL
19325	_stock	NULL
19326	_stock	NULL
19327	_stock	NULL
19328	_stock	NULL
19329	_stock	NULL
19330	_stock	NULL
19331	_stock	NULL
19332	_stock	NULL
19333	_stock	NULL
19334	_stock	NULL
19335	_stock	NULL
19336	_stock	NULL
19337	_stock	NULL
19338	_stock	NULL
19339	_stock	NULL
19340	_stock	NULL
19341	_stock	NULL
19342	_stock	NULL
19343	_stock	NULL
19344	_stock	NULL
19345	_stock	NULL
19346	_stock	NULL
19347	_stock	NULL
19348	_stock	NULL
19349	_stock	NULL
19350	_stock	NULL
19351	_stock	NULL
19352	_stock	NULL
19353	_stock	NULL
19354	_stock	NULL
19355	_stock	NULL
19356	_stock	NULL
19357	_stock	NULL
19358	_stock	NULL
19359	_stock	NULL
19360	_stock	NULL
19361	_stock	NULL
19362	_stock	NULL
19363	_stock	NULL
19364	_stock	NULL
19365	_stock	NULL
19366	_stock	NULL
19367	_stock	NULL
19368	_stock	NULL
19369	_stock	NULL
19370	_stock	NULL
19371	_stock	NULL
19372	_stock	NULL
19373	_stock	NULL
19374	_stock	NULL
19375	_stock	NULL
19376	_stock	NULL
19377	_stock	NULL
19378	_stock	NULL
19379	_stock	NULL
19380	_stock	NULL
19381	_stock	NULL
19382	_stock	NULL
19383	_stock	NULL
19384	_stock	NULL
19385	_stock	NULL
19386	_stock	NULL
19387	_stock	NULL
19388	_stock	NULL
19389	_stock	NULL
19390	_stock	NULL
19391	_stock	NULL
19392	_stock	NULL
19393	_stock	NULL
19394	_stock	NULL
19395	_stock	NULL
19396	_stock	NULL
19397	_stock	NULL
19398	_stock	NULL
19399	_stock	NULL
19400	_stock	NULL
19401	_stock	NULL
19402	_stock	NULL
19403	_stock	NULL
19404	_stock	NULL
19405	_stock	NULL
19406	_stock	NULL
19407	_stock	NULL
19408	_stock	NULL
19409	_stock	NULL
19410	_stock	NULL
19411	_stock	NULL
19412	_stock	NULL
19413	_stock	NULL
19414	_stock	NULL
19415	_stock	NULL
19416	_stock	NULL
19417	_stock	NULL
19418	_stock	NULL
19419	_stock	NULL
19420	_stock	NULL
19421	_stock	NULL
19422	_stock	NULL
19423	_stock	NULL
19424	_stock	NULL
19425	_stock	NULL
19426	_stock	NULL
19427	_stock	NULL
19428	_stock	NULL
19429	_stock	NULL
19430	_stock	NULL
19431	_stock	NULL
19432	_stock	NULL
19433	_stock	NULL
19434	_stock	NULL
19435	_stock	NULL
19436	_stock	NULL
19437	_stock	NULL
19438	_stock	NULL
19439	_stock	NULL
19440	_stock	NULL
19441	_stock	NULL
19442	_stock	NULL
19443	_stock	NULL
19444	_stock	NULL
19445	_stock	NULL
19446	_stock	NULL
19447	_stock	NULL
19448	_stock	NULL
19449	_stock	NULL
19450	_stock	NULL
19451	_stock	NULL
19452	_stock	NULL
19453	_stock	NULL
19454	_stock	NULL
19455	_stock	NULL
19456	_stock	NULL
19457	_stock	NULL
19458	_stock	NULL
19459	_stock	NULL
19460	_stock	NULL
19461	_stock	NULL
19462	_stock	NULL
19463	_stock	NULL
19464	_stock	NULL
19465	_stock	NULL
19466	_stock	NULL
19467	_stock	NULL
19468	_stock	NULL
19469	_stock	NULL
19470	_stock	NULL
19471	_stock	NULL
19472	_stock	NULL
19473	_stock	NULL
19474	_stock	NULL
19475	_stock	NULL
19476	_stock	NULL
19477	_stock	NULL
19478	_stock	NULL
19479	_stock	NULL
19480	_stock	NULL
19481	_stock	NULL
19482	_stock	NULL
19483	_stock	NULL
19484	_stock	NULL
19485	_stock	NULL
19486	_stock	NULL
19487	_stock	NULL
19488	_stock	NULL
19489	_stock	NULL
19490	_stock	NULL
19491	_stock	NULL
19492	_stock	NULL
19493	_stock	NULL
19494	_stock	NULL
19495	_stock	NULL
19496	_stock	NULL
19497	_stock	NULL
19498	_stock	NULL
19499	_stock	NULL
19500	_stock	NULL
19501	_stock	NULL
19502	_stock	NULL
19503	_stock	NULL
19504	_stock	NULL
19505	_stock	NULL
19506	_stock	NULL
19507	_stock	NULL
19508	_stock	NULL
19509	_stock	NULL
19510	_stock	NULL
19511	_stock	NULL
19512	_stock	NULL
19513	_stock	NULL
19514	_stock	NULL
19515	_stock	NULL
19516	_stock	NULL
19517	_stock	NULL
19518	_stock	NULL
19519	_stock	NULL
19520	_stock	NULL
19521	_stock	NULL
19522	_stock	NULL
19523	_stock	NULL
19524	_stock	NULL
19525	_stock	NULL
19526	_stock	NULL
19527	_stock	NULL
19528	_stock	NULL
19529	_stock	NULL
19530	_stock	NULL
19531	_stock	NULL
19532	_stock	NULL
19533	_stock	NULL
19534	_stock	NULL
19535	_stock	NULL
19536	_stock	NULL
19537	_stock	NULL
19538	_stock	NULL
19539	_stock	NULL
19540	_stock	NULL
19541	_stock	NULL
19542	_stock	NULL
19543	_stock	NULL
19544	_stock	NULL
19545	_stock	NULL
19546	_stock	NULL
19547	_stock	NULL
19548	_stock	NULL
19549	_stock	NULL
19550	_stock	NULL
19551	_stock	NULL
19552	_stock	NULL
19553	_stock	NULL
19554	_stock	NULL
19555	_stock	NULL
19556	_stock	NULL
19557	_stock	NULL
19558	_stock	NULL
19559	_stock	NULL
19560	_stock	NULL
19561	_stock	NULL
19562	_stock	NULL
19563	_stock	NULL
19564	_stock	NULL
19565	_stock	NULL
19566	_stock	NULL
19567	_stock	NULL
19568	_stock	NULL
19569	_stock	NULL
19570	_stock	NULL
19571	_stock	NULL
19572	_stock	NULL
19573	_stock	NULL
19574	_stock	NULL
19575	_stock	NULL
19576	_stock	NULL
19577	_stock	NULL
19578	_stock	NULL
19579	_stock	NULL
19580	_stock	NULL
19581	_stock	NULL
19582	_stock	NULL
19583	_stock	NULL
19584	_stock	NULL
19585	_stock	NULL
19586	_stock	NULL
19587	_stock	NULL
19588	_stock	NULL
19589	_stock	NULL
19590	_stock	NULL
19591	_stock	NULL
19592	_stock	NULL
19593	_stock	NULL
19594	_stock	NULL
19595	_stock	NULL
19596	_stock	NULL
19597	_stock	NULL
19598	_stock	NULL
19599	_stock	NULL
19600	_stock	NULL
19601	_stock	NULL
19602	_stock	NULL
19603	_stock	NULL
19604	_stock	NULL
19605	_stock	NULL
19606	_stock	NULL
19607	_stock	NULL
19608	_stock	NULL
19609	_stock	NULL
19610	_stock	NULL
19611	_stock	NULL
19612	_stock	NULL
19613	_stock	NULL
19614	_stock	NULL
19615	_stock	NULL
19616	_stock	NULL
19617	_stock	NULL
19618	_stock	NULL
19619	_stock	NULL
19620	_stock	NULL
19621	_stock	NULL
19622	_stock	NULL
19623	_stock	NULL
19624	_stock	NULL
19625	_stock	NULL
19626	_stock	NULL
19627	_stock	NULL
19628	_stock	NULL
19629	_stock	NULL
19630	_stock	NULL
19631	_stock	NULL
19632	_stock	NULL
19633	_stock	NULL
19634	_stock	NULL
19635	_stock	NULL
19636	_stock	NULL
19637	_stock	NULL
19638	_stock	NULL
19639	_stock	NULL
19640	_stock	NULL
19641	_stock	NULL
19642	_stock	NULL
19643	_stock	NULL
19644	_stock	NULL
19645	_stock	NULL
19646	_stock	NULL
19647	_stock	NULL
19648	_stock	NULL
19649	_stock	NULL
19650	_stock	NULL
19651	_stock	NULL
19652	_stock	NULL
19653	_stock	NULL
19654	_stock	NULL
19655	_stock	NULL
19656	_stock	NULL
19657	_stock	NULL
19658	_stock	NULL
19659	_stock	NULL
19660	_stock	NULL
19661	_stock	NULL
19663	_stock	NULL
15694	attribute_1-4	2"
15699	attribute_1-4	2.1/2"
15702	attribute_1-4	2.1/2"
15703	attribute_1-4	1"
15704	attribute_1-4	2"
15705	attribute_1-4	3"
15706	attribute_1-4	1.1/2"
15696	attribute_1-4	3"
15691	attribute_1-4	1.1/2"
15693	attribute_1-4	1"
10467	attribute_amp	25
10468	attribute_amp	40
8994	attribute_ampers	40
8995	attribute_ampers	32
8996	attribute_ampers	25
8997	attribute_ampers	20
8998	attribute_ampers	16
8999	attribute_ampers	10
9000	attribute_ampers	6
8720	attribute_ancho	0.80
8722	attribute_ancho	1.00
8723	attribute_ancho	1.20
8724	attribute_ancho	1.50
10214	attribute_ancho	10
10215	attribute_ancho	15
10217	attribute_ancho	20
13464	attribute_ancho	10cm
13466	attribute_ancho	30cm
6117	attribute_anchoxlargo	50X200
6118	attribute_anchoxlargo	80X150
6119	attribute_anchoxlargo	80X200
6120	attribute_anchoxlargo	80X300
6121	attribute_anchoxlargo	80X400
6122	attribute_anchoxlargo	80X500
10886	attribute_aroma	CARRO NUEVO
10894	attribute_aroma	MARINO
10895	attribute_aroma	NATURAL
15880	attribute_cantidad	1uni
15881	attribute_cantidad	100 uni
12397	attribute_cantidad-de-dientes	18
12399	attribute_cantidad-de-dientes	24
16213	attribute_cantidad-de-dientes	40T
16215	attribute_cantidad-de-dientes	60T
8136	attribute_cc	45
8138	attribute_cc	45
8140	attribute_cc	52
5552	attribute_color	
5553	attribute_color	
5554	attribute_color	
5502	attribute_color	
5503	attribute_color	
5504	attribute_color	
5848	attribute_color	
5817	attribute_color	
7665	attribute_color	BLANCO
7667	attribute_color	NEGRO
7669	attribute_color	NEGRO
7670	attribute_color	NEGRO
7661	attribute_color	BLANCO
7663	attribute_color	BLANCO
7664	attribute_color	BLANCO
7891	attribute_color	SATINADO BLANCO
7892	attribute_color	SATINADO BLANCO
7893	attribute_color	SATINADO NEGRO
7894	attribute_color	SATINADO NEGRO
7895	attribute_color	SATINADO NEGRO
7897	attribute_color	SATINADO BLANCO
7963	attribute_color	Blanco
7965	attribute_color	Negro
7967	attribute_color	Transparente
7976	attribute_color	Blanco
7978	attribute_color	Negro
7979	attribute_color	Transparente
8172	attribute_color	VERDE CEMENTO
8173	attribute_color	VERDE MANZANA
8174	attribute_color	ROJO VIAL
8175	attribute_color	VERDE MUSGO
8176	attribute_color	TEJA
8177	attribute_color	BLANCO
8178	attribute_color	GRIS
8179	attribute_color	OCRE
8180	attribute_color	AZUL
8181	attribute_color	GRAFITO
8183	attribute_color	AMARILLO
8184	attribute_color	NARANJA
8185	attribute_color	NARANJA
8186	attribute_color	ROJO
8187	attribute_color	NEGRO
8209	attribute_color	BLANCO P
8212	attribute_color	MARRON E
8257	attribute_color	BLANCO
8258	attribute_color	GRIS
8490	attribute_color	NEGRO
8494	attribute_color	ROSA
8495	attribute_color	VERDE
8496	attribute_color	ROJO
8497	attribute_color	FUCSIA
8498	attribute_color	NARANJA
8499	attribute_color	VIOLETA
8500	attribute_color	AMARILLO
8867	attribute_color	Negro
8868	attribute_color	Blanco
8869	attribute_color	Azul
8870	attribute_color	Amarillo
8871	attribute_color	Rojo
8872	attribute_color	Verde
8894	attribute_color	Negro
8895	attribute_color	Blanco
8896	attribute_color	Azul
8897	attribute_color	Amarillo
8898	attribute_color	Rojo
8899	attribute_color	Verde
8901	attribute_color	Gris
9140	attribute_color	Amarillo
9141	attribute_color	Azul
9142	attribute_color	Rojo
9143	attribute_color	Verde
11420	attribute_color	AZUL
11421	attribute_color	AZUL
11422	attribute_color	CELESTE
11423	attribute_color	BLANCO
11497	attribute_color	NEGRO
11498	attribute_color	ROJO
11499	attribute_color	AZUL
11500	attribute_color	VERDE
11501	attribute_color	BLANCO
11502	attribute_color	AMARILLO
12022	attribute_color	TRANSPARENTE
12024	attribute_color	GRIS
12026	attribute_color	TRANSPARENTE
12028	attribute_color	GRIS
12035	attribute_color	TRANSPARENTE
12040	attribute_color	NEGRO
12041	attribute_color	BLANCO
12054	attribute_color	AZUL
12059	attribute_color	DORADO
12239	attribute_color	BLANCO
12242	attribute_color	TRANSPARENTE
12246	attribute_color	NEGRO
12248	attribute_color	ACERO
12323	attribute_color	BLANCO
12325	attribute_color	NEGRO
12646	attribute_color	AZUL
12648	attribute_color	CREMA
12650	attribute_color	GRIS
12652	attribute_color	BLANCO
13191	attribute_color	VERDE CEMENTO
13193	attribute_color	ROJO
13194	attribute_color	OCRE
13195	attribute_color	GRIS
13196	attribute_color	GRAFITO
13197	attribute_color	TEJA
13198	attribute_color	VERDE CEMENTO
13199	attribute_color	ROJO VIAL
13270	attribute_color	NEGRO
13272	attribute_color	
13787	attribute_color	VERDE MUSGO
14187	attribute_color	Negro brillante
14189	attribute_color	Negro mate
14191	attribute_color	Negro satinado
14192	attribute_color	Blanco mate
14194	attribute_color	Blanco brillante
14195	attribute_color	Blanco satinado
14197	attribute_color	Alta temperatura negro
14199	attribute_color	Marron habana
14201	attribute_color	Antioxido rojo
14204	attribute_color	Antioxido gris
14397	attribute_color	Dorado
14399	attribute_color	Cromado
14465	attribute_color	Marrón
14467	attribute_color	Negro
14710	attribute_color	Azul
14712	attribute_color	Negro
14714	attribute_color	Amarillo
14716	attribute_color	Rosado
14718	attribute_color	Naranja
14903	attribute_color	Cromado
14905	attribute_color	Blanco
15418	attribute_color	Negro
15420	attribute_color	Cromado
6868	attribute_color-de-pico	NEGRO
6869	attribute_color-de-pico	ROJO
6870	attribute_color-de-pico	VERDE
6871	attribute_color-de-pico	
6872	attribute_color-de-pico	CELESTE
6873	attribute_color-de-pico	GRIS
6874	attribute_color-de-pico	NARANJA
6876	attribute_color-de-pico	NEGRO
6877	attribute_color-de-pico	ROJO
6878	attribute_color-de-pico	VERDE
6879	attribute_color-de-pico	CELESTE
6880	attribute_color-de-pico	GRIS
6881	attribute_color-de-pico	NARANJA
6882	attribute_color-de-pico	
8034	attribute_colores	Amarillo
8036	attribute_colores	Naranja
12713	attribute_colores	BLANCO MADERADO
12715	attribute_colores	MARRON OSCURO
12726	attribute_colores	NEGRO
12728	attribute_colores	GRIS MADERADO
12749	attribute_colores	NEGRO
12751	attribute_colores	CELESTE
12753	attribute_colores	ROSA
12755	attribute_colores	BLANCO
6177	attribute_colores-aerosoles	ROJO
6178	attribute_colores-aerosoles	AZUL
6179	attribute_colores-aerosoles	NEGRO
6180	attribute_colores-aerosoles	NEGRO MATE
6181	attribute_colores-aerosoles	VERDE
6182	attribute_colores-aerosoles	AMARILLO
6183	attribute_colores-aerosoles	GRIS
6184	attribute_colores-aerosoles	ALUMINIO
6185	attribute_colores-aerosoles	PLATA
6186	attribute_colores-aerosoles	ORO
6187	attribute_colores-aerosoles	LACQUER
6188	attribute_colores-aerosoles	BLANCO MATE
6189	attribute_colores-aerosoles	BLANCO
7104	attribute_colores-aerosoles	NEGRO ALTA TEMPERATURA
16183	attribute_concentrado-1-lt	Citrico
16178	attribute_concentrado-1-lt	
16180	attribute_concentrado-1-lt	Azul
16182	attribute_concentrado-1-lt	
16185	attribute_concentrado-1-lt	Vidrios
16187	attribute_concentrado-1-lt	Caribe
16189	attribute_concentrado-1-lt	Aqua
16192	attribute_concentrado-1-lt	
7299	attribute_corona-copa	30
7301	attribute_corona-copa	40
7303	attribute_corona-copa	50
7304	attribute_corona-copa	60
7306	attribute_corona-copa	70
7307	attribute_corona-copa	75
7308	attribute_corona-copa	90
7310	attribute_corona-copa	110
7311	attribute_corona-copa	vastago
14454	attribute_diametro	40mm
14456	attribute_diametro	50mm
14457	attribute_diametro	110mm
16526	attribute_diametro	110mm
16524	attribute_diametro	40mm
15224	attribute_eje	16mm
15225	attribute_eje	20mm
10199	attribute_epoxy	aluminio
10200	attribute_epoxy	negro
6075	attribute_escalones	BANQUETA
6077	attribute_escalones	3
6078	attribute_escalones	4
6080	attribute_escalones	5
6081	attribute_escalones	6
6082	attribute_escalones	7
6083	attribute_escalones	8
13504	attribute_espesor	1mm
13506	attribute_espesor	1.5mm
13507	attribute_espesor	2mm
16372	attribute_espesor	3/8"
16373	attribute_espesor	1/2"
16374	attribute_espesor	5/8"
16375	attribute_espesor	3/4"
15588	attribute_espesor	4mm
15590	attribute_espesor	5mm
15591	attribute_espesor	3mm
15592	attribute_espesor	6mm
16371	attribute_espesor	5/16"
16370	attribute_espesor	1/4"
15913	attribute_espesor	0.8mm
15915	attribute_espesor	0.9mm
15919	attribute_espesor	1mm
15921	attribute_espesor	1.5mm
15923	attribute_espesor	2mm
16368	attribute_espesor	3/16"
16603	attribute_espesor	1.5mm
16604	attribute_espesor	2mm
12566	attribute_fragancia	NATURAL
12568	attribute_fragancia	LAVANDA
12571	attribute_fragancia	AUTO NUEVO
12572	attribute_fragancia	MARINE
5953	attribute_grano	
7829	attribute_grano	40
7830	attribute_grano	60
7831	attribute_grano	80
7832	attribute_grano	100
7833	attribute_grano	120
9355	attribute_grano	80
9356	attribute_grano	60
9357	attribute_grano	40
10514	attribute_grano	40
10515	attribute_grano	60
12676	attribute_grano	60
12678	attribute_grano	120
14539	attribute_grano	Fino
14541	attribute_grano	Medio
14542	attribute_grano	Grueso
16700	attribute_grano	40
16701	attribute_grano	60
16702	attribute_grano	80
16703	attribute_grano	100
16704	attribute_grano	120
8772	attribute_grosor	1/4"
8780	attribute_grosor	1/4"
8781	attribute_grosor	1/4"
8782	attribute_grosor	1/4"
8849	attribute_grosor	1/8"
8785	attribute_grosor	1/8"
8788	attribute_grosor	3/16"
8789	attribute_grosor	3/16"
8790	attribute_grosor	3/16"
8798	attribute_grosor	1/4
8799	attribute_grosor	1/4
8800	attribute_grosor	1/4
8801	attribute_grosor	1/4
8802	attribute_grosor	1/4
8804	attribute_grosor	1/4
8805	attribute_grosor	1/4
8807	attribute_grosor	1/4
8806	attribute_grosor	1/8
8809	attribute_grosor	1/8
8808	attribute_grosor	1/4
8810	attribute_grosor	1/8
8812	attribute_grosor	1/8
8811	attribute_grosor	1/4
8813	attribute_grosor	1/8
8814	attribute_grosor	1/8
8815	attribute_grosor	1/4
8816	attribute_grosor	1/8
8817	attribute_grosor	1/4
8818	attribute_grosor	1/8
8819	attribute_grosor	1/8
8820	attribute_grosor	3/16
8821	attribute_grosor	1/8
8822	attribute_grosor	3/16
8823	attribute_grosor	1/8
8824	attribute_grosor	3/16
8826	attribute_grosor	3/16
8825	attribute_grosor	1/8
8827	attribute_grosor	3/16
8828	attribute_grosor	1/8
8829	attribute_grosor	3/16
8830	attribute_grosor	3/16
8831	attribute_grosor	1/8
8832	attribute_grosor	3/16
8833	attribute_grosor	1/4
8834	attribute_grosor	1/8
8835	attribute_grosor	1/4
8836	attribute_grosor	1/8
8837	attribute_grosor	3/16
8838	attribute_grosor	3/16
8839	attribute_grosor	3/16
8840	attribute_grosor	3/16
8841	attribute_grosor	3/16
8842	attribute_grosor	3/16
8843	attribute_grosor	3/16
8844	attribute_grosor	3/16
8845	attribute_grosor	1/4
8846	attribute_grosor	1/4
8852	attribute_grosor	3/16"
8854	attribute_grosor	1/4"
8856	attribute_grosor	3/16"
8857	attribute_grosor	1/4"
8858	attribute_grosor	1/4"
8860	attribute_grosor	3/8"
8864	attribute_grosor	1/8"
9774	attribute_grosor	1/8"
11895	attribute_grosor	6mm
11897	attribute_grosor	8mm
11898	attribute_grosor	10mm
13638	attribute_grosor	1/8"
13640	attribute_grosor	3/16"
13641	attribute_grosor	1/8"
14504	attribute_grosor	1/4"
14766	attribute_grosor	2 mm
14768	attribute_grosor	3mm
16196	attribute_grosor	5/16"
16197	attribute_grosor	5/16"
16198	attribute_grosor	5/16"
16200	attribute_grosor	5/16"
16201	attribute_grosor	5/16"
16202	attribute_grosor	3/8"
16204	attribute_grosor	3/8"
16205	attribute_grosor	3/8"
16206	attribute_grosor	3/8"
16207	attribute_grosor	1/8"
16209	attribute_grosor	3/8"
5992	attribute_kg	1.5
5993	attribute_kg	7
5996	attribute_kg	18
5999	attribute_kg	1
6001	attribute_kg	2
6002	attribute_kg	5
6003	attribute_kg	10
6004	attribute_kg	20
6009	attribute_kg	1.5
6011	attribute_kg	7
6012	attribute_kg	18
8025	attribute_kg	500gr
8026	attribute_kg	1000gr
16003	attribute_kg	N°6
16004	attribute_kg	N°12
5941	attribute_kilo	
5970	attribute_largo	0.80
5972	attribute_largo	0.90
5973	attribute_largo	1.00
5977	attribute_largo	0.80
5978	attribute_largo	0.90
8772	attribute_largo	4
8780	attribute_largo	5
8781	attribute_largo	6
8782	attribute_largo	8
8849	attribute_largo	3
8785	attribute_largo	6
8788	attribute_largo	4
8789	attribute_largo	5
8790	attribute_largo	6
8798	attribute_largo	1
8799	attribute_largo	2
8800	attribute_largo	3
8801	attribute_largo	4
8802	attribute_largo	5
8804	attribute_largo	6
8805	attribute_largo	1
8807	attribute_largo	2
8806	attribute_largo	1
8809	attribute_largo	2
8808	attribute_largo	3
8810	attribute_largo	3
8812	attribute_largo	4
8811	attribute_largo	4
8813	attribute_largo	5
8814	attribute_largo	6
8815	attribute_largo	5
8816	attribute_largo	7
8817	attribute_largo	6
8818	attribute_largo	8
8819	attribute_largo	1
8820	attribute_largo	1
8821	attribute_largo	2
8822	attribute_largo	2
8823	attribute_largo	3
8824	attribute_largo	3
8826	attribute_largo	4
8825	attribute_largo	4
8827	attribute_largo	5
8828	attribute_largo	5
8829	attribute_largo	6
8830	attribute_largo	7
8831	attribute_largo	6
8832	attribute_largo	8
8833	attribute_largo	7
8834	attribute_largo	7
8835	attribute_largo	8
8836	attribute_largo	8
8837	attribute_largo	1
8838	attribute_largo	2
8839	attribute_largo	3
8840	attribute_largo	4
8841	attribute_largo	5
8842	attribute_largo	6
8843	attribute_largo	7
8844	attribute_largo	8
8845	attribute_largo	7
8846	attribute_largo	8
8852	attribute_largo	4
8854	attribute_largo	6
8856	attribute_largo	6
8857	attribute_largo	4
8858	attribute_largo	5
8860	attribute_largo	8
8864	attribute_largo	5
9774	attribute_largo	5
10426	attribute_largo	14
10428	attribute_largo	16.5
10429	attribute_largo	19
13313	attribute_largo	2mt
13315	attribute_largo	3mt
13638	attribute_largo	6
13640	attribute_largo	11/2
13641	attribute_largo	4
14504	attribute_largo	11/2
16461	attribute_largo	270mm
16196	attribute_largo	4
16197	attribute_largo	5
16198	attribute_largo	6
16200	attribute_largo	8
16201	attribute_largo	10
16202	attribute_largo	6
16204	attribute_largo	8
16205	attribute_largo	10
16206	attribute_largo	12
16207	attribute_largo	4
16209	attribute_largo	8
16459	attribute_largo	220mm
8136	attribute_largo-de-vaina	16"
8138	attribute_largo-de-vaina	18"
8140	attribute_largo-de-vaina	20"
6165	attribute_largo-x-ancho	2x2
6166	attribute_largo-x-ancho	3x2
6167	attribute_largo-x-ancho	3x4
6168	attribute_largo-x-ancho	3x5
6169	attribute_largo-x-ancho	5x4
6170	attribute_largo-x-ancho	4x6
6171	attribute_largo-x-ancho	8x6
6172	attribute_largo-x-ancho	8x10
5987	attribute_litro	1
5988	attribute_litro	5
5962	attribute_medida	5x10mm
5964	attribute_medida	10x10mm
5966	attribute_medida	20x10mm
7661	attribute_medida	20X12
7663	attribute_medida	25X16
7664	attribute_medida	30X19
7665	attribute_medida	40X25
7667	attribute_medida	20X12
7669	attribute_medida	25X16
7670	attribute_medida	30X19
8233	attribute_medida	6
8234	attribute_medida	7
8235	attribute_medida	8
8236	attribute_medida	9
8237	attribute_medida	10
8238	attribute_medida	11
8239	attribute_medida	12
8240	attribute_medida	13
8241	attribute_medida	14
8243	attribute_medida	17
8244	attribute_medida	19
8245	attribute_medida	21
8246	attribute_medida	22
8247	attribute_medida	24
8248	attribute_medida	27
8249	attribute_medida	30
8331	attribute_medida	13
8332	attribute_medida	11
8333	attribute_medida	9
8357	attribute_medida	14
8358	attribute_medida	30
9179	attribute_medida	96mm
9180	attribute_medida	128mm
9181	attribute_medida	160mm
9305	attribute_medida	2,4x75mm
9306	attribute_medida	2,5x100mm
9307	attribute_medida	2,5x150mm
9308	attribute_medida	2,5x200mm
9309	attribute_medida	2,7x300mm
9310	attribute_medida	3,6x200mm
9311	attribute_medida	3,6x400mm
9312	attribute_medida	4,6x400mm
9313	attribute_medida	4,6x500mm
9314	attribute_medida	4,8x200mm
9315	attribute_medida	5x200mm
9316	attribute_medida	5x400mm
9321	attribute_medida	3x200mm
9322	attribute_medida	3,6x250mm
9323	attribute_medida	3,6x300mm
9324	attribute_medida	4,8x300mm
9325	attribute_medida	7,6x500mm
12220	attribute_medida	4X12
12222	attribute_medida	4X16
12223	attribute_medida	4X19
12224	attribute_medida	4X25
12225	attribute_medida	4.8X12.7
12226	attribute_medida	4.8X19
12227	attribute_medida	6X19
12228	attribute_medida	3.2X19
12229	attribute_medida	3.2X12
12230	attribute_medida	3.2X10
12231	attribute_medida	3.2X0.8
12234	attribute_medida	4.8X25
12621	attribute_medida	3cm
12623	attribute_medida	5cm
12625	attribute_medida	7cm
12627	attribute_medida	8cm
12628	attribute_medida	10cm
12629	attribute_medida	20cm
12630	attribute_medida	25cm
12790	attribute_medida	18"
12791	attribute_medida	20"
13245	attribute_medida	96mm
13246	attribute_medida	128mm
13247	attribute_medida	160mm
13256	attribute_medida	1/4x3.1/2"
13258	attribute_medida	1/4x4"
13585	attribute_medida	10
13591	attribute_medida	12
13592	attribute_medida	15
13593	attribute_medida	27
13595	attribute_medida	16
13596	attribute_medida	17
13598	attribute_medida	19
13599	attribute_medida	20
13600	attribute_medida	18
13601	attribute_medida	22
13603	attribute_medida	ADAPTADOR 3/8-1/2"
13605	attribute_medida	1mm
13607	attribute_medida	1.5mm
13608	attribute_medida	2mm
13609	attribute_medida	2.5mm
13611	attribute_medida	3mm
13612	attribute_medida	3.25mm
13614	attribute_medida	3.5mm
13615	attribute_medida	4mm
13616	attribute_medida	4.5mm
13617	attribute_medida	5mm
13618	attribute_medida	5.5mm
13619	attribute_medida	6mm
13620	attribute_medida	6.5mm
13621	attribute_medida	7mm
13622	attribute_medida	8mm
13623	attribute_medida	10mm
13624	attribute_medida	11mm
13626	attribute_medida	
13627	attribute_medida	12mm
13628	attribute_medida	1/8"
13629	attribute_medida	3/16"
13630	attribute_medida	15/64"
13631	attribute_medida	1/4"
13632	attribute_medida	5/16"
13633	attribute_medida	3/8"
13634	attribute_medida	1/2"
13772	attribute_medida	5.5X38mm
13774	attribute_medida	5.5x50mm
14478	attribute_medida	18
14497	attribute_medida	6.0/3.0
14499	attribute_medida	8.0/4.0
14500	attribute_medida	10.0/5.0
14501	attribute_medida	14.0/7.0
15926	attribute_medida	5.5X25mm
14665	attribute_medida	
14836	attribute_medida	5/8"x82mm
14838	attribute_medida	3/4"x90mm
15509	attribute_medida	63x450mm
15120	attribute_medida	1/4x2.1/2"
15122	attribute_medida	1/4x2"
15123	attribute_medida	1/4x1.1/2"
15124	attribute_medida	1/4x1"
15125	attribute_medida	1/4x5"
15160	attribute_medida	25mm
15162	attribute_medida	38mm
15163	attribute_medida	Adaptador para mecha
15685	attribute_medida	45cm
15635	attribute_medida	20"
15637	attribute_medida	24"
15506	attribute_medida	63x150mm
15507	attribute_medida	63x300mm
19681	attribute_medida	4.2X19
15683	attribute_medida	35cm
15855	attribute_medida	32mm-4.5mt
15853	attribute_medida	23mm-3.3mt
16126	attribute_medida	150mm
16128	attribute_medida	100mm
16131	attribute_medida	82mm
16132	attribute_medida	125mm
16092	attribute_medida	1/4"
16094	attribute_medida	5/16"
16096	attribute_medida	3/8"
16098	attribute_medida	1/2"
16100	attribute_medida	5/8"
16101	attribute_medida	3/4"
16102	attribute_medida	7/8"
16103	attribute_medida	1"
16109	attribute_medida	11/4"
16274	attribute_medida	50 mm
16276	attribute_medida	70 mm
16277	attribute_medida	60 mm con base
16285	attribute_medida	4"
16287	attribute_medida	5"
19683	attribute_medida	4.2x25
19684	attribute_medida	5.5x16
15904	attribute_metro	1
15784	attribute_metro	1/2"
15785	attribute_metro	3/4"
6014	attribute_metros	45
6016	attribute_metros	90
9297	attribute_metros	25m
9298	attribute_metros	20m
9299	attribute_metros	15m
9300	attribute_metros	10m
9318	attribute_metros	30mm
15316	attribute_metros	10m
14527	attribute_metros	90
14528	attribute_metros	45
14529	attribute_metros	90
14530	attribute_metros	45
15315	attribute_metros	15m
14794	attribute_modulos	4
14796	attribute_modulos	8
14798	attribute_modulos	12
16500	attribute_modulos	12
16502	attribute_modulos	24
8735	attribute_numero	N°14
8736	attribute_numero	N°10
8737	attribute_numero	N°08
8741	attribute_numero	N°18
8743	attribute_numero	N°05
8744	attribute_numero	N°04
8745	attribute_numero	N°03
8746	attribute_numero	N°02
8748	attribute_numero	N°8
8749	attribute_numero	N°11
8752	attribute_numero	N°06
8753	attribute_numero	N°04
8754	attribute_numero	N°02
8755	attribute_numero	N°01
8757	attribute_numero	N°08
16447	attribute_pa_color	negro
16444	attribute_pa_color	negro
16445	attribute_pa_color	negro
9158	attribute_pa_color	blanco
9159	attribute_pa_color	blanco
9160	attribute_pa_color	blanco
16446	attribute_pa_color	negro
16439	attribute_pa_color	blanco
5628	attribute_pa_colores-esmaltes	
7850	attribute_pa_colores-esmaltes	
7851	attribute_pa_colores-esmaltes	
7866	attribute_pa_colores-esmaltes	6
7868	attribute_pa_colores-esmaltes	6
7869	attribute_pa_colores-esmaltes	6
7870	attribute_pa_colores-esmaltes	3
7871	attribute_pa_colores-esmaltes	3
7872	attribute_pa_colores-esmaltes	3
7873	attribute_pa_colores-esmaltes	1
7874	attribute_pa_colores-esmaltes	1
7875	attribute_pa_colores-esmaltes	1
7876	attribute_pa_colores-esmaltes	10
7877	attribute_pa_colores-esmaltes	10
7878	attribute_pa_colores-esmaltes	10
7879	attribute_pa_colores-esmaltes	7
7880	attribute_pa_colores-esmaltes	7
7881	attribute_pa_colores-esmaltes	7
7882	attribute_pa_colores-esmaltes	5
7883	attribute_pa_colores-esmaltes	5
7884	attribute_pa_colores-esmaltes	5
5848	attribute_pa_rojo	
5517	attribute_pa_tamano	precio
5618	attribute_pa_tamano	precio
5619	attribute_pa_tamano	precio
5901	attribute_pa_x-metro	metro
5904	attribute_pa_x-metro	metro
5915	attribute_pa_x-metro	
5918	attribute_pa_x-metro	
5920	attribute_pa_x-metro	
5922	attribute_pa_x-metro	
5924	attribute_pa_x-metro	
15980	attribute_paquete-1kg	1"
15978	attribute_paquete-1kg	3/4"
15046	attribute_pelo	Largo
15045	attribute_pelo	Medio
15028	attribute_peso	200gr
15029	attribute_peso	500gr
13939	attribute_presentacion	300gr
13941	attribute_presentacion	500gr
13943	attribute_presentacion	1kg
15412	attribute_presentacion	ACCESORIOS
15413	attribute_presentacion	ACCESORIOS+4 DISCOS
16183	attribute_pronto-uso	Gatillo1 lt
16178	attribute_pronto-uso	Gatillo 500cc
16180	attribute_pronto-uso	Gatillo1 lt
16182	attribute_pronto-uso	Sin gatillo 1 lt
16185	attribute_pronto-uso	Gatillo1 lt
16187	attribute_pronto-uso	Gatillo1 lt
16189	attribute_pronto-uso	Gatillo1 lt
16192	attribute_pronto-uso	Sin gatillo 1 lt
6338	attribute_pulgadas	2
6339	attribute_pulgadas	3
6340	attribute_pulgadas	4
6341	attribute_pulgadas	5
14488	attribute_pulgadas	6
15999	attribute_rollo-de-1-kg	N°19
15997	attribute_rollo-de-1-kg	N°18
15994	attribute_rollo-de-1-kg	N°14
15993	attribute_rollo-de-1-kg	N°14
15611	attribute_rueda	Maciza
15613	attribute_rueda	Inflable
7318	attribute_talle	XG
10827	attribute_talle	8
10828	attribute_talle	9
10829	attribute_talle	10
11649	attribute_talle	L
11651	attribute_talle	XL
13749	attribute_talle	G
13750	attribute_talle	M
15872	attribute_tamano	10kg
5552	attribute_tamano	0.225
5553	attribute_tamano	0.900
5554	attribute_tamano	3.6
5503	attribute_tamano	0.900
5504	attribute_tamano	0.225
5502	attribute_tamano	3.6
5508	attribute_tamano	0.900
5509	attribute_tamano	3.6
5510	attribute_tamano	18
5527	attribute_tamano	3.6
5517	attribute_tamano	18
5618	attribute_tamano	0.900
5619	attribute_tamano	3.6
5628	attribute_tamano	0.225
7331	attribute_tamano	5
7333	attribute_tamano	7
7335	attribute_tamano	11
7337	attribute_tamano	16
7376	attribute_tamano	25mm
7384	attribute_tamano	38mm
7386	attribute_tamano	50mm
7388	attribute_tamano	63mm
7397	attribute_tamano	75mm
7463	attribute_tamano	
7466	attribute_tamano	
7469	attribute_tamano	
7500	attribute_tamano	18
7502	attribute_tamano	25
7504	attribute_tamano	18
7505	attribute_tamano	25
7850	attribute_tamano	0.900
7851	attribute_tamano	3.6
7866	attribute_tamano	0.225
7868	attribute_tamano	0.900
7869	attribute_tamano	3.6
7870	attribute_tamano	0.225
7871	attribute_tamano	0.900
7872	attribute_tamano	3.6
7873	attribute_tamano	0.225
7874	attribute_tamano	0.900
7875	attribute_tamano	3.6
7876	attribute_tamano	0.225
7877	attribute_tamano	0.900
7878	attribute_tamano	3.6
7879	attribute_tamano	0.225
7880	attribute_tamano	0.900
7881	attribute_tamano	3.6
7882	attribute_tamano	0.225
7883	attribute_tamano	0.900
7884	attribute_tamano	3.6
7897	attribute_tamano	0.225
7891	attribute_tamano	0900
7892	attribute_tamano	3.6
7893	attribute_tamano	0.225
7894	attribute_tamano	0900
7895	attribute_tamano	3.6
7938	attribute_tamano	1
8128	attribute_tamano	3/4
7923	attribute_tamano	1/2"
7924	attribute_tamano	1"
7925	attribute_tamano	11/2"
7939	attribute_tamano	1,5
7940	attribute_tamano	2
7942	attribute_tamano	3
8129	attribute_tamano	1
8127	attribute_tamano	1/2
8130	attribute_tamano	1.5
8131	attribute_tamano	2
8132	attribute_tamano	2.5
8133	attribute_tamano	3
8134	attribute_tamano	4
8172	attribute_tamano	1 lto
8173	attribute_tamano	1 lto
8174	attribute_tamano	1 lto
8175	attribute_tamano	1 lto
8176	attribute_tamano	1 lto
8177	attribute_tamano	1 lto
8178	attribute_tamano	1 lto
8179	attribute_tamano	1 lto
8180	attribute_tamano	1 lto
8181	attribute_tamano	1 lto
8183	attribute_tamano	1 lto
8184	attribute_tamano	4 lto
8185	attribute_tamano	1 lto
8186	attribute_tamano	1 lto
8187	attribute_tamano	1 lto
8257	attribute_tamano	4 lto
8258	attribute_tamano	1 lto
8618	attribute_tamano	12 mm x 150 mm
8619	attribute_tamano	10 mm x 150 mm
8620	attribute_tamano	8 mm x 120 mm
8621	attribute_tamano	6 mm x 100 mm
8622	attribute_tamano	5 mm x 90 mm
8623	attribute_tamano	4 mm 75 mm
9116	attribute_tamano	10mm
9117	attribute_tamano	15mm
9118	attribute_tamano	30mm
9158	attribute_tamano	20x12x1.9mm
9159	attribute_tamano	25x16x1.9mm
9160	attribute_tamano	30x19x1.9mm
9225	attribute_tamano	20x25x3.5cm
9226	attribute_tamano	10x15x3.5cm
9227	attribute_tamano	25x30x3.5cm
9232	attribute_tamano	8"x10"
9234	attribute_tamano	4"x5"
9236	attribute_tamano	6"x8"
9237	attribute_tamano	5"x6"
9233	attribute_tamano	7.5x10x3.5cm
9240	attribute_tamano	10"x12
9241	attribute_tamano	12"x14"
9243	attribute_tamano	12X20x1.5cm
9244	attribute_tamano	25X40x1.5cm 
9246	attribute_tamano	20x30x3cm
9247	attribute_tamano	25X40x3cm 
9755	attribute_tamano	32-50mm
9756	attribute_tamano	40-60mm
9757	attribute_tamano	50-70mm
9758	attribute_tamano	60-80mm
9759	attribute_tamano	70-90mm
9760	attribute_tamano	80-100mm
9848	attribute_tamano	8mm
9849	attribute_tamano	6mm
9850	attribute_tamano	5mm
9851	attribute_tamano	4mm
9852	attribute_tamano	3mm
10278	attribute_tamano	TUBO 25 cc
10282	attribute_tamano	200 cc
10284	attribute_tamano	500 cc
10285	attribute_tamano	1lt
10286	attribute_tamano	4lt
11256	attribute_tamano	25
11264	attribute_tamano	30
11265	attribute_tamano	38
11266	attribute_tamano	53
11272	attribute_tamano	20x12cm
11273	attribute_tamano	30x19cm
11274	attribute_tamano	40x25cm
11519	attribute_tamano	0.900
11527	attribute_tamano	4KG
11529	attribute_tamano	20KG
16447	attribute_tamano	40X25X1.9mm
11884	attribute_tamano	6mm
11885	attribute_tamano	8mm
11886	attribute_tamano	10mm
12022	attribute_tamano	14ml
12024	attribute_tamano	14ml
12026	attribute_tamano	70ml
12028	attribute_tamano	70ml
12045	attribute_tamano	100GR
12047	attribute_tamano	250GR
12050	attribute_tamano	500GR
12051	attribute_tamano	1KG
12108	attribute_tamano	20x20mm
12111	attribute_tamano	30x30mm
12113	attribute_tamano	40x40mm
12114	attribute_tamano	50x50mm
12116	attribute_tamano	60x60mm
12117	attribute_tamano	80x80mm
12119	attribute_tamano	100x100mm
12142	attribute_tamano	10"x12
12143	attribute_tamano	12"x14"
12144	attribute_tamano	8"x10"
12145	attribute_tamano	6"x8"
12146	attribute_tamano	5"x6"
12147	attribute_tamano	4"x5"
12162	attribute_tamano	20"
12164	attribute_tamano	24"
12165	attribute_tamano	30"
12166	attribute_tamano	36"
12307	attribute_tamano	N°7
12309	attribute_tamano	N°8
12310	attribute_tamano	N°9
12350	attribute_tamano	10"
12352	attribute_tamano	13"
12354	attribute_tamano	16"
15453	attribute_tamano	1.20cm
12520	attribute_tamano	60
12521	attribute_tamano	80
12523	attribute_tamano	40
12759	attribute_tamano	1 lto
12761	attribute_tamano	5 lts
12894	attribute_tamano	6/28
12895	attribute_tamano	6/41
12896	attribute_tamano	8/49
12897	attribute_tamano	10/66
12898	attribute_tamano	12/76
12900	attribute_tamano	6/41
12901	attribute_tamano	6/28
12902	attribute_tamano	8/49
12903	attribute_tamano	10/66
12904	attribute_tamano	12/76
13163	attribute_tamano	250CC
13167	attribute_tamano	500CC
13168	attribute_tamano	1LTO
13178	attribute_tamano	3.6 lt
13180	attribute_tamano	18 lt
13185	attribute_tamano	18 lt
13186	attribute_tamano	3.6 lt
13191	attribute_tamano	4 lto
13193	attribute_tamano	4 lto
13194	attribute_tamano	4 lto
13195	attribute_tamano	4 lto
13196	attribute_tamano	4 lto
13197	attribute_tamano	4 lto
13198	attribute_tamano	4 lto
13199	attribute_tamano	4 lto
13262	attribute_tamano	80x30x2.7mm
13264	attribute_tamano	90x38x3.5mm
13277	attribute_tamano	60mm
13279	attribute_tamano	80mm
13281	attribute_tamano	100mm
13307	attribute_tamano	7cm
13309	attribute_tamano	10cm
13310	attribute_tamano	15cm
13311	attribute_tamano	23cm
13345	attribute_tamano	4kg
13347	attribute_tamano	20kg
13351	attribute_tamano	4kg
13352	attribute_tamano	20kg
13363	attribute_tamano	30mm
13365	attribute_tamano	40mm
13367	attribute_tamano	50mm
13416	attribute_tamano	3mm
13418	attribute_tamano	5mm
13581	attribute_tamano	1cm x 2mt
13582	attribute_tamano	2cm x 1mt
13583	attribute_tamano	2cm x 2mt
13677	attribute_tamano	5/32"
13679	attribute_tamano	3/16"
13680	attribute_tamano	1/4"
13681	attribute_tamano	5/16"
13682	attribute_tamano	3/8"
13683	attribute_tamano	1/2"
13787	attribute_tamano	4 lto
13807	attribute_tamano	4mm
13809	attribute_tamano	6mm
13810	attribute_tamano	10mm
14058	attribute_tamano	2"
14060	attribute_tamano	21/2"
14179	attribute_tamano	30mm
14180	attribute_tamano	40mm
14181	attribute_tamano	50mm
14220	attribute_tamano	18mm
14222	attribute_tamano	24mm
14224	attribute_tamano	36mm
14248	attribute_tamano	110mm
14249	attribute_tamano	120mm
14250	attribute_tamano	150mm
14267	attribute_tamano	3mt
14270	attribute_tamano	5mt
14271	attribute_tamano	7.5mt
14387	attribute_tamano	14X20cm
14389	attribute_tamano	15x32cm
14391	attribute_tamano	19x29cm
14442	attribute_tamano	300ml
14444	attribute_tamano	500ml
14445	attribute_tamano	750ml
14517	attribute_tamano	10mm
14519	attribute_tamano	12mm
14521	attribute_tamano	15mm
14532	attribute_tamano	0.45X20 mt
14534	attribute_tamano	0.90x20 mt
15346	attribute_tamano	5mm
15357	attribute_tamano	6"
15359	attribute_tamano	7"
15360	attribute_tamano	8"
15867	attribute_tamano	20kg
14897	attribute_tamano	10 lts
14910	attribute_tamano	30mm
14912	attribute_tamano	40mm
14913	attribute_tamano	50mm
15868	attribute_tamano	1kg
15870	attribute_tamano	4kg
15306	attribute_tamano	25ml
15308	attribute_tamano	1lt
15865	attribute_tamano	4kg
15451	attribute_tamano	60cm
15020	attribute_tamano	110mm
15021	attribute_tamano	120mm
15022	attribute_tamano	150mm
15089	attribute_tamano	50x10
15091	attribute_tamano	65x10
15092	attribute_tamano	90x16
15874	attribute_tamano	18kg
15959	attribute_tamano	1.5"
15960	attribute_tamano	2"
15803	attribute_tamano	Precisión
16076	attribute_tamano	17"
16078	attribute_tamano	20"
15962	attribute_tamano	2.5"
15963	attribute_tamano	3"
15964	attribute_tamano	3.5"
15965	attribute_tamano	4"
15966	attribute_tamano	5"
16079	attribute_tamano	Metalica
16354	attribute_tamano	50mm
16475	attribute_tamano	15x15cm
16345	attribute_tamano	1 kg
15910	attribute_tamano	60mm
15976	attribute_tamano	3/4"
16550	attribute_tamano	40
15957	attribute_tamano	1"
15967	attribute_tamano	6"
15968	attribute_tamano	7"
15969	attribute_tamano	8"
16393	attribute_tamano	11/4"
16352	attribute_tamano	40mm
16308	attribute_tamano	10 cm
16473	attribute_tamano	10x10cm
16165	attribute_tamano	20cm
16167	attribute_tamano	25cm
16312	attribute_tamano	25 cm
16314	attribute_tamano	50 cm
16310	attribute_tamano	15 cm
16470	attribute_tamano	15x15 cm
16468	attribute_tamano	10x10 cm
16341	attribute_tamano	250 gr
16343	attribute_tamano	500 grs
16424	attribute_tamano	5/8"
16425	attribute_tamano	3/4"
16387	attribute_tamano	1/2"
16389	attribute_tamano	3/4"
16391	attribute_tamano	1"
16293	attribute_tamano	1 lto
16295	attribute_tamano	5 lts
16297	attribute_tamano	10 lts
16302	attribute_tamano	5 Kg
16304	attribute_tamano	25 Kg
16552	attribute_tamano	50
16420	attribute_tamano	5/8"
16421	attribute_tamano	3/4"
16531	attribute_tamano	100mm
16545	attribute_tamano	3"
16543	attribute_tamano	2.5"
16430	attribute_tamano	20X10 mm S/A
16431	attribute_tamano	14X7 mm C/A
16433	attribute_tamano	20X10 mm C/A
16434	attribute_tamano	30X30 mm S/A
16533	attribute_tamano	150mm
16537	attribute_tamano	6mm
16539	attribute_tamano	8mm
16444	attribute_tamano	25x16x1.9mm
16445	attribute_tamano	20x12x1.9mm
16446	attribute_tamano	30x19x1.9mm
16439	attribute_tamano	40X25X1.9mm
16428	attribute_tamano	14x7mm S/A
16621	attribute_tamano	
16619	attribute_tamano	6"
16620	attribute_tamano	7"
7463	attribute_tamano-cm	6
7466	attribute_tamano-cm	10
7469	attribute_tamano-cm	15
7475	attribute_tamano-cm	6
7478	attribute_tamano-cm	10
7479	attribute_tamano-cm	15
7493	attribute_tamano-cm	11
7494	attribute_tamano-cm	16
7491	attribute_tamano-cm	5
7482	attribute_tamano-cm	7
15279	attribute_tipo	C/cable flexible
15281	attribute_tipo	Aro rígido
9032	attribute_venta-por-metro	16mm
9033	attribute_venta-por-metro	20mm
9034	attribute_venta-por-metro	25mm
15793	attribute_venta-por-metro	32mm
9036	attribute_venta-por-rollo	16mm
9037	attribute_venta-por-rollo	20mm
9038	attribute_venta-por-rollo	25mm
15796	attribute_venta-por-rollo	32mm
16508	attribute_wats	12
16510	attribute_wats	18
16574	attribute_wats	6

